smiles_std,molecule_chembl_id,p_tyk2_all,p_tyk2,tyk2_binned_only,domain,p_jak1_all,p_jak1,sel_jak1,p_jak2_all,p_jak2,sel_jak2,p_jak3_all,p_jak3,sel_jak3,n_jak_tested,min_selectivity,cross_assay
BrC[C@H]1CC[C@H](c2nnn3cnc4[nH]ccc4c23)CC1,CHEMBL3918308,7.335,7.335,False,Other,8.850000000000001,8.850000000000001,-1.5150000000000015,7.84,7.84,-0.5049999999999999,6.6,6.6,0.7350000000000003,3,-1.5150000000000015,False
Brc1ccc(CN2CCC(c3nnn4cnc5[nH]ccc5c34)CC2)cc1,CHEMBL3927649,6.82,6.82,False,Other,7.83,7.83,-1.0099999999999998,7.375,7.375,-0.5549999999999997,6.94,6.94,-0.1200000000000001,3,-1.0099999999999998,False
Brc1ccc(CN2CCC(c3nnn4cnc5[nH]ccc5c34)CC2)o1,CHEMBL3979340,7.01,7.01,False,Other,7.71,7.71,-0.7000000000000002,8.55,8.55,-1.540000000000001,7.22,7.22,-0.20999999999999996,3,-1.540000000000001,False
Brc1ccc(CN2CCC(c3nnn4cnc5[nH]ccc5c34)CC2)s1,CHEMBL3967749,6.96,6.96,False,Other,9.1,9.1,-2.1399999999999997,8.34,8.34,-1.38,7.26,7.26,-0.2999999999999998,3,-2.1399999999999997,False
Brc1ncc(CN2CCC(c3nnn4cnc5[nH]ccc5c34)CC2)s1,CHEMBL3931093,6.96,6.96,False,Other,7.74,7.74,-0.7800000000000002,8.64,8.64,-1.6800000000000006,7.82,7.82,-0.8600000000000003,3,-1.6800000000000006,False
C#CCNC[C@H]1CC[C@H](c2nnn3cnc4[nH]ccc4c23)CC1,CHEMBL3959556,6.57,6.57,False,Other,8.07,8.07,-1.5,7.36,7.36,-0.79,,,,2,-1.5,False
C#Cc1cc(Cl)c(C(=O)Nc2ccnc(NC(=O)C3CC3)c2)c(Cl)c1,CHEMBL2387125,8.02,8.02,False,Other,,,,,,,,,,0,,False
C#Cc1ccc(C(=O)c2ccc(-c3nc4cnc5[nH]ccc5c4n3[C@H]3CC[C@H](CC#N)CC3)cc2)cc1,CHEMBL5812586,6.98,6.98,False,JH2,8.7,8.7,-1.7199999999999989,7.51,7.51,-0.5299999999999994,5.25,5.25,1.7300000000000004,3,-1.7199999999999989,True
C#Cc1ccc(C(=O)c2ccc(CCc3nc4cnc5[nH]ccc5c4n3[C@H]3CC[C@H](CC#N)CC3)cc2)cc1,CHEMBL5975969,7.58,7.58,False,JH2,8.82,8.82,-1.2400000000000002,7.09,7.09,0.4900000000000002,,,,2,-1.2400000000000002,True
C#Cc1ccc(C(=O)c2ccc(COCc3nc4cnc5[nH]ccc5c4n3[C@H]3CC[C@H](CC#N)CC3)cc2)cc1,CHEMBL5837958,7.85,7.85,False,JH2,9.15,9.15,-1.3000000000000007,7.71,7.71,0.13999999999999968,6.5,6.5,1.3499999999999996,3,-1.3000000000000007,True
C#Cc1ccc(C(=O)c2ccc(OCc3nc4cnc5[nH]ccc5c4n3[C@H]3CC[C@H](CC#N)CC3)cc2)cc1,CHEMBL5990685,7.71,7.71,False,JH2,9.1,9.1,-1.3899999999999997,7.8,7.8,-0.08999999999999986,6.89,6.89,0.8200000000000003,3,-1.3899999999999997,True
C#Cc1cccc(Nc2cc(Nc3ccccc3S(C)(=O)=O)c3nc(C(F)F)[nH]c3n2)n1,CHEMBL5913315,8.26,,True,JH2,,,,,,,,,,0,,True
C#Cc1cccc(Nc2ncnc3cc(OCCOC)c(OCCOC)cc23)c1,CHEMBL553,5.62,5.62,False,JH2,,,,5.415,5.415,0.20500000000000007,6.16,6.16,-0.54,2,-0.54,True
C#Cc1ccccc1Nc1nc(Nc2cnn(C)c2)ncc1C(N)=O,CHEMBL5953717,7.69,7.69,False,Other,7.74,7.74,-0.04999999999999982,,,,8.58,8.58,-0.8899999999999997,2,-0.8899999999999997,False
C/C(=C\C[C@@H](C)[C@H]1CC[C@H]2[C@@H]3C[C@H](OS(=O)(=O)O)[C@H]4C[C@H](OS(=O)(=O)O)[C@@H](OS(=O)(=O)O)C[C@]4(C)[C@H]3CC[C@]12C)C(C)(C)C(C)C,CHEMBL5421894,6.28,6.28,False,Other,6.08,6.08,0.20000000000000018,5.92,5.92,0.3600000000000003,6.28,6.28,0.0,3,0.0,False
C/C=C/C(=O)Nc1cccc(-c2ccnc(Nc3ccc(N4CCOCC4)cc3)n2)c1,CHEMBL4743357,5.58,5.58,False,Other,,,,5.55,5.55,0.03000000000000025,7.48,7.48,-1.9000000000000004,2,-1.9000000000000004,False
C/C=C/c1ccccc1Nc1nc(Nc2cnn(C)c2)ncc1C(N)=O,CHEMBL5863730,8.04,8.04,False,Other,8.49,8.49,-0.45000000000000107,8.68,8.68,-0.6400000000000006,8.71,8.71,-0.6700000000000017,3,-0.6700000000000017,False
C1=C/COCc2cc(ccc2OCCN2CCCC2)Nc2nccc(n2)-c2cc(co2)COC/1,CHEMBL2035181,6.51,6.51,False,Other,5.72,5.72,0.79,6.96,6.96,-0.4500000000000002,5.04,5.04,1.4699999999999998,3,-0.4500000000000002,False
C1=C/COCc2cc(ccc2OCCN2CCCC2)Nc2nccc(n2)-c2ccnc(c2)OCC/1,CHEMBL2035052,7.52,7.52,False,Other,6.01,6.01,1.5099999999999998,7.75,7.75,-0.23000000000000043,5.85,5.85,1.67,3,-0.23000000000000043,False
C1=C/COCc2cc(ccc2OCCN2CCCC2)Nc2nccc(n2)-c2cncc(c2)COC/1,CHEMBL2035051,6.2,6.2,False,Other,,,,6.54,6.54,-0.33999999999999986,6.0,6.0,0.20000000000000018,2,-0.33999999999999986,False
C1=C/COCc2cc(ccc2OCCN2CCCC2)Nc2nccc(n2)-c2coc(c2)COC/1,CHEMBL2035186,6.92,6.92,False,Other,5.52,5.52,1.4000000000000004,7.17,7.17,-0.25,5.06,5.06,1.8600000000000003,3,-0.25,False
C1=C/COCc2cc(ccc2OCCN2CCCC2)Nc2nccc(n2)-c2csc(c2)COC/1,CHEMBL2035184,7.33,7.33,False,Other,5.82,5.82,1.5099999999999998,7.77,7.77,-0.4399999999999995,6.17,6.17,1.1600000000000001,3,-0.4399999999999995,False
C1=C/COCc2cncc(c2)-c2ccnc(n2)Nc2cccc(c2)COC/1,CHEMBL2035046,6.02,6.02,False,Other,,,,6.03,6.03,-0.010000000000000675,,,,1,-0.010000000000000675,False
C1=C/Cn2ccc3ccc(cc32)-c2ccnc(n2)Nc2cccc(c2)COC/1,CHEMBL2035043,6.82,6.82,False,Other,5.32,5.32,1.5,6.82,6.82,0.0,,,,2,0.0,False
C1=C2COC/C=C/COCc3cc(ccc3OCCN3CCCC3)Nc3nccc(n3)C(=C1)O2,CHEMBL2035185,6.64,6.64,False,Other,5.57,5.57,1.0699999999999994,7.34,7.34,-0.7000000000000002,5.37,5.37,1.2699999999999996,3,-0.7000000000000002,False
C1=C2COC/C=C/COCc3cc(ccc3OCCN3CCCC3)Nc3nccc(n3)C(=C1)S2,CHEMBL2035183,7.5,7.5,False,Other,6.38,6.38,1.12,8.14,8.14,-0.6400000000000006,6.19,6.19,1.3099999999999996,3,-0.6400000000000006,False
C1=C2COC/C=C/COCc3cccc(c3)Nc3nccc(n3)C(=C1)O2,CHEMBL2035048,6.17,6.17,False,Other,5.1,5.1,1.0700000000000003,6.66,6.66,-0.4900000000000002,,,,2,-0.4900000000000002,False
C1=C2OC/C=C/COCc3cc(ccc3OCCN3CCCC3)Nc3nccc(n3)C(=C1)O2,CHEMBL4228766,6.64,6.64,False,Other,,,,7.34,7.34,-0.7000000000000002,,,,1,-0.7000000000000002,False
C1=CCCOc2cccc(c2)-c2ccnc(n2)Nc2cccc(c2)OCC1,CHEMBL2181315,5.28,5.28,False,Other,,,,5.92,5.92,-0.6399999999999997,,,,1,-0.6399999999999997,False
C1=CCOCc2cc(ccc2N2CCNCC2)Nc2nccc(n2)-c2cccc(c2)COC1,CHEMBL2181322,6.85,6.85,False,Other,5.6,5.6,1.25,7.08,7.08,-0.23000000000000043,5.8,5.8,1.0499999999999998,3,-0.23000000000000043,False
C1=CCOCc2cc(ccc2N2CCOCC2)Nc2nccc(n2)-c2cccc(c2)COC1,CHEMBL2181321,6.8,6.8,False,Other,5.06,5.06,1.7400000000000002,7.22,7.22,-0.41999999999999993,,,,2,-0.41999999999999993,False
C1=CCOCc2cc(ccc2OCCN2CCCCC2)Nc2nccc(n2)-c2cccc(c2)COC1,CHEMBL2181331,7.08,7.08,False,Other,6.02,6.02,1.0600000000000005,7.82,7.82,-0.7400000000000002,6.12,6.12,0.96,3,-0.7400000000000002,False
C1=CCOCc2cccc(c2)-c2ccnc(n2)Nc2cc(cc(OCCN3CCCC3)c2)COC1,CHEMBL2181083,7.1,7.1,False,Other,5.68,5.68,1.42,7.32,7.32,-0.22000000000000064,6.08,6.08,1.0199999999999996,3,-0.22000000000000064,False
C1=CCOCc2cccc(c2)-c2ccnc(n2)Nc2cc(cc(OCCN3CCOCC3)c2)COC1,CHEMBL2181084,7.09,7.09,False,Other,5.62,5.62,1.4699999999999998,7.02,7.02,0.07000000000000028,5.48,5.48,1.6099999999999994,3,0.07000000000000028,False
C1=CCOc2cccc(c2)Nc2nccc(n2)-c2cccc(c2)OCC1,CHEMBL2181316,7.16,7.16,False,Other,,,,6.64,6.64,0.5200000000000005,,,,1,0.5200000000000005,False
C1=N/C2=N/c3ccc(OCCN4CCCC4)c(c3)COC/C=C/COCc3cccc(c3)C(=C1)N2,CHEMBL2035187,7.1,7.1,False,Other,6.43,6.43,0.6699999999999999,7.85,7.85,-0.75,6.949999999999999,6.949999999999999,0.15000000000000036,3,-0.75,False
C=C(C(=O)NCC)c1ccc(Nc2nc(-c3c(F)cccc3F)nc3c2C(=O)NC3)cc1,CHEMBL6024769,7.26,,True,Other,,,,,,,,,,0,,False
C=C(C)CCNc1nc(Nc2cnn(C(C)(C)C)c2)ncc1C(N)=O,CHEMBL5988377,7.7,7.7,False,Other,8.1,8.1,-0.39999999999999947,8.82,8.82,-1.12,7.81,7.81,-0.10999999999999943,3,-1.12,False
C=C(C)CNc1nc(Nc2cnn(C(C)(C)C)c2)ncc1C(N)=O,CHEMBL5811930,7.61,7.61,False,Other,,,,8.55,8.55,-0.9400000000000004,7.57,7.57,0.040000000000000036,2,-0.9400000000000004,False
C=C(CO)n1cc(-c2cc3ncccc3c(-c3ccn(C4(CC#N)CN(S(C)(=O)=O)C4)n3)n2)cn1,CHEMBL5936111,6.6,6.6,False,Other,5.79,5.79,0.8099999999999996,5.89,5.89,0.71,,,,2,0.71,False
C=C1CCC(c2nnn3cnc4[nH]ccc4c23)CC1,CHEMBL3907503,6.92,6.92,False,Other,8.09,8.09,-1.17,7.57,7.57,-0.6500000000000004,6.15,6.15,0.7699999999999996,3,-1.17,False
C=CC(=O)N1CCC(n2nc(-c3cnn(C)c3)c3c(N)ncnc32)C1,CHEMBL4249310,5.85,5.85,False,JH1,6.16,6.16,-0.3100000000000005,6.3,6.3,-0.4500000000000002,8.0,8.0,-2.1500000000000004,3,-2.1500000000000004,False
C=CC(=O)N1CCC(n2nc(-c3cnn(CCOC)c3)c3c(N)ncnc32)C1,CHEMBL4245422,5.76,5.76,False,JH1,5.97,5.97,-0.20999999999999996,6.29,6.29,-0.5300000000000002,7.81,7.81,-2.05,3,-2.05,False
C=CC(=O)N1CCCC(Cn2nc(-c3cnn(C)c3)c3c(N)ncnc32)C1,CHEMBL4241272,5.4,5.4,False,JH1,5.71,5.71,-0.3099999999999996,6.09,6.09,-0.6899999999999995,7.72,7.72,-2.3199999999999994,3,-2.3199999999999994,False
C=CC(=O)N1CCCC(Cn2nc(-c3cnn(CCOC)c3)c3c(N)ncnc32)C1,CHEMBL4249872,5.48,5.48,False,JH1,5.78,5.78,-0.2999999999999998,5.85,5.85,-0.3699999999999992,7.44,7.44,-1.96,3,-1.96,False
C=CC(=O)N1CCCC(n2nc(-c3cnn(C)c3)c3c(N)ncnc32)C1,CHEMBL4244148,5.93,5.93,False,JH1,6.21,6.21,-0.28000000000000025,6.4,6.4,-0.47000000000000064,8.21,8.21,-2.280000000000001,3,-2.280000000000001,False
C=CC(=O)N1CCCC(n2nc(-c3cnn(CCOC)c3)c3c(N)ncnc32)C1,CHEMBL4249492,5.67,5.67,False,JH1,5.87,5.87,-0.20000000000000018,6.23,6.23,-0.5600000000000005,7.67,7.67,-2.0,3,-2.0,False
C=CC(=O)NCc1ccc(Nc2ncc(C)c(-c3cnn(C(C)C)c3)n2)cc1,CHEMBL5432626,7.11,7.11,False,Other,6.97,6.97,0.14000000000000057,7.355,7.355,-0.2450000000000001,6.68,6.68,0.4300000000000006,3,-0.2450000000000001,False
C=CC(=O)N[C@H]1CC[C@H](Cn2ccc3cnc(Nc4cnn(CC(=O)OCC)c4)nc32)CC1,CHEMBL5769346,6.26,6.26,False,Other,6.26,,,6.26,6.26,0.0,,,,1,0.0,False
C=CC(=O)Nc1cc(Nc2ncc(Cl)c(O[C@@H]3CO[C@H]4[C@@H]3OC[C@H]4O)n2)ccc1N(C)CCN(C)C,CHEMBL5174210,6.37,6.37,False,Other,5.54,5.54,0.8300000000000001,5.86,5.86,0.5099999999999998,8.72,8.72,-2.3500000000000005,3,-2.3500000000000005,False
C=CC(=O)Nc1cc(Nc2ncc(Cl)c(O[C@@H]3CO[C@H]4[C@@H]3OC[C@H]4O)n2)ccc1N1CCC(N(C)C)C1,CHEMBL5190599,6.73,6.73,False,Other,6.57,6.57,0.16000000000000014,6.22,6.22,0.5100000000000007,8.72,8.72,-1.9900000000000002,3,-1.9900000000000002,False
C=CC(=O)Nc1cc(Nc2ncc(Cl)c(O[C@@H]3CO[C@H]4[C@@H]3OC[C@H]4O)n2)ccc1N1CCC(N(C)C)CC1,CHEMBL5185016,6.62,6.62,False,Other,5.98,5.98,0.6399999999999997,6.36,6.36,0.2599999999999998,8.6,8.6,-1.9799999999999995,3,-1.9799999999999995,False
C=CC(=O)Nc1cc(Nc2ncc(Cl)c(O[C@@H]3CO[C@H]4[C@@H]3OC[C@H]4O)n2)ccc1N1CCC(N2CCN(C)CC2)CC1,CHEMBL5191734,6.43,6.43,False,Other,5.81,5.81,0.6200000000000001,5.99,5.99,0.4399999999999995,8.74,8.74,-2.3100000000000005,3,-2.3100000000000005,False
C=CC(=O)Nc1cc(Nc2ncc(Cl)c(O[C@@H]3CO[C@H]4[C@@H]3OC[C@H]4O)n2)ccc1N1CCC2(CCN(C)CC2)CC1,CHEMBL5207354,6.63,6.63,False,Other,6.05,6.05,0.5800000000000001,5.97,5.97,0.6600000000000001,8.26,8.26,-1.63,3,-1.63,False
C=CC(=O)Nc1cc(Nc2ncc(Cl)c(O[C@@H]3CO[C@H]4[C@@H]3OC[C@H]4O)n2)ccc1N1CCN(CC)CC1,CHEMBL5184019,6.78,6.78,False,Other,6.32,6.32,0.45999999999999996,6.44,6.44,0.33999999999999986,8.66,8.66,-1.88,3,-1.88,False
C=CC(=O)Nc1cc(Nc2ncc(Cl)c(O[C@@H]3CO[C@H]4[C@@H]3OC[C@H]4O)n2)ccc1N1CCOCC1,CHEMBL5182065,6.47,6.47,False,Other,5.95,5.95,0.5199999999999996,5.93,5.93,0.54,8.8,8.8,-2.330000000000001,3,-2.330000000000001,False
C=CC(=O)Nc1cc(Nc2ncc(Cl)c(O[C@@H]3CO[C@H]4[C@@H]3OC[C@H]4O)n2)ccc1N1C[C@@H]2C[C@H]1CO2,CHEMBL5205480,6.83,6.83,False,Other,6.72,6.72,0.11000000000000032,6.45,6.45,0.3799999999999999,8.82,8.82,-1.9900000000000002,3,-1.9900000000000002,False
C=CC(=O)Nc1cc(Nc2ncc(Cl)c(O[C@@H]3CO[C@H]4[C@@H]3OC[C@H]4O)n2)ccc1N1C[C@H]2C[C@@H]1CN2C,CHEMBL5184187,6.73,6.73,False,Other,6.1,6.1,0.6300000000000008,6.28,6.28,0.4500000000000002,8.82,8.82,-2.09,3,-2.09,False
C=CC(=O)Nc1cc(Nc2ncc(Cl)c(O[C@@H]3CO[C@H]4[C@@H]3OC[C@H]4OC)n2)ccc1N(C)CCN(C)C,CHEMBL5193702,6.44,6.44,False,Other,5.33,5.33,1.1100000000000003,5.69,5.69,0.75,8.51,8.51,-2.0699999999999994,3,-2.0699999999999994,False
C=CC(=O)Nc1ccc(-c2ccnc(Nc3ccc(N4CCOCC4)cc3)n2)cc1,CHEMBL4746272,5.55,5.55,False,Other,5.88,5.88,-0.33000000000000007,6.0,6.0,-0.4500000000000002,8.77,8.77,-3.2199999999999998,3,-3.2199999999999998,False
C=CC(=O)Nc1ccc(CNc2cc(Nc3cnn(CCO)c3)ncn2)cc1,CHEMBL4541547,5.66,5.66,False,Other,5.91,5.91,-0.25,5.68,5.68,-0.019999999999999574,8.03,8.03,-2.369999999999999,3,-2.369999999999999,False
C=CC(=O)Nc1ccc(CNc2cc(Nc3cnn(CCOC)c3)ncn2)cc1,CHEMBL4593058,5.64,5.64,False,Other,6.07,6.07,-0.4300000000000006,,,,8.03,8.03,-2.3899999999999997,2,-2.3899999999999997,False
C=CC(=O)Nc1cccc(-c2ccnc(Nc3ccc(N4CCOCC4)cc3)n2)c1,CHEMBL4758891,5.61,5.61,False,Other,5.67,5.67,-0.05999999999999961,5.75,5.75,-0.13999999999999968,7.52,7.52,-1.9099999999999993,3,-1.9099999999999993,False
C=CC(=O)Nc1cccc(-c2ccnc(Nc3cnn(CCOC)c3)n2)c1,CHEMBL4754557,5.54,5.54,False,Other,5.96,5.96,-0.41999999999999993,5.89,5.89,-0.34999999999999964,7.26,7.26,-1.7199999999999998,3,-1.7199999999999998,False
C=CC(=O)Nc1cccc(CNc2cc(Nc3cnn(CCO)c3)ncn2)c1,CHEMBL4572373,5.59,5.59,False,Other,5.95,5.95,-0.3600000000000003,,,,8.14,8.14,-2.5500000000000007,2,-2.5500000000000007,False
C=CC(=O)Nc1cccc(CNc2cc(Nc3cnn(CCOC)c3)ncn2)c1,CHEMBL4574614,5.64,5.64,False,Other,6.11,6.11,-0.47000000000000064,5.69,5.69,-0.05000000000000071,8.15,8.15,-2.5100000000000007,3,-2.5100000000000007,False
C=CC(=O)Nc1cccc(CNc2nc(Nc3ccc(N4CCN(CCCCNC(=O)CC5C6C[C@H]7CC5C[C@@H](C6)C7)CC4)cc3)ncc2Cl)c1,CHEMBL6195923,6.43,6.43,False,Other,6.6,6.6,-0.16999999999999993,6.38,6.38,0.04999999999999982,7.645,7.645,-1.2149999999999999,3,-1.2149999999999999,False
C=CC(=O)Nc1cccc(CNc2nc(Nc3ccc(N4CCN(CCCNC(=O)CC5C6CC7CC(C6)CC5C7)CC4)cc3)ncc2Cl)c1,CHEMBL6195922,6.27,6.27,False,Other,5.95,5.95,0.3199999999999994,5.92,5.92,0.34999999999999964,7.515,7.515,-1.245,3,-1.245,False
C=CC(=O)Nc1cccc(CNc2nc(Nc3ccc(N4CCN(CCCNC(=O)CC5C6CC7CC(C6)CC5C7)CC4)cc3OC)ncc2Cl)c1,CHEMBL6195921,5.74,5.74,False,Other,5.47,5.47,0.27000000000000046,5.51,5.51,0.23000000000000043,6.885,6.885,-1.1449999999999996,3,-1.1449999999999996,False
C=CC(=O)Nc1cccc(CNc2nc(Nc3ccc(N4CCN(CCNC(=O)CC5C6CC7CC(C6)CC5C7)CC4)cc3OC)ncc2Cl)c1,CHEMBL6195920,5.52,5.52,False,Other,5.39,5.39,0.1299999999999999,5.08,5.08,0.4399999999999995,6.79,6.79,-1.2700000000000005,3,-1.2700000000000005,False
C=CC(=O)Nc1cccc(CNc2nc(Nc3cnn(C4CCN(C(=O)CC5C6CC7CC(C6)CC5C7)CC4)c3)ncc2Cl)c1,CHEMBL6195925,8.79,8.79,False,Other,5.68,5.68,3.1099999999999994,5.5,5.5,3.289999999999999,7.825,7.825,0.964999999999999,3,0.964999999999999,False
C=CC(=O)Nc1cccc(CNc2nc(Nc3cnn(C4CCN(CCNC(=O)CC5C6CC7CC(C6)CC5C7)CC4)c3)ncc2Cl)c1,CHEMBL6195926,6.1,6.1,False,Other,6.02,6.02,0.08000000000000007,5.84,5.84,0.2599999999999998,7.575,7.575,-1.4750000000000005,3,-1.4750000000000005,False
C=CC(=O)Nc1cccc(CNc2nc(Nc3cnn(CCN4CCN(C(=O)CC5C6CC7CC(C6)CC5C7)CC4)c3)ncc2Cl)c1,CHEMBL6195924,6.17,6.17,False,Other,5.96,5.96,0.20999999999999996,5.86,5.86,0.3099999999999996,7.67,7.67,-1.5,3,-1.5,False
C=CC(=O)Nc1cccc(CNc2nc(Nc3cnn(CCO)c3)ncc2Cl)c1,CHEMBL3601120,6.85,6.85,False,Other,7.96,7.96,-1.1100000000000003,7.5,7.5,-0.6500000000000004,,,,2,-1.1100000000000003,False
C=CC(=O)Nc1cccc(CNc2nc(Nc3cnn(CCOC)c3)ncc2Cl)c1,CHEMBL3601115,6.39,6.39,False,Other,7.46,7.46,-1.0700000000000003,7.29,7.29,-0.9000000000000004,,,,2,-1.0700000000000003,False
C=CC(=O)Nc1cccc(CNc2nc(Nc3cnn(CCOCCOCCOCCNC(=O)CCCC[C@@H]4SC[C@@H]5NC(=O)N[C@@H]54)c3)ncc2Cl)c1,CHEMBL3601862,5.51,5.51,False,Other,6.13,6.13,-0.6200000000000001,6.38,6.38,-0.8700000000000001,8.64,8.64,-3.130000000000001,3,-3.130000000000001,False
C=CC(=O)Nc1cccc(Cn2c(=O)ccc3cnc(Nc4ccc(N5CCN(C)CC5)cc4)nc32)c1,CHEMBL5194482,5.05,5.05,False,Other,5.61,5.61,-0.5600000000000005,5.95,5.95,-0.9000000000000004,8.7,8.7,-3.6499999999999995,3,-3.6499999999999995,False
C=CC(=O)Nc1cccc(Nc2ncc(Cl)c(O[C@@H]3CO[C@H]4[C@@H]3OC[C@H]4O)n2)c1,CHEMBL5189603,7.03,7.03,False,Other,6.25,6.25,0.7800000000000002,5.85,5.85,1.1800000000000006,8.92,8.92,-1.8899999999999997,3,-1.8899999999999997,False
C=CCCCNc1nc(Nc2cnn(C(C)(C)C)c2)ncc1C(N)=O,CHEMBL5891375,7.23,7.23,False,Other,7.3,7.3,-0.0699999999999994,8.6,8.6,-1.3699999999999992,8.52,8.52,-1.2899999999999991,3,-1.3699999999999992,False
C=CCCNc1nc(Cc2cnn(C(C)(C)C)c2)ncc1C(N)=O,CHEMBL5788195,7.69,7.69,False,Other,,,,7.86,7.86,-0.16999999999999993,8.48,8.48,-0.79,2,-0.79,False
C=CCOC(=O)N1[C@@H]2CCC[C@H]1C[C@@H](Nc1nc(Nc3cc(C)[nH]n3)cc3nc(CN4CCOCC4)ccc13)C2,CHEMBL5751586,9.26,,True,Other,9.26,,,9.26,,,9.26,,,0,,False
C=CCOC(=O)N1[C@@H]2CCC[C@H]1C[C@H](Nc1nc(Nc3cc(C)[nH]n3)cc3nc(CN4CCOCC4)ccc13)C2,CHEMBL5877444,9.26,,True,Other,9.26,,,9.26,,,9.26,,,0,,False
C=CCOC(=O)N1[C@@H]2CCC[C@H]1C[C@H](Nc1nc(Nc3cc(C)[nH]n3)cc3ncccc13)C2,CHEMBL5754884,7.3,,True,Other,9.26,,,9.26,,,7.3,,,0,,False
C=CCOC(=O)N1[C@@H]2CC[C@H]1C[C@H](Nc1nc(Nc3cc(C)[nH]n3)cc3nc(CN4CCOCC4)ccc13)C2,CHEMBL5827708,9.26,,True,Other,9.26,,,9.26,,,9.26,,,0,,False
C=CCOC(=O)N1[C@@H]2CC[C@H]1C[C@H](Nc1nc(Nc3cc(C)[nH]n3)cc3nc(OC)ccc13)C2,CHEMBL5753717,7.3,,True,Other,9.26,,,7.3,,,7.3,,,0,,False
C=CCOC(=O)N1[C@@H]2CC[C@H]1C[C@H](Nc1nc(Nc3cc(C)[nH]n3)cc3ncc(C(=O)OC)cc13)C2,CHEMBL6020000,7.3,,True,Other,9.26,,,9.26,,,7.3,,,0,,False
C=CCOC(=O)N1[C@@H]2CC[C@H]1C[C@H](Nc1nc(Nc3cc(C)[nH]n3)cc3ncc(OC)cc13)C2,CHEMBL5871726,7.3,,True,Other,9.26,,,7.3,,,7.3,,,0,,False
C=CCOC(=O)N1[C@@H]2CC[C@H]1C[C@H](Nc1nc(Nc3cc(C)[nH]n3)cc3ncccc13)C2,CHEMBL6005291,7.3,,True,Other,9.26,,,9.26,,,7.3,,,0,,False
C=CCS(=O)(=O)N1[C@@H]2CCC[C@H]1C[C@H](Nc1nc(Nc3cc(C)[nH]n3)cc3ncccc13)C2,CHEMBL5902746,9.26,,True,Other,9.26,,,,,,9.26,,,0,,False
C=CCc1ccccc1Nc1nc(Nc2cnn(C)c2)ncc1C(N)=O,CHEMBL5825151,8.01,8.01,False,Other,8.48,8.48,-0.47000000000000064,,,,8.43,8.43,-0.41999999999999993,2,-0.47000000000000064,False
C=CS(=O)(=O)NCc1ccc(Nc2ncc(C)c(-c3cnn(C(C)C)c3)n2)cc1,CHEMBL5422938,6.69,6.69,False,Other,6.71,6.71,-0.019999999999999574,7.825,7.825,-1.1349999999999998,6.56,6.56,0.13000000000000078,3,-1.1349999999999998,False
C=Cc1ccccc1Nc1nc(Nc2cnn(C)c2)ncc1C(N)=O,CHEMBL6033202,8.63,8.63,False,Other,8.79,8.79,-0.15999999999999837,8.9,8.9,-0.2699999999999996,8.43,8.43,0.20000000000000107,3,-0.2699999999999996,False
C=Cc1cncnc1N(C)[C@H]1C[C@@H](NS(=O)(=O)[C@@H]2CC[C@@H](C#N)C2)C1,CHEMBL5853431,5.99,5.99,False,Other,8.1,8.1,-2.1099999999999994,6.09,6.09,-0.09999999999999964,,,,2,-2.1099999999999994,False
CC#CCn1ccc2cnc(Nc3cnn(CC(=O)OCC)c3)nc21,CHEMBL5867104,6.26,6.26,False,Other,6.26,,,6.26,6.26,0.0,,,,1,0.0,False
CC(=N)NC(=N)c1n[nH]c2cc(-c3cc(F)c(O)cc3CC(F)(F)F)nc(NCc3ccccc3N(C)S(C)(=O)=O)c12,CHEMBL6023237,6.82,6.82,False,Other,7.56,7.56,-0.7399999999999993,6.89,6.89,-0.0699999999999994,6.37,6.37,0.4500000000000002,3,-0.7399999999999993,False
CC(=N)NCc1nc2cnc3[nH]ccc3c2n1[C@H]1CC[C@H](CC#N)CC1,CHEMBL5920829,8.59,8.59,False,JH2,9.4,9.4,-0.8100000000000005,7.85,7.85,0.7400000000000002,5.64,5.64,2.95,3,-0.8100000000000005,True
CC(=NNC(=N)N)c1cc(NC(=O)NCCCCCCNC(=O)Nc2cc(C(C)=NNC(=N)N)cc(C(C)=NNC(=N)N)c2)cc(C(C)=NNC(=N)N)c1,CHEMBL1991728,5.7,5.7,False,Other,,,,6.0,6.0,-0.2999999999999998,6.0,6.0,-0.2999999999999998,2,-0.2999999999999998,False
CC(=O)N(C)C1CC(CC#N)(n2ccc(-c3nc(-c4cc[nH]n4)cc4ncccc34)n2)C1,CHEMBL5793326,6.345000000000001,6.345000000000001,False,Other,5.505,5.505,0.8400000000000007,5.635,5.635,0.7100000000000009,,,,2,0.7100000000000009,False
CC(=O)N1CC(CC#N)(n2cc(-c3nc(-c4cnn(C)c4)cn4nccc34)cn2)C1,CHEMBL4761132,6.17,6.17,False,Other,5.21,5.21,0.96,5.76,5.76,0.41000000000000014,,,,2,0.41000000000000014,False
CC(=O)N1CC(S(=O)(=O)C[C@H]2C[C@@H](N(C)c3ncnc4[nH]ccc34)C2)C1,CHEMBL5772110,5.4,5.4,False,Other,7.48,7.48,-2.08,6.0,6.0,-0.5999999999999996,5.0,5.0,0.40000000000000036,3,-2.08,False
CC(=O)N1CC(c2nc3cnc4[nH]ccc4c3n2[C@H]2CC[C@H](CC#N)CC2)C1,CHEMBL5986122,7.06,7.06,False,JH2,8.96,8.96,-1.9000000000000012,6.5,6.5,0.5599999999999996,5.71,5.71,1.3499999999999996,3,-1.9000000000000012,True
CC(=O)N1CC2(C1)CC(CC#N)(n1ccc(-c3nc(-c4cc[nH]n4)cc4ncccc34)n1)C2,CHEMBL5986759,5.4,5.4,False,Other,,,,5.25,5.25,0.15000000000000036,,,,1,0.15000000000000036,False
CC(=O)N1CCC(Cc2cccc3cnc(Nc4cnn(C)c4)nc23)CC1,CHEMBL5074436,7.1,7.1,False,Other,7.2,7.2,-0.10000000000000053,7.9,7.9,-0.8000000000000007,7.7,7.7,-0.6000000000000005,3,-0.8000000000000007,False
CC(=O)N1CCC(Nc2cccc3cnc(Nc4cnn(C)c4)nc23)CC1,CHEMBL5084809,7.0,7.0,False,Other,6.9,6.9,0.09999999999999964,7.5,7.5,-0.5,7.3,7.3,-0.2999999999999998,3,-0.5,False
CC(=O)N1CCC(Oc2cccc3cnc(Nc4cnn(C)c4)nc23)CC1,CHEMBL5075565,6.5,6.5,False,Other,6.6,6.6,-0.09999999999999964,7.3,7.3,-0.7999999999999998,7.0,7.0,-0.5,3,-0.7999999999999998,False
CC(=O)N1CCC(c2nc3cnc4[nH]ccc4c3n2[C@H]2CC[C@H](CC#N)CC2)CC1,CHEMBL5900603,6.76,6.76,False,JH2,8.8,8.8,-2.040000000000001,6.9,6.9,-0.14000000000000057,5.67,5.67,1.0899999999999999,3,-2.040000000000001,True
CC(=O)N1CCC2(CCC(Nc3nc(Nc4cnn(C)c4)ncc3Cl)CC2)CC1,CHEMBL3905686,8.4,8.4,False,Other,9.05,9.05,-0.6500000000000004,8.4,8.4,0.0,7.33,7.33,1.0700000000000003,3,-0.6500000000000004,False
CC(=O)N1CCN(S(=O)(=O)C[C@H]2C[C@@H](N(C)c3ncnc4[nH]ccc34)C2)CC1,CHEMBL5857430,6.01,6.01,False,Other,7.57,7.57,-1.5600000000000005,5.89,5.89,0.1200000000000001,5.0,5.0,1.0099999999999998,3,-1.5600000000000005,False
CC(=O)N1CCN(c2ccc(Nc3ncc(C)c(N4CCC5(CCNC5=O)CC4)n3)cc2)CC1,CHEMBL5077973,8.22,8.22,False,Other,7.17,7.17,1.0500000000000007,7.28,7.28,0.9400000000000004,7.0,7.0,1.2200000000000006,3,0.9400000000000004,False
CC(=O)N1CCN(c2ccc3cc2COCC=CCOCc2cccc(c2)-c2ccnc(n2)N3)CC1,CHEMBL2181325,6.96,6.96,False,Other,5.55,5.55,1.4100000000000001,6.92,6.92,0.040000000000000036,5.22,5.22,1.7400000000000002,3,0.040000000000000036,False
CC(=O)N1CCc2[nH]c(-c3n[nH]c4nc(-c5cc(F)c(O)cc5CC(F)(F)F)nc(NCc5cc(O)ccc5N(C)S(C)(=O)=O)c34)nc2C1,CHEMBL5746387,7.85,7.85,False,Other,8.49,8.49,-0.6400000000000006,7.84,7.84,0.009999999999999787,7.29,7.29,0.5599999999999996,3,-0.6400000000000006,False
CC(=O)N1CCc2cc(Nc3ncc(C)c(-c4cnn(C(C)C)c4)n3)ccc21,CHEMBL4869302,8.74,8.74,False,Other,,,,8.22,8.22,0.5199999999999996,,,,1,0.5199999999999996,False
CC(=O)NC1CC(CC#N)(n2ccc(-c3nc(-c4cc[nH]n4)cc4ncccc34)n2)C1,CHEMBL5960342,6.14,6.14,False,Other,5.24,5.24,0.8999999999999995,5.46,5.46,0.6799999999999997,,,,2,0.6799999999999997,False
CC(=O)NC1CCCN(c2ccn(-c3cc(-c4c(F)cccc4C#N)nc4c3C(=O)NC4)n2)C1,CHEMBL5905531,8.3,,True,Other,,,,8.3,,,,,,0,,False
CC(=O)NCC(=O)N1C2CCC1c1cc(Nc3ncc(C(F)(F)F)c(NC4CCC4)n3)ccc12,CHEMBL1983111,7.9,7.9,False,Other,,,,8.4,8.4,-0.5,7.6,7.6,0.3000000000000007,2,-0.5,False
CC(=O)NCC(=O)N1[C@@H]2CC[C@H]1c1ccc(Nc3ncc(C(F)(F)F)c(NC4CCC4)n3)cc12,CHEMBL4289017,5.73,5.73,False,Other,5.89,5.89,-0.15999999999999925,,,,,,,1,-0.15999999999999925,False
CC(=O)N[C@@H]1CCCN(c2ccn(-c3cc(-c4c(F)cccc4C#N)nc4c3C(=O)NC4)n2)C1,CHEMBL5905263,8.3,,True,Other,,,,7.26,,,,,,0,,False
CC(=O)N[C@@H]1CCN(C[C@H]2CC[C@H](c3nnn4cnc5[nH]ccc5c34)CC2)C1,CHEMBL4112922,6.21,6.21,False,Other,8.32,8.32,-2.1100000000000003,7.24,7.24,-1.0300000000000002,,,,2,-2.1100000000000003,False
CC(=O)N[C@H]1CCCN(c2ccn(-c3cc(-c4c(F)cccc4C#N)nc4c3C(=O)NC4)n2)C1,CHEMBL5976185,8.3,,True,Other,,,,7.26,,,,,,0,,False
CC(=O)Nc1cc(-c2cc3ncccc3c(-c3ccn(C4(CC#N)CN(S(C)(=O)=O)C4)n3)n2)cnc1C,CHEMBL6009100,6.15,6.15,False,Other,5.36,5.36,0.79,5.18,5.18,0.9700000000000006,,,,2,0.79,False
CC(=O)Nc1cc(-c2cc3ncccc3c(-c3ccn(C4(CC#N)CN(S(C)(=O)=O)C4)n3)n2)cnc1NC(C)=O,CHEMBL5933694,6.02,6.02,False,Other,5.24,5.24,0.7799999999999994,5.1,5.1,0.9199999999999999,,,,2,0.7799999999999994,False
CC(=O)Nc1cc(Cl)c(C(=O)Nc2ccnc(NC(=O)C3CC3)c2)c(Cl)c1,CHEMBL2387110,8.52,8.52,False,Other,,,,,,,,,,0,,False
CC(=O)Nc1cc(NC(=O)c2c(Cl)cccc2Cl)ccn1,CHEMBL2420821,7.02,7.02,False,Other,5.54,5.54,1.4799999999999995,6.51,6.51,0.5099999999999998,,,,2,0.5099999999999998,False
CC(=O)Nc1cc(Nc2cccc(S(C)(=O)=O)c2)c(-c2ccccn2)cn1,CHEMBL5417355,10.42,10.42,False,JH2,8.13,8.13,2.289999999999999,,,,,,,1,2.289999999999999,True
CC(=O)Nc1cc(Nc2cccc(S(C)(=O)=O)n2)c(-c2ccccn2)cn1,CHEMBL5427277,10.8,10.8,False,JH2,9.51,9.51,1.290000000000001,,,,,,,1,1.290000000000001,True
CC(=O)Nc1cc(Nc2ccccc2S(C)(=O)=O)c(-c2ccccn2)cn1,CHEMBL5398472,6.93,6.93,False,JH2,6.63,6.63,0.2999999999999998,,,,,,,1,0.2999999999999998,True
CC(=O)Nc1cc(Nc2ncccc2S(C)(=O)=O)c(-c2ccccn2)cn1,CHEMBL5433889,7.1,7.1,False,JH2,6.84,6.84,0.2599999999999998,,,,,,,1,0.2599999999999998,True
CC(=O)Nc1cc2c(-c3cccc(S(=O)(=O)C4COC4)n3)cn(C)c2cn1,CHEMBL5418687,7.46,7.46,False,JH2,,,,,,,,,,0,,True
CC(=O)Nc1cc2c(-c3cccc(S(=O)(=O)N(C)C)c3)c[nH]c2cn1,CHEMBL5396134,6.369999999999999,6.369999999999999,False,Other,4.4,4.4,1.9699999999999989,,,,,,,1,1.9699999999999989,False
CC(=O)Nc1cc2c(-c3cccc(S(=O)(=O)N(C)C)c3)cn(C)c2cn1,CHEMBL5414765,8.0,8.0,False,JH2,,,,,,,,,,0,,True
CC(=O)Nc1cc2c(-c3cccc(S(=O)(=O)N(C)C)n3)cn(C)c2cn1,CHEMBL5394367,8.4,8.4,False,JH2,,,,,,,,,,0,,True
CC(=O)Nc1cccc(-c2cc(-c3cnn(C4(CC#N)CC(C#N)C4)n3)c3cccnc3c2)n1,CHEMBL5890887,7.645,7.645,False,Other,6.6850000000000005,6.6850000000000005,0.9599999999999991,7.145,7.145,0.5,5.445,5.445,2.1999999999999993,3,0.5,False
CC(=O)Nc1ccn(-c2cc(-c3c(F)cccc3C#N)nc3c2C(=O)NC3)n1,CHEMBL6053549,8.3,,True,Other,,,,6.26,,,,,,0,,False
CC(=O)OC[C@H]1CC[C@H](c2nnn3cnc4[nH]ccc4c23)CC1,CHEMBL3892296,6.779999999999999,6.779999999999999,False,Other,8.344999999999999,8.344999999999999,-1.5649999999999995,7.295,7.295,-0.5150000000000006,7.32,7.32,-0.5400000000000009,3,-1.5649999999999995,False
CC(=O)SC[C@H]1CC[C@H](c2nnn3cnc4[nH]ccc4c23)CC1,CHEMBL3905627,6.984999999999999,6.984999999999999,False,Other,8.875,8.875,-1.8900000000000006,7.995000000000001,7.995000000000001,-1.0100000000000016,6.8,6.8,0.1849999999999996,3,-1.8900000000000006,False
CC(=O)c1cc(Cl)c(C(=O)Nc2ccnc(NC(=O)C3CC3)c2)c(Cl)c1,CHEMBL2387122,8.11,8.11,False,Other,,,,,,,,,,0,,False
CC(C#N)=C1CCC(c2nnn3cnc4[nH]ccc4c23)CC1,CHEMBL3935408,6.35,6.35,False,Other,7.7,7.7,-1.3500000000000005,7.26,7.26,-0.9100000000000001,6.24,6.24,0.10999999999999943,3,-1.3500000000000005,False
CC(C#N)[C@H]1CC[C@H](c2nnn3cnc4[nH]ccc4c23)CC1,CHEMBL3945399,7.6,7.6,False,Other,8.51,8.51,-0.9100000000000001,8.17,8.17,-0.5700000000000003,6.48,6.48,1.1199999999999992,3,-0.9100000000000001,False
CC(C)(C#N)C(=O)N1CC2(CCC(c3cccc4nc(NC(=O)C5CC5)nn34)CC2)C1,CHEMBL5192867,6.97,6.97,False,Other,7.7,7.7,-0.7300000000000004,6.68,6.68,0.29000000000000004,5.01,5.01,1.96,3,-0.7300000000000004,False
CC(C)(C#N)CNC(=O)Cc1nc2cnc3[nH]ccc3c2n1C1CCC(CC#N)CC1,CHEMBL5845908,8.32,8.32,False,JH2,9.7,9.7,-1.379999999999999,8.25,8.25,0.07000000000000028,7.01,7.01,1.3100000000000005,3,-1.379999999999999,True
CC(C)(C#N)CNC(=O)Cc1nc2cnc3[nH]ccc3c2n1[C@H]1CC[C@H](CC#N)CC1,CHEMBL4537718,8.355,8.355,False,Other,9.7,9.7,-1.3449999999999989,7.705,7.705,0.6500000000000004,7.02,7.02,1.3350000000000009,3,-1.3449999999999989,False
CC(C)(C#N)c1ccc(Nc2nccc(N3C[C@H]4CC[C@@H](C3)N4C(=O)[C@@H]3CC3(F)F)n2)cn1,CHEMBL5904231,7.6,7.6,False,Other,7.22,7.22,0.3799999999999999,6.72,6.72,0.8799999999999999,,,,2,0.3799999999999999,False
CC(C)(C)C/C(=N/O)NCc1nc2cnc3[nH]ccc3c2n1[C@H]1CC[C@H](CC#N)CC1,CHEMBL5787955,8.17,8.17,False,JH2,9.3,9.3,-1.1300000000000008,7.53,7.53,0.6399999999999997,6.74,6.74,1.4299999999999997,3,-1.1300000000000008,True
CC(C)(C)CNC(=O)Cc1nc2cnc3[nH]ccc3c2n1[C@H]1CC[C@H](CC#N)CC1,CHEMBL5796970,8.22,8.22,False,JH2,9.7,9.7,-1.4799999999999986,8.27,8.27,-0.049999999999998934,7.28,7.28,0.9400000000000004,3,-1.4799999999999986,True
CC(C)(C)CNc1c(C(N)=O)cnn2cc(-c3ccccc3)cc12,CHEMBL4461011,7.16,7.16,False,Other,7.48,7.48,-0.3200000000000003,6.96,6.96,0.20000000000000018,8.1,8.1,-0.9399999999999995,3,-0.9399999999999995,False
CC(C)(C)COC(=O)NCc1nc2cnc3[nH]ccc3c2n1[C@H]1CC[C@H](CC#N)CC1,CHEMBL5874214,7.79,7.79,False,JH2,8.92,8.92,-1.13,7.18,7.18,0.6100000000000003,6.39,6.39,1.4000000000000004,3,-1.13,True
CC(C)(C)NC(=O)c1cnc(N)c2cc(-c3ccc(N4CCOCC4)cc3)sc12,CHEMBL1938647,5.16,5.16,False,Other,5.05,5.05,0.11000000000000032,5.93,5.93,-0.7699999999999996,4.99,4.99,0.16999999999999993,3,-0.7699999999999996,False
CC(C)(C)NC[C@H]1CC[C@H](c2nnn3cnc4[nH]ccc4c23)CC1,CHEMBL3896766,6.31,6.31,False,Other,7.92,7.92,-1.6100000000000003,7.35,7.35,-1.04,,,,2,-1.6100000000000003,False
CC(C)(C)NS(=O)(=O)c1ccc(-c2cc3c(N)ncc(C(=O)NCCCN4CCOCC4)c3s2)cc1,CHEMBL1938660,5.81,5.81,False,Other,5.795,5.795,0.01499999999999968,6.815,6.815,-1.0050000000000008,6.19,6.19,-0.3800000000000008,3,-1.0050000000000008,False
CC(C)(C)NS(=O)(=O)c1ccc(-c2cc3c(N)ncc(C(=O)NCCN4CCCCC4)c3s2)cc1,CHEMBL1938658,5.57,5.57,False,Other,6.18,6.18,-0.6099999999999994,6.985,6.985,-1.415,5.62,5.62,-0.04999999999999982,3,-1.415,False
CC(C)(C)NS(=O)(=O)c1ccc(-c2cc3c(N)ncc(C(=O)NCCN4CCOCC4)c3s2)cc1,CHEMBL1938659,6.12,6.12,False,Other,6.75,6.75,-0.6299999999999999,6.3100000000000005,6.3100000000000005,-0.1900000000000004,6.02,6.02,0.10000000000000053,3,-0.6299999999999999,False
CC(C)(C)NS(=O)(=O)c1ccc(-c2cc3c(N)ncc(C(=O)NCCO)c3s2)cc1,CHEMBL1938655,6.03,6.03,False,Other,7.11,7.11,-1.08,8.1,8.1,-2.0699999999999994,6.36,6.36,-0.33000000000000007,3,-2.0699999999999994,False
CC(C)(C)OC(=O)N1CCC(CNC[C@H]2CC[C@H](c3nnn4cnc5[nH]ccc5c34)CC2)CC1,CHEMBL3905617,6.15,6.15,False,Other,7.54,7.54,-1.3899999999999997,6.54,6.54,-0.3899999999999997,,,,2,-1.3899999999999997,False
CC(C)(C)OC(=O)N1CCC(c2nnn3cnc4[nH]ccc4c23)CC1,CHEMBL3985597,5.28,5.28,False,Other,7.199999999999999,7.199999999999999,-1.919999999999999,6.21,6.21,-0.9299999999999997,5.705,5.705,-0.4249999999999998,3,-1.919999999999999,False
CC(C)(C)OC(=O)N1CC[C@H](NC[C@H]2CC[C@H](c3nnn4cnc5[nH]ccc5c34)CC2)C1,CHEMBL3954792,6.29,6.29,False,Other,7.54,7.54,-1.25,6.47,6.47,-0.17999999999999972,,,,2,-1.25,False
CC(C)(C)OC(=O)NCc1nc2cnc3[nH]ccc3c2n1[C@H]1CC[C@H](CC#N)CC1,CHEMBL5872965,7.22,7.22,False,JH2,8.85,8.85,-1.63,7.11,7.11,0.10999999999999943,6.2,6.2,1.0199999999999996,3,-1.63,True
CC(C)(C)OC(=O)N[C@H]1CC[C@H](c2nnn3cnc4[nH]ccc4c23)CC1,CHEMBL3903353,5.37,5.37,False,Other,7.439999999999999,7.439999999999999,-2.0699999999999985,6.775,6.775,-1.4050000000000002,5.68,5.68,-0.3099999999999996,3,-2.0699999999999985,False
CC(C)(C)OCc1nc2cnc3[nH]ccc3c2n1[C@H]1CC[C@H](CC#N)CC1,CHEMBL5970916,7.29,7.29,False,JH2,8.3,8.3,-1.0100000000000007,7.29,7.29,0.0,5.98,5.98,1.3099999999999996,3,-1.0100000000000007,True
CC(C)(C)[C@@H](NC(=O)c1c[nH]c2ncc(C3CC3)nc12)C(=O)N1CC(C#N)C1,CHEMBL2325895,7.8,7.8,False,Other,8.205,8.205,-0.40500000000000025,9.1,9.1,-1.2999999999999998,9.59,9.59,-1.79,3,-1.79,False
CC(C)(C)c1ccc(C(=O)N2CCc3cc(Nc4ncc(F)c(-c5cnn(CCC#N)c5)n4)ccc32)cc1,CHEMBL4849617,7.4,7.4,False,Other,,,,6.22,6.22,1.1800000000000006,,,,1,1.1800000000000006,False
CC(C)(C)c1ccc2nc(-c3n[nH]c4ccccc34)[nH]c2c1,CHEMBL1970104,6.6,6.6,False,Other,,,,7.3,7.3,-0.7000000000000002,6.4,6.4,0.1999999999999993,2,-0.7000000000000002,False
CC(C)(C)c1nc2c3ccc(F)cc3c3c(=O)[nH]ccc3c2[nH]1,CHEMBL21156,8.3,8.3,False,Other,7.82,7.82,0.4800000000000004,8.6,8.6,-0.29999999999999893,7.7,7.7,0.6000000000000005,3,-0.29999999999999893,False
CC(C)(C)n1cc(Nc2ncc(C(N)=O)c(NCC3CC=CC3)n2)cn1,CHEMBL5949714,7.64,7.64,False,Other,8.12,8.12,-0.47999999999999954,8.59,8.59,-0.9500000000000002,7.47,7.47,0.16999999999999993,3,-0.9500000000000002,False
CC(C)(C)n1cc(Nc2ncc(C(N)=O)c(Nc3c(F)cccc3Cl)n2)cn1,CHEMBL5823434,8.58,8.58,False,Other,8.32,8.32,0.2599999999999998,9.1,9.1,-0.5199999999999996,8.39,8.39,0.1899999999999995,3,-0.5199999999999996,False
CC(C)(C)n1cc(Nc2ncc(C(N)=O)c(Nc3c(F)cccc3F)n2)cn1,CHEMBL5882527,7.91,7.91,False,Other,7.99,7.99,-0.08000000000000007,8.92,8.92,-1.0099999999999998,8.56,8.56,-0.6500000000000004,3,-1.0099999999999998,False
CC(C)(CO)CNC(=O)Cc1nc2cnc3[nH]ccc3c2n1[C@H]1CC[C@H](CC#N)CC1,CHEMBL6052584,8.39,8.39,False,JH2,10.0,10.0,-1.6099999999999994,8.41,8.41,-0.019999999999999574,7.26,7.26,1.1300000000000008,3,-1.6099999999999994,True
CC(C)(O)C(=O)N1CCN(c2ccc(C(F)(F)F)c(C3=C(c4c[nH]c5ccccc45)C(=O)NC3=O)c2)CC1,CHEMBL1650951,5.68,5.68,False,Other,6.46,6.46,-0.7800000000000002,5.915,5.915,-0.23500000000000032,8.399999999999999,8.399999999999999,-2.719999999999999,3,-2.719999999999999,False
CC(C)(O)C1CC(CC#N)(n2ccc(-c3nc(-c4cc[nH]n4)cc4ncccc34)n2)C1,CHEMBL5895856,6.415,6.415,False,Other,5.35,5.35,1.0650000000000004,5.51,5.51,0.9050000000000002,,,,2,0.9050000000000002,False
CC(C)(O)C1CC(CC#N)(n2ccc(-c3nc(-c4cn[nH]c4)cc4ncccc34)n2)C1,CHEMBL5797940,6.38,6.38,False,Other,5.45,5.45,0.9299999999999997,5.62,5.62,0.7599999999999998,,,,2,0.7599999999999998,False
CC(C)(O)C1CCN(C(=O)Cc2nc3cnc4[nH]ccc4c3n2[C@H]2CC[C@H](CC#N)CC2)CC1,CHEMBL5992802,8.35,8.35,False,JH2,9.3,9.3,-0.9500000000000011,7.92,7.92,0.4299999999999997,6.74,6.74,1.6099999999999994,3,-0.9500000000000011,True
CC(C)(O)C1CCN(C[C@H]2CC[C@H](c3nnn4cnc5[nH]ccc5c34)CC2)CC1,CHEMBL3951710,6.03,6.03,False,Other,7.6,7.6,-1.5699999999999994,6.8,6.8,-0.7699999999999996,,,,2,-1.5699999999999994,False
CC(C)(O)CC(=O)NCc1nc2cnc3[nH]ccc3c2n1[C@H]1CC[C@H](CC#N)CC1,CHEMBL5812709,7.29,7.29,False,JH2,9.22,9.22,-1.9300000000000006,7.06,7.06,0.23000000000000043,5.92,5.92,1.37,3,-1.9300000000000006,True
CC(C)(O)CCNC(=O)Cc1nc2cnc3[nH]ccc3c2n1[C@H]1CC[C@H](CC#N)CC1,CHEMBL6023257,8.14,8.14,False,JH2,9.52,9.52,-1.379999999999999,8.17,8.17,-0.02999999999999936,6.91,6.91,1.2300000000000004,3,-1.379999999999999,True
CC(C)(O)CN1CCC(c2nc3cnc4[nH]ccc4c3n2[C@H]2CC[C@H](CC#N)CC2)CC1,CHEMBL5879037,7.51,7.51,False,JH2,8.7,8.7,-1.1899999999999995,7.47,7.47,0.040000000000000036,5.8,5.8,1.71,3,-1.1899999999999995,True
CC(C)(O)CNC(=O)Cc1nc2cnc3[nH]cc(Br)c3c2n1[C@H]1CC[C@H](CC#N)CC1,CHEMBL5868118,6.74,6.74,False,JH2,8.47,8.47,-1.7300000000000004,7.37,7.37,-0.6299999999999999,7.78,7.78,-1.04,3,-1.7300000000000004,True
CC(C)(O)CNC(=O)Cc1nc2cnc3[nH]cc(Cl)c3c2n1[C@H]1CC[C@H](CC#N)CC1,CHEMBL5858487,6.91,6.91,False,JH2,8.49,8.49,-1.58,7.43,7.43,-0.5199999999999996,7.88,7.88,-0.9699999999999998,3,-1.58,True
CC(C)(O)CNC(=O)Cc1nc2cnc3[nH]cc(F)c3c2n1[C@H]1CC[C@H](CC#N)CC1,CHEMBL6014864,7.79,7.79,False,JH2,9.1,9.1,-1.3099999999999996,7.86,7.86,-0.07000000000000028,7.21,7.21,0.5800000000000001,3,-1.3099999999999996,True
CC(C)(O)CNC(=O)Cc1nc2cnc3[nH]ccc3c2n1C1CCC(CC#N)CC1,CHEMBL5947039,8.13,8.13,False,JH2,9.4,9.4,-1.2699999999999996,8.07,8.07,0.0600000000000005,7.04,7.04,1.0900000000000007,3,-1.2699999999999996,True
CC(C)(O)CNC(=O)Cc1nc2cnc3[nH]ccc3c2n1[C@H]1CC[C@H](CC#N)CC1,CHEMBL4473572,8.145,8.145,False,Other,9.43,9.43,-1.2850000000000001,8.07,8.07,0.07499999999999929,7.05,7.05,1.0949999999999998,3,-1.2850000000000001,False
CC(C)(O)CNC(=O)c1nc2cnc3[nH]ccc3c2n1[C@H]1CC[C@H](CC#N)CC1,CHEMBL5892211,7.76,7.76,False,JH2,9.22,9.22,-1.4600000000000009,7.82,7.82,-0.0600000000000005,6.56,6.56,1.2000000000000002,3,-1.4600000000000009,True
CC(C)(O)Cn1cc(-c2nc3cnc4[nH]ccc4c3n2[C@H]2CC[C@H](CC#N)CC2)cn1,CHEMBL5749186,7.22,7.22,False,JH2,8.89,8.89,-1.6700000000000008,7.61,7.61,-0.39000000000000057,6.75,6.75,0.46999999999999975,3,-1.6700000000000008,True
CC(C)(O)c1cc(Cl)c(C(=O)Nc2ccnc(NC(=O)C3CC3)c2)c(Cl)c1,CHEMBL2387116,7.66,7.66,False,Other,,,,,,,,,,0,,False
CC(C)(O)c1cccc(-n2cccc(Nc3cc(N)n4ncc(C(N)=O)c4n3)c2=O)n1,CHEMBL6064623,8.26,,True,JH2,,,,,,,,,,0,,True
CC(C)/C(=N/O)NCc1nc2cnc3[nH]ccc3c2n1[C@H]1CC[C@H](CC#N)CC1,CHEMBL5900225,8.2,8.2,False,JH2,9.52,9.52,-1.3200000000000003,7.59,7.59,0.6099999999999994,6.66,6.66,1.5399999999999991,3,-1.3200000000000003,True
CC(C)/C(N)=N/OCc1nc2cnc3[nH]ccc3c2n1[C@H]1CC[C@H](CC#N)CC1,CHEMBL5752812,7.47,7.47,False,JH2,8.92,8.92,-1.4500000000000002,8.0,8.0,-0.5300000000000002,6.96,6.96,0.5099999999999998,3,-1.4500000000000002,True
CC(C)=CCCCNc1nc(Nc2cnn(C(C)(C)C)c2)ncc1C(N)=O,CHEMBL5955415,6.7,6.7,False,Other,7.39,7.39,-0.6899999999999995,7.77,7.77,-1.0699999999999994,,,,2,-1.0699999999999994,False
CC(C)=CCNc1nc(Nc2cnn(C(C)(C)C)c2)ncc1C(N)=O,CHEMBL5939436,7.58,7.58,False,Other,7.55,7.55,0.03000000000000025,8.77,8.77,-1.1899999999999995,8.38,8.38,-0.8000000000000007,3,-1.1899999999999995,False
CC(C)C(=O)N1CC(S(=O)(=O)C[C@H]2C[C@@H](N(C)c3ncnc4[nH]ccc34)C2)C1,CHEMBL6029096,5.16,5.16,False,Other,7.01,7.01,-1.8499999999999996,5.49,5.49,-0.33000000000000007,5.0,5.0,0.16000000000000014,3,-1.8499999999999996,False
CC(C)C(=O)Nc1cc(NC(=O)c2c(Cl)cccc2Cl)ccn1,CHEMBL2420833,6.08,6.08,False,Other,,,,,,,,,,0,,False
CC(C)C(C)n1cc(-c2ccc(N3CCOCC3)cn2)c2[nH]nc(N)c2c1=O,CHEMBL3763252,8.045,8.045,False,Other,7.82,7.82,0.22499999999999964,7.89,7.89,0.15500000000000025,8.28,8.28,-0.23499999999999943,3,-0.23499999999999943,False
CC(C)C(C)n1cc(-c2ccn(C)n2)c2[nH]nc(N)c2c1=O,CHEMBL3764637,7.354999999999999,7.354999999999999,False,Other,7.1,7.1,0.254999999999999,6.51,6.51,0.8449999999999989,7.5,7.5,-0.14500000000000135,3,-0.14500000000000135,False
CC(C)C/C=C/CNc1nc(Nc2cnn(C(C)(C)C)c2)ncc1C(N)=O,CHEMBL6028509,6.01,6.01,False,Other,6.46,6.46,-0.4500000000000002,7.37,7.37,-1.3600000000000003,8.21,8.21,-2.200000000000001,3,-2.200000000000001,False
CC(C)CCNc1c(C(N)=O)cnn2cc(-c3ccccc3)cc12,CHEMBL4471290,6.8,6.8,False,Other,6.96,6.96,-0.16000000000000014,6.66,6.66,0.13999999999999968,7.96,7.96,-1.1600000000000001,3,-1.1600000000000001,False
CC(C)CCNc1nc(Nc2cnn(CC(C)(C)C)c2)ncc1C(N)=O,CHEMBL5782186,7.48,7.48,False,Other,8.02,8.02,-0.5399999999999991,8.62,8.62,-1.1399999999999988,8.36,8.36,-0.879999999999999,3,-1.1399999999999988,False
CC(C)CCS(=O)(=O)C[C@H]1C[C@@H](N(C)c2ncnc3[nH]ccc23)C1,CHEMBL5841789,5.56,5.56,False,Other,7.5,7.5,-1.9400000000000004,6.05,6.05,-0.4900000000000002,5.0,5.0,0.5599999999999996,3,-1.9400000000000004,False
CC(C)CN1CCC(NC(=O)Cc2nc3cnc4[nH]ccc4c3n2[C@H]2CC[C@H](CC#N)CC2)CC1,CHEMBL4514898,8.59,8.59,False,JH2,9.52,9.52,-0.9299999999999997,7.755,7.755,0.835,7.51,7.51,1.08,3,-0.9299999999999997,True
CC(C)CNc1c(C(N)=O)cnn2cc(-c3ccccc3)cc12,CHEMBL4440261,7.2,7.2,False,Other,7.52,7.52,-0.3199999999999994,6.8,6.8,0.40000000000000036,8.4,8.4,-1.2000000000000002,3,-1.2000000000000002,False
CC(C)CNc1nc(-c2cc(F)c(O)cc2CC(F)(F)F)nc(N)c1C=N,CHEMBL5870425,5.13,5.13,False,Other,7.13,7.13,-2.0,6.62,6.62,-1.4900000000000002,6.68,6.68,-1.5499999999999998,3,-2.0,False
CC(C)CNc1nc(-c2cc(F)c(O)cc2CC(F)(F)F)nc2[nH]ncc12,CHEMBL5950147,5.13,5.13,False,Other,7.13,7.13,-2.0,6.62,6.62,-1.4900000000000002,6.68,6.68,-1.5499999999999998,3,-2.0,False
CC(C)COC(=O)NCc1nc2cnc3[nH]ccc3c2n1[C@H]1CC[C@H](CC#N)CC1,CHEMBL5855789,7.85,7.85,False,JH2,9.05,9.05,-1.200000000000001,7.6,7.6,0.25,6.55,6.55,1.2999999999999998,3,-1.200000000000001,True
CC(C)CS(=O)(=O)N[C@H]1C[C@@H](N(C)c2ncnc3[nH]ccc23)C1,CHEMBL3655082,6.32,6.32,False,Other,7.85,7.85,-1.5299999999999994,5.65,5.65,0.6699999999999999,,,,2,-1.5299999999999994,False
CC(C)C[C@@H](C)n1cc(-c2nc(-c3cnn(C(CO)CO)c3)cn3nccc23)cn1,CHEMBL5765208,6.76,,True,JH1,5.76,,,6.76,,,5.26,,,0,,False
CC(C)C[C@@H](C)n1cc(-c2nc(-c3cnn(C[C@@H](O)CO)c3)cn3nccc23)cn1,CHEMBL6058523,6.26,,True,JH1,5.26,,,6.26,,,5.26,,,0,,False
CC(C)C[C@@H](C)n1cc(-c2nc(-c3cnn(C[C@H](O)CO)c3)cn3nccc23)cn1,CHEMBL5856911,6.76,,True,JH1,6.26,,,6.76,,,5.26,,,0,,False
CC(C)C[C@H](C)n1cc(-c2nc(-c3cnn(C(CO)CO)c3)cn3nccc23)cn1,CHEMBL5995279,6.26,,True,JH1,5.26,,,6.26,,,5.26,,,0,,False
CC(C)C[C@H](C)n1cc(-c2nc(-c3cnn(C[C@@H](O)CO)c3)cn3nccc23)cn1,CHEMBL5819360,6.26,,True,JH1,5.26,,,6.26,,,5.26,,,0,,False
CC(C)C[C@H](C)n1cc(-c2nc(-c3cnn(C[C@H](O)CO)c3)cn3nccc23)cn1,CHEMBL5952804,6.26,,True,JH1,5.26,,,6.26,,,5.26,,,0,,False
CC(C)Cc1cc(-c2ccc3[nH]nc(N)c3c2)on1,CHEMBL1966343,6.8,6.8,False,Other,,,,6.8,6.8,0.0,6.5,6.5,0.2999999999999998,2,0.0,False
CC(C)Cn1cc(-c2ccn(C)n2)c2[nH]nc(N)c2c1=O,CHEMBL3763697,6.55,6.55,False,Other,6.64,6.64,-0.08999999999999986,6.41,6.41,0.13999999999999968,7.0,7.0,-0.4500000000000002,3,-0.4500000000000002,False
CC(C)NC(=O)N1[C@@H]2CC[C@H]1CN(c1ccnc(Nc3cnn(C)c3)n1)C2,CHEMBL5787385,6.96,6.96,False,Other,6.78,6.78,0.17999999999999972,6.05,6.05,0.9100000000000001,,,,2,0.17999999999999972,False
CC(C)NC(=O)NCc1nc2cnc3[nH]ccc3c2n1[C@H]1CC[C@H](CC#N)CC1,CHEMBL5861474,7.73,7.73,False,JH2,8.7,8.7,-0.9699999999999989,7.47,7.47,0.2600000000000007,6.68,6.68,1.0500000000000007,3,-0.9699999999999989,True
CC(C)NC(=O)c1nc2cnc3[nH]ccc3c2n1[C@H]1CC[C@H](CC#N)CC1,CHEMBL6035933,7.27,7.27,False,JH2,8.68,8.68,-1.4100000000000001,7.12,7.12,0.14999999999999947,5.51,5.51,1.7599999999999998,3,-1.4100000000000001,True
CC(C)NC[C@H]1CC[C@H](c2nnn3cnc4[nH]ccc4c23)CC1,CHEMBL3906210,6.38,6.38,False,Other,8.06,8.06,-1.6800000000000006,7.27,7.27,-0.8899999999999997,,,,2,-1.6800000000000006,False
CC(C)Nc1c(C(N)=O)cnn2cc(-c3ccccc3)cc12,CHEMBL4539805,6.82,6.82,False,Other,7.4,7.4,-0.5800000000000001,6.72,6.72,0.10000000000000053,7.82,7.82,-1.0,3,-1.0,False
CC(C)OC(=O)Cc1ccc(Nc2cc(Nc3ccccc3Cl)c(C(N)=O)cn2)nc1,CHEMBL5424439,7.54,7.54,False,Other,7.54,7.54,0.0,7.57,7.57,-0.03000000000000025,7.55,7.55,-0.009999999999999787,3,-0.03000000000000025,False
CC(C)OC(=O)Cn1cc(Nc2ncc3ccn(C[C@@H](CCN(C)C)C(C)C)c3n2)cn1,CHEMBL6066012,6.26,6.26,False,Other,6.26,,,6.26,6.26,0.0,6.26,6.26,0.0,2,0.0,False
CC(C)Oc1ccc(-c2cc3c(N[C@@H]4CC[C@](C)(N)C4(C)C)c(C(N)=O)cnn3c2)cn1,CHEMBL4070136,7.52,7.52,False,Other,8.92,8.92,-1.4000000000000004,7.7,7.7,-0.1800000000000006,9.3,9.3,-1.7800000000000011,3,-1.7800000000000011,False
CC(C)Oc1cccc(S(=O)(=O)C[C@H]2C[C@@H](N(C)c3ncnc4[nH]ccc34)C2)c1,CHEMBL6054636,8.78,8.78,False,Other,9.93,9.93,-1.1500000000000004,8.82,8.82,-0.040000000000000924,,,,2,-1.1500000000000004,False
CC(C)Oc1ncc(Cl)cc1Nc1cc(N)n2ncc(C(N)=O)c2n1,CHEMBL5881658,9.22,,True,JH2,,,,,,,,,,0,,True
CC(C)Oc1ncccc1Nc1cc(N)n2ncc(C(N)=O)c2n1,CHEMBL5770780,9.22,,True,JH2,,,,,,,,,,0,,True
CC(C)[C@@H](C)n1cc(-c2cc(C(C)(C)O)n(C)n2)c2[nH]nc(N)c2c1=O,CHEMBL3765822,7.699999999999999,7.699999999999999,False,Other,7.8,7.8,-0.10000000000000053,6.675,6.675,1.0249999999999995,8.48,8.48,-0.7800000000000011,3,-0.7800000000000011,False
CC(C)[C@@H](C)n1cc(-c2ccc(N3CCOCC3)cn2)c2[nH]nc(N)c2c1=O,CHEMBL3764383,7.1850000000000005,7.1850000000000005,False,Other,7.0,7.0,0.1850000000000005,6.85,6.85,0.33500000000000085,7.07,7.07,0.11500000000000021,3,0.11500000000000021,False
CC(C)[C@H](C)n1cc(-c2cc(C3CCOCC3)n(C)n2)c2[nH]nc(N)c2c1=O,CHEMBL3764277,7.984999999999999,7.984999999999999,False,Other,7.62,7.62,0.3649999999999993,7.92,7.92,0.0649999999999995,8.34,8.34,-0.3550000000000004,3,-0.3550000000000004,False
CC(C)[C@H](C)n1cc(-c2cc(N3CCOCC3)n(C)n2)c2[nH]nc(N)c2c1=O,CHEMBL3763213,7.98,7.98,False,Other,7.8,7.8,0.1800000000000006,7.85,7.85,0.13000000000000078,8.55,8.55,-0.5700000000000003,3,-0.5700000000000003,False
CC(C)[C@H](C)n1cc(-c2cc(N3CCS(=O)(=O)CC3)n(C)n2)c2[nH]nc(N)c2c1=O,CHEMBL3765517,7.779999999999999,7.779999999999999,False,Other,7.17,7.17,0.6099999999999994,7.89,7.89,-0.11000000000000032,8.4,8.4,-0.620000000000001,3,-0.620000000000001,False
CC(C)[C@H](C)n1cc(-c2ccc(N3CCOCC3)cn2)c2[nH]nc(N)c2c1=O,CHEMBL3763991,8.18,8.18,False,Other,8.16,8.16,0.019999999999999574,8.15,8.15,0.02999999999999936,7.64,7.64,0.54,3,0.019999999999999574,False
CC(C)[C@H](C)n1cc(-c2ccn(C)n2)c2[nH]nc(N)c2c1=O,CHEMBL3764030,7.54,7.54,False,Other,7.52,7.52,0.020000000000000462,7.16,7.16,0.3799999999999999,8.19,8.19,-0.6499999999999995,3,-0.6499999999999995,False
CC(C)[C@H](C)n1cc(-c2nc(-c3cnn(C[C@@H](O)CO)c3)cn3nccc23)cn1,CHEMBL6006796,6.76,,True,JH1,5.76,,,6.76,,,5.26,,,0,,False
CC(C)c1cc(O)ccc1-c1ccc2c(-c3nc4ccccc4[nH]3)n[nH]c2c1,CHEMBL4087076,6.41,6.41,False,Other,7.57,7.57,-1.1600000000000001,7.1,7.1,-0.6899999999999995,6.53,6.53,-0.1200000000000001,3,-1.1600000000000001,False
CC(C)c1ccc(-c2nc3cc(C(N)=O)ccc3n2CCN)cc1,CHEMBL3622832,5.57,5.57,False,Other,5.51,5.51,0.0600000000000005,5.23,5.23,0.33999999999999986,5.72,5.72,-0.14999999999999947,3,-0.14999999999999947,False
CC(C)c1ccc(Nc2cc(Nc3ccccc3S(C)(=O)=O)c3nc(C(F)F)[nH]c3n2)nc1C#N,CHEMBL5881213,9.52,,True,JH2,,,,,,,,,,0,,True
CC(C)c1ccn(-c2cc(-c3c(F)cccc3C#N)nc3c2C(=O)NC3)n1,CHEMBL5883831,8.3,,True,Other,,,,6.26,,,,,,0,,False
CC(C)c1csc(-c2cc(-c3c(F)cccc3F)nc3c2C(=O)NC3)n1,CHEMBL5884018,7.26,,True,Other,,,,,,,,,,0,,False
CC(C)c1nc(Nc2ccc(C(=O)O)cc2)c2c(=O)[nH]ccc2n1,CHEMBL5203504,8.48,8.48,False,JH1,,,,,,,,,,0,,False
CC(C)c1nn(C)cc1-c1nc2c(N3CCN(Cc4cccnc4)CC3)c(Br)cnc2[nH]1,CHEMBL3613597,8.0,8.0,False,Other,,,,,,,,,,0,,False
CC(C)c1noc(=O)n1Cc1nc2cnc3[nH]ccc3c2n1[C@H]1CC[C@H](CC#N)CC1,CHEMBL5861120,7.97,7.97,False,JH2,9.1,9.1,-1.13,6.82,6.82,1.1499999999999995,5.57,5.57,2.3999999999999995,3,-1.13,True
CC(C)n1cc(-c2cc(-c3c(F)cccc3C#N)nc3c2C(=O)NC3)cn1,CHEMBL6008199,8.3,,True,Other,,,,7.26,,,,,,0,,False
CC(C)n1cc(-c2nc(-c3cnn(C4CCNCC4)c3)cn3nccc23)cn1,CHEMBL6002863,6.26,,True,JH1,5.26,,,6.26,,,5.26,,,0,,False
CC(C)n1ccc(-c2cc(-c3c(F)cccc3C#N)nc3c2C(=O)NC3)n1,CHEMBL5985052,8.3,,True,Other,,,,6.26,,,,,,0,,False
CC(C)n1cccc(Nc2nc3c(C(=O)NC4CC4)cnn3c3c2OCCN3)c1=O,CHEMBL6041035,8.26,,True,JH2,,,,,,,,,,0,,True
CC(C)n1cccc(Nc2nc3c(C(=O)N[C@@H]4C[C@@H]4F)cnn3c3c2OCCN3)c1=O,CHEMBL5894227,9.22,,True,JH2,,,,,,,,,,0,,True
CC(C)n1nc(-c2cc3cc(O)ccc3[nH]2)c2c(N)ncnc21,CHEMBL1241674,6.01,6.01,False,Other,5.975,5.975,0.03500000000000014,7.96,7.96,-1.9500000000000002,7.07,7.07,-1.0600000000000005,3,-1.9500000000000002,False
CC(CC#N)N1[C@@H]2CC[C@H]1CN(c1ccnc(Nc3cn[nH]c3)n1)C2,CHEMBL6028338,7.1,7.1,False,Other,6.87,6.87,0.22999999999999954,6.33,6.33,0.7699999999999996,,,,2,0.22999999999999954,False
CC(CC#N)N1[C@@H]2CC[C@H]1CN(c1ccnc(Nc3cnn(C)c3)n1)C2,CHEMBL5802926,6.9,6.9,False,Other,6.555,6.555,0.34500000000000064,6.29,6.29,0.6100000000000003,,,,2,0.34500000000000064,False
CC(CCCCCC(=O)NO)n1cc(-c2ncnc3[nH]ccc23)cn1,CHEMBL4095596,6.84,6.84,False,Other,7.96,7.96,-1.12,7.19,7.19,-0.35000000000000053,6.36,6.36,0.47999999999999954,3,-1.12,False
CC(CO)CNc1nc(-c2cc(F)c(O)cc2CC(F)(F)F)nc2[nH]nc(-c3nc4c([nH]3)CCN(Cc3ccccc3)C4)c12,CHEMBL6000784,6.75,6.75,False,Other,8.03,8.03,-1.2799999999999994,7.3,7.3,-0.5499999999999998,6.87,6.87,-0.1200000000000001,3,-1.2799999999999994,False
CC(CO)n1cc(-c2nc(-c3cnn(C)c3)cn3nccc23)cn1,CHEMBL5742734,5.26,,True,JH1,5.26,,,5.26,,,5.26,,,0,,False
CC(NC[C@H]1CC[C@H](c2nnn3cnc4[nH]ccc4c23)CC1)c1ccc(F)c(F)c1,CHEMBL3957990,7.14,7.14,False,Other,7.42,7.42,-0.28000000000000025,7.96,7.96,-0.8200000000000003,6.8,6.8,0.33999999999999986,3,-0.8200000000000003,False
CC(O)CCS(=O)(=O)C[C@H]1C[C@@H](N(C)c2ncnc3[nH]ccc23)C1,CHEMBL5777563,8.4,8.4,False,Other,10.51,10.51,-2.1099999999999994,9.02,9.02,-0.6199999999999992,8.0,8.0,0.40000000000000036,3,-2.1099999999999994,False
CC(O)c1cc(Cl)c(C(=O)Nc2ccnc(NC(=O)C3CC3)c2)c(Cl)c1,CHEMBL2387115,8.12,8.12,False,Other,,,,,,,,,,0,,False
CC(Oc1cc(-c2cccc(N3CCNCC3)c2)cnc1N)c1cc(F)ccc1Cl,CHEMBL4452772,5.6,5.6,False,Other,6.92,6.92,-1.3200000000000003,7.57,7.57,-1.9700000000000006,5.55,5.55,0.04999999999999982,3,-1.9700000000000006,False
CC(Oc1cc(-c2cn[nH]c2)cnc1N)c1cc(F)ccc1Cl,CHEMBL4550335,5.84,5.84,False,Other,7.09,7.09,-1.25,7.8,7.8,-1.96,6.01,6.01,-0.16999999999999993,3,-1.96,False
CC(Oc1cc(-c2cnn(C3CCNCC3)c2)cnc1N)c1cc(F)ccc1Cl,CHEMBL4541291,5.89,5.89,False,Other,6.18,6.18,-0.29000000000000004,8.22,8.22,-2.330000000000001,6.29,6.29,-0.40000000000000036,3,-2.330000000000001,False
CC1(C#N)CC(CC#N)(n2ccc(-c3nc(-c4cc[nH]n4)cc4ncccc34)n2)C1,CHEMBL5777685,6.67,6.67,False,Other,5.7,5.7,0.9699999999999998,5.855,5.855,0.8149999999999995,,,,2,0.8149999999999995,False
CC1(C#N)CC(CC#N)(n2ccc(-c3nc(-c4ccnc(N)c4)cc4ncccc34)n2)C1,CHEMBL5849209,6.875,6.875,False,Other,6.0,6.0,0.875,6.140000000000001,6.140000000000001,0.7349999999999994,,,,2,0.7349999999999994,False
CC1(C#N)CC(CC#N)(n2ccc(-c3nc(-c4cn[nH]c4)cc4ncccc34)n2)C1,CHEMBL6024241,7.025,7.025,False,Other,6.135,6.135,0.8900000000000006,6.1850000000000005,6.1850000000000005,0.8399999999999999,,,,2,0.8399999999999999,False
CC1(C#N)CC(CC#N)(n2ncc(-c3cc(-c4c[nH]nc4N)cc4ncccc34)n2)C1,CHEMBL5839478,6.6,6.6,False,Other,5.59,5.59,1.0099999999999998,5.565,5.565,1.0349999999999993,,,,2,1.0099999999999998,False
CC1(C#N)CCCN(c2ccn(-c3cc(-c4c(F)cccc4C#N)nc4c3C(=O)NC4)n2)C1,CHEMBL5897783,8.3,,True,Other,,,,8.3,,,,,,0,,False
CC1(C(=O)NC2CC=C(c3cccc4nc(NC(=O)C5CC5)nn34)CC2)CC1(F)F,CHEMBL6064266,6.14,6.14,False,Other,6.68,6.68,-0.54,5.94,5.94,0.1999999999999993,,,,2,-0.54,False
CC1(C)C(=O)N([C@H]2CCc3c(O)cccc32)c2nc(Nc3ccccc3)ncc21,CHEMBL3884319,5.0,5.0,False,Other,5.0,5.0,0.0,5.93,5.93,-0.9299999999999997,5.5,5.5,-0.5,3,-0.9299999999999997,False
CC1(C)C(O)CCN1c1ccn(-c2cc(-c3c(F)cccc3C#N)nc3c2C(=O)NC3)n1,CHEMBL5931775,10.3,,True,Other,,,,8.3,,,,,,0,,False
CC1(C)CC1NC[C@H]1CC[C@H](c2nnn3cnc4[nH]ccc4c23)CC1,CHEMBL3962117,6.57,6.57,False,Other,8.12,8.12,-1.549999999999999,7.41,7.41,-0.8399999999999999,6.3,6.3,0.27000000000000046,3,-1.549999999999999,False
CC1(C)CCC(NC(=O)Cc2nc3cnc4[nH]ccc4c3n2[C@H]2CC[C@H](CC#N)CC2)CC1,CHEMBL5855846,7.93,7.93,False,JH2,9.52,9.52,-1.5899999999999999,8.15,8.15,-0.22000000000000064,7.09,7.09,0.8399999999999999,3,-1.5899999999999999,True
CC1(C)CCC(c2ccc(Nc3cc(NC(=O)C4CC4)nc4[nH]c(C(F)F)nc34)c(S(C)(=O)=O)c2)O1,CHEMBL5851464,9.52,,True,JH2,,,,,,,,,,0,,True
CC1(C)CCC(c2ccc(Nc3cc(NC(=O)C4CC4)nc4[nH]c(C(F)F)nc34)c(S(C)(=O)=O)c2)OC1,CHEMBL5833826,9.52,,True,JH2,,,,,,,,,,0,,True
CC1(C)CCC(c2nnn3cnc4[nH]ccc4c23)CC1,CHEMBL5894366,6.64,6.64,False,Other,7.7,7.7,-1.0600000000000005,7.31,7.31,-0.6699999999999999,6.345000000000001,6.345000000000001,0.29499999999999904,3,-1.0600000000000005,False
CC1(C)CCC[C@@H]1Nc1c(C(N)=O)cnn2cccc12,CHEMBL3359910,6.89,6.89,False,Other,7.25,7.25,-0.3600000000000003,6.89,6.89,0.0,7.18,7.18,-0.29000000000000004,3,-0.3600000000000003,False
CC1(C)CCC[C@@H]1n1cc(-c2nc(-c3cnn(C[C@@H](O)CO)c3)cn3nccc23)cn1,CHEMBL5752120,6.26,,True,JH1,5.76,,,6.26,,,5.26,,,0,,False
CC1(C)CCC[C@H]1Nc1c(C(N)=O)cnn2cccc12,CHEMBL3359908,8.1,8.1,False,Other,7.62,7.62,0.47999999999999954,7.8,7.8,0.2999999999999998,8.3,8.3,-0.20000000000000107,3,-0.20000000000000107,False
CC1(C)CCN(c2ccn(-c3cc(-c4c(F)cccc4C#N)nc4c3C(=O)NC4)n2)C1,CHEMBL5757871,8.3,8.3,False,Other,,,,7.26,7.26,1.040000000000001,,,,1,1.040000000000001,False
CC1(C)CC[C@@H](c2ccc(Nc3cc(NC(=O)C4CC4)nc4[nH]c(C(F)F)nc34)c(S(C)(=O)=O)c2)O1,CHEMBL6015797,8.26,,True,JH2,,,,,,,,,,0,,True
CC1(C)CC[C@@H](c2ccc(Nc3cc(NC(=O)C4CC4)nc4[nH]c(C(F)F)nc34)c(S(C)(=O)=O)c2)OC1,CHEMBL5963499,9.52,,True,JH2,,,,,,,,,,0,,True
CC1(C)CC[C@H](c2ccc(Nc3cc(NC(=O)C4CC4)nc4[nH]c(C(F)F)nc34)c(S(C)(=O)=O)c2)O1,CHEMBL5990216,9.52,,True,JH2,,,,,,,,,,0,,True
CC1(C)CC[C@H](c2ccc(Nc3cc(NC(=O)C4CC4)nc4[nH]c(C(F)F)nc34)c(S(C)(=O)=O)c2)OC1,CHEMBL5796055,8.26,,True,JH2,,,,,,,,,,0,,True
CC1(C)CN(C(=O)c2ccc(-c3cccc4nc(NC(=O)C5CC5)cn34)cc2)C1,CHEMBL5949745,5.52,5.52,False,JH1,,,,5.52,5.52,0.0,,,,1,0.0,False
CC1(C)CN(C(=O)c2ccc(-c3cccc4nc(NC(=O)C5CC5)cn34)cc2F)C1,CHEMBL5911119,5.52,5.52,False,JH1,,,,5.52,5.52,0.0,,,,1,0.0,False
CC1(C)CN(C(=O)c2ccc(-c3cccc4nc(NC(=O)C5CC5)nn34)cc2)C1,CHEMBL3301606,6.66,6.66,False,JH1,8.094999999999999,8.094999999999999,-1.4349999999999987,6.97,7.07,-0.41000000000000014,6.33,6.33,0.33000000000000007,3,-1.4349999999999987,False
CC1(C)CN=C(c2ccc(Nc3cc(NC(=O)C4CC4)nc4[nH]c(C(F)F)nc34)c(S(C)(=O)=O)c2)O1,CHEMBL5987167,8.26,,True,JH2,,,,,,,,,,0,,True
CC1(C)COC(c2ccc(Nc3cc(NC(=O)[C@@H]4C[C@@H]4F)nc4[nH]c(C(F)F)nc34)c(S(C)(=O)=O)c2)=N1,CHEMBL5818200,8.26,,True,JH2,,,,,,,,,,0,,True
CC1(C)COC(c2ccc(Nc3cc(NC(=O)[C@H]4C[C@H]4F)nc4[nH]c(C(F)F)nc34)c(S(C)(=O)=O)c2)=N1,CHEMBL5927231,8.26,,True,JH2,,,,,,,,,,0,,True
CC1(C)COC(c2ccn(-c3cc(-c4c(F)cccc4C#N)nc4c3C(=O)NC4)n2)=N1,CHEMBL5880564,8.3,,True,Other,,,,7.26,,,,,,0,,False
CC1(C)CSC(c2ccc(Nc3cc(NC(=O)C4CC4)nc4[nH]c(C(F)F)nc34)c(S(C)(=O)=O)c2)=N1,CHEMBL5907655,8.26,,True,JH2,,,,,,,,,,0,,True
CC1(C)CSC(c2ccc(Nc3cc(NC(=O)[C@H]4CC4(F)F)nc4[nH]c(C(F)F)nc34)c(S(C)(=O)=O)c2)=N1,CHEMBL5788004,8.26,,True,JH2,,,,,,,,,,0,,True
CC1(C)C[C@@](C)(O)C[C@H]1Nc1c(C(N)=O)cnn2cccc12,CHEMBL3359916,6.55,6.55,False,Other,6.82,6.82,-0.27000000000000046,6.46,6.46,0.08999999999999986,7.52,7.52,-0.9699999999999998,3,-0.9699999999999998,False
CC1(C)C[C@](C)(O)C[C@H]1Nc1c(C(N)=O)cnn2cccc12,CHEMBL3359917,7.05,7.05,False,Other,7.3,7.3,-0.25,7.21,7.21,-0.16000000000000014,7.82,7.82,-0.7700000000000005,3,-0.7700000000000005,False
CC1(C)Cc2ccc(Nc3cc(-c4c(F)cccc4F)nc4c3C(=O)NC4)cc2O1,CHEMBL5810437,7.26,7.26,False,Other,,,,6.26,,,,,,0,,False
CC1(C)O[C@@H]2C[C@H]3[C@@H]4CCC5=CC(=O)C=C[C@]5(C)[C@@]4(F)[C@@H](O)C[C@]3(C)[C@]2(C(=O)COC(=O)CCC(=O)OCc2ccc([C@@H](CN)C(=O)Nc3ccc4cnccc4c3)cc2)O1,CHEMBL5922741,4.3,4.3,False,Other,4.3,4.3,0.0,4.37,4.37,-0.07000000000000028,4.52,4.52,-0.21999999999999975,3,-0.21999999999999975,False
CC1(C)O[C@@H]2C[C@H]3[C@@H]4C[C@H](F)C5=CC(=O)C=C[C@]5(C)[C@@]4(F)[C@@H](O)C[C@]3(C)[C@]2(C(=O)COC(=O)CCC(=O)OCc2ccc([C@@H](CN)C(=O)Nc3ccc4cnccc4c3)cc2)O1,CHEMBL5814965,4.3,4.3,False,Other,4.3,4.3,0.0,4.42,4.42,-0.1200000000000001,4.75,4.75,-0.4500000000000002,3,-0.4500000000000002,False
CC1(C)[C@@H](N)CC[C@H]1Nc1c(C(N)=O)cnn2cccc12,CHEMBL3359919,6.96,6.96,False,Other,7.47,7.47,-0.5099999999999998,6.89,6.89,0.07000000000000028,7.92,7.92,-0.96,3,-0.96,False
CC1(C)[C@@H](O)CCN1c1ccn(-c2cc(-c3c(F)cccc3C#N)nc3c2C(=O)NC3)n1,CHEMBL5776677,8.3,,True,Other,,,,7.26,,,,,,0,,False
CC1(C)[C@@H](O)CC[C@H]1Nc1c(C(N)=O)cnn2cccc12,CHEMBL3359912,7.1,7.1,False,Other,7.21,7.21,-0.11000000000000032,6.89,6.89,0.20999999999999996,7.8,7.8,-0.7000000000000002,3,-0.7000000000000002,False
CC1(C)[C@H](N)CC[C@H]1Nc1c(C(N)=O)cnn2cccc12,CHEMBL3359918,6.96,6.96,False,Other,7.39,7.39,-0.4299999999999997,6.77,6.77,0.1900000000000004,7.62,7.62,-0.6600000000000001,3,-0.6600000000000001,False
CC1(C)[C@H](Nc2c(C(N)=O)cnn3cc(-c4cc[nH]n4)cc23)CC[C@]1(C)N,CHEMBL4060984,7.85,7.85,False,Other,8.77,8.77,-0.9199999999999999,7.68,7.68,0.16999999999999993,8.8,8.8,-0.9500000000000011,3,-0.9500000000000011,False
CC1(C)[C@H](Nc2c(C(N)=O)cnn3cc(-c4ccc(C#N)cc4)cc23)CC[C@]1(C)N,CHEMBL4091582,8.07,8.07,False,Other,9.05,9.05,-0.9800000000000004,8.14,8.14,-0.07000000000000028,9.0,9.0,-0.9299999999999997,3,-0.9800000000000004,False
CC1(C)[C@H](Nc2c(C(N)=O)cnn3cc(-c4ccc(C#N)nc4)cc23)CC[C@]1(C)N,CHEMBL4096795,7.33,7.33,False,Other,8.18,8.18,-0.8499999999999996,7.54,7.54,-0.20999999999999996,9.0,9.0,-1.67,3,-1.67,False
CC1(C)[C@H](Nc2c(C(N)=O)cnn3cc(-c4ccc(Cl)cc4)cc23)CC[C@]1(C)N,CHEMBL4062062,8.0,8.0,False,Other,9.05,9.05,-1.0500000000000007,7.82,7.82,0.17999999999999972,9.1,9.1,-1.0999999999999996,3,-1.0999999999999996,False
CC1(C)[C@H](Nc2c(C(N)=O)cnn3cc(-c4ccc(F)cc4)cc23)CC[C@]1(C)N,CHEMBL4077508,7.85,7.85,False,Other,8.92,8.92,-1.0700000000000003,7.57,7.57,0.27999999999999936,8.68,8.68,-0.8300000000000001,3,-1.0700000000000003,False
CC1(C)[C@H](Nc2c(C(N)=O)cnn3cc(-c4ccc(F)nc4)cc23)CC[C@]1(C)N,CHEMBL4098840,7.57,7.57,False,Other,8.66,8.66,-1.0899999999999999,7.72,7.72,-0.14999999999999947,9.4,9.4,-1.83,3,-1.83,False
CC1(C)[C@H](Nc2c(C(N)=O)cnn3cc(-c4cccc(C#N)c4)cc23)CC[C@]1(C)N,CHEMBL4070687,7.26,7.26,False,Other,8.14,8.14,-0.8800000000000008,7.33,7.33,-0.07000000000000028,8.42,8.42,-1.1600000000000001,3,-1.1600000000000001,False
CC1(C)[C@H](Nc2c(C(N)=O)cnn3cc(-c4cccc(Cl)c4)cc23)CC[C@]1(C)N,CHEMBL4076823,7.7,7.7,False,Other,8.89,8.89,-1.1900000000000004,7.77,7.77,-0.0699999999999994,9.0,9.0,-1.2999999999999998,3,-1.2999999999999998,False
CC1(C)[C@H](Nc2c(C(N)=O)cnn3cc(-c4cccc(F)c4)cc23)CC[C@]1(C)N,CHEMBL4071806,7.66,7.66,False,Other,8.92,8.92,-1.2599999999999998,7.66,7.66,0.0,8.8,8.8,-1.1400000000000006,3,-1.2599999999999998,False
CC1(C)[C@H](Nc2c(C(N)=O)cnn3cc(-c4ccccc4)cc23)CC[C@]1(C)N,CHEMBL4096145,8.12,8.12,False,Other,9.4,9.4,-1.2800000000000011,8.05,8.05,0.06999999999999851,9.05,9.05,-0.9300000000000015,3,-1.2800000000000011,False
CC1(C)[C@H](Nc2c(C(N)=O)cnn3cc(-c4ccccc4C#N)cc23)CC[C@]1(C)N,CHEMBL4083798,7.47,7.47,False,Other,8.8,8.8,-1.330000000000001,7.6,7.6,-0.1299999999999999,8.72,8.72,-1.2500000000000009,3,-1.330000000000001,False
CC1(C)[C@H](Nc2c(C(N)=O)cnn3cc(-c4ccccc4Cl)cc23)CC[C@]1(C)N,CHEMBL4105015,7.33,7.33,False,Other,9.1,9.1,-1.7699999999999996,7.57,7.57,-0.2400000000000002,8.89,8.89,-1.5600000000000005,3,-1.7699999999999996,False
CC1(C)[C@H](Nc2c(C(N)=O)cnn3cc(-c4ccccc4F)cc23)CC[C@]1(C)N,CHEMBL4076191,7.82,7.82,False,Other,8.92,8.92,-1.0999999999999996,7.77,7.77,0.05000000000000071,8.82,8.82,-1.0,3,-1.0999999999999996,False
CC1(C)[C@H](Nc2c(C(N)=O)cnn3cc(-c4cccnc4)cc23)CC[C@]1(C)N,CHEMBL3671804,7.47,7.47,False,Other,9.15,9.15,-1.6800000000000006,7.96,7.96,-0.4900000000000002,9.260000000000002,9.260000000000002,-1.7900000000000018,3,-1.7900000000000018,False
CC1(C)[C@H](Nc2c(C(N)=O)cnn3cc(-c4ccnc(F)c4)cc23)CC[C@]1(C)N,CHEMBL4104127,7.23,7.23,False,Other,8.48,8.48,-1.25,7.42,7.42,-0.1899999999999995,8.8,8.8,-1.5700000000000003,3,-1.5700000000000003,False
CC1(C)[C@H](Nc2c(C(N)=O)cnn3cc(-c4ccncc4)cc23)CC[C@]1(C)N,CHEMBL4063870,7.36,7.36,False,Other,8.31,8.31,-0.9500000000000002,7.1,7.1,0.2600000000000007,8.17,8.17,-0.8099999999999996,3,-0.9500000000000002,False
CC1(C)[C@H](Nc2c(C(N)=O)cnn3cc(-c4ccncc4F)cc23)CC[C@]1(C)N,CHEMBL4079880,7.34,7.34,False,Other,8.44,8.44,-1.0999999999999996,7.16,7.16,0.17999999999999972,8.34,8.34,-1.0,3,-1.0999999999999996,False
CC1(C)[C@H](Nc2c(C(N)=O)cnn3cc(-c4cncc(F)c4)cc23)CC[C@]1(C)N,CHEMBL4088673,7.22,7.22,False,Other,8.18,8.18,-0.96,7.36,7.36,-0.14000000000000057,8.72,8.72,-1.5000000000000009,3,-1.5000000000000009,False
CC1(C)[C@H](Nc2c(C(N)=O)cnn3cc(-c4cncnc4)cc23)CC[C@]1(C)N,CHEMBL4089164,6.72,6.72,False,Other,7.55,7.55,-0.8300000000000001,6.8,6.8,-0.08000000000000007,7.96,7.96,-1.2400000000000002,3,-1.2400000000000002,False
CC1(C)[C@H](Nc2c(C(N)=O)cnn3cccc23)CC[C@@]1(C)N,CHEMBL3359920,7.28,7.28,False,Other,7.15,7.15,0.1299999999999999,6.55,6.55,0.7300000000000004,7.5,7.5,-0.21999999999999975,3,-0.21999999999999975,False
CC1(C)[C@H](Nc2c(C(N)=O)cnn3cccc23)CC[C@@]1(C)O,CHEMBL3359915,8.15,8.15,False,Other,7.58,7.58,0.5700000000000003,7.51,7.51,0.6400000000000006,8.52,8.52,-0.3699999999999992,3,-0.3699999999999992,False
CC1(C)[C@H](Nc2c(C(N)=O)cnn3cccc23)CC[C@]1(C)N,CHEMBL3359921,7.01,7.01,False,Other,7.72,7.72,-0.71,7.21,7.21,-0.20000000000000018,8.3,8.3,-1.290000000000001,3,-1.290000000000001,False
CC1(C)[C@H](Nc2c(C(N)=O)cnn3cccc23)CC[C@]1(C)O,CHEMBL3359914,6.68,6.68,False,Other,7.17,7.17,-0.4900000000000002,7.0,7.0,-0.3200000000000003,7.55,7.55,-0.8700000000000001,3,-0.8700000000000001,False
CC1(C)[C@H](O)CCN1c1ccn(-c2cc(-c3c(F)cccc3C#N)nc3c2C(=O)NC3)n1,CHEMBL5968828,8.3,,True,Other,,,,7.26,,,,,,0,,False
CC1(C)[C@H](O)CC[C@H]1Nc1c(C(N)=O)cnn2cccc12,CHEMBL3359913,7.66,7.66,False,Other,7.68,7.68,-0.019999999999999574,7.38,7.38,0.28000000000000025,8.22,8.22,-0.5600000000000005,3,-0.5600000000000005,False
CC1(NC#N)CCc2ccc(-c3ncnc4[nH]ccc34)cc21,CHEMBL4293778,6.62,6.62,False,Other,7.564999999999999,7.564999999999999,-0.9449999999999985,7.01,7.01,-0.3899999999999997,8.02,8.02,-1.3999999999999995,3,-1.3999999999999995,False
CC1(NC[C@H]2CC[C@H](c3nnn4cnc5[nH]ccc5c34)CC2)CC1,CHEMBL3904186,6.48,6.48,False,Other,8.16,8.16,-1.6799999999999997,7.19,7.19,-0.71,6.08,6.08,0.40000000000000036,3,-1.6799999999999997,False
CC1(O)CCCN(c2ccn(-c3cc(-c4c(F)cccc4C#N)nc4c3C(=O)NC4)n2)C1,CHEMBL6048102,9.3,,True,Other,,,,7.26,,,,,,0,,False
CC1(O)CCN(C(=O)c2ccc(Nc3cc(-c4c(F)cccc4F)nc4c3C(=O)NC4)cc2)CC1,CHEMBL5891948,6.87,6.87,False,Other,,,,,,,,,,0,,False
CC1(O)CCN(c2ccn(-c3cc(-c4c(F)cccc4C#N)nc4c3C(=O)NC4)n2)C1,CHEMBL5848548,8.3,,True,Other,,,,7.78,,,,,,0,,False
CC1(O)CN(C[C@H]2CC[C@H](c3nnn4cnc5[nH]ccc5c34)CC2)C1,CHEMBL3977129,6.89,6.89,False,Other,8.55,8.55,-1.660000000000001,7.29,7.29,-0.40000000000000036,,,,2,-1.660000000000001,False
CC1(O)CN(c2ccn(-c3cc(-c4c(F)cccc4C#N)nc4c3C(=O)NC4)n2)CCC1F,CHEMBL5779010,8.3,,True,Other,,,,7.26,,,,,,0,,False
CC1(O)CN(c2ccn(-c3cc(-c4c(F)cccc4C#N)nc4c3C(=O)NC4)n2)CC[C@H]1O,CHEMBL5854552,8.3,,True,Other,,,,8.3,,,,,,0,,False
CC1(n2nnc3cnc4[nH]ccc4c32)CCN(S(C)(=O)=O)CC1,CHEMBL2392493,6.63,6.63,False,Other,8.1,8.1,-1.4699999999999998,7.28,7.28,-0.6500000000000004,6.43,6.43,0.20000000000000018,3,-1.4699999999999998,False
CC1=C(c2ccn(-c3cc(-c4c(F)cccc4C#N)nc4c3C(=O)NC4)n2)CNC1=O,CHEMBL5890254,8.3,,True,Other,,,,7.26,,,,,,0,,False
CC1CC(C)CC(NC(=O)Cc2nc3cnc4[nH]ccc4c3n2[C@H]2CC[C@H](CC#N)CC2)C1,CHEMBL5979670,8.04,8.04,False,JH2,9.4,9.4,-1.3600000000000012,8.47,8.47,-0.4300000000000015,7.21,7.21,0.8299999999999992,3,-1.3600000000000012,True
CC1CC(O)CC(C)N1c1ccn(-c2cc(-c3c(F)cccc3C#N)nc3c2C(=O)NC3)n1,CHEMBL5825118,7.26,,True,Other,,,,,,,,,,0,,False
CC1CC1NC[C@H]1CC[C@H](c2nnn3cnc4[nH]ccc4c23)CC1,CHEMBL3892159,6.85,6.85,False,Other,8.28,8.28,-1.4299999999999997,7.0,7.0,-0.15000000000000036,6.17,6.17,0.6799999999999997,3,-1.4299999999999997,False
CC1CCC(O)CN1c1ccn(-c2cc(-c3c(F)cccc3C#N)nc3c2C(=O)NC3)n1,CHEMBL6055913,8.3,,True,Other,,,,7.26,,,,,,0,,False
CC1CCCCC1c1nnn2cnc3[nH]ccc3c12,CHEMBL3936356,7.234999999999999,7.234999999999999,False,Other,8.575,8.575,-1.3399999999999999,8.16,8.16,-0.9250000000000007,7.875,7.875,-0.6400000000000006,3,-1.3399999999999999,False
CC1CCCCCC1n1cc(-c2nc(-c3cnn(C)c3)cn3nccc23)cn1,CHEMBL6054491,6.76,,True,JH1,5.76,,,6.76,,,5.26,,,0,,False
CC1CCCCN1S(=O)(=O)C[C@H]1C[C@@H](N(C)c2ncnc3[nH]ccc23)C1,CHEMBL5797011,5.84,5.84,False,Other,7.24,7.24,-1.4000000000000004,5.95,5.95,-0.11000000000000032,5.0,5.0,0.8399999999999999,3,-1.4000000000000004,False
CC1CCCCN1c1nn(CC(C)(C)O)cc1NC(=O)c1cnn2cccnc12,CHEMBL3667526,6.39,6.39,False,JH1,7.07,7.07,-0.6800000000000006,7.58,7.58,-1.1900000000000004,6.62,6.62,-0.23000000000000043,3,-1.1900000000000004,False
CC1CCCN(S(=O)(=O)C[C@H]2C[C@@H](N(C)c3ncnc4[nH]ccc34)C2)C1,CHEMBL5949777,6.08,6.08,False,Other,7.8,7.8,-1.7199999999999998,6.21,6.21,-0.1299999999999999,5.0,5.0,1.08,3,-1.7199999999999998,False
CC1CCN(C(=O)CC#N)CC1N(C)c1ncnc2[nH]ccc12,CHEMBL234085,7.3,7.3,False,Other,7.52,7.52,-0.21999999999999975,7.880000000000001,7.880000000000001,-0.580000000000001,8.38,8.38,-1.080000000000001,3,-1.080000000000001,False
CC1CCN(C(=O)CC#N)CC1c1nnn2cnc3[nH]ccc3c12,CHEMBL3915844,6.04,6.04,False,Other,7.285,7.285,-1.245,6.5,6.5,-0.45999999999999996,6.145,6.145,-0.10499999999999954,3,-1.245,False
CC1CCN(C(=O)CO)CC1N(C)c1ncnc2[nH]ccc12,CHEMBL1969879,5.7,5.7,False,Other,,,,6.5,6.5,-0.7999999999999998,7.5,7.5,-1.7999999999999998,2,-1.7999999999999998,False
CC1CCN(C(=O)OC(C)(C)C)CC1c1nnn2cnc3[nH]ccc3c12,CHEMBL3963319,5.875,5.875,False,Other,7.15,7.15,-1.2750000000000004,6.535,6.535,-0.6600000000000001,6.36,6.36,-0.4850000000000003,3,-1.2750000000000004,False
CC1CN(S(=O)(=O)C[C@H]2C[C@@H](N(C)c3ncnc4[nH]ccc34)C2)C1,CHEMBL6030208,5.97,5.97,False,Other,7.66,7.66,-1.6900000000000004,6.33,6.33,-0.3600000000000003,5.0,5.0,0.9699999999999998,3,-1.6900000000000004,False
CC1N=CC(c2ccc(Nc3cc(NC(=O)C4CC4)nc4[nH]c(C(F)F)nc34)c(S(C)(=O)=O)c2)=N1,CHEMBL5782923,9.52,,True,JH2,,,,,,,,,,0,,True
CC1O[C@H]2CN(c3ccn(-c4cc(-c5c(F)cccc5C#N)nc5c4C(=O)NC5)n3)C[C@H]2O1,CHEMBL5777318,8.3,,True,Other,,,,7.26,,,,,,0,,False
CCC(=O)N1CC(CC#N)(n2cc(-c3nc(-c4cnn(C)c4)cn4nccc34)cn2)C1,CHEMBL5802222,6.24,6.24,False,Other,5.24,5.24,1.0,5.8,5.8,0.4400000000000004,,,,2,0.4400000000000004,False
CCC(=O)N1[C@@H]2CCC[C@H]1C[C@H](Nc1nc(Nc3cc(C)[nH]n3)cc3ncccc13)C2,CHEMBL6024184,7.3,,True,Other,9.26,,,9.26,,,7.3,,,0,,False
CCC(=O)N1[C@@H]2CC[C@H]1C[C@H](Nc1nc(Nc3cc(C)[nH]n3)cc3ncc(C(=O)OC)cc13)C2,CHEMBL5993649,7.3,,True,Other,9.26,,,9.26,,,7.3,,,0,,False
CCC(=O)N1[C@@H]2CC[C@H]1C[C@H](Nc1nc(Nc3cc(C)[nH]n3)cc3ncccc13)C2,CHEMBL5885866,7.3,,True,Other,9.26,,,7.3,,,7.3,,,0,,False
CCC(=O)Nc1cc(NC(=O)c2c(Cl)cccc2Cl)ccn1,CHEMBL2420832,7.19,7.19,False,Other,5.62,5.62,1.5700000000000003,6.6,6.6,0.5900000000000007,,,,2,0.5900000000000007,False
CCC(C#N)N1[C@@H]2CC[C@H]1C[C@H](Nc1nc(Nc3cc(C)[nH]n3)cc3ncccc13)C2,CHEMBL5795316,9.26,,True,Other,9.26,,,9.26,,,7.3,,,0,,False
CCC(C(=O)O)n1cc(-c2nc(-c3cnn(C)c3)cn3nccc23)cn1,CHEMBL5744118,7.26,,True,JH1,5.26,,,5.26,,,5.26,,,0,,False
CCC(C(C)C)n1cc(-c2ccn(C)n2)c2[nH]nc(N)c2c1=O,CHEMBL3763184,6.1,6.1,False,Other,6.58,6.58,-0.4800000000000004,6.08,6.08,0.019999999999999574,7.04,7.04,-0.9400000000000004,3,-0.9400000000000004,False
CCC(C)(CC)n1cc(-c2nc(-c3cnn(C)c3)cn3nccc23)cn1,CHEMBL5989603,5.76,,True,JH1,5.26,,,5.76,,,5.76,,,0,,False
CCC(C)C(=O)N1[C@@H]2CC[C@H]1C[C@H](Nc1nc(Nc3cc(C)[nH]n3)cc3nccc(OC)c13)C2,CHEMBL6011655,7.3,,True,Other,9.26,,,7.3,,,7.3,,,0,,False
CCC(C)CS(=O)(=O)C[C@H]1C[C@@H](N(C)c2ncnc3[nH]ccc23)C1,CHEMBL5888120,6.35,6.35,False,Other,8.1,8.1,-1.75,6.73,6.73,-0.3800000000000008,5.0,5.0,1.3499999999999996,3,-1.75,False
CCC(C)OC(=O)N1[C@@H]2CCC[C@H]1C[C@H](N(C)c1nc(Nc3cc(CO)[nH]n3)cc(OC)n1)C2,CHEMBL5821912,9.26,9.26,False,Other,9.26,9.26,0.0,9.26,9.26,0.0,,,,2,0.0,False
CCC(C)OC(=O)N1[C@@H]2CCC[C@H]1C[C@H](Nc1nc(Nc3cc(C)[nH]n3)cc3ncccc13)C2,CHEMBL5866266,7.3,,True,Other,9.26,,,9.26,,,7.3,,,0,,False
CCC(C)n1cc(-c2ccn(C)n2)c2[nH]nc(N)c2c1=O,CHEMBL3764167,6.835000000000001,6.835000000000001,False,Other,7.05,7.05,-0.21499999999999897,6.75,6.75,0.08500000000000085,7.28,7.28,-0.4449999999999994,3,-0.4449999999999994,False
CCC(C)n1cc(-c2nc(-c3cnn(C[C@@H](O)CO)c3)cn3nccc23)cn1,CHEMBL5783080,6.76,,True,JH1,6.26,,,7.26,,,5.76,,,0,,False
CCC(C1CC(F)(F)C1)n1cc(-c2nc(-c3cnn(C[C@@H](O)CO)c3)cn3nccc23)cn1,CHEMBL5980632,6.76,,True,JH1,6.26,,,6.76,,,5.26,,,0,,False
CCC(C1CC1)n1cc(-c2nc(-c3cnn(C(CO)CO)c3)cn3nccc23)cn1,CHEMBL5758420,6.76,,True,JH1,5.76,,,6.76,,,5.26,,,0,,False
CCC(C1CC1)n1cc(-c2nc(-c3cnn(C[C@@H](O)CO)c3)cn3nccc23)cn1,CHEMBL6022288,7.26,,True,JH1,6.26,,,6.76,,,5.26,,,0,,False
CCC(C1CC1)n1cc(-c2nc(-c3cnn(C[C@H](C)O)c3)cn3nccc23)cn1,CHEMBL5750703,7.26,,True,JH1,6.26,,,7.26,,,5.26,,,0,,False
CCC(CC#N)N1[C@@H]2CC[C@H]1C[C@H](Nc1nc(Nc3cc(C)[nH]n3)cc3ncccc13)C2,CHEMBL5742932,9.26,,True,Other,9.26,,,9.26,,,7.3,,,0,,False
CCC(CC(F)(F)F)n1cc(-c2nc(-c3cnn(C(CO)CO)c3)cn3nccc23)cn1,CHEMBL5778573,6.76,,True,JH1,5.76,,,6.76,,,5.26,,,0,,False
CCC(CC(F)(F)F)n1cc(-c2nc(-c3cnn(C[C@@H](O)CO)c3)cn3nccc23)cn1,CHEMBL5907229,6.76,,True,JH1,5.76,,,6.76,,,5.26,,,0,,False
CCC(CC)CS(=O)(=O)C[C@H]1C[C@@H](N(C)c2ncnc3[nH]ccc23)C1,CHEMBL5939380,6.43,6.43,False,Other,8.15,8.15,-1.7200000000000006,6.8,6.8,-0.3700000000000001,5.0,5.0,1.4299999999999997,3,-1.7200000000000006,False
CCC(CC)S(=O)(=O)C[C@H]1C[C@@H](N(C)c2ncnc3[nH]ccc23)C1,CHEMBL5909596,5.85,5.85,False,Other,7.12,7.12,-1.2700000000000005,5.97,5.97,-0.1200000000000001,5.0,5.0,0.8499999999999996,3,-1.2700000000000005,False
CCC(CC)n1cc(-c2nc(-c3cnn(C(C)(C)CO)c3)cn3nccc23)cn1,CHEMBL5826068,7.26,,True,JH1,5.76,,,6.76,,,5.26,,,0,,False
CCC(CC)n1cc(-c2nc(-c3cnn(C(C)CO)c3)cn3nccc23)cn1,CHEMBL5943612,7.26,,True,JH1,5.76,,,6.76,,,5.26,,,0,,False
CCC(CC)n1cc(-c2nc(-c3cnn(C(CO)CO)c3)cn3nccc23)cn1,CHEMBL5926209,6.76,,True,JH1,6.26,,,7.26,,,5.26,,,0,,False
CCC(CC)n1cc(-c2nc(-c3cnn(C4CC(C(=O)N(C)C)C4)c3)cn3nccc23)cn1,CHEMBL6025256,7.26,,True,JH1,6.26,,,7.26,,,5.26,,,0,,False
CCC(CC)n1cc(-c2nc(-c3cnn(C4CC(C(=O)NCCO)C4)c3)cn3nccc23)cn1,CHEMBL5868716,7.26,,True,JH1,6.76,,,7.26,,,5.26,,,0,,False
CCC(CC)n1cc(-c2nc(-c3cnn(C4CC(C(N)=O)C4)c3)cn3nccc23)cn1,CHEMBL5771770,7.26,,True,JH1,5.76,,,7.26,,,5.26,,,0,,False
CCC(CC)n1cc(-c2nc(-c3cnn(C4CC(C)(O)C4)c3)cn3nccc23)cn1,CHEMBL5983649,7.26,,True,JH1,6.26,,,7.26,,,5.26,,,0,,False
CCC(CC)n1cc(-c2nc(-c3cnn(C4CC(CO)C4)c3)cn3nccc23)cn1,CHEMBL5753794,7.26,,True,JH1,6.26,,,7.26,,,5.26,,,0,,False
CCC(CC)n1cc(-c2nc(-c3cnn(C4CC(O)(CO)C4)c3)cn3nccc23)cn1,CHEMBL5750887,6.76,,True,JH1,5.76,,,6.76,,,5.26,,,0,,False
CCC(CC)n1cc(-c2nc(-c3cnn(C4CC(O)C4)c3)cn3nccc23)cn1,CHEMBL5798929,7.26,,True,JH1,6.26,,,7.26,,,5.26,,,0,,False
CCC(CC)n1cc(-c2nc(-c3cnn(C4CC(S(C)(=O)=O)C4)c3)cn3nccc23)cn1,CHEMBL5875126,7.26,,True,JH1,6.26,,,,,,5.26,,,0,,False
CCC(CC)n1cc(-c2nc(-c3cnn(C4CCC(O)CC4)c3)cn3nccc23)cn1,CHEMBL5852968,7.26,,True,JH1,6.76,,,7.26,,,5.26,,,0,,False
CCC(CC)n1cc(-c2nc(-c3cnn(C4CCC[C@@H]4O)c3)cn3nccc23)cn1,CHEMBL5898469,7.26,,True,JH1,5.26,,,7.26,,,5.26,,,0,,False
CCC(CC)n1cc(-c2nc(-c3cnn(C4CCN(C(=O)N(C)C)CC4)c3)cn3nccc23)cn1,CHEMBL5984114,7.26,,True,JH1,6.26,,,7.26,,,5.26,,,0,,False
CCC(CC)n1cc(-c2nc(-c3cnn(C4CCN(C(=O)NC)CC4)c3)cn3nccc23)cn1,CHEMBL6019613,7.26,,True,JH1,7.26,,,,,,5.26,,,0,,False
CCC(CC)n1cc(-c2nc(-c3cnn(C4CCN(C(C)=O)CC4)c3)cn3nccc23)cn1,CHEMBL5896612,7.26,,True,JH1,6.26,,,,,,5.26,,,0,,False
CCC(CC)n1cc(-c2nc(-c3cnn(C4CCNCC4)c3)cn3nccc23)cn1,CHEMBL5997575,7.26,,True,JH1,6.26,,,7.26,,,5.26,,,0,,False
CCC(CC)n1cc(-c2nc(-c3cnn(C4CCNC[C@H]4O)c3)cn3nccc23)cn1,CHEMBL5775187,7.26,,True,JH1,5.26,,,7.26,,,5.26,,,0,,False
CCC(CC)n1cc(-c2nc(-c3cnn(C4CN(C(=O)C(=O)N(C)C)C4)c3)cn3nccc23)cn1,CHEMBL5758027,7.26,,True,JH1,5.76,,,7.26,,,5.26,,,0,,False
CCC(CC)n1cc(-c2nc(-c3cnn(C4CN(C(=O)C(C)C)C4)c3)cn3nccc23)cn1,CHEMBL5870997,7.26,,True,JH1,5.26,,,7.26,,,5.26,,,0,,False
CCC(CC)n1cc(-c2nc(-c3cnn(C4CN(C(=O)C5(O)CC5)C4)c3)cn3nccc23)cn1,CHEMBL5790134,7.26,,True,JH1,5.76,,,7.26,,,5.26,,,0,,False
CCC(CC)n1cc(-c2nc(-c3cnn(C4CN(C(=O)C5CC(O)C5)C4)c3)cn3nccc23)cn1,CHEMBL5831731,6.76,,True,JH1,5.26,,,6.76,,,5.26,,,0,,False
CCC(CC)n1cc(-c2nc(-c3cnn(C4CN(C(=O)C5CC5)C4)c3)cn3nccc23)cn1,CHEMBL5777235,7.26,,True,JH1,5.26,,,7.26,,,5.26,,,0,,False
CCC(CC)n1cc(-c2nc(-c3cnn(C4CN(C(=O)CN)C4)c3)cn3nccc23)cn1,CHEMBL6036918,7.26,,True,JH1,5.76,,,7.26,,,5.26,,,0,,False
CCC(CC)n1cc(-c2nc(-c3cnn(C4CN(C(=O)CN5CC(O)C5)C4)c3)cn3nccc23)cn1,CHEMBL5967681,6.76,,True,JH1,5.76,,,6.76,,,5.26,,,0,,False
CCC(CC)n1cc(-c2nc(-c3cnn(C4CN(C(=O)CN5CCCC5)C4)c3)cn3nccc23)cn1,CHEMBL5755723,7.26,,True,JH1,6.26,,,7.26,,,5.26,,,0,,False
CCC(CC)n1cc(-c2nc(-c3cnn(C4CN(C(=O)CNC)C4)c3)cn3nccc23)cn1,CHEMBL5757127,7.26,,True,JH1,5.76,,,7.26,,,5.26,,,0,,False
CCC(CC)n1cc(-c2nc(-c3cnn(C4CN(C(=O)CO)C4)c3)cn3nccc23)cn1,CHEMBL5752678,6.76,,True,JH1,5.76,,,7.26,,,5.26,,,0,,False
CCC(CC)n1cc(-c2nc(-c3cnn(C4CN(C(=O)N(C)C)C4)c3)cn3nccc23)cn1,CHEMBL5969927,7.26,,True,JH1,6.26,,,7.26,,,5.26,,,0,,False
CCC(CC)n1cc(-c2nc(-c3cnn(C4CN(C(=O)NC)C4)c3)cn3nccc23)cn1,CHEMBL5787795,7.26,,True,JH1,7.26,,,7.26,,,5.26,,,0,,False
CCC(CC)n1cc(-c2nc(-c3cnn(C4CN(C(=O)[C@@H](C)O)C4)c3)cn3nccc23)cn1,CHEMBL5751282,6.26,,True,JH1,5.76,,,6.76,,,5.26,,,0,,False
CCC(CC)n1cc(-c2nc(-c3cnn(C4CN(C(=O)[C@H](C)O)C4)c3)cn3nccc23)cn1,CHEMBL5843388,7.26,,True,JH1,6.26,,,7.26,,,5.26,,,0,,False
CCC(CC)n1cc(-c2nc(-c3cnn(C4CN(C(C)=O)C4)c3)cn3nccc23)cn1,CHEMBL5916075,7.26,,True,JH1,6.26,,,7.26,,,5.26,,,0,,False
CCC(CC)n1cc(-c2nc(-c3cnn(C4CN(P(=O)(N(C)C)N(C)C)C4)c3)cn3nccc23)cn1,CHEMBL5997964,7.26,,True,JH1,6.26,,,7.26,,,5.26,,,0,,False
CCC(CC)n1cc(-c2nc(-c3cnn(C4CN(S(C)(=O)=O)C4)c3)cn3nccc23)cn1,CHEMBL5860296,7.26,,True,JH1,6.26,,,,,,5.26,,,0,,False
CCC(CC)n1cc(-c2nc(-c3cnn(C4CS(=O)(=O)C4)c3)cn3nccc23)cn1,CHEMBL5808771,7.26,,True,JH1,6.26,,,,,,5.26,,,0,,False
CCC(CC)n1cc(-c2nc(-c3cnn(CC(=O)N(C)C)c3)cn3nccc23)cn1,CHEMBL5785446,7.26,,True,JH1,6.26,,,6.26,,,5.26,,,0,,False
CCC(CC)n1cc(-c2nc(-c3cnn(CC(=O)N4CCOCC4)c3)cn3nccc23)cn1,CHEMBL6038772,7.26,,True,JH1,7.26,,,7.26,,,5.26,,,0,,False
CCC(CC)n1cc(-c2nc(-c3cnn(CC(=O)NC(C)C)c3)cn3nccc23)cn1,CHEMBL5992309,7.26,,True,JH1,5.76,,,6.76,6.26,,5.26,,,0,,False
CCC(CC)n1cc(-c2nc(-c3cnn(CC(C)(C)CO)c3)cn3nccc23)cn1,CHEMBL5827085,7.26,,True,JH1,7.26,,,7.26,,,5.26,,,0,,False
CCC(CC)n1cc(-c2nc(-c3cnn(CC(C)(C)O)c3)cn3nccc23)cn1,CHEMBL6016105,6.76,,True,JH1,6.76,,,6.26,,,5.26,,,0,,False
CCC(CC)n1cc(-c2nc(-c3cnn(CC(C)(O)CO)c3)cn3nccc23)cn1,CHEMBL5871098,7.26,,True,JH1,5.76,,,7.26,,,5.26,,,0,,False
CCC(CC)n1cc(-c2nc(-c3cnn(CC(CO)CO)c3)cn3nccc23)cn1,CHEMBL5844959,7.26,,True,JH1,6.26,,,7.26,,,5.26,,,0,,False
CCC(CC)n1cc(-c2nc(-c3cnn(CC(O)C(C)(C)C)c3)cn3nccc23)cn1,CHEMBL5792195,6.76,,True,JH1,5.26,,,6.26,,,5.26,,,0,,False
CCC(CC)n1cc(-c2nc(-c3cnn(CC(O)C(C)C)c3)cn3nccc23)cn1,CHEMBL5851381,7.26,,True,JH1,5.76,,,6.76,,,5.26,,,0,,False
CCC(CC)n1cc(-c2nc(-c3cnn(CC(O)CC(F)(F)F)c3)cn3nccc23)cn1,CHEMBL6000680,6.76,,True,JH1,5.76,,,6.76,,,5.26,,,0,,False
CCC(CC)n1cc(-c2nc(-c3cnn(CC(O)CCO)c3)cn3nccc23)cn1,CHEMBL5827185,7.26,,True,JH1,6.26,,,7.26,,,5.26,,,0,,False
CCC(CC)n1cc(-c2nc(-c3cnn(CC(O)CN)c3)cn3nccc23)cn1,CHEMBL5846204,7.26,,True,JH1,5.26,,,7.26,,,5.26,,,0,,False
CCC(CC)n1cc(-c2nc(-c3cnn(CC(O)CO)c3)cn3nccc23)cn1,CHEMBL5866629,7.26,,True,JH1,6.26,,,7.26,,,5.26,,,0,,False
CCC(CC)n1cc(-c2nc(-c3cnn(CC4(CO)CC4)c3)cn3nccc23)cn1,CHEMBL6030063,6.76,,True,JH1,6.26,,,6.76,,,5.26,,,0,,False
CCC(CC)n1cc(-c2nc(-c3cnn(CC4(CO)COC4)c3)cn3nccc23)cn1,CHEMBL5910829,7.26,,True,JH1,7.26,,,7.26,,,5.26,,,0,,False
CCC(CC)n1cc(-c2nc(-c3cnn(CC4(O)CCN(C(C)=O)CC4)c3)cn3nccc23)cn1,CHEMBL5816654,6.76,,True,JH1,5.76,,,6.76,,,5.26,,,0,,False
CCC(CC)n1cc(-c2nc(-c3cnn(CC4(O)CCNCC4)c3)cn3nccc23)cn1,CHEMBL5847833,6.26,,True,JH1,5.76,,,6.26,,,5.26,,,0,,False
CCC(CC)n1cc(-c2nc(-c3cnn(CC4(O)CCOCC4)c3)cn3nccc23)cn1,CHEMBL5882347,6.76,,True,JH1,5.76,,,6.76,,,5.26,,,0,,False
CCC(CC)n1cc(-c2nc(-c3cnn(CC4CC(CO)C4)c3)cn3nccc23)cn1,CHEMBL5907705,7.26,,True,JH1,6.26,,,7.26,,,5.26,,,0,,False
CCC(CC)n1cc(-c2nc(-c3cnn(CC4CC(O)C4)c3)cn3nccc23)cn1,CHEMBL5752955,7.26,,True,JH1,6.26,,,7.26,,,5.26,,,0,,False
CCC(CC)n1cc(-c2nc(-c3cnn(CC4CCCN4)c3)cn3nccc23)cn1,CHEMBL5992455,7.26,,True,JH1,5.26,,,7.26,,,5.26,,,0,,False
CCC(CC)n1cc(-c2nc(-c3cnn(CC4CCOCC4)c3)cn3nccc23)cn1,CHEMBL5744788,7.26,,True,JH1,6.26,,,7.26,,,5.26,,,0,,False
CCC(CC)n1cc(-c2nc(-c3cnn(CC4CCS(=O)(=O)CC4)c3)cn3nccc23)cn1,CHEMBL5921362,7.26,,True,JH1,5.26,,,7.26,,,5.26,,,0,,False
CCC(CC)n1cc(-c2nc(-c3cnn(CC4CNC(=O)O4)c3)cn3nccc23)cn1,CHEMBL5992169,7.26,,True,JH1,7.26,,,7.26,,,5.26,,,0,,False
CCC(CC)n1cc(-c2nc(-c3cnn(CC4CNCCO4)c3)cn3nccc23)cn1,CHEMBL5966770,6.26,,True,JH1,5.26,,,6.26,,,5.26,,,0,,False
CCC(CC)n1cc(-c2nc(-c3cnn(CCC(O)CO)c3)cn3nccc23)cn1,CHEMBL5752883,7.26,,True,JH1,6.26,,,7.26,,,5.26,,,0,,False
CCC(CC)n1cc(-c2nc(-c3cnn(CCCN(C)C)c3)cn3nccc23)cn1,CHEMBL5814183,6.26,,True,JH1,5.26,,,6.26,,,5.26,,,0,,False
CCC(CC)n1cc(-c2nc(-c3cnn(CCCO)c3)cn3nccc23)cn1,CHEMBL6065759,5.26,,True,JH1,5.26,,,5.26,,,5.26,,,0,,False
CCC(CC)n1cc(-c2nc(-c3cnn(CCCS(C)(=O)=O)c3)cn3nccc23)cn1,CHEMBL5867721,7.26,,True,JH1,5.26,,,7.26,,,5.26,,,0,,False
CCC(CC)n1cc(-c2nc(-c3cnn(CCN(C)C)c3)cn3nccc23)cn1,CHEMBL6013648,7.26,,True,JH1,5.26,,,7.26,,,5.26,,,0,,False
CCC(CC)n1cc(-c2nc(-c3cnn(CCN(C)S(C)(=O)=O)c3)cn3nccc23)cn1,CHEMBL5810446,7.26,,True,JH1,6.26,,,7.26,,,5.26,,,0,,False
CCC(CC)n1cc(-c2nc(-c3cnn(CCN4CC(F)C4)c3)cn3nccc23)cn1,CHEMBL6020409,7.26,,True,JH1,5.76,,,6.76,,,5.26,,,0,,False
CCC(CC)n1cc(-c2nc(-c3cnn(CCN4CCC(CO)CC4)c3)cn3nccc23)cn1,CHEMBL5925645,7.26,,True,JH1,5.26,,,7.26,,,5.26,,,0,,False
CCC(CC)n1cc(-c2nc(-c3cnn(CCN4CCC(O)CC4)c3)cn3nccc23)cn1,CHEMBL5899303,7.26,,True,JH1,5.76,,,6.76,,,5.26,,,0,,False
CCC(CC)n1cc(-c2nc(-c3cnn(CCN4CCCC4)c3)cn3nccc23)cn1,CHEMBL5842447,7.26,,True,JH1,5.76,,,7.26,,,5.26,,,0,,False
CCC(CC)n1cc(-c2nc(-c3cnn(CCN4CCNC(=O)C4)c3)cn3nccc23)cn1,CHEMBL6039641,6.76,,True,JH1,6.26,,,7.26,,,5.26,,,0,,False
CCC(CC)n1cc(-c2nc(-c3cnn(CCN4CCNCC4=O)c3)cn3nccc23)cn1,CHEMBL5993363,6.76,,True,JH1,5.26,,,6.76,,,5.26,,,0,,False
CCC(CC)n1cc(-c2nc(-c3cnn(CCN4CCOCC4)c3)cn3nccc23)cn1,CHEMBL5959688,7.26,,True,JH1,5.26,,,7.26,,,5.26,,,0,,False
CCC(CC)n1cc(-c2nc(-c3cnn(CCN4CC[C@@H](O)C4)c3)cn3nccc23)cn1,CHEMBL5939221,7.26,,True,JH1,5.26,,,7.26,,,5.26,,,0,,False
CCC(CC)n1cc(-c2nc(-c3cnn(CCN4CC[C@@H](OC)C4)c3)cn3nccc23)cn1,CHEMBL5833575,7.26,,True,JH1,6.26,,,7.26,,,5.26,,,0,,False
CCC(CC)n1cc(-c2nc(-c3cnn(CCN4CC[C@H](O)C4)c3)cn3nccc23)cn1,CHEMBL5901583,7.26,,True,JH1,5.26,,,7.26,,,5.26,,,0,,False
CCC(CC)n1cc(-c2nc(-c3cnn(CCN4CC[C@H](OC)C4)c3)cn3nccc23)cn1,CHEMBL5804738,7.26,,True,JH1,5.76,,,7.26,,,5.26,,,0,,False
CCC(CC)n1cc(-c2nc(-c3cnn(CCNC4CC(CO)C4)c3)cn3nccc23)cn1,CHEMBL5865954,6.76,,True,JH1,5.76,,,7.26,,,5.26,,,0,,False
CCC(CC)n1cc(-c2nc(-c3cnn(CCNC4CC4)c3)cn3nccc23)cn1,CHEMBL5816929,7.26,,True,JH1,6.26,,,7.26,,,5.26,,,0,,False
CCC(CC)n1cc(-c2nc(-c3cnn(CCN[C@@H]4CCN(C)C4=O)c3)cn3nccc23)cn1,CHEMBL5862681,6.76,,True,JH1,5.76,,,7.26,,,5.26,,,0,,False
CCC(CC)n1cc(-c2nc(-c3cnn(CCN[C@H]4CCN(C)C4=O)c3)cn3nccc23)cn1,CHEMBL5810586,6.76,,True,JH1,5.26,,,7.26,,,5.26,,,0,,False
CCC(CC)n1cc(-c2nc(-c3cnn(CCO)c3)cn3nccc23)cn1,CHEMBL5907673,7.26,,True,JH1,7.26,,,7.26,,,5.26,,,0,,False
CCC(CC)n1cc(-c2nc(-c3cnn(CCS(=O)(=O)N(C)C)c3)cn3nccc23)cn1,CHEMBL5855722,7.26,,True,JH1,6.26,,,7.26,,,5.26,,,0,,False
CCC(CC)n1cc(-c2nc(-c3cnn(CCS(C)(=O)=O)c3)cn3nccc23)cn1,CHEMBL5972847,7.26,,True,JH1,6.26,,,7.26,,,5.26,,,0,,False
CCC(CC)n1cc(-c2nc(-c3cnn(CCS(N)(=O)=O)c3)cn3nccc23)cn1,CHEMBL5816161,7.26,,True,JH1,6.26,,,7.26,,,5.26,,,0,,False
CCC(CC)n1cc(-c2nc(-c3cnn(CC[C@@H](O)CO)c3)cn3nccc23)cn1,CHEMBL5893776,7.26,,True,JH1,6.26,,,7.26,,,5.26,,,0,,False
CCC(CC)n1cc(-c2nc(-c3cnn(C[C@@H](C)CO)c3)cn3nccc23)cn1,CHEMBL5801906,7.26,,True,JH1,7.26,,,7.26,,,5.26,,,0,,False
CCC(CC)n1cc(-c2nc(-c3cnn(C[C@@H](C)O)c3)cn3nccc23)cn1,CHEMBL5993910,6.76,,True,JH1,5.76,,,6.26,,,5.26,,,0,,False
CCC(CC)n1cc(-c2nc(-c3cnn(C[C@@H](CN)OC)c3)cn3nccc23)cn1,CHEMBL6065846,6.76,,True,JH1,5.26,,,6.76,,,5.26,,,0,,False
CCC(CC)n1cc(-c2nc(-c3cnn(C[C@@H](CO)N(C)C)c3)cn3nccc23)cn1,CHEMBL5883560,7.26,,True,JH1,5.76,,,7.26,,,5.26,,,0,,False
CCC(CC)n1cc(-c2nc(-c3cnn(C[C@@H](N)CO)c3)cn3nccc23)cn1,CHEMBL5985352,7.26,,True,JH1,5.76,,,7.26,,,5.26,,,0,,False
CCC(CC)n1cc(-c2nc(-c3cnn(C[C@@H](O)C(C)(C)O)c3)cn3nccc23)cn1,CHEMBL5979982,7.26,,True,JH1,6.26,,,7.26,,,5.26,,,0,,False
CCC(CC)n1cc(-c2nc(-c3cnn(C[C@@H](O)CC)c3)cn3nccc23)cn1,CHEMBL6057245,7.26,,True,JH1,6.26,,,7.26,,,5.26,,,0,,False
CCC(CC)n1cc(-c2nc(-c3cnn(C[C@@H](O)CCO)c3)cn3nccc23)cn1,CHEMBL6024425,7.26,,True,JH1,5.76,,,7.26,,,5.26,,,0,,False
CCC(CC)n1cc(-c2nc(-c3cnn(C[C@@H](O)CN(C)C)c3)cn3nccc23)cn1,CHEMBL6050990,6.76,,True,JH1,5.26,,,7.26,,,5.26,,,0,,False
CCC(CC)n1cc(-c2nc(-c3cnn(C[C@@H](O)CN4CC(OC)C4)c3)cn3nccc23)cn1,CHEMBL5846845,6.76,,True,JH1,5.26,,,6.76,,,5.26,,,0,,False
CCC(CC)n1cc(-c2nc(-c3cnn(C[C@@H](O)CN4CCCC4)c3)cn3nccc23)cn1,CHEMBL5874395,6.76,,True,JH1,5.76,,,6.76,,,5.26,,,0,,False
CCC(CC)n1cc(-c2nc(-c3cnn(C[C@@H](O)CNC)c3)cn3nccc23)cn1,CHEMBL5852608,6.76,,True,JH1,5.26,,,7.26,,,5.26,,,0,,False
CCC(CC)n1cc(-c2nc(-c3cnn(C[C@@H](O)CO)c3)cn3nccc23)cn1,CHEMBL5850054,7.26,,True,JH1,6.26,,,6.76,,,5.26,,,0,,False
CCC(CC)n1cc(-c2nc(-c3cnn(C[C@@H](O)COC)c3)cn3nccc23)cn1,CHEMBL5789312,7.26,,True,JH1,6.26,,,7.26,,,5.26,,,0,,False
CCC(CC)n1cc(-c2nc(-c3cnn(C[C@@H](O)[C@@H](C)O)c3)cn3nccc23)cn1,CHEMBL5912786,7.26,,True,JH1,5.76,,,7.26,,,5.26,,,0,,False
CCC(CC)n1cc(-c2nc(-c3cnn(C[C@@H]4CCC(=O)N4)c3)cn3nccc23)cn1,CHEMBL5891109,7.26,,True,JH1,6.26,,,7.26,,,5.26,,,0,,False
CCC(CC)n1cc(-c2nc(-c3cnn(C[C@@H]4CCCN4)c3)cn3nccc23)cn1,CHEMBL5789066,7.26,,True,JH1,5.26,,,7.26,,,5.26,,,0,,False
CCC(CC)n1cc(-c2nc(-c3cnn(C[C@@](C)(O)CO)c3)cn3nccc23)cn1,CHEMBL5836664,7.26,,True,JH1,6.26,,,7.26,,,5.26,,,0,,False
CCC(CC)n1cc(-c2nc(-c3cnn(C[C@H](C)CO)c3)cn3nccc23)cn1,CHEMBL5855114,7.26,,True,JH1,7.26,,,7.26,,,5.26,,,0,,False
CCC(CC)n1cc(-c2nc(-c3cnn(C[C@H](C)O)c3)cn3nccc23)cn1,CHEMBL5973117,7.26,,True,JH1,6.26,,,7.26,,,5.26,,,0,,False
CCC(CC)n1cc(-c2nc(-c3cnn(C[C@H](CN)OC)c3)cn3nccc23)cn1,CHEMBL5789327,7.26,,True,JH1,5.26,,,7.26,,,5.26,,,0,,False
CCC(CC)n1cc(-c2nc(-c3cnn(C[C@H](CO)N(C)C)c3)cn3nccc23)cn1,CHEMBL5980784,7.26,,True,JH1,6.26,,,7.26,,,5.26,,,0,,False
CCC(CC)n1cc(-c2nc(-c3cnn(C[C@H](N)C(C)(C)O)c3)cn3nccc23)cn1,CHEMBL5852530,6.76,,True,JH1,5.26,,,6.76,,,5.26,,,0,,False
CCC(CC)n1cc(-c2nc(-c3cnn(C[C@H](O)C(C)(C)O)c3)cn3nccc23)cn1,CHEMBL5958517,7.26,,True,JH1,5.76,,,7.26,,,5.26,,,0,,False
CCC(CC)n1cc(-c2nc(-c3cnn(C[C@H](O)CC)c3)cn3nccc23)cn1,CHEMBL6051174,7.26,,True,JH1,5.76,,,7.26,,,5.26,,,0,,False
CCC(CC)n1cc(-c2nc(-c3cnn(C[C@H](O)CCO)c3)cn3nccc23)cn1,CHEMBL5932895,7.26,,True,JH1,5.76,,,7.26,,,5.26,,,0,,False
CCC(CC)n1cc(-c2nc(-c3cnn(C[C@H](O)CN(C)C)c3)cn3nccc23)cn1,CHEMBL6028272,7.26,,True,JH1,5.26,,,7.26,,,5.26,,,0,,False
CCC(CC)n1cc(-c2nc(-c3cnn(C[C@H](O)CN4CC(OC)C4)c3)cn3nccc23)cn1,CHEMBL6039711,7.26,,True,JH1,5.26,,,7.26,,,5.26,,,0,,False
CCC(CC)n1cc(-c2nc(-c3cnn(C[C@H](O)CN4CCCC4)c3)cn3nccc23)cn1,CHEMBL5907035,6.26,,True,JH1,5.26,,,6.26,,,5.26,,,0,,False
CCC(CC)n1cc(-c2nc(-c3cnn(C[C@H](O)CNC)c3)cn3nccc23)cn1,CHEMBL5755238,7.26,,True,JH1,5.26,,,7.26,,,5.26,,,0,,False
CCC(CC)n1cc(-c2nc(-c3cnn(C[C@H](O)CO)c3)cn3nccc23)cn1,CHEMBL6054443,7.26,,True,JH1,5.76,,,6.76,,,5.26,,,0,,False
CCC(CC)n1cc(-c2nc(-c3cnn(C[C@H](O)COC)c3)cn3nccc23)cn1,CHEMBL5921793,6.76,,True,JH1,5.76,,,6.26,,,5.26,,,0,,False
CCC(CC)n1cc(-c2nc(-c3cnn(C[C@H](O)[C@H](C)O)c3)cn3nccc23)cn1,CHEMBL5814975,7.26,,True,JH1,6.76,,,7.26,,,5.76,,,0,,False
CCC(CC)n1cc(-c2nc(-c3cnn(C[C@H]4CCC(=O)N4)c3)cn3nccc23)cn1,CHEMBL5978819,7.26,,True,JH1,7.26,,,7.26,,,5.26,,,0,,False
CCC(CC)n1cc(-c2nc(-c3cnn(C[C@H]4CCCN4)c3)cn3nccc23)cn1,CHEMBL5836470,7.26,,True,JH1,5.26,,,7.26,,,5.26,,,0,,False
CCC(CC)n1cc(-c2nc(-c3cnn(C[C@H]4CNCCO4)c3)cn3nccc23)cn1,CHEMBL5874019,6.76,,True,JH1,5.76,,,6.76,,,5.26,,,0,,False
CCC(CC)n1cc(-c2nc(-c3cnn(C[C@H]4COCCN4)c3)cn3nccc23)cn1,CHEMBL6011041,7.26,,True,JH1,6.26,,,7.26,,,5.26,,,0,,False
CCC(CC)n1cc(-c2nc(-c3cnn(C[C@H]4C[C@@H](CO)C4)c3)cn3nccc23)cn1,CHEMBL6006186,7.26,7.26,False,JH1,6.76,,,7.26,7.26,0.0,5.26,5.26,2.0,2,0.0,False
CCC(CC)n1cc(-c2nc(-c3cnn(C[C@H]4C[C@@H](O)C4)c3)cn3nccc23)cn1,CHEMBL5793920,7.26,,True,JH1,6.26,,,7.26,,,5.26,,,0,,False
CCC(CC)n1cc(-c2nc(-c3cnn(C[C@](C)(O)CO)c3)cn3nccc23)cn1,CHEMBL5959278,6.76,,True,JH1,5.76,,,6.76,,,5.26,,,0,,False
CCC(CC)n1cc(-c2nc(-c3cnn([C@@H](C)CO)c3)cn3nccc23)cn1,CHEMBL5751510,6.76,,True,JH1,5.76,,,6.76,,,5.26,,,0,,False
CCC(CC)n1cc(-c2nc(-c3cnn([C@@H](C)[C@@H](C)O)c3)cn3nccc23)cn1,CHEMBL6001957,7.26,,True,JH1,6.76,,,7.26,,,5.26,,,0,,False
CCC(CC)n1cc(-c2nc(-c3cnn([C@@H](C)[C@@H](O)CO)c3)cn3nccc23)cn1,CHEMBL5796235,7.26,,True,JH1,6.26,,,7.26,,,5.26,,,0,,False
CCC(CC)n1cc(-c2nc(-c3cnn([C@@H](C)[C@H](C)O)c3)cn3nccc23)cn1,CHEMBL6016790,7.26,,True,JH1,6.26,,,7.26,,,5.26,,,0,,False
CCC(CC)n1cc(-c2nc(-c3cnn([C@@H](C)[C@H](O)CO)c3)cn3nccc23)cn1,CHEMBL6018131,7.26,,True,JH1,6.26,,,7.26,,,5.26,,,0,,False
CCC(CC)n1cc(-c2nc(-c3cnn([C@@H]4CCCNC4)c3)cn3nccc23)cn1,CHEMBL5860280,7.26,,True,JH1,6.26,,,7.26,,,5.26,,,0,,False
CCC(CC)n1cc(-c2nc(-c3cnn([C@@H]4CCC[C@@H]4O)c3)cn3nccc23)cn1,CHEMBL5951989,6.76,7.26,False,JH1,5.26,,,6.76,7.26,0.0,5.26,,,1,0.0,False
CCC(CC)n1cc(-c2nc(-c3cnn([C@@H]4CCC[C@H]4O)c3)cn3nccc23)cn1,CHEMBL5784872,7.26,,True,JH1,6.26,,,7.26,,,5.26,,,0,,False
CCC(CC)n1cc(-c2nc(-c3cnn([C@@H]4COC[C@H]4O)c3)cn3nccc23)cn1,CHEMBL6008662,7.26,,True,JH1,5.76,,,7.26,,,5.26,,,0,,False
CCC(CC)n1cc(-c2nc(-c3cnn([C@@H]4OCC[C@H]4O)c3)cn3nccc23)cn1,CHEMBL5812661,7.26,,True,JH1,6.26,,,7.26,,,5.26,,,0,,False
CCC(CC)n1cc(-c2nc(-c3cnn([C@H](C)[C@@H](C)O)c3)cn3nccc23)cn1,CHEMBL5890732,7.26,,True,JH1,6.26,,,7.26,,,5.26,,,0,,False
CCC(CC)n1cc(-c2nc(-c3cnn([C@H](C)[C@@H](O)CO)c3)cn3nccc23)cn1,CHEMBL5771828,7.26,,True,JH1,5.76,,,6.76,,,5.26,,,0,,False
CCC(CC)n1cc(-c2nc(-c3cnn([C@H](C)[C@H](C)O)c3)cn3nccc23)cn1,CHEMBL5969848,7.26,,True,JH1,6.76,,,7.26,,,5.26,,,0,,False
CCC(CC)n1cc(-c2nc(-c3cnn([C@H](C)[C@H](O)CO)c3)cn3nccc23)cn1,CHEMBL5958455,7.26,,True,JH1,6.26,,,7.26,,,5.26,,,0,,False
CCC(CC)n1cc(-c2nc(-c3cnn([C@H]4CCC[C@@H]4O)c3)cn3nccc23)cn1,CHEMBL5967988,7.26,,True,JH1,6.26,,,7.26,,,5.26,,,0,,False
CCC(CC)n1cc(-c2nc(-c3cnn([C@H]4CCC[C@H]4O)c3)cn3nccc23)cn1,CHEMBL6019332,6.76,,True,JH1,6.26,,,6.76,,,5.26,,,0,,False
CCC(CC)n1cc(-c2nc(-c3cnn([C@H]4CC[C@@H](O)CC4)c3)cn3nccc23)cn1,CHEMBL5805135,7.26,7.26,False,JH1,6.26,,,7.26,7.26,0.0,5.26,5.26,2.0,2,0.0,False
CCC(CC)n1cc(-c2nc(-c3cnn([C@H]4CC[C@H](O)CC4)c3)cn3nccc23)cn1,CHEMBL5858675,7.26,7.26,False,JH1,7.26,,,,,,5.26,5.26,2.0,1,2.0,False
CCC(CC)n1cc(-c2nc(-c3cnn([C@H]4COC[C@@H]4O)c3)cn3nccc23)cn1,CHEMBL6033820,7.26,,True,JH1,5.76,,,7.26,,,5.26,,,0,,False
CCC(CC)n1cc(-c2nc(-c3cnn([C@H]4C[C@@H](O)[C@@H](O)C4)c3)cn3nccc23)cn1,CHEMBL5877596,7.26,,True,JH1,7.26,,,7.26,,,5.26,,,0,,False
CCC(CC)n1cc(-c2nc(-c3cnn([C@H]4C[C@H](C(=O)NCCO)C4)c3)cn3nccc23)cn1,CHEMBL6039980,7.26,,True,JH1,6.76,,,7.26,,,5.26,,,0,,False
CCC(CC)n1cc(-c2nc(-c3cnn([C@H]4C[C@H](C(N)=O)C4)c3)cn3nccc23)cn1,CHEMBL5859844,7.26,,True,JH1,5.76,,,7.26,,,5.26,,,0,,False
CCC(CC)n1cc(-c2nc(-c3cnn([C@H]4C[C@H](CO)C4)c3)cn3nccc23)cn1,CHEMBL5940238,7.26,7.26,False,JH1,6.26,,,7.26,7.26,0.0,5.26,5.26,2.0,2,0.0,False
CCC(CC)n1cc(-c2nc(-c3cnn([C@H]4C[C@H](O)C4)c3)cn3nccc23)cn1,CHEMBL6040002,7.26,,True,JH1,6.26,,,7.26,,,5.26,,,0,,False
CCC(CC)n1cc(-c2nc(-c3cnn([C@H]4C[C@](O)(CO)C4)c3)cn3nccc23)cn1,CHEMBL5871261,6.76,6.76,False,JH1,5.76,,,6.26,6.26,0.5,5.26,5.26,1.5,2,0.5,False
CCC(CC)n1cc(-c2nc(-c3cnn([C@H]4OCC[C@@H]4O)c3)cn3nccc23)cn1,CHEMBL5765175,7.26,,True,JH1,5.26,,,7.26,,,5.26,,,0,,False
CCC(CC1CC1)n1cc(-c2cnn3cc(-c4cnn(C[C@@H](O)CO)c4)ncc23)cn1,CHEMBL5888914,6.26,,True,JH1,5.26,,,6.26,,,5.26,,,0,,False
CCC(CC1CC1)n1cc(-c2nc(-c3cnn(C[C@@H](O)CO)c3)cn3nccc23)cn1,CHEMBL5969431,6.76,,True,JH1,5.76,,,6.26,,,5.76,,,0,,False
CCC(CCO)n1cc(-c2nc(-c3cnn(C)c3)cn3nccc23)cn1,CHEMBL5836348,5.26,,True,JH1,6.26,,,5.26,,,5.26,,,0,,False
CCC(CO)n1cc(-c2nc(-c3cnn(C)c3)cn3nccc23)cn1,CHEMBL5809950,5.26,,True,JH1,5.26,,,5.26,,,5.26,,,0,,False
CCC(SC)C(=O)N1[C@@H]2CCC[C@H]1C[C@H](Nc1nc(Nc3cc(C)[nH]n3)cc3ncccc13)C2,CHEMBL6052284,9.26,,True,Other,9.26,,,9.26,,,7.3,,,0,,False
CCC(SC)C(=O)N1[C@@H]2CC[C@H]1C[C@H](Nc1nc(Nc3cc(C)[nH]n3)cc3ncc(C(=O)OC)cc13)C2,CHEMBL5762598,7.3,,True,Other,9.26,,,9.26,,,7.3,,,0,,False
CCC(SC)C(=O)N1[C@@H]2CC[C@H]1C[C@H](Nc1nc(Nc3cc(C)[nH]n3)cc3ncc(S(C)(=O)=O)cc13)C2,CHEMBL5774822,7.3,,True,Other,9.26,,,9.26,,,7.3,,,0,,False
CCC(SC)C(=O)N1[C@@H]2CC[C@H]1C[C@H](Nc1nc(Nc3cc(C)[nH]n3)cc3ncccc13)C2,CHEMBL6042260,7.3,,True,Other,9.26,,,9.26,,,7.3,,,0,,False
CCC(SC)N1[C@@H]2CC[C@H]1C[C@H](Nc1nc(Nc3cc(C)[nH]n3)cc3ncc(S(C)(=O)=O)cc13)C2,CHEMBL5782033,7.3,,True,Other,9.26,,,9.26,,,7.3,,,0,,False
CCC([C@@H]1CC1(F)F)n1cc(-c2nc(-c3cnn(C[C@@H](O)CO)c3)cn3nccc23)cn1,CHEMBL5790279,6.76,,True,JH1,5.76,,,6.76,,,5.26,,,0,,False
CCC(c1ccccc1)n1cc(-c2nc(-c3cnn(C[C@@H](O)CO)c3)cn3nccc23)cn1,CHEMBL6021466,6.76,,True,JH1,6.76,,,7.26,,,6.26,,,0,,False
CCC(n1cc(-c2nc(-c3cnn(C[C@@H](O)CO)c3)cn3nccc23)cn1)C(C)(F)F,CHEMBL5993007,6.76,,True,JH1,5.76,,,6.76,,,5.26,,,0,,False
CCC(n1cc(-c2nc(-c3cnn(C[C@@H](O)CO)c3)cn3nccc23)cn1)C(F)(F)F,CHEMBL6001365,6.26,,True,JH1,5.26,,,6.26,,,5.26,,,0,,False
CCC1(S(=O)(=O)N2[C@@H]3CCC[C@H]2C[C@H](Nc2nc(Nc4cc(C)[nH]n4)cc4ncccc24)C3)CC1,CHEMBL5993741,9.26,,True,Other,9.26,,,,,,9.26,,,0,,False
CCC1(S(=O)(=O)N2[C@@H]3CC[C@H]2C[C@H](Nc2nc(Nc4cc(C)[nH]n4)cc4nc(CN5CCC(F)(F)CC5)ccc24)C3)CC1,CHEMBL5782734,9.26,,True,Other,9.26,,,9.26,,,9.26,,,0,,False
CCC1(S(=O)(=O)N2[C@@H]3CC[C@H]2C[C@H](Nc2nc(Nc4cc(C)[nH]n4)cc4nc(CN5CCN(C)CC5)ccc24)C3)CC1,CHEMBL5940808,9.26,,True,Other,9.26,,,,,,9.26,,,0,,False
CCC1(S(=O)(=O)N2[C@@H]3CC[C@H]2C[C@H](Nc2nc(Nc4cc(C)[nH]n4)cc4ncccc24)C3)CC1,CHEMBL5837308,9.26,,True,Other,9.26,,,9.26,,,7.3,,,0,,False
CCC1(n2cc(-c3nc(-c4cnn(C)c4)cn4nccc34)cn2)CN(S(=O)(=O)C(F)(F)F)C1,CHEMBL5900503,6.26,,True,JH1,6.26,,,5.26,,,5.26,,,0,,False
CCC1CN(S(=O)(=O)C[C@H]2C[C@@H](N(C)c3ncnc4[nH]ccc34)C2)CCO1,CHEMBL5950285,5.37,5.37,False,Other,7.03,7.03,-1.6600000000000001,5.63,5.63,-0.2599999999999998,5.0,5.0,0.3700000000000001,3,-1.6600000000000001,False
CCCC(=O)Nc1cc(Nc2ccccc2S(C)(=O)=O)c(C(=O)NC)cn1,CHEMBL4542289,5.6,5.6,False,JH2,,,,,,,,,,0,,True
CCCC(C)N(C)S(=O)(=O)C[C@H]1C[C@@H](N(C)c2ncnc3[nH]ccc23)C1,CHEMBL5868512,5.53,5.53,False,Other,7.25,7.25,-1.7199999999999998,5.48,5.48,0.04999999999999982,5.0,5.0,0.5300000000000002,3,-1.7199999999999998,False
CCCC1CCCN1S(=O)(=O)N1[C@@H]2CCC[C@H]1C[C@H](Nc1nc(Nc3cc(C)[nH]n3)cc3ncccc13)C2,CHEMBL5807071,9.26,,True,Other,9.26,,,9.26,,,7.3,,,0,,False
CCCCCCCCCCCCCCCC[n+]1ccn(Cc2ccccc2)c1C,CHEMBL1472492,5.8,5.8,False,Other,,,,6.1,6.1,-0.2999999999999998,,,,1,-0.2999999999999998,False
CCCCN(C)S(=O)(=O)C[C@H]1C[C@@H](N(C)c2ncnc3[nH]ccc23)C1,CHEMBL4066404,5.66,5.66,False,Other,7.744999999999999,7.744999999999999,-2.084999999999999,6.05,6.05,-0.3899999999999997,5.0,5.0,0.6600000000000001,3,-2.084999999999999,False
CCCCN(c1ccccc1CN(C)c1nc(-c2cc(F)c(O)cc2CC)cc2[nH]ncc12)S(C)(=O)=O,CHEMBL6021471,5.15,5.15,False,Other,7.71,7.71,-2.5599999999999996,7.37,7.37,-2.2199999999999998,7.21,7.21,-2.0599999999999996,3,-2.5599999999999996,False
CCCCN(c1ccccc1CNc1nc(-c2cc(F)c(O)cc2CC)cc(N)c1C=N)S(C)(=O)=O,CHEMBL5934240,5.7,5.7,False,Other,8.07,8.07,-2.37,7.78,7.78,-2.08,7.56,7.56,-1.8599999999999994,3,-2.37,False
CCCCN(c1ccccc1CNc1nc(-c2cc(F)c(O)cc2CC)cc2[nH]ncc12)S(C)(=O)=O,CHEMBL6052223,5.7,5.7,False,Other,8.07,8.07,-2.37,7.78,7.78,-2.08,7.56,7.56,-1.8599999999999994,3,-2.37,False
CCCCNc1nc(-c2cc(F)c(O)cc2CC(F)(F)F)nc(N)c1C=N,CHEMBL6028680,5.29,5.29,False,Other,7.11,7.11,-1.8200000000000003,6.52,6.52,-1.2299999999999995,6.64,6.64,-1.3499999999999996,3,-1.8200000000000003,False
CCCCNc1nc(-c2cc(F)c(O)cc2CC(F)(F)F)nc2[nH]ncc12,CHEMBL5998920,5.29,5.29,False,Other,7.11,7.11,-1.8200000000000003,6.52,6.52,-1.2299999999999995,6.64,6.64,-1.3499999999999996,3,-1.8200000000000003,False
CCCCOC(=O)N1[C@@H]2CCC[C@H]1C[C@H](Nc1nc(Nc3cc(C)[nH]n3)cc3ncccc13)C2,CHEMBL6050795,9.26,,True,Other,9.26,,,9.26,,,7.3,,,0,,False
CCCCS(=O)(=O)C[C@H]1C[C@@H](N(C)c2ncnc3[nH]ccc23)C1,CHEMBL3658860,6.26,6.26,False,Other,8.05,8.05,-1.790000000000001,6.025,6.025,0.23499999999999943,,,,2,-1.790000000000001,False
CCCCc1cncc2ccc(NC(=O)[C@@H]3CC3c3ccc(S(=O)(=O)Nc4ccccn4)cc3)cc12,CHEMBL5883781,7.04,7.04,False,Other,7.32,7.32,-0.28000000000000025,8.7,8.7,-1.6599999999999993,7.8,7.8,-0.7599999999999998,3,-1.6599999999999993,False
CCCCn1cc(-c2cc(NC)n3ncc(C(=O)NC4CC4)c3n2)c2cccnc21,CHEMBL5972809,9.22,,True,JH2,,,,,,,,,,0,,True
CCCCn1cc(-c2cc(NC)n3ncc(C(=O)N[C@@H]4C[C@@H]4F)c3n2)c2cccnc21,CHEMBL5822753,9.22,,True,JH2,,,,,,,,,,0,,True
CCCN(Cc1cc(C)ccc1N(C)S(C)(=O)=O)c1nc(-c2cc(F)c(O)cc2CC)cc2[nH]ncc12,CHEMBL6060475,5.06,5.06,False,Other,7.26,7.26,-2.2,7.15,7.15,-2.0900000000000007,6.73,6.73,-1.6700000000000008,3,-2.2,False
CCCN(c1ccccc1CNc1nc(-c2cc(F)c(O)cc2CC)cc2[nH]ncc12)S(C)(=O)=O,CHEMBL5771209,7.34,7.34,False,Other,,,,9.52,9.52,-2.1799999999999997,8.48,8.48,-1.1400000000000006,2,-2.1799999999999997,False
CCCN1Cc2[nH]c(-c3n[nH]c4cc(-c5cc(F)c(O)cc5CC)ccc34)nc2C[C@@H]1C(=O)N1CC[C@H](N(C)C)C1,CHEMBL5819815,9.0,9.0,False,Other,10.22,10.22,-1.2200000000000006,10.52,10.52,-1.5199999999999996,9.6,9.6,-0.5999999999999996,3,-1.5199999999999996,False
CCCN1Cc2[nH]c(-c3n[nH]c4cc(-c5cc(F)c(O)cc5CC)ccc34)nc2C[C@H]1C(=O)N1CC(C)(N(C)C)C1,CHEMBL5993958,9.35,9.35,False,Other,10.22,,,10.61,10.61,-1.2599999999999998,9.65,9.65,-0.3000000000000007,2,-1.2599999999999998,False
CCCN1Cc2[nH]c(-c3n[nH]c4cc(-c5cc(F)c(O)cc5CC)ccc34)nc2C[C@H]1C(=O)N1CC(N(C)C)C1,CHEMBL5905186,9.4,9.4,False,Other,10.16,10.1,-0.6999999999999993,10.8,10.8,-1.4000000000000004,9.945,9.945,-0.5449999999999999,3,-1.4000000000000004,False
CCCN1Cc2[nH]c(-c3n[nH]c4cc(-c5cc(F)c(O)cc5CC)ccc34)nc2C[C@H]1C(=O)N1CCN(C(C)(C)C)CC1,CHEMBL5934770,8.9,8.9,False,Other,10.0,10.0,-1.0999999999999996,10.4,10.4,-1.5,9.3,9.3,-0.40000000000000036,3,-1.5,False
CCCN1Cc2[nH]c(-c3n[nH]c4cc(-c5cc(F)c(O)cc5CC)ccc34)nc2C[C@H]1C(=O)N1CCN(CCO)CC1,CHEMBL5753964,9.1,9.1,False,Other,10.21,10.21,-1.1100000000000012,10.49,10.49,-1.3900000000000006,9.75,9.75,-0.6500000000000004,3,-1.3900000000000006,False
CCCN1Cc2[nH]c(-c3n[nH]c4cc(-c5cc(F)c(O)cc5CC)ccc34)nc2C[C@H]1C(=O)N1C[C@@H]2C[C@H]1CN2C,CHEMBL5956972,9.55,9.55,False,Other,10.3,10.3,-0.75,10.75,10.75,-1.1999999999999993,10.0,10.0,-0.4499999999999993,3,-1.1999999999999993,False
CCCN1Cc2[nH]c(-c3n[nH]c4cc(-c5cc(F)c(O)cc5CC)ccc34)nc2C[C@H]1CN1CC[C@H](C(C)C)C1,CHEMBL5984979,9.0,9.0,False,Other,10.22,10.22,-1.2200000000000006,10.52,10.52,-1.5199999999999996,9.6,9.6,-0.5999999999999996,3,-1.5199999999999996,False
CCCN1Cc2[nH]c(-c3n[nH]c4cc(-c5ccc(O)cc5CC)ccc34)nc2C[C@H]1C(=O)N1CC(C)(N(C)C)C1,CHEMBL5970510,8.8,8.8,False,Other,10.3,10.3,-1.5,10.49,10.49,-1.6899999999999995,9.8,9.8,-1.0,3,-1.6899999999999995,False
CCCN1Cc2[nH]c(-c3n[nH]c4cc(-c5ccc(O)cc5CC)ccc34)nc2C[C@H]1C(=O)N1CC(N(C)C)C1,CHEMBL5828027,8.85,8.85,False,Other,10.49,10.49,-1.6400000000000006,10.6,10.6,-1.75,10.3,10.3,-1.450000000000001,3,-1.75,False
CCCN1Cc2[nH]c(-c3n[nH]c4cc(-c5ccc(O)cc5CC)ccc34)nc2C[C@H]1C(=O)N1CCN(CCO)CC1,CHEMBL6003682,8.9,8.9,False,Other,10.2,10.2,-1.299999999999999,10.3,10.3,-1.4000000000000004,9.8,9.8,-0.9000000000000004,3,-1.4000000000000004,False
CCCN1Cc2[nH]c(-c3n[nH]c4cc(-c5ccc(O)cc5CC)ccc34)nc2C[C@H]1C(=O)N1C[C@@H]2C[C@H]1CN2C,CHEMBL6012745,8.65,8.65,False,Other,10.3,10.3,-1.6500000000000004,10.2,10.2,-1.549999999999999,9.8,9.8,-1.1500000000000004,3,-1.6500000000000004,False
CCCNC(=O)c1cc(Nc2ncc(F)c(N3C[C@H]4CC[C@@H](C3)N4C(=O)C3CC3)n2)[nH]n1,CHEMBL5991149,6.37,6.37,False,Other,5.81,5.81,0.5600000000000005,5.33,5.33,1.04,,,,2,0.5600000000000005,False
CCCOc1cccc(-c2cc(C(N)=O)c3[nH]c4ccc(C(=O)N5CCOCC5)cc4c3c2)c1,CHEMBL3589168,6.89,6.89,False,Other,7.21,7.21,-0.3200000000000003,7.279999999999999,7.279999999999999,-0.3899999999999997,6.89,6.89,0.0,3,-0.3899999999999997,False
CCCS(=O)(=O)C[C@H]1C[C@H](N(C)c2ncnc3[nH]ccc23)C1,CHEMBL3658861,5.44,5.44,False,Other,7.17,7.17,-1.7299999999999995,6.02,6.02,-0.5799999999999992,,,,2,-1.7299999999999995,False
CCCS(=O)(=O)N1CC(CC#N)(n2ccc(-c3nc(-c4cnn(C)c4)cc4ncccc34)n2)C1,CHEMBL5768103,6.86,6.86,False,Other,5.27,5.27,1.5900000000000007,6.05,6.05,0.8100000000000005,,,,2,0.8100000000000005,False
CCCS(=O)(=O)N1CCc2cc(Nc3ncc(C)c(-c4cnn(C(C)C)c4)n3)ccc21,CHEMBL4845758,8.42,8.42,False,Other,,,,8.64,8.64,-0.22000000000000064,,,,1,-0.22000000000000064,False
CCCS(=O)(=O)N[C@H]1CCC(N(C)c2ncnc3[nH]ccc23)C1,CHEMBL5869700,5.69,5.69,False,Other,7.54,7.54,-1.8499999999999996,6.24,6.24,-0.5499999999999998,5.22,5.22,0.47000000000000064,3,-1.8499999999999996,False
CCCS(=O)(=O)N[C@H]1CC[C@@H](N(C)c2ncnc3[nH]ccc23)C1,CHEMBL3655092,5.69,5.69,False,Other,7.54,7.54,-1.8499999999999996,6.24,6.24,-0.5499999999999998,5.22,5.22,0.47000000000000064,3,-1.8499999999999996,False
CCCS(=O)(=O)N[C@H]1C[C@@H](N(C)c2ncnc3[nH]ccc23)C1,CHEMBL3655081,6.26,6.26,False,Other,7.62,7.62,-1.3600000000000003,6.09,6.09,0.16999999999999993,6.22,6.22,0.040000000000000036,3,-1.3600000000000003,False
CCCS(=O)(=O)Nc1ccc(-c2ccc3[nH]nc(N)c3c2)cc1,CHEMBL1992342,7.5,7.5,False,Other,,,,8.8,8.8,-1.3000000000000007,7.2,7.2,0.2999999999999998,2,-1.3000000000000007,False
CCCS(=O)(=O)Nc1ccc(-c2ccc3[nH]nc(NC(=O)CC)c3c2)cc1,CHEMBL1972221,7.1,7.1,False,Other,,,,7.4,7.4,-0.3000000000000007,6.6,6.6,0.5,2,-0.3000000000000007,False
CCCS(=O)(=O)Nc1ccc(-c2ccc3[nH]nc(NC(C)=O)c3c2)cc1,CHEMBL1973893,7.6,7.6,False,Other,,,,7.9,7.9,-0.3000000000000007,7.3,7.3,0.2999999999999998,2,-0.3000000000000007,False
CCC[C@@H](C)n1cc(-c2nc(-c3cnn(C(CO)CO)c3)cn3nccc23)cn1,CHEMBL5864268,7.26,,True,JH1,6.26,,,7.26,,,5.26,,,0,,False
CCC[C@@H](C)n1cc(-c2nc(-c3cnn(C[C@@H](O)CO)c3)cn3nccc23)cn1,CHEMBL5800102,7.26,,True,JH1,5.26,,,6.76,,,5.26,,,0,,False
CCC[C@@H](C)n1cc(-c2nc(-c3cnn(C[C@H](O)CO)c3)cn3nccc23)cn1,CHEMBL5801751,6.76,,True,JH1,5.26,,,6.26,,,5.26,,,0,,False
CCC[C@H](C)n1cc(-c2nc(-c3cnn(C(CO)CO)c3)cn3nccc23)cn1,CHEMBL5764950,6.76,,True,JH1,5.76,,,7.26,,,5.26,,,0,,False
CCC[C@H](C)n1cc(-c2nc(-c3cnn(C[C@@H](O)CO)c3)cn3nccc23)cn1,CHEMBL5866691,6.76,,True,JH1,5.76,,,6.76,,,5.26,,,0,,False
CCC[C@H](C)n1cc(-c2nc(-c3cnn(C[C@H](O)CO)c3)cn3nccc23)cn1,CHEMBL6042804,6.26,,True,JH1,5.76,,,6.76,,,5.26,,,0,,False
CCCc1cc(O)ccc1-c1ccc2c(-c3nc4ccccc4[nH]3)n[nH]c2c1,CHEMBL4104931,6.36,6.36,False,Other,8.01,8.01,-1.6499999999999995,7.76,7.76,-1.3999999999999995,6.78,6.78,-0.41999999999999993,3,-1.6499999999999995,False
CCCc1cncc2ccc(NC(=O)[C@@H]3CC3c3ccc(S(=O)(=O)NC[C@@H]4CCCNC4)cc3)cc12,CHEMBL5935296,5.66,5.66,False,Other,5.99,5.99,-0.33000000000000007,6.6,6.6,-0.9399999999999995,5.61,5.61,0.04999999999999982,3,-0.9399999999999995,False
CCCc1cncc2ccc(NC(=O)[C@@H]3CC3c3ccc(S(=O)(=O)Nc4ccccn4)cc3)cc12,CHEMBL5869094,7.39,7.39,False,Other,7.51,7.51,-0.1200000000000001,8.85,8.85,-1.46,7.695,7.695,-0.3050000000000006,3,-1.46,False
CCCc1cncc2ccc(NC(=O)[C@@H]3CC3c3ccc(S(=O)(=O)Nc4ncccn4)cc3)cc12,CHEMBL5919378,7.41,7.41,False,Other,7.61,7.61,-0.20000000000000018,9.0,9.0,-1.5899999999999999,7.84,7.84,-0.4299999999999997,3,-1.5899999999999999,False
CCCn1cc(-c2nc(Nc3ccc4c(c3)CCN4S(=O)(=O)c3ccc(C(F)(F)F)cc3)ncc2C)cn1,CHEMBL4876711,7.64,7.64,False,Other,,,,6.97,6.97,0.6699999999999999,,,,1,0.6699999999999999,False
CCN(C)S(=O)(=O)C[C@H]1C[C@@H](N(C)c2ncnc3[nH]ccc23)C1,CHEMBL6001241,6.02,6.02,False,Other,7.18,7.18,-1.1600000000000001,6.29,6.29,-0.27000000000000046,5.0,5.0,1.0199999999999996,3,-1.1600000000000001,False
CCN(CC)C(=O)c1ccc(Nc2cc(-c3c(F)cccc3F)nc3c2C(=O)NC3)cc1,CHEMBL5910992,6.92,6.92,False,Other,,,,,,,,,,0,,False
CCN(CC)CCC(=O)Nc1cc2cc(c1)Nc1nccc(n1)-c1cccc(c1)COCC=CCOC2,CHEMBL2181086,7.75,7.75,False,Other,5.72,5.72,2.0300000000000002,7.36,7.36,0.3899999999999997,6.41,6.41,1.3399999999999999,3,0.3899999999999997,False
CCN(CC)CCNC(=O)C=Cc1cnc(N)c2c(-c3ccc(NC(=O)Nc4cccc(C)c4)cc3)csc12,CHEMBL2004716,6.1,6.1,False,Other,,,,6.8,6.8,-0.7000000000000002,6.4,6.4,-0.3000000000000007,2,-0.7000000000000002,False
CCN(CC)CCNC(=O)c1c(C)[nH]c(/C=C2\C(=O)Nc3ccc(F)cc32)c1C,CHEMBL535,6.12,6.12,False,Other,6.815,6.815,-0.6950000000000003,6.21,6.21,-0.08999999999999986,5.92,5.92,0.20000000000000018,3,-0.6950000000000003,False
CCN(CC)CCOc1ccc2cc1COCC=CCOCc1cccc(c1)-c1ccnc(n1)N2,CHEMBL2181329,7.1,7.1,False,Other,5.46,5.46,1.6399999999999997,7.62,7.62,-0.5200000000000005,6.21,6.21,0.8899999999999997,3,-0.5200000000000005,False
CCN(c1ccc(C)cc1CNc1nc(-c2cc(F)c(O)cc2CC(F)(F)F)cc(N)c1C(=N)C(N)=O)S(C)(=O)=O,CHEMBL5805983,6.06,6.06,False,Other,7.54,7.54,-1.4800000000000004,6.89,6.89,-0.8300000000000001,6.33,6.33,-0.27000000000000046,3,-1.4800000000000004,False
CCN(c1ccc(C)cc1CNc1nc(-c2cc(F)c(O)cc2CC(F)(F)F)cc2[nH]nc(C(N)=O)c12)S(C)(=O)=O,CHEMBL5963273,6.06,6.06,False,Other,7.54,7.54,-1.4800000000000004,6.89,6.89,-0.8300000000000001,6.33,6.33,-0.27000000000000046,3,-1.4800000000000004,False
CCN(c1ccc(Cl)cc1CNc1nc(-c2cc(F)c(O)cc2CC(F)(F)F)cc2[nH]nc(C(N)=O)c12)S(C)(=O)=O,CHEMBL6027723,6.06,6.06,False,Other,7.56,7.56,-1.5,6.85,6.85,-0.79,6.27,6.27,-0.20999999999999996,3,-1.5,False
CCN(c1ccc(F)cc1CNc1nc(-c2cc(F)c(O)cc2CC(F)(F)F)cc2[nH]nc(C(N)=O)c12)S(C)(=O)=O,CHEMBL5879187,6.86,6.86,False,Other,7.92,7.92,-1.0599999999999996,7.2,7.2,-0.33999999999999986,6.7,6.7,0.16000000000000014,3,-1.0599999999999996,False
CCN(c1ccc(O)cc1CNc1nc(-c2cc(F)c(O)cc2CC(F)(F)F)cc2[nH]nc(C(=O)NC)c12)S(=O)(=O)c1ccccc1,CHEMBL6048689,6.44,6.44,False,Other,7.12,7.12,-0.6799999999999997,6.4,6.4,0.040000000000000036,5.91,5.91,0.5300000000000002,3,-0.6799999999999997,False
CCN(c1ccc(O)cc1CNc1nc(-c2cc(F)c(O)cc2CC(F)(F)F)cc2[nH]nc(C(=O)NC)c12)S(C)(=O)=O,CHEMBL5813206,7.61,7.61,False,Other,8.29,8.29,-0.6799999999999988,7.56,7.56,0.05000000000000071,7.01,7.01,0.6000000000000005,3,-0.6799999999999988,False
CCN(c1ccc(O)cc1CNc1nc(-c2cc(F)c(O)cc2CC(F)(F)F)cc2[nH]nc(C(N)=O)c12)S(=O)(=O)c1ccccc1,CHEMBL5807736,6.36,6.36,False,Other,7.26,7.26,-0.8999999999999995,6.52,6.52,-0.15999999999999925,5.97,5.97,0.39000000000000057,3,-0.8999999999999995,False
CCN(c1ccc(O)cc1CNc1nc(-c2cc(F)c(O)cc2CC(F)(F)F)nc2[nH]nc(C(=O)NC)c12)S(=O)(=O)c1ccccc1,CHEMBL5953068,5.71,5.71,False,Other,7.21,7.21,-1.5,6.49,6.49,-0.7800000000000002,6.12,6.12,-0.41000000000000014,3,-1.5,False
CCN(c1ccc(O)cc1CNc1nc(-c2cc(F)c(O)cc2CC(F)(F)F)nc2[nH]nc(C(N)=O)c12)S(=O)(=O)c1ccccc1,CHEMBL5887178,5.66,5.66,False,Other,7.26,7.26,-1.5999999999999996,6.69,6.69,-1.0300000000000002,6.38,6.38,-0.7199999999999998,3,-1.5999999999999996,False
CCN(c1ccccc1CNc1nc(-c2cc(F)c(O)cc2CC(F)(F)F)cc(N)c1C(=N)C(N)=O)S(=O)(=O)CC,CHEMBL5916760,6.92,6.92,False,Other,7.86,7.86,-0.9400000000000004,7.08,7.08,-0.16000000000000014,6.5,6.5,0.41999999999999993,3,-0.9400000000000004,False
CCN(c1ccccc1CNc1nc(-c2cc(F)c(O)cc2CC(F)(F)F)cc2[nH]nc(C(=O)NC)c12)S(=O)(=O)CC,CHEMBL5876970,7.44,7.44,False,Other,8.1,8.1,-0.6599999999999993,7.42,7.42,0.020000000000000462,6.75,6.75,0.6900000000000004,3,-0.6599999999999993,False
CCN(c1ccccc1CNc1nc(-c2cc(F)c(O)cc2CC(F)(F)F)cc2[nH]nc(C(=O)NC)c12)S(C)(=O)=O,CHEMBL5814246,7.61,7.61,False,Other,8.19,8.19,-0.5799999999999992,7.5,7.5,0.11000000000000032,6.92,6.92,0.6900000000000004,3,-0.5799999999999992,False
CCN(c1ccccc1CNc1nc(-c2cc(F)c(O)cc2CC(F)(F)F)cc2[nH]nc(C(N)=O)c12)S(=O)(=O)CC,CHEMBL5882920,6.92,6.92,False,Other,7.86,7.86,-0.9400000000000004,7.08,7.08,-0.16000000000000014,6.5,6.5,0.41999999999999993,3,-0.9400000000000004,False
CCN(c1ccccc1CNc1nc(-c2cc(F)c(O)cc2CC(F)(F)F)cc2[nH]nc(C(N)=O)c12)S(C)(=O)=O,CHEMBL5999345,7.63,7.63,False,Other,8.57,8.57,-0.9400000000000004,7.74,7.74,-0.11000000000000032,7.11,7.11,0.5199999999999996,3,-0.9400000000000004,False
CCN(c1ccccc1CNc1nc(-c2cc(F)c(O)cc2CC(F)(F)F)nc2[nH]nc(C(=O)NC)c12)S(C)(=O)=O,CHEMBL6058544,6.46,6.46,False,Other,8.3,8.3,-1.8400000000000007,7.51,7.51,-1.0499999999999998,7.03,7.03,-0.5700000000000003,3,-1.8400000000000007,False
CCN(c1ncc(C)cc1CNc1nc(-c2cc(F)c(O)cc2CC(F)(F)F)cc(N)c1C(=N)C(N)=O)S(C)(=O)=O,CHEMBL5859683,5.6,5.6,False,Other,7.51,7.51,-1.9100000000000001,7.06,7.06,-1.46,6.88,6.88,-1.2800000000000002,3,-1.9100000000000001,False
CCN(c1ncc(C)cc1CNc1nc(-c2cc(F)c(O)cc2CC(F)(F)F)cc2[nH]nc(C(N)=O)c12)S(C)(=O)=O,CHEMBL6006311,5.6,5.6,False,Other,7.51,7.51,-1.9100000000000001,7.06,7.06,-1.46,6.88,6.88,-1.2800000000000002,3,-1.9100000000000001,False
CCN(c1ncc(Cl)cc1CNc1nc(-c2cc(F)c(O)cc2CC(F)(F)F)cc2[nH]nc(C(N)=O)c12)S(C)(=O)=O,CHEMBL6044794,5.56,5.56,False,Other,7.36,7.36,-1.8000000000000007,6.81,6.81,-1.25,6.45,6.45,-0.8900000000000006,3,-1.8000000000000007,False
CCN(c1ncc(F)cc1CNc1nc(-c2cc(F)c(O)cc2CC(F)(F)F)cc2[nH]nc(C(N)=O)c12)S(C)(=O)=O,CHEMBL5759725,6.16,6.16,False,Other,7.97,7.97,-1.8099999999999996,7.23,7.23,-1.0700000000000003,6.76,6.76,-0.5999999999999996,3,-1.8099999999999996,False
CCN(c1ncccc1CNc1nc(-c2cc(F)c(O)cc2CC(F)(F)F)cc2[nH]nc(C(=O)NC)c12)S(C)(=O)=O,CHEMBL5828375,6.97,6.97,False,Other,8.3,8.3,-1.330000000000001,7.65,7.65,-0.6800000000000006,7.09,7.09,-0.1200000000000001,3,-1.330000000000001,False
CCN(c1ncccc1CNc1nc(-c2cc(F)c(O)cc2CC(F)(F)F)cc2[nH]nc(C(N)=O)c12)S(C)(=O)=O,CHEMBL5924139,6.96,6.96,False,Other,8.54,8.54,-1.5799999999999992,7.82,7.82,-0.8600000000000003,7.33,7.33,-0.3700000000000001,3,-1.5799999999999992,False
CCN(c1nccnc1CNc1nc(-c2cc(F)c(O)cc2CC(F)(F)F)cc2[nH]nc(C(=O)NC)c12)S(C)(=O)=O,CHEMBL5977756,6.83,6.83,False,Other,8.4,8.4,-1.5700000000000003,7.72,7.72,-0.8899999999999997,7.16,7.16,-0.33000000000000007,3,-1.5700000000000003,False
CCN(c1nccnc1CNc1nc(-c2cc(F)c(O)cc2CC(F)(F)F)cc2[nH]nc(C(N)=O)c12)S(C)(=O)=O,CHEMBL5893325,6.78,6.78,False,Other,8.54,8.54,-1.759999999999999,7.79,7.79,-1.0099999999999998,7.31,7.31,-0.5299999999999994,3,-1.759999999999999,False
CCN1CC(CC#N)(n2cc(-c3nc(-c4cc(CO)[nH]n4)cn4nccc34)cn2)C1,CHEMBL5744743,7.19,7.19,False,Other,5.64,5.64,1.5500000000000007,6.31,6.31,0.8800000000000008,,,,2,0.8800000000000008,False
CCN1CC(CC#N)(n2cc(-c3nc(-c4cnn(C)c4)cn4nccc34)cn2)C1,CHEMBL4740088,7.34,7.34,False,Other,5.57,5.57,1.7699999999999996,6.46,6.46,0.8799999999999999,,,,2,0.8799999999999999,False
CCN1CC(CC#N)(n2ccc(-c3nc(-c4c[nH]nc4N)cc4ncccc34)n2)C1,CHEMBL5926922,7.03,7.03,False,Other,5.68,5.68,1.3500000000000005,6.03,6.03,1.0,,,,2,1.0,False
CCN1CC(CC#N)(n2ccc(-c3nc(-c4cc(CO)[nH]n4)cc4ncccc34)n2)C1,CHEMBL5746898,6.59,6.59,False,Other,5.11,5.11,1.4799999999999995,5.71,5.71,0.8799999999999999,,,,2,0.8799999999999999,False
CCN1CC(CC#N)(n2ccc(-c3nc(-c4cc(N)n(C)n4)cc4ncccc34)n2)C1,CHEMBL5892033,6.36,6.36,False,Other,,,,5.23,5.23,1.13,,,,1,1.13,False
CCN1CC(CC#N)(n2ccc(-c3nc(-c4ccc(O)nc4)cc4ncccc34)n2)C1,CHEMBL5939020,6.66,6.66,False,Other,5.39,5.39,1.2700000000000005,5.39,5.39,1.2700000000000005,,,,2,1.2700000000000005,False
CCN1CC(CC#N)(n2ccc(-c3nc(C4=CCOCC4)cc4ncccc34)n2)C1,CHEMBL5989811,5.86,5.86,False,Other,,,,5.02,5.02,0.8400000000000007,,,,1,0.8400000000000007,False
CCN1CC(CC#N)(n2ccc(-c3nc(N4CCCC4)cc4ncccc34)n2)C1,CHEMBL5859781,5.32,5.32,False,Other,,,,,,,,,,0,,False
CCN1CC(CC#N)(n2ccc(-c3nc(N4CCOCC4)cc4ncccc34)n2)C1,CHEMBL6053177,5.16,5.16,False,Other,,,,,,,,,,0,,False
CCN1CC(S(=O)(=O)N2[C@@H]3CC[C@H]2C[C@H](Nc2nc(Nc4cc(C)[nH]n4)cc4ncccc24)C3)C1,CHEMBL5933359,7.3,,True,Other,9.26,,,9.26,,,7.3,,,0,,False
CCN1CCN(Cc2ccc(NC(=O)Nc3ccc(Oc4cc(NC)ncn4)cc3)cc2C(F)(F)F)CC1,CHEMBL574738,5.715,5.715,False,JH1,7.13,7.13,-1.415,6.02,6.02,-0.3049999999999997,6.58,6.58,-0.8650000000000002,3,-1.415,False
CCN1CCN(c2ccc(Nc3cc(N(C)C(=O)Nc4c(Cl)c(OC)cc(OC)c4Cl)ncn3)cc2)CC1,CHEMBL1834657,5.48,5.48,False,Other,,,,5.54,5.54,-0.05999999999999961,,,,1,-0.05999999999999961,False
CCN1CCN(c2ccc(Nc3ncc4scc(-c5cccc(NS(C)(=O)=O)c5)c4n3)cc2)CC1,CHEMBL4846921,8.37,8.37,False,Other,8.74,8.74,-0.370000000000001,,,,8.49,8.49,-0.120000000000001,2,-0.370000000000001,False
CCN1CCN(c2ccc(Nc3nccc(-c4c(-c5cccc(C(=O)Nc6ccccc6F)c5)nc5ccccn45)n3)cc2)CC1,CHEMBL1981725,5.7,5.7,False,Other,,,,,,,,,,0,,False
CCN1CN([C@H]2CC[C@H](CN(C)CC#N)CC2)c2c(cnc3[nH]ccc23)C1=O,CHEMBL3896236,6.16,6.16,False,Other,7.85,7.85,-1.6899999999999995,6.58,6.58,-0.41999999999999993,6.27,6.27,-0.10999999999999943,3,-1.6899999999999995,False
CCN1CN([C@H]2CC[C@H](CN(C)S(C)(=O)=O)CC2)c2c(cnc3[nH]ccc23)C1=O,CHEMBL3910814,6.43,6.43,False,Other,8.15,8.15,-1.7200000000000006,7.64,7.64,-1.21,7.75,7.75,-1.3200000000000003,3,-1.7200000000000006,False
CCN1CN([C@H]2CC[C@H](CNCC#N)CC2)c2c(cnc3[nH]ccc23)C1=O,CHEMBL3944182,6.82,6.82,False,Other,8.3,8.3,-1.4800000000000004,7.68,7.68,-0.8599999999999994,7.43,7.43,-0.6099999999999994,3,-1.4800000000000004,False
CCN1CN([C@H]2CC[C@H](CNCC(F)(F)F)CC2)c2c(cnc3[nH]ccc23)C1=O,CHEMBL3936693,6.58,6.58,False,Other,8.48,8.48,-1.9000000000000004,7.64,7.64,-1.0599999999999996,7.38,7.38,-0.7999999999999998,3,-1.9000000000000004,False
CCN1CN([C@H]2CC[C@H](CNCC(F)F)CC2)c2c(cnc3[nH]ccc23)C1=O,CHEMBL3907106,6.48,6.48,False,Other,8.03,8.03,-1.549999999999999,7.57,7.57,-1.0899999999999999,7.14,7.14,-0.6599999999999993,3,-1.549999999999999,False
CCN1CN([C@H]2CC[C@H](CNS(=O)(=O)C3CC3)CC2)c2c(cnc3[nH]ccc23)C1=O,CHEMBL3913622,6.43,6.43,False,Other,8.38,8.38,-1.950000000000001,7.75,7.75,-1.3200000000000003,7.35,7.35,-0.9199999999999999,3,-1.950000000000001,False
CCN1CN([C@H]2CC[C@H](CNS(=O)(=O)CC(F)(F)F)CC2)c2c(cnc3[nH]ccc23)C1=O,CHEMBL3893247,6.77,6.77,False,Other,8.72,8.72,-1.950000000000001,8.19,8.19,-1.42,7.8,7.8,-1.0300000000000002,3,-1.950000000000001,False
CCN1CN([C@H]2CC[C@H](CNS(C)(=O)=O)CC2)c2c(cnc3[nH]ccc23)C1=O,CHEMBL3949572,6.77,6.77,False,Other,8.47,8.47,-1.700000000000001,7.82,7.82,-1.0500000000000007,7.42,7.42,-0.6500000000000004,3,-1.700000000000001,False
CCNC(=O)C(C)(N)c1ccc(Nc2nc(-c3c(F)cccc3F)nc3c2C(=O)NC3)cc1,CHEMBL5796614,7.26,7.26,False,Other,,,,7.26,,,,,,0,,False
CCNC(=O)C(C)(O)c1ccc(Nc2nc(-c3c(F)cccc3F)nc3c2C(=O)NC3)cc1,CHEMBL5184447,8.47,8.47,False,Other,,,,6.26,,,,,,0,,False
CCNC(=O)C1CCCN(c2ccn(-c3cc(-c4c(F)cccc4C#N)nc4c3C(=O)NC4)n2)C1,CHEMBL6022705,8.3,,True,Other,,,,7.26,,,,,,0,,False
CCNC(=O)CN1[C@@H]2CCC[C@H]1C[C@H](N(C)c1nc(Nc3cc(C)[nH]n3)cc(O[C@H]3CCOC3)n1)C2,CHEMBL5958112,9.26,9.26,False,Other,,,,,,,9.26,,,0,,False
CCNC(=O)Cc1ccc(Nc2cc(-c3c(F)cccc3F)nc3c2C(=O)NC3)nc1,CHEMBL5207105,7.26,7.82,False,Other,,,,,,,,,,0,,False
CCNC(=O)Cc1ccc(Nc2nc(-c3c(F)cccc3F)nc3c2C(=O)NC3)cc1,CHEMBL5196877,6.965,6.965,False,Other,,,,,,,,,,0,,False
CCNC(=O)Cc1ccc(Nc2nc(-c3c(F)cccc3F)nc3c2C(=O)NC3)cn1,CHEMBL5976021,7.26,,True,Other,,,,,,,,,,0,,False
CCNC(=O)Cc1ccc(Nc2nc(-c3c(F)cncc3F)nc3c2C(=O)NC3)cc1,CHEMBL5802317,6.26,,True,Other,,,,,,,,,,0,,False
CCNC(=O)Cc1ccc(Nc2nc(-c3ccccc3Cl)nc3c2C(=O)NC3)cc1,CHEMBL5874521,7.26,,True,Other,,,,,,,,,,0,,False
CCNC(=O)Cc1ccn(-c2cc(-c3c(F)cccc3C#N)nc3c2C(=O)NC3)n1,CHEMBL5749977,8.3,,True,Other,,,,6.26,,,,,,0,,False
CCNC(=O)Cc1ccn(-c2cc(-c3c(F)cccc3F)nc3c2C(=O)NC3)n1,CHEMBL5826119,7.26,,True,Other,,,,,,,,,,0,,False
CCNC(=O)Cn1cc(Nc2nc(-c3c(F)cccc3F)nc3c2C(=O)NC3)cn1,CHEMBL6001760,7.26,,True,Other,,,,,,,,,,0,,False
CCNC(=O)N1[C@@H]2CC[C@@H]1CN(c1ccnc(Nc3cnn(C)c3)n1)C2,CHEMBL4517702,7.15,7.15,False,Other,6.98,6.98,0.16999999999999993,5.904999999999999,5.904999999999999,1.245000000000001,,,,2,0.16999999999999993,False
CCNC(=O)N1[C@@H]2CC[C@H]1CN(c1ccnc(Nc3cn[nH]c3)n1)C2,CHEMBL5817695,7.39,7.39,False,Other,7.39,7.39,0.0,6.32,6.32,1.0699999999999994,,,,2,0.0,False
CCNC(=O)N1[C@@H]2CC[C@H]1CN(c1ccnc(Nc3cnc(C(=O)NC)c(C)c3)n1)C2,CHEMBL5771312,7.41,7.41,False,Other,6.74,6.74,0.6699999999999999,6.29,6.29,1.12,,,,2,0.6699999999999999,False
CCNC(=O)N1[C@@H]2CC[C@H]1CN(c1ccnc(Nc3cnc(C(=O)NC)c(Cl)c3)n1)C2,CHEMBL5998876,7.18,7.18,False,Other,6.33,6.33,0.8499999999999996,5.89,5.89,1.29,,,,2,0.8499999999999996,False
CCNC(=O)N1[C@@H]2CC[C@H]1CN(c1ccnc(Nc3cnc(C(=O)NC)c(F)c3)n1)C2,CHEMBL5871619,7.03,7.03,False,Other,6.47,6.47,0.5600000000000005,5.75,5.75,1.2800000000000002,,,,2,0.5600000000000005,False
CCNC(=O)N1[C@@H]2CC[C@H]1CN(c1ccnc(Nc3cnn(C)c3)n1)C2,CHEMBL6016381,7.15,7.15,False,Other,6.98,6.98,0.16999999999999993,6.27,6.27,0.8800000000000008,,,,2,0.16999999999999993,False
CCNC(=O)N1[C@@H]2CC[C@H]1CN(c1ccnc(Nc3cnsc3)n1)C2,CHEMBL5819066,7.19,7.19,False,Other,7.17,7.17,0.020000000000000462,6.16,6.16,1.0300000000000002,,,,2,0.020000000000000462,False
CCNC(=O)Nc1cc(NC(=O)c2c(Cl)cccc2Cl)ccn1,CHEMBL2420812,7.75,7.75,False,Other,6.37,6.37,1.38,7.16,7.16,0.5899999999999999,,,,2,0.5899999999999999,False
CCNC(=O)[C@@H]1CCCN(c2ccn(-c3cc(-c4c(F)cccc4C#N)nc4c3C(=O)NC4)n2)C1,CHEMBL5883973,8.3,,True,Other,,,,7.26,,,,,,0,,False
CCNC(=O)[C@H]1CCCN(c2ccn(-c3cc(-c4c(F)cccc4C#N)nc4c3C(=O)NC4)n2)C1,CHEMBL5778351,8.3,,True,Other,,,,7.26,,,,,,0,,False
CCNC(=O)c1ccc(Nc2cc(-c3c(F)cccc3C#N)nc3c2C(=O)NC3)nc1,CHEMBL5178821,9.64,9.64,False,JH1,,,,,,,,,,0,,False
CCNC(=O)c1ccc(Nc2cc(-c3c(F)cccc3Cl)nc3c2C(=O)NC3)nc1,CHEMBL5191597,8.96,8.96,False,JH1,,,,,,,,,,0,,False
CCNC(=O)c1ccc(Nc2cc(-c3c(F)cccc3F)nc3c2C(=O)NC3)nc1,CHEMBL5198005,8.575,8.575,False,Other,,,,5.96,5.96,2.6149999999999993,,,,1,2.6149999999999993,False
CCNC(=O)c1ccc(Nc2cc(NC(=O)C3CC3)nc3[nH]n(C)c(=O)c23)c(OC)c1,CHEMBL5827690,8.26,,True,JH2,,,,,,,,,,0,,True
CCNC(=O)c1ccc(Nc2ncc(F)c(N3CC4CC(C3)N4C(=O)C(C)(C)F)n2)cc1C,CHEMBL5839368,7.68,7.68,False,Other,5.39,5.39,2.29,5.52,5.52,2.16,,,,2,2.16,False
CCNC(=O)c1ccc(Nc2ncc(F)c(N3CC4CC(C3)N4C(=O)C(C)(F)F)n2)cc1C,CHEMBL5899571,7.465,7.465,False,Other,5.58,5.58,1.8849999999999998,5.59,5.59,1.875,5.31,5.31,2.1550000000000002,3,1.875,False
CCNC(=O)c1ccc(Nc2ncc(F)c(N3CC4CC(C3)N4C(=O)C(F)(F)F)n2)cc1C,CHEMBL5925447,7.7,7.7,False,Other,5.83,5.83,1.87,5.72,5.72,1.9800000000000004,5.01,5.01,2.6900000000000004,3,1.87,False
CCNC(=O)c1ccc(Nc2ncc(F)c(N3C[C@H]4CC[C@@H](C3)N4C(=O)C(F)(F)F)n2)cc1C,CHEMBL5813291,8.22,8.22,False,Other,7.09,7.09,1.1300000000000008,6.82,6.82,1.4000000000000004,6.39,6.39,1.830000000000001,3,1.1300000000000008,False
CCNC(=O)c1ccc(Nc2ncc(F)c(N3C[C@H]4CC[C@@H](C3)N4C(=O)C3CC3)n2)cc1,CHEMBL5936512,8.4,8.4,False,Other,7.7,7.7,0.7000000000000002,6.95,6.95,1.4500000000000002,5.78,5.78,2.62,3,0.7000000000000002,False
CCNC(=O)c1ccc(Nc2ncc(F)c(N3C[C@H]4CC[C@@H](C3)N4C(=O)OC(C)(C)C)n2)cc1C,CHEMBL5978404,7.77,7.77,False,Other,6.58,6.58,1.1899999999999995,6.77,6.77,1.0,5.75,5.75,2.0199999999999996,3,1.0,False
CCNC(=O)c1ccc(Nc2ncc(F)c(N3C[C@H]4CC[C@H](C3)N4C(=O)C3CC3)n2)cc1,CHEMBL4552370,7.72,7.72,False,Other,7.2,7.2,0.5199999999999996,6.51,6.51,1.21,5.51,5.51,2.21,3,0.5199999999999996,False
CCNC(=O)c1ccc(Nc2ncc(F)c(N3C[C@H]4CC[C@H](C3)N4C(=O)C3CC3)n2)nc1,CHEMBL4448796,5.14,5.14,False,Other,,,,,,,,,,0,,False
CCNC(=O)c1ccc(Nc2nccc(N3CC4CC(C3)N4C(=O)C(C)(F)F)n2)cc1,CHEMBL6056631,7.21,7.21,False,Other,6.02,6.02,1.1900000000000004,5.73,5.73,1.4799999999999995,,,,2,1.1900000000000004,False
CCNC(=O)c1ccc(Nc2nccc(N3CC4CC(C3)N4C(=O)C(F)(F)F)n2)cc1C,CHEMBL5848525,7.19,7.19,False,Other,5.42,5.42,1.7700000000000005,5.48,5.48,1.71,,,,2,1.71,False
CCNC(=O)c1ccc(Nc2nccc(N3CC4CC(C3)N4C(=O)C3CC3)n2)cc1,CHEMBL4645039,6.68,6.68,False,Other,5.41,5.41,1.2699999999999996,5.02,5.02,1.6600000000000001,,,,2,1.2699999999999996,False
CCNC(=O)c1ccc(Nc2nccc(N3CC4CC(C3)N4C(=O)C3CC3)n2)cc1C,CHEMBL5839380,7.09,7.09,False,Other,5.07,5.07,2.0199999999999996,5.1,5.1,1.9900000000000002,,,,2,1.9900000000000002,False
CCNC(=O)c1ccc(Nc2nccc(N3CC4CCC(C3)N4C(=O)C3CC3)n2)cc1,CHEMBL4638206,7.5,7.5,False,Other,6.91,6.91,0.5899999999999999,6.48,6.48,1.0199999999999996,,,,2,0.5899999999999999,False
CCNC(=O)c1ccc(Nc2nccc(N3CCN(C(=O)CC#N)CC3)n2)cc1,CHEMBL4436287,6.43,6.43,False,Other,5.51,5.51,0.9199999999999999,5.96,5.96,0.46999999999999975,5.06,5.06,1.37,3,0.46999999999999975,False
CCNC(=O)c1ccc(Nc2nccc(N3C[C@@H]4CC[C@H]3CN4C(=O)C3CC3)n2)cc1,CHEMBL4460904,6.83,6.83,False,Other,6.13,6.13,0.7000000000000002,5.56,5.56,1.2700000000000005,,,,2,0.7000000000000002,False
CCNC(=O)c1ccc(Nc2nccc(N3C[C@@H]4C[C@H]3CN4C(=O)C3CC3)n2)cc1,CHEMBL4554881,5.76,5.76,False,Other,,,,,,,,,,0,,False
CCNC(=O)c1ccc(Nc2nccc(N3C[C@@H]4C[C@H]3CN4C(=O)CC#N)n2)cc1,CHEMBL4519857,6.875,6.875,False,Other,5.94,5.94,0.9349999999999996,6.44,6.44,0.4349999999999996,,,,2,0.4349999999999996,False
CCNC(=O)c1ccc(Nc2nccc(N3C[C@H]4CC[C@@H](C3)N4C(=O)CC#N)n2)cc1,CHEMBL5916809,7.92,7.92,False,Other,7.39,7.39,0.5300000000000002,6.7,6.7,1.2199999999999998,,,,2,0.5300000000000002,False
CCNC(=O)c1ccc(Nc2nccc(N3C[C@H]4CC[C@H](C3)N4C(=O)C3CC3)n2)cc1,CHEMBL4587406,7.5,7.5,False,Other,6.91,6.91,0.5899999999999999,6.48,6.48,1.0199999999999996,,,,2,0.5899999999999999,False
CCNC(=O)c1ccc(Nc2nccc(N3C[C@H]4C[C@@H](C3)N4C(=O)C3CC3)n2)cc1,CHEMBL4551587,6.7,6.7,False,Other,5.46,5.46,1.2400000000000002,5.11,5.11,1.5899999999999999,,,,2,1.2400000000000002,False
CCNC(=O)c1ccc(Nc2nccc(N3C[C@H]4C[C@@H]3CN4C(=O)CC#N)n2)cc1,CHEMBL4435302,5.57,5.57,False,Other,5.14,5.14,0.4300000000000006,,,,,,,1,0.4300000000000006,False
CCNC(=O)c1cccc(Nc2cc(Nc3cc(C)c(F)cn3)ncc2C(=O)NC)c1OC,CHEMBL4441840,6.55,6.55,False,Other,,,,,,,,,,0,,False
CCNC(=O)c1cccc(Nc2cc(Nc3cccc(-c4nnn(C)n4)c3OC)c3c(=O)n(C)[nH]c3n2)n1,CHEMBL5790241,9.12,,True,JH2,,,,,,,,,,0,,True
CCNC(=O)c1ccn(-c2cc(-c3c(F)cccc3F)nc3c2C(=O)NC3)n1,CHEMBL5761584,8.3,,True,Other,,,,6.26,,,,,,0,,False
CCNC(=O)c1cnc(N)c2cc(-c3ccc(N4CCOCC4)cc3)sc12,CHEMBL1938644,5.97,5.97,False,Other,6.88,6.88,-0.9100000000000001,7.32,7.32,-1.3500000000000005,6.01,6.01,-0.040000000000000036,3,-1.3500000000000005,False
CCNC(=O)c1cnc(Nc2ccc(F)cn2)cc1Nc1ccccc1C(N)=O,CHEMBL4559521,7.89,7.89,False,JH2,,,,,,,,,,0,,True
CCNC(=O)c1n[nH]c2cc(-c3cc(F)c(O)cc3CC(F)(F)F)nc(NCc3nccnc3N(CC)S(C)(=O)=O)c12,CHEMBL5759831,5.99,5.99,False,Other,7.48,7.48,-1.4900000000000002,7.0,7.0,-1.0099999999999998,6.75,6.75,-0.7599999999999998,3,-1.4900000000000002,False
CCNC(=O)c1ncc(Nc2ncc(F)c(N3C[C@H]4CC[C@H](C3)N4C(=O)C3CC3)n2)cc1C,CHEMBL4445892,7.32,7.32,False,Other,6.63,6.63,0.6900000000000004,5.54,5.54,1.7800000000000002,5.3,5.3,2.0200000000000005,3,0.6900000000000004,False
CCNC(=O)c1ncc(Nc2nccc(N3C[C@H]4CC[C@@H](C3)N4C(=O)C3CC3)n2)cc1C,CHEMBL6043141,7.1,7.1,False,Other,6.12,6.12,0.9799999999999995,6.13,6.13,0.9699999999999998,,,,2,0.9699999999999998,False
CCNC[C@H]1CC[C@H](c2nnn3cnc4[nH]ccc4c23)CC1,CHEMBL3923711,6.85,6.85,False,Other,8.13,8.13,-1.2800000000000011,7.33,7.33,-0.4800000000000004,,,,2,-1.2800000000000011,False
CCNc1cc(Nc2cc(C)cc(C)c2)nn2c(C(N)=O)cnc12,CHEMBL4287081,6.22,6.22,False,JH2,,,,,,,,,,0,,True
CCOC(=O)C(CC)n1c(=O)c2cc(OC)c(OC)cc2c2cnc3[nH]ccc3c21,CHEMBL4286762,7.76,7.76,False,Other,8.72,8.72,-0.9600000000000009,7.98,7.98,-0.22000000000000064,7.56,7.56,0.20000000000000018,3,-0.9600000000000009,False
CCOC(=O)CC1CCC(c2nnn3cnc4[nH]ccc4c23)CC1,CHEMBL3938593,6.24,6.24,False,Other,7.77,7.77,-1.5299999999999994,7.36,7.36,-1.12,6.47,6.47,-0.22999999999999954,3,-1.5299999999999994,False
CCOC(=O)CCc1ccc(Nc2cc(Nc3ccccc3Cl)c(C(N)=O)cn2)nc1,CHEMBL5417474,7.43,7.43,False,Other,7.57,7.57,-0.14000000000000057,7.6,7.6,-0.16999999999999993,7.6,7.6,-0.16999999999999993,3,-0.16999999999999993,False
CCOC(=O)COc1ccc(Nc2cc(Nc3ccccc3Cl)c(C(N)=O)cn2)nc1,CHEMBL5395839,7.27,7.27,False,Other,7.16,7.16,0.10999999999999943,7.12,7.12,0.14999999999999947,7.16,7.16,0.10999999999999943,3,0.10999999999999943,False
CCOC(=O)Cc1ccc(Nc2cc(Nc3ccccc3Cl)c(C(N)=O)cn2)nc1,CHEMBL5403897,7.77,7.77,False,Other,7.7,7.7,0.0699999999999994,7.77,7.77,0.0,7.75,7.75,0.019999999999999574,3,0.0,False
CCOC(=O)Cc1ccc(Nc2cc(Nc3ccccc3OC)c(C(N)=O)cn2)nc1,CHEMBL5420083,7.68,7.68,False,Other,7.72,7.72,-0.040000000000000036,7.58,7.58,0.09999999999999964,7.25,7.25,0.4299999999999997,3,-0.040000000000000036,False
CCOC(=O)Cn1cc(-c2nc3cnc4[nH]ccc4c3n2[C@H]2CC[C@H](CC#N)CC2)cn1,CHEMBL6013781,7.28,7.28,False,JH2,8.55,8.55,-1.2700000000000005,7.61,7.61,-0.33000000000000007,6.56,6.56,0.7200000000000006,3,-1.2700000000000005,True
CCOC(=O)Cn1cc(Nc2ncc3ccn(CC4CC4)c3n2)cn1,CHEMBL5936331,6.26,6.26,False,Other,6.26,,,6.26,6.26,0.0,,,,1,0.0,False
CCOC(=O)Cn1cc(Nc2ncc3ccn(CC4CCC(F)(F)CC4)c3n2)cn1,CHEMBL5987683,6.26,6.26,False,Other,6.26,,,6.26,6.26,0.0,6.26,6.26,0.0,2,0.0,False
CCOC(=O)Cn1cc(Nc2ncc3ccn(CC4CCS(=O)(=O)CC4)c3n2)cn1,CHEMBL5908001,6.26,6.26,False,Other,5.26,,,5.26,5.26,1.0,,,,1,1.0,False
CCOC(=O)Cn1cc(Nc2ncc3ccn(CCC#N)c3n2)cn1,CHEMBL5800655,6.26,6.26,False,Other,5.26,,,6.26,6.26,0.0,6.26,6.26,0.0,2,0.0,False
CCOC(=O)Cn1cc(Nc2ncc3ccn(C[C@H]4CC[C@@H](OC)CC4)c3n2)cn1,CHEMBL5975163,6.26,6.26,False,Other,5.26,,,6.26,6.26,0.0,6.26,6.26,0.0,2,0.0,False
CCOC(=O)Cn1cc(Nc2ncc3ccn(Cc4csc(C)n4)c3n2)cn1,CHEMBL5824702,6.26,6.26,False,Other,6.26,,,,,,,,,0,,False
CCOC(=O)Cn1ccc(Nc2ncc3ccn(CC(CC)CC)c3n2)n1,CHEMBL6034680,6.26,6.26,False,Other,5.26,,,6.26,6.26,0.0,6.26,6.26,0.0,2,0.0,False
CCOC(=O)N1CC(c2nc3cnc4[nH]ccc4c3n2[C@H]2CC[C@H](CC#N)CC2)C1,CHEMBL5857596,7.19,7.19,False,JH2,9.15,9.15,-1.96,6.96,6.96,0.23000000000000043,5.96,5.96,1.2300000000000004,3,-1.96,True
CCOC(=O)N1[C@@H]2CCC[C@H]1C[C@H](Nc1nc(Nc3cc(C)[nH]n3)cc3ncccc13)C2,CHEMBL5884872,9.26,,True,Other,9.26,,,,,,7.3,,,0,,False
CCOC(=O)N1[C@@H]2CC[C@H]1CN(c1ccnc(Nc3cnsc3)n1)C2,CHEMBL6015960,7.19,7.19,False,Other,7.17,7.17,0.020000000000000462,6.16,6.16,1.0300000000000002,,,,2,0.020000000000000462,False
CCOC(=O)N1[C@@H]2CC[C@H]1C[C@H](Nc1nc(Nc3cc(C)[nH]n3)cc3ncccc13)C2,CHEMBL5740430,7.3,,True,Other,9.26,,,9.26,,,7.3,,,0,,False
CCOC(=O)Nc1cncc(-c2cc3ncccc3c(-c3ccn(C4(CC#N)CN(S(C)(=O)=O)C4)n3)n2)c1,CHEMBL5960220,6.87,6.87,False,Other,,,,,,,,,,0,,False
CCOC(=O)Oc1cccc(Nc2cc(Nc3ccccc3Cl)c(C(N)=O)cn2)n1,CHEMBL5279787,7.23,7.23,False,Other,6.88,6.88,0.35000000000000053,6.28,6.28,0.9500000000000002,7.12,7.12,0.11000000000000032,3,0.11000000000000032,False
CCOC(=O)c1ccc(Nc2cc(Nc3ccccc3Cl)c(C(N)=O)cn2)nc1,CHEMBL5420971,6.77,6.77,False,Other,6.92,6.92,-0.15000000000000036,6.96,6.96,-0.1900000000000004,6.77,6.77,0.0,3,-0.1900000000000004,False
CCOC(=O)c1ccc(Nc2ncc3ccn(CC(CC)CC)c3n2)cc1,CHEMBL6060952,6.26,6.26,False,Other,6.26,,,6.26,6.26,0.0,6.26,6.26,0.0,2,0.0,False
CCOC(=O)c1cccc(Nc2nc(N)n(C(=O)c3c(F)cccc3F)n2)c1,CHEMBL1287812,5.76,5.76,False,Other,6.0,6.0,-0.2400000000000002,,,,,,,1,-0.2400000000000002,False
CCOC(=O)c1cccc(Nc2nc(N)n(C(=O)c3ccccc3F)n2)c1,CHEMBL1288062,5.22,5.22,False,Other,,,,,,,,,,0,,False
CCOC(C)n1cc(-c2nc(-c3cnn(C)c3)cn3nccc23)cn1,CHEMBL5802159,5.26,,True,JH1,5.26,,,5.26,,,5.26,,,0,,False
CCOC(C)n1cc(-c2nc(Nc3ccc4c(c3)CCN4S(=O)(=O)c3ccc(C(F)(F)F)cc3)ncc2C)cn1,CHEMBL4872684,7.42,7.42,False,Other,6.42,6.42,1.0,6.47,6.47,0.9500000000000002,6.29,6.29,1.13,3,0.9500000000000002,False
CCOCC(=O)N1[C@@H]2CCC[C@H]1C[C@H](Nc1nc(Nc3cc(C)[nH]n3)cc3ncccc13)C2,CHEMBL5992579,7.3,,True,Other,9.26,,,9.26,,,7.3,,,0,,False
CCOCC(=O)N1[C@@H]2CC[C@H]1C[C@H](Nc1nc(Nc3cc(C)[nH]n3)cc3ncccc13)C2,CHEMBL5776583,7.3,,True,Other,7.3,,,7.3,,,7.3,,,0,,False
CCOCC1(F)CCN(S(=O)(=O)C[C@H]2C[C@@H](N(C)c3ncnc4[nH]ccc34)C2)CC1,CHEMBL5794012,5.0,5.0,False,Other,7.11,7.11,-2.1100000000000003,5.62,5.62,-0.6200000000000001,5.0,5.0,0.0,3,-2.1100000000000003,False
CCOP(=O)(Cc1ccc(NC(=O)Cc2nc3cnc4[nH]ccc4c3n2[C@H]2CC[C@H](CC#N)CC2)cc1)OCC,CHEMBL5756335,8.15,8.15,False,JH2,9.22,9.22,-1.0700000000000003,8.42,8.42,-0.2699999999999996,7.48,7.48,0.6699999999999999,3,-1.0700000000000003,True
CCO[C@@H]1CC[C@H]1NC(=O)c1cnn2c(NC)cc(Nc3cccn(-c4ccccn4)c3=O)nc12,CHEMBL5885810,9.22,,True,JH2,,,,,,,,,,0,,True
CCOc1cc(S(=O)(=O)C[C@H]2C[C@@H](N(C)c3ncnc4[nH]ccc34)C2)ccn1,CHEMBL5794903,9.05,9.05,False,Other,10.96,10.96,-1.9100000000000001,9.48,9.48,-0.4299999999999997,8.0,8.0,1.0500000000000007,3,-1.9100000000000001,False
CCOc1ccc(-c2cc3c(N[C@@H]4CC[C@](C)(N)C4(C)C)c(C(N)=O)cnn3c2)cn1,CHEMBL4091096,7.42,7.42,False,Other,8.4,8.4,-0.9800000000000004,7.52,7.52,-0.09999999999999964,8.96,8.96,-1.540000000000001,3,-1.540000000000001,False
CCOc1ccc(-n2cccc(Nc3cc(N)n4ncc(C(N)=O)c4n3)c2=O)nn1,CHEMBL5994004,9.22,,True,JH2,,,,,,,,,,0,,True
CCOc1ccc(-n2cccc(Nc3cc(NC)n4ncc(C(=O)NC5CC5)c4n3)c2=O)nn1,CHEMBL6033852,9.22,,True,JH2,,,,,,,,,,0,,True
CCOc1ccc(-n2cccc(Nc3cc(NC)n4ncc(C(N)=O)c4n3)c2=O)nn1,CHEMBL6004701,8.26,,True,JH2,,,,,,,,,,0,,True
CCOc1ccc(Cl)cc1-c1nn([C@H]2CCCC[C@@H]2O)cc1NC(=O)c1cnn2cccnc12,CHEMBL3667528,7.12,7.12,False,JH1,8.42,8.42,-1.2999999999999998,7.9,7.9,-0.7800000000000002,6.68,6.68,0.4400000000000004,3,-1.2999999999999998,False
CCOc1ccc(Nc2cc(Nc3ccc(F)cc3S(C)(=O)=O)c3nc(C(F)F)[nH]c3n2)nc1C#N,CHEMBL5764713,9.52,,True,JH2,,,,,,,,,,0,,True
CCOc1ccc(Nc2cc(Nc3ccc(F)cc3S(C)(=O)=O)c3nc(C)[nH]c3n2)nc1C#N,CHEMBL5794778,9.52,,True,JH2,,,,,,,,,,0,,True
CCOc1ccc(Nc2cc(Nc3ccccc3S(C)(=O)=O)c3nc(C(F)F)[nH]c3n2)nc1C#N,CHEMBL5845713,9.52,,True,JH2,,,,,,,,,,0,,True
CCOc1ccc(S(=O)(=O)C[C@H]2C[C@@H](N(C)c3ncnc4[nH]ccc34)C2)cc1,CHEMBL5826986,8.5,8.5,False,Other,10.57,10.57,-2.0700000000000003,9.28,9.28,-0.7799999999999994,8.0,8.0,0.5,3,-2.0700000000000003,False
CCOc1ccc(S(=O)(=O)C[C@H]2C[C@@H](N(C)c3ncnc4[nH]ccc34)C2)cc1Cl,CHEMBL5765697,8.45,8.45,False,Other,10.66,10.66,-2.210000000000001,9.29,9.29,-0.8399999999999999,8.0,8.0,0.4499999999999993,3,-2.210000000000001,False
CCOc1ccc(S(=O)(=O)C[C@H]2C[C@@H](N(C)c3ncnc4[nH]ccc34)C2)cn1,CHEMBL5950639,8.6,8.6,False,Other,10.89,10.89,-2.290000000000001,9.6,9.6,-1.0,8.14,8.14,0.4599999999999991,3,-2.290000000000001,False
CCOc1cccc(Nc2cc(NC)n3ncc(C(=O)N[C@@H]4CCN(C)C4=O)c3n2)n1,CHEMBL5428659,7.42,7.42,False,JH2,,,,,,,,,,0,,True
CCOc1cccc(S(=O)(=O)C[C@H]2C[C@@H](N(C)c3ncnc4[nH]ccc34)C2)c1,CHEMBL5901815,9.52,9.52,False,Other,10.74,10.74,-1.2200000000000006,9.46,9.46,0.05999999999999872,8.0,8.0,1.5199999999999996,3,-1.2200000000000006,False
CCOc1ncc(-c2ccn(C)n2)cc1-c1cc2c(C(=O)NC)cnc(NC(=O)C3CC3)c2[nH]1,CHEMBL5937850,8.26,,True,JH2,,,,,,,,,,0,,True
CCOc1ncccc1-c1cc2c(C(=O)NC)cnc(NC(=O)C3CC3)c2[nH]1,CHEMBL6043306,9.22,,True,JH2,,,,,,,,,,0,,True
CCOc1ncccc1S(=O)(=O)C[C@H]1C[C@@H](N(C)c2ncnc3[nH]ccc23)C1,CHEMBL6054620,8.91,8.91,False,Other,,,,9.28,9.28,-0.3699999999999992,8.0,8.0,0.9100000000000001,2,-0.3699999999999992,False
CCS(=O)(=O)N(C)c1ccccc1CNc1nc(-c2cc(F)c(O)cc2CC(F)(F)F)cc2[nH]nc(C(=O)NC)c12,CHEMBL5843307,7.45,7.45,False,Other,8.28,8.28,-0.8299999999999992,7.58,7.58,-0.1299999999999999,6.93,6.93,0.5200000000000005,3,-0.8299999999999992,False
CCS(=O)(=O)N(C)c1ccccc1CNc1nc(-c2cc(F)c(O)cc2CC(F)(F)F)cc2[nH]nc(C(N)=O)c12,CHEMBL5746265,7.09,7.09,False,Other,8.11,8.11,-1.0199999999999996,7.33,7.33,-0.2400000000000002,6.81,6.81,0.28000000000000025,3,-1.0199999999999996,False
CCS(=O)(=O)N(C)c1ccccc1Nc1cc(Nc2cccc(C#N)n2)nc2[nH]c(C)nc12,CHEMBL5874355,9.52,,True,JH2,,,,,,,,,,0,,True
CCS(=O)(=O)N1CC(C(C)C#N)(n2cc(-c3c(C#N)cnc4[nH]ccc34)cn2)C1,CHEMBL5961025,7.52,7.52,False,Other,8.78,8.78,-1.2599999999999998,8.93,8.93,-1.4100000000000001,7.7,7.7,-0.1800000000000006,3,-1.4100000000000001,False
CCS(=O)(=O)N1CC(C(C)C#N)(n2cc(-c3ncnc4[nH]ccc34)cn2)C1,CHEMBL6028538,7.52,7.52,False,Other,9.07,9.07,-1.5500000000000007,8.74,8.74,-1.2200000000000006,7.7,7.7,-0.1800000000000006,3,-1.5500000000000007,False
CCS(=O)(=O)N1CC(CC#N)(n2cc(-c3c(C#N)cnc4[nH]ccc34)cn2)C1,CHEMBL5869029,7.57,7.57,False,Other,9.15,9.15,-1.58,8.83,8.83,-1.2599999999999998,7.47,7.47,0.10000000000000053,3,-1.58,False
CCS(=O)(=O)N1CC(CC#N)(n2cc(-c3ccnc4[nH]ccc34)c(C)n2)C1,CHEMBL5995252,7.52,7.52,False,Other,8.54,8.54,-1.0199999999999996,8.84,8.84,-1.3200000000000003,,,,2,-1.3200000000000003,False
CCS(=O)(=O)N1CC(CC#N)(n2cc(-c3ccnc4[nH]ccc34)cn2)C1,CHEMBL5782886,7.56,7.56,False,Other,8.98,8.98,-1.4200000000000008,9.09,9.09,-1.5300000000000002,7.32,7.32,0.23999999999999932,3,-1.5300000000000002,False
CCS(=O)(=O)N1CC(CC#N)(n2cc(-c3ncnc4[nH]ccc34)cn2)C1,CHEMBL2105759,7.52,7.52,False,Other,8.4,8.4,-0.8800000000000008,8.18,8.18,-0.6600000000000001,6.6,6.6,0.9199999999999999,3,-0.8800000000000008,False
CCS(=O)(=O)N1CC(CC#N)(n2ccc(-c3nc(-c4cnn(C)c4)cc4ncccc34)n2)C1,CHEMBL5842796,7.41,7.41,False,Other,5.87,5.87,1.54,6.76,6.76,0.6500000000000004,5.09,5.09,2.3200000000000003,3,0.6500000000000004,False
CCS(=O)(=O)N1CC(N(C)c2ncnc3[nH]ccc23)C2(CC2)C1,CHEMBL5889676,6.7,6.7,False,Other,7.465,7.465,-0.7649999999999997,,,,,,,1,-0.7649999999999997,False
CCS(=O)(=O)N1CCN(c2ccc(Nc3ncc(C(N)=O)c(NC4CC4)n3)cc2)CC1,CHEMBL3991929,7.87,7.87,False,Other,7.65,7.65,0.21999999999999975,8.05,8.05,-0.1800000000000006,8.1,8.1,-0.22999999999999954,3,-0.22999999999999954,False
CCS(=O)(=O)N1CCN(c2ccc3cc2COCC=CCOCc2cccc(c2)-c2ccnc(n2)N3)CC1,CHEMBL2181326,6.85,6.85,False,Other,,,,6.82,6.82,0.02999999999999936,,,,1,0.02999999999999936,False
CCS(=O)(=O)N1CCc2cc(Nc3ncc(C)c(-c4cnn(C(C)C)c4)n3)ccc21,CHEMBL4867814,8.79,8.79,False,Other,,,,8.56,8.56,0.22999999999999865,,,,1,0.22999999999999865,False
CCS(=O)(=O)N1[C@@H]2CCC[C@H]1C[C@H](Nc1nc(Nc3cc(C)[nH]n3)cc3nc(CN4CCOCC4)ccc13)C2,CHEMBL5851666,9.26,,True,Other,,,,,,,9.26,,,0,,False
CCS(=O)(=O)N1[C@@H]2CCC[C@H]1C[C@H](Nc1nc(Nc3cc(C)[nH]n3)cc3ncccc13)C2,CHEMBL5823501,9.26,,True,Other,,,,,,,9.26,,,0,,False
CCS(=O)(=O)N1[C@@H]2CC[C@H]1C[C@H](Nc1nc(Nc3cc(C)[nH]n3)c(F)c3ncccc13)C2,CHEMBL5763505,7.3,,True,Other,9.26,,,9.26,,,7.3,,,0,,False
CCS(=O)(=O)N1[C@@H]2CC[C@H]1C[C@H](Nc1nc(Nc3cc(C)[nH]n3)cc3nc(CN4CCOCC4)ccc13)C2,CHEMBL6031893,9.26,,True,Other,9.26,,,,,,9.26,,,0,,False
CCS(=O)(=O)N1[C@@H]2CC[C@H]1C[C@H](Nc1nc(Nc3cc(C)[nH]n3)cc3nc(CO)ccc13)C2,CHEMBL5978608,9.26,,True,Other,,,,,,,7.3,,,0,,False
CCS(=O)(=O)N1[C@@H]2CC[C@H]1C[C@H](Nc1nc(Nc3cc(C)[nH]n3)cc3nc(COO)ccc13)C2,CHEMBL5840920,9.26,,True,Other,,,,,,,7.3,,,0,,False
CCS(=O)(=O)N1[C@@H]2CC[C@H]1C[C@H](Nc1nc(Nc3cc(C)[nH]n3)cc3nc(OC)ccc13)C2,CHEMBL5873656,9.26,,True,Other,9.26,,,9.26,,,7.3,,,0,,False
CCS(=O)(=O)N1[C@@H]2CC[C@H]1C[C@H](Nc1nc(Nc3cc(C)[nH]n3)cc3ncc(C(=O)OC)cc13)C2,CHEMBL5785106,9.26,,True,Other,,,,,,,7.3,,,0,,False
CCS(=O)(=O)N1[C@@H]2CC[C@H]1C[C@H](Nc1nc(Nc3cc(C)[nH]n3)cc3nccc(OC)c13)C2,CHEMBL5958721,7.3,,True,Other,9.26,,,9.26,,,7.3,,,0,,False
CCS(=O)(=O)N1[C@@H]2CC[C@H]1C[C@H](Nc1nc(Nc3cc(C)[nH]n3)cc3ncccc13)C2,CHEMBL5964465,9.26,,True,Other,,,,9.26,,,7.3,,,0,,False
CCS(=O)(=O)NCc1ccc(Nc2ncc(C)c(-c3cnn(C(C)C)c3)n2)cc1,CHEMBL5424098,6.72,6.72,False,Other,6.85,6.85,-0.1299999999999999,7.445,7.445,-0.7250000000000005,6.54,6.54,0.17999999999999972,3,-0.7250000000000005,False
CCS(=O)(=O)Nc1cc(-c2c(C)cc(O)cc2C)cc2[nH]ncc12,CHEMBL4577685,5.2,5.2,False,Other,5.54,5.54,-0.33999999999999986,5.7,5.7,-0.5,5.6,5.6,-0.39999999999999947,3,-0.5,False
CCS(=O)(=O)Nc1cc(-c2ccc(O)c(C)c2)cc2[nH]ncc12,CHEMBL4551312,6.1,6.1,False,Other,6.53,6.53,-0.4300000000000006,6.9,6.9,-0.8000000000000007,7.2,7.2,-1.1000000000000005,3,-1.1000000000000005,False
CCS(=O)(=O)Nc1cc(-c2ccc(O)c(Cl)c2)cc2[nH]ncc12,CHEMBL4518744,6.6,6.6,False,Other,7.15,7.15,-0.5500000000000007,7.7,7.7,-1.1000000000000005,7.9,7.9,-1.3000000000000007,3,-1.3000000000000007,False
CCS(=O)(=O)Nc1cc(-c2ccc(O)c(F)c2)cc2[nH]ncc12,CHEMBL4516561,6.6,6.6,False,Other,7.54,7.54,-0.9400000000000004,8.1,8.1,-1.5,8.0,8.0,-1.4000000000000004,3,-1.5,False
CCS(=O)(=O)Nc1cc(-c2ccc(O)c(OC)c2)cc2[nH]ncc12,CHEMBL4564318,5.6,5.6,False,Other,6.07,6.07,-0.47000000000000064,6.0,6.0,-0.40000000000000036,6.6,6.6,-1.0,3,-1.0,False
CCS(=O)(=O)Nc1cc(-c2ccc(O)cc2)cc2[nH]ncc12,CHEMBL4531121,6.4,6.4,False,Other,7.43,7.43,-1.0299999999999994,8.0,8.0,-1.5999999999999996,8.1,8.1,-1.6999999999999993,3,-1.6999999999999993,False
CCS(=O)(=O)Nc1cc(-c2ccc(O)cc2C)cc2[nH]ncc12,CHEMBL4567992,6.1,6.1,False,Other,7.26,7.26,-1.1600000000000001,7.5,7.5,-1.4000000000000004,7.6,7.6,-1.5,3,-1.5,False
CCS(=O)(=O)Nc1cc(-c2ccc(O)cc2Cl)cc2[nH]ncc12,CHEMBL4589842,6.5,6.5,False,Other,7.72,7.72,-1.2199999999999998,7.7,7.7,-1.2000000000000002,7.8,7.8,-1.2999999999999998,3,-1.2999999999999998,False
CCS(=O)(=O)Nc1ccc(-c2ccc3[nH]nc(N)c3c2)cc1,CHEMBL1997597,6.7,6.7,False,Other,,,,7.3,7.3,-0.5999999999999996,6.8,6.8,-0.09999999999999964,2,-0.5999999999999996,False
CCS(=O)(=O)Nc1ccc2c(c1)/C(=C(/Nc1ccc(CN3CCCCC3)cc1)c1ccccc1)C(=O)N2,CHEMBL514409,7.12,7.12,False,Other,,,,,,,,,,0,,False
CCS(=O)(=O)c1cccc(-c2cn(C)c3cnc(NC(C)=O)cc23)n1,CHEMBL5403272,8.05,8.05,False,JH2,,,,,,,,,,0,,True
CCS(=O)(=O)c1ccccc1Nc1cc(Nc2ccc(F)cn2)ncc1C(=O)NC,CHEMBL4453827,6.73,6.73,False,JH2,,,,,,,,,,0,,True
CCSC(C)C(=O)N1[C@@H]2CCC[C@H]1C[C@H](Nc1nc(Nc3cc(C)[nH]n3)cc3ncccc13)C2,CHEMBL5974229,9.26,,True,Other,9.26,,,9.26,,,7.3,,,0,,False
CC[C@@H](C(=O)NCC(F)(F)F)n1c(=O)c2cc(OC)c(OC)cc2c2cnc3[nH]ccc3c21,CHEMBL4289532,6.56,6.56,False,Other,7.52,7.52,-0.96,6.96,6.96,-0.40000000000000036,7.12,7.12,-0.5600000000000005,3,-0.96,False
CC[C@@H](C)CS(=O)(=O)C[C@H]1C[C@@H](N(C)c2ncnc3[nH]ccc23)C1,CHEMBL6059683,9.44,9.44,False,Other,10.92,10.92,-1.4800000000000004,9.77,9.77,-0.33000000000000007,8.0,8.0,1.4399999999999995,3,-1.4800000000000004,False
CC[C@@H](C)n1cc(-c2nc(-c3cnn(C(CO)CO)c3)cn3nccc23)cn1,CHEMBL5994656,6.26,,True,JH1,5.76,,,7.26,,,5.26,,,0,,False
CC[C@@H](C)n1cc(-c2nc(-c3cnn(C4CCS(=O)(=O)CC4)c3)cn3nccc23)cn1,CHEMBL5958255,6.26,,True,JH1,5.26,,,7.26,,,5.26,,,0,,False
CC[C@@H](C)n1cc(-c2nc(-c3cnn(C[C@@H](O)CO)c3)cn3nccc23)cn1,CHEMBL5840098,6.76,,True,JH1,5.76,,,6.76,,,5.26,,,0,,False
CC[C@@H](C)n1cc(-c2nc(-c3cnn(C[C@H](O)CO)c3)cn3nccc23)cn1,CHEMBL5748466,6.26,,True,JH1,5.76,,,6.26,,,5.26,,,0,,False
CC[C@@H](C1CCC1)n1cc(-c2nc(-c3cnn(C[C@@H](O)CO)c3)cn3nccc23)cn1,CHEMBL5762508,6.76,,True,JH1,5.76,,,6.76,,,5.26,,,0,,False
CC[C@@H](CC(F)(F)F)n1cc(-c2nc(-c3cnn(C(CO)CO)c3)cn3nccc23)cn1,CHEMBL5989005,7.26,,True,JH1,6.26,,,7.26,,,5.26,,,0,,False
CC[C@@H](CC(F)(F)F)n1cc(-c2nc(-c3cnn(C[C@@H](O)CO)c3)cn3nccc23)cn1,CHEMBL6033521,7.26,,True,JH1,6.26,,,7.26,,,5.26,,,0,,False
CC[C@@H](CC1CC1)n1cc(-c2cnn3cc(-c4cnn(C[C@@H](O)CO)c4)ncc23)cn1,CHEMBL5965285,7.26,,True,JH1,6.26,,,7.26,,,5.26,,,0,,False
CC[C@@H](CC1CC1)n1cc(-c2nc(-c3cnn(C[C@@H](O)CO)c3)cn3nccc23)cn1,CHEMBL6009261,7.26,7.26,False,JH1,6.26,,,7.26,7.26,0.0,5.26,5.26,2.0,2,0.0,False
CC[C@@H]1CCC[C@@H]1n1cc(-c2nc(-c3cnn(C[C@@H](O)CO)c3)cn3nccc23)cn1,CHEMBL5845029,6.76,,True,JH1,5.76,,,7.26,,,5.76,,,0,,False
CC[C@@H]1CN(C(=O)NCC(F)(F)F)C[C@@H]1c1cnc2cnc3[nH]ccc3n12,CHEMBL3622821,5.57,5.57,False,Other,7.785,7.785,-2.215,7.19,7.19,-1.62,7.22,7.22,-1.6499999999999995,3,-2.215,False
CC[C@@](C)(Nc1ccnc(-c2c[nH]c3ncccc23)n1)C(=O)NCC(F)(F)F,CHEMBL3039513,7.96,7.96,False,Other,7.79,7.79,0.16999999999999993,7.62,7.62,0.33999999999999986,8.6,8.6,-0.6399999999999997,3,-0.6399999999999997,False
CC[C@H](C(=O)N1CC(C#N)C1)n1c(=O)c2cc(OC)c(OC)cc2c2cnc3[nH]ccc3c21,CHEMBL4286103,7.13,7.13,False,Other,8.47,8.47,-1.3400000000000007,7.53,7.53,-0.40000000000000036,6.94,6.94,0.1899999999999995,3,-1.3400000000000007,False
CC[C@H](C(=O)NCC(F)(F)F)n1c(=O)c2cc(OC)c(OC)cc2c2cnc3[nH]ccc3c21,CHEMBL4278853,6.47,6.47,False,Other,7.36,7.36,-0.8900000000000006,6.85,6.85,-0.3799999999999999,7.06,7.06,-0.5899999999999999,3,-0.8900000000000006,False
CC[C@H](C)CS(=O)(=O)C[C@H]1C[C@@H](N(C)c2ncnc3[nH]ccc23)C1,CHEMBL5962155,9.52,9.52,False,Other,,,,9.81,9.81,-0.2900000000000009,8.0,8.0,1.5199999999999996,2,-0.2900000000000009,False
CC[C@H](C)n1cc(-c2nc(-c3cnn(C(CO)CO)c3)cn3nccc23)cn1,CHEMBL5754513,6.76,,True,JH1,6.26,,,7.26,,,5.26,,,0,,False
CC[C@H](C)n1cc(-c2nc(-c3cnn(C[C@@H](O)CO)c3)cn3nccc23)cn1,CHEMBL5806813,6.76,,True,JH1,5.76,,,6.76,,,5.26,,,0,,False
CC[C@H](C)n1cc(-c2nc(-c3cnn(C[C@H](O)CO)c3)cn3nccc23)cn1,CHEMBL5919131,6.76,,True,JH1,5.76,,,6.76,,,5.26,,,0,,False
CC[C@H](C1CCC1)n1cc(-c2nc(-c3cnn(C[C@@H](O)CO)c3)cn3nccc23)cn1,CHEMBL5862218,6.76,,True,JH1,5.76,,,6.76,,,5.26,,,0,,False
CC[C@H](CC(F)(F)F)n1cc(-c2nc(-c3cnn(C(CO)CO)c3)cn3nccc23)cn1,CHEMBL6050401,6.26,,True,JH1,5.26,,,6.26,,,5.26,,,0,,False
CC[C@H](CC(F)(F)F)n1cc(-c2nc(-c3cnn(C[C@@H](O)CO)c3)cn3nccc23)cn1,CHEMBL5793613,6.76,7.26,False,JH1,5.76,,,6.76,7.26,0.0,5.26,,,1,0.0,False
CC[C@H](Cn1ccc2cnc(Nc3cnn(CC(=O)O[C@@H]4C[C@@H](C(=O)O)N(C)C4)c3)nc21)C(C)C,CHEMBL5852853,6.26,6.26,False,Other,6.26,6.26,0.0,6.26,6.26,0.0,6.26,6.26,0.0,3,0.0,False
CC[C@H](Cn1ccc2cnc(Nc3cnn(CC(=O)O[C@@H]4C[C@@H](C(=O)OC(C)C)N(C)C4)c3)nc21)C(C)C,CHEMBL5961193,6.26,6.26,False,Other,,,,6.26,6.26,0.0,6.26,6.26,0.0,2,0.0,False
CC[C@H](n1cc(-c2nc(-c3cnn(C[C@@H](O)CO)c3)cn3nccc23)cn1)C(C)(F)F,CHEMBL5997361,6.26,6.26,False,JH1,5.26,,,6.26,6.26,0.0,5.26,5.26,1.0,2,0.0,False
CC[C@H]1CCC[C@H]1n1cc(-c2nc(-c3cnn(C[C@@H](O)CO)c3)cn3nccc23)cn1,CHEMBL5760204,6.76,,True,JH1,5.76,,,7.26,,,5.26,,,0,,False
CCc1c(-c2cc(OC)c3nc(N)ncc3c2)ccc(O)c1F,CHEMBL5089877,5.8,5.8,False,Other,8.1,8.1,-2.3,7.2,7.2,-1.4000000000000004,7.1,7.1,-1.2999999999999998,3,-2.3,False
CCc1c(-c2ccc(C(C)(C)O)cc2)[nH]c2nccnc12,CHEMBL1976420,5.9,5.9,False,Other,,,,6.2,6.2,-0.2999999999999998,,,,1,-0.2999999999999998,False
CCc1cc(-c2cccs2)ccc1N(C)c1cc2c(cn1)ncn2C,CHEMBL6102359,8.52,8.52,False,Other,8.55,8.55,-0.030000000000001137,7.38,7.38,1.1399999999999997,7.8,7.8,0.7199999999999998,3,-0.030000000000001137,False
CCc1cc(-c2cnc(OC)nc2)ccc1N(C)c1cc2c(cn1)ncn2C,CHEMBL6120710,7.4,7.4,False,Other,8.59,8.59,-1.1899999999999995,6.81,6.81,0.5900000000000007,5.83,5.83,1.5700000000000003,3,-1.1899999999999995,False
CCc1cc(C#N)cc(F)c1N(C)c1cc(NC(=O)C2CC2)c2ncn(C)c2n1,CHEMBL5566261,9.14,9.14,False,Other,8.35,8.35,0.7900000000000009,8.44,8.44,0.7000000000000011,7.42,7.42,1.7200000000000006,3,0.7000000000000011,False
CCc1cc(C#N)cc(F)c1N(C)c1cc(NC(=O)NC)c2ncn(C)c2n1,CHEMBL5542289,9.49,9.49,False,Other,8.52,8.52,0.9700000000000006,9.33,9.33,0.16000000000000014,7.92,7.92,1.5700000000000003,3,0.16000000000000014,False
CCc1cc(C#N)cc(F)c1N(C)c1cc(Nc2cc(N)ncn2)c2ncn(C)c2n1,CHEMBL5532560,9.24,9.24,False,Other,7.66,7.66,1.58,8.62,8.62,0.620000000000001,7.33,7.33,1.9100000000000001,3,0.620000000000001,False
CCc1cc(C#N)cc(F)c1N(C)c1cc2c(ncn2C)c(NC(=O)C2CC2(F)F)n1,CHEMBL6102457,7.28,7.28,False,Other,8.11,8.11,-0.8299999999999992,6.86,6.86,0.41999999999999993,5.48,5.48,1.7999999999999998,3,-0.8299999999999992,False
CCc1cc(C#N)cc(F)c1N(C)c1cc2c(ncn2C)c(NC(=O)C2CC2)n1,CHEMBL6151013,8.32,8.32,False,Other,8.8,8.8,-0.4800000000000004,7.75,7.75,0.5700000000000003,6.5,6.5,1.8200000000000003,3,-0.4800000000000004,False
CCc1cc(C#N)cc(F)c1N(C)c1cc2c(ncn2C)c(NC(=O)C2CC2F)n1,CHEMBL6102070,8.38,8.38,False,Other,8.39,8.39,-0.009999999999999787,7.46,7.46,0.9200000000000008,6.51,6.51,1.870000000000001,3,-0.009999999999999787,False
CCc1cc(C#N)cc(F)c1N(C)c1cc2c(ncn2C)c(NC(=O)OC)n1,CHEMBL6152057,8.09,8.09,False,Other,8.13,8.13,-0.040000000000000924,7.55,7.55,0.54,6.34,6.34,1.75,3,-0.040000000000000924,False
CCc1cc(C#N)cc(F)c1N(C)c1cc2c(ncn2C)c(NC(=O)[C@@H]2C[C@@H]2F)n1,CHEMBL6152336,8.16,8.16,False,Other,8.24,8.24,-0.08000000000000007,7.72,7.72,0.4400000000000004,6.24,6.24,1.92,3,-0.08000000000000007,False
CCc1cc(C#N)cc(F)c1N(C)c1cc2c(ncn2C)c(NC(=O)[C@H]2C[C@H]2F)n1,CHEMBL6152394,8.7,8.7,False,Other,8.6,8.6,0.09999999999999964,7.52,7.52,1.1799999999999997,6.46,6.46,2.2399999999999993,3,0.09999999999999964,False
CCc1cc(C#N)cc(F)c1N(C)c1nc(NC(=O)C2CC2)c2ncn(C)c2n1,CHEMBL5557585,8.32,8.32,False,Other,8.8,8.8,-0.4800000000000004,7.75,7.75,0.5700000000000003,6.5,6.5,1.8200000000000003,3,-0.4800000000000004,False
CCc1cc(C#N)ccc1N(C)c1cc2c(cn1)ncn2C,CHEMBL6151798,6.76,6.76,False,Other,7.68,7.68,-0.9199999999999999,6.61,6.61,0.14999999999999947,5.52,5.52,1.2400000000000002,3,-0.9199999999999999,False
CCc1cc(C#N)ccc1N(C)c1cc2c(ncn2C)c(NC(=O)[C@H]2C[C@H]2F)n1,CHEMBL6102299,8.46,8.46,False,Other,8.35,8.35,0.11000000000000121,7.41,7.41,1.0500000000000007,6.33,6.33,2.130000000000001,3,0.11000000000000121,False
CCc1cc(C#N)nc(F)c1N(C)c1cc2c(ncn2C)c(NC(=O)[C@H]2C[C@H]2F)n1,CHEMBL6164211,8.85,8.85,False,Other,9.17,9.17,-0.3200000000000003,7.85,7.85,1.0,6.54,6.54,2.3099999999999996,3,-0.3200000000000003,False
CCc1cc(C#N)ncc1N(C)c1cc(Nc2cc(N)ncn2)c2ncn(C)c2n1,CHEMBL5559212,9.38,9.38,False,Other,7.92,7.92,1.4600000000000009,8.62,8.62,0.7600000000000016,7.14,7.14,2.240000000000001,3,0.7600000000000016,False
CCc1cc(C#N)ncc1N(C)c1cc2c(ncn2C)c(NC(=O)[C@H]2C[C@H]2F)n1,CHEMBL6161407,8.01,8.01,False,Other,8.28,8.28,-0.2699999999999996,7.1,7.1,0.9100000000000001,5.96,5.96,2.05,3,-0.2699999999999996,False
CCc1cc(C(N)=O)ccc1N(C)c1cc2c(ncn2C)c(NC(=O)[C@H]2C[C@H]2F)n1,CHEMBL6151179,8.47,8.47,False,Other,8.72,8.72,-0.25,7.82,7.82,0.6500000000000004,6.78,6.78,1.6900000000000004,3,-0.25,False
CCc1cc(C2=CCN(S(=O)(=O)N3CCCCC3)CC2)ccc1N(C)c1cc2c(cn1)ncn2C,CHEMBL6151568,8.51,8.51,False,Other,8.74,8.74,-0.23000000000000043,7.24,7.24,1.2699999999999996,7.72,7.72,0.79,3,-0.23000000000000043,False
CCc1cc(C2=CCN(S(C)(=O)=O)CC2)ccc1N(C)c1cc2c(cn1)ncn2C,CHEMBL6144983,8.32,8.32,False,Other,8.96,8.96,-0.6400000000000006,7.57,7.57,0.75,7.39,7.39,0.9300000000000006,3,-0.6400000000000006,False
CCc1cc(C2=CCN(S(C)(=O)=O)CC2)ccc1N(C)c1cc2c(ncn2C)c(NC(=O)C2CC2)n1,CHEMBL6147612,8.48,8.48,False,Other,8.74,8.74,-0.2599999999999998,7.7,7.7,0.7800000000000002,7.24,7.24,1.2400000000000002,3,-0.2599999999999998,False
CCc1cc(C2=CCN(S(C)(=O)=O)CC2)ccc1N(C)c1cc2c(ncn2C)c(NC(=O)[C@H]2C[C@H]2F)n1,CHEMBL6142971,8.35,8.35,False,Other,8.52,8.52,-0.16999999999999993,7.52,7.52,0.8300000000000001,7.0,7.0,1.3499999999999996,3,-0.16999999999999993,False
CCc1cc(Nc2nccc3nc(-c4c(Cl)cc(C(N)=O)cc4Cl)sc23)ncn1,CHEMBL3675694,8.8,8.8,False,Other,,,,,,,,,,0,,False
CCc1cc(O)c(F)cc1-c1cc(N(C)CCO)c2nc(N)ncc2c1,CHEMBL5084913,6.6,6.6,False,Other,8.4,8.4,-1.8000000000000007,7.9,7.9,-1.3000000000000007,8.0,8.0,-1.4000000000000004,3,-1.8000000000000007,False
CCc1cc(O)c(F)cc1-c1cc(N)c(C(=N)C(=O)NC)c(NCCc2ccc(NS(=O)(=O)c3ccccc3)cc2)n1,CHEMBL5935366,7.08,7.08,False,Other,8.24,8.24,-1.1600000000000001,7.59,7.59,-0.5099999999999998,6.96,6.96,0.1200000000000001,3,-1.1600000000000001,False
CCc1cc(O)c(F)cc1-c1cc(N)c(C(=N)C(=O)NC)c(NCc2ccccc2N(CC)S(C)(=O)=O)n1,CHEMBL6028071,8.14,8.14,False,Other,8.77,8.77,-0.629999999999999,7.97,7.97,0.17000000000000082,7.22,7.22,0.9200000000000008,3,-0.629999999999999,False
CCc1cc(O)c(F)cc1-c1cc(N)c(C(=N)C(N)=O)c(NCc2ccccc2N(C)S(=O)(=O)c2ccccc2)n1,CHEMBL5743152,7.74,7.74,False,Other,8.34,8.34,-0.5999999999999996,7.64,7.64,0.10000000000000053,6.89,6.89,0.8500000000000005,3,-0.5999999999999996,False
CCc1cc(O)c(F)cc1-c1cc(N)c(C=N)c(N(C)Cc2ccccc2N(CC)S(C)(=O)=O)n1,CHEMBL5747763,7.8,7.8,False,Other,9.0,9.0,-1.2000000000000002,8.35,8.35,-0.5499999999999998,7.79,7.79,0.009999999999999787,3,-1.2000000000000002,False
CCc1cc(O)c(F)cc1-c1cc(N)c(C=N)c(N(CCc2ccc(OC)c(OC)c2)Cc2ccccc2N(C)S(C)(=O)=O)n1,CHEMBL5932298,7.25,7.25,False,Other,7.94,7.94,-0.6900000000000004,7.36,7.36,-0.11000000000000032,6.75,6.75,0.5,3,-0.6900000000000004,False
CCc1cc(O)c(F)cc1-c1cc(N)c(C=N)c(NCc2c(F)cccc2N(C)S(C)(=O)=O)n1,CHEMBL5865412,7.69,7.69,False,Other,,,,8.77,8.77,-1.0799999999999992,8.12,8.12,-0.4299999999999988,2,-1.0799999999999992,False
CCc1cc(O)c(F)cc1-c1cc(N)c(C=N)c(NCc2cc(C)ccc2N(C)S(C)(=O)=O)n1,CHEMBL5750647,5.89,5.89,False,Other,7.72,7.72,-1.83,7.5,7.5,-1.6100000000000003,7.74,7.74,-1.8500000000000005,3,-1.8500000000000005,False
CCc1cc(O)c(F)cc1-c1cc(N)c(C=N)c(NCc2ccccc2N(C)S(C)(=O)=O)n1,CHEMBL5903561,7.21,7.21,False,Other,8.92,8.92,-1.71,8.3,8.3,-1.0900000000000007,7.81,7.81,-0.5999999999999996,3,-1.71,False
CCc1cc(O)c(F)cc1-c1cc(N)c(C=N)c(NCc2ccccc2N(CC)S(C)(=O)=O)n1,CHEMBL5836284,8.32,8.32,False,Other,9.22,9.22,-0.9000000000000004,8.59,8.59,-0.2699999999999996,7.85,7.85,0.47000000000000064,3,-0.9000000000000004,False
CCc1cc(O)c(F)cc1-c1cc(N)c(C=N)c(NCc2ccccc2N(CCO)S(C)(=O)=O)n1,CHEMBL5805588,7.31,7.31,False,Other,8.96,8.96,-1.6500000000000012,8.33,8.33,-1.0200000000000005,7.73,7.73,-0.4200000000000008,3,-1.6500000000000012,False
CCc1cc(O)c(F)cc1-c1cc(NC(CO)CO)c2nc(N)ncc2c1,CHEMBL5085176,7.0,7.0,False,Other,9.0,9.0,-2.0,8.7,8.7,-1.6999999999999993,8.8,8.8,-1.8000000000000007,3,-2.0,False
CCc1cc(O)c(F)cc1-c1cc(NC2CCN(C(C)=O)CC2)c2nc(N)ncc2c1,CHEMBL5084542,7.4,7.4,False,Other,9.1,9.1,-1.6999999999999993,9.1,9.1,-1.6999999999999993,9.1,9.1,-1.6999999999999993,3,-1.6999999999999993,False
CCc1cc(O)c(F)cc1-c1cc(NC2CCN(C)CC2)c2nc(N)ncc2c1,CHEMBL5077126,6.8,6.8,False,Other,8.8,8.8,-2.000000000000001,8.2,8.2,-1.3999999999999995,8.5,8.5,-1.7000000000000002,3,-2.000000000000001,False
CCc1cc(O)c(F)cc1-c1cc(NCC2CCN(C)CC2)c2nc(N)ncc2c1,CHEMBL5075223,6.5,6.5,False,Other,8.6,8.6,-2.0999999999999996,7.8,7.8,-1.2999999999999998,8.0,8.0,-1.5,3,-2.0999999999999996,False
CCc1cc(O)c(F)cc1-c1cc(NCCCO)c2nc(N)ncc2c1,CHEMBL5084340,7.0,7.0,False,Other,8.9,8.9,-1.9000000000000004,8.1,8.1,-1.0999999999999996,8.3,8.3,-1.3000000000000007,3,-1.9000000000000004,False
CCc1cc(O)c(F)cc1-c1cc(NCCNC)c2nc(N)ncc2c1,CHEMBL5076068,6.4,6.4,False,Other,8.8,8.8,-2.4000000000000004,8.1,8.1,-1.6999999999999993,8.2,8.2,-1.799999999999999,3,-2.4000000000000004,False
CCc1cc(O)c(F)cc1-c1cc(NCCO)c2nc(N)ncc2c1,CHEMBL5082928,6.9,6.9,False,Other,8.9,8.9,-2.0,8.2,8.2,-1.299999999999999,8.3,8.3,-1.4000000000000004,3,-2.0,False
CCc1cc(O)c(F)cc1-c1cc(NC[C@@H](C)O)c2nc(N)ncc2c1,CHEMBL5079248,7.2,7.2,False,Other,8.9,8.9,-1.7000000000000002,8.6,8.6,-1.3999999999999995,8.6,8.6,-1.3999999999999995,3,-1.7000000000000002,False
CCc1cc(O)c(F)cc1-c1cc(NC[C@H](C)O)c2nc(N)ncc2c1,CHEMBL5078141,7.5,7.5,False,Other,9.3,9.3,-1.8000000000000007,8.8,8.8,-1.3000000000000007,8.9,8.9,-1.4000000000000004,3,-1.8000000000000007,False
CCc1cc(O)c(F)cc1-c1cc(NP(=O)(CC)CC)c2cn[nH]c2c1,CHEMBL4483484,4.7,4.7,False,Other,6.08,6.08,-1.38,5.5,5.5,-0.7999999999999998,6.0,6.0,-1.2999999999999998,3,-1.38,False
CCc1cc(O)c(F)cc1-c1cc(NS(=O)(=O)C(F)(F)F)c2cn[nH]c2c1,CHEMBL4522317,6.0,6.0,False,Other,7.16,7.16,-1.1600000000000001,6.8,6.8,-0.7999999999999998,7.6,7.6,-1.5999999999999996,3,-1.5999999999999996,False
CCc1cc(O)c(F)cc1-c1cc(NS(=O)(=O)C2CC2)c2cn[nH]c2c1,CHEMBL4554460,6.5,6.5,False,Other,8.04,8.04,-1.5399999999999991,8.0,8.0,-1.5,8.5,8.5,-2.0,3,-2.0,False
CCc1cc(O)c(F)cc1-c1cc(NS(=O)(=O)C2CCCC2)c2cn[nH]c2c1,CHEMBL4521312,6.4,6.4,False,Other,7.6,7.6,-1.1999999999999993,7.6,7.6,-1.1999999999999993,8.4,8.4,-2.0,3,-2.0,False
CCc1cc(O)c(F)cc1-c1cc(NS(=O)(=O)CC)c2cn[nH]c2c1,CHEMBL4483364,6.8,6.8,False,Other,8.38,8.38,-1.580000000000001,8.3,8.3,-1.5000000000000009,8.6,8.6,-1.7999999999999998,3,-1.7999999999999998,False
CCc1cc(O)c(F)cc1-c1cc(NS(=O)(=O)CC2CCC2)c2cn[nH]c2c1,CHEMBL4580425,6.1,6.1,False,Other,7.85,7.85,-1.75,7.7,7.7,-1.6000000000000005,8.4,8.4,-2.3000000000000007,3,-2.3000000000000007,False
CCc1cc(O)c(F)cc1-c1cc(NS(=O)(=O)CCC(=O)OC)c2cn[nH]c2c1,CHEMBL4483513,6.4,6.4,False,Other,8.26,8.26,-1.8599999999999994,8.0,8.0,-1.5999999999999996,8.5,8.5,-2.0999999999999996,3,-2.0999999999999996,False
CCc1cc(O)c(F)cc1-c1cc(NS(=O)(=O)CCN2CCCCC2)c2cn[nH]c2c1,CHEMBL4529314,5.2,5.2,False,Other,6.98,6.98,-1.7800000000000002,6.8,6.8,-1.5999999999999996,7.5,7.5,-2.3,3,-2.3,False
CCc1cc(O)c(F)cc1-c1cc(NS(=O)(=O)CCN2CCN(C)CC2)c2cn[nH]c2c1,CHEMBL4535413,5.1,5.1,False,Other,6.77,6.77,-1.67,6.7,6.7,-1.6000000000000005,7.2,7.2,-2.1000000000000005,3,-2.1000000000000005,False
CCc1cc(O)c(F)cc1-c1cc(NS(=O)(=O)CCO)c2cn[nH]c2c1,CHEMBL4543715,6.2,6.2,False,Other,7.94,7.94,-1.7400000000000002,7.7,7.7,-1.5,8.2,8.2,-1.9999999999999991,3,-1.9999999999999991,False
CCc1cc(O)c(F)cc1-c1cc(NS(=O)(=O)CCOC)c2cn[nH]c2c1,CHEMBL4569613,6.3,6.3,False,Other,8.03,8.03,-1.7299999999999995,7.8,7.8,-1.5,8.4,8.4,-2.1000000000000005,3,-2.1000000000000005,False
CCc1cc(O)c(F)cc1-c1cc(NS(=O)(=O)N(C)C)c2cn[nH]c2c1,CHEMBL4534573,6.8,6.8,False,Other,8.36,8.36,-1.5599999999999996,8.2,8.2,-1.3999999999999995,8.5,8.5,-1.7000000000000002,3,-1.7000000000000002,False
CCc1cc(O)c(F)cc1-c1cc(NS(=O)(=O)c2ccccc2Cl)c2cn[nH]c2c1,CHEMBL4560212,6.5,6.5,False,Other,7.78,7.78,-1.2800000000000002,8.1,8.1,-1.5999999999999996,8.5,8.5,-2.0,3,-2.0,False
CCc1cc(O)c(F)cc1-c1cc(NS(=O)(=O)c2ccccn2)c2cn[nH]c2c1,CHEMBL4528395,6.2,6.2,False,Other,7.53,7.53,-1.33,7.7,7.7,-1.5,8.7,8.7,-2.499999999999999,3,-2.499999999999999,False
CCc1cc(O)c(F)cc1-c1cc(NS(=O)(=O)c2cccnc2)c2cn[nH]c2c1,CHEMBL4563039,5.6,5.6,False,Other,7.46,7.46,-1.8600000000000003,7.6,7.6,-2.0,8.3,8.3,-2.700000000000001,3,-2.700000000000001,False
CCc1cc(O)c(F)cc1-c1cc(N[C@@H](C)CO)c2[nH]c(N)nc(=O)c2c1,CHEMBL5076662,4.9,4.9,False,Other,5.8,5.8,-0.8999999999999995,5.0,5.0,-0.09999999999999964,5.5,5.5,-0.5999999999999996,3,-0.8999999999999995,False
CCc1cc(O)c(F)cc1-c1cc(N[C@@H](C)CO)c2nc(N)ncc2c1,CHEMBL5078647,7.4,7.4,False,Other,9.3,9.3,-1.9000000000000004,9.1,9.1,-1.6999999999999993,9.1,9.1,-1.6999999999999993,3,-1.9000000000000004,False
CCc1cc(O)c(F)cc1-c1cc(N[C@@H](C)CO)c2nc(NCCCCCN(C)C)ncc2c1,CHEMBL5075556,7.7,7.7,False,Other,9.2,9.2,-1.4999999999999991,9.3,9.3,-1.6000000000000005,9.3,9.3,-1.6000000000000005,3,-1.6000000000000005,False
CCc1cc(O)c(F)cc1-c1cc(N[C@@H](C)CO)c2nc(NCCCN(C)C)ncc2c1,CHEMBL5076101,7.0,7.0,False,Other,8.3,8.3,-1.3000000000000007,8.6,8.6,-1.5999999999999996,8.3,8.3,-1.3000000000000007,3,-1.5999999999999996,False
CCc1cc(O)c(F)cc1-c1cc(N[C@@H](C)CO)c2nc(NCCOCCN(C)C)ncc2c1,CHEMBL5094089,6.9,6.9,False,Other,8.3,8.3,-1.4000000000000004,8.7,8.7,-1.799999999999999,8.5,8.5,-1.5999999999999996,3,-1.799999999999999,False
CCc1cc(O)c(F)cc1-c1cc(N[C@@H]2CCCN(C)C2)c2nc(N)ncc2c1,CHEMBL5087255,6.2,6.2,False,Other,8.7,8.7,-2.499999999999999,8.0,8.0,-1.7999999999999998,8.3,8.3,-2.1000000000000005,3,-2.499999999999999,False
CCc1cc(O)c(F)cc1-c1cc(N[C@@H]2C[C@H]3CC[C@@H](C2)N3)c2nc(N)ncc2c1,CHEMBL5075673,7.0,7.0,False,Other,9.2,9.2,-2.1999999999999993,8.7,8.7,-1.6999999999999993,8.5,8.5,-1.5,3,-2.1999999999999993,False
CCc1cc(O)c(F)cc1-c1cc(N[C@H](C)CO)c2nc(N)ncc2c1,CHEMBL5074310,6.7,6.7,False,Other,8.7,8.7,-1.9999999999999991,8.3,8.3,-1.6000000000000005,8.5,8.5,-1.7999999999999998,3,-1.9999999999999991,False
CCc1cc(O)c(F)cc1-c1cc(N[C@H]2CCCN(C)C2)c2nc(N)ncc2c1,CHEMBL5086526,7.3,7.3,False,Other,9.4,9.4,-2.1000000000000005,9.0,9.0,-1.7000000000000002,9.8,9.8,-2.500000000000001,3,-2.500000000000001,False
CCc1cc(O)c(F)cc1-c1cc(N[C@H]2C[C@H]3CC[C@@H](C2)N3)c2nc(N)ncc2c1,CHEMBL5076189,7.7,7.7,False,Other,9.5,9.5,-1.7999999999999998,9.2,9.2,-1.4999999999999991,9.7,9.7,-1.9999999999999991,3,-1.9999999999999991,False
CCc1cc(O)c(F)cc1-c1cc(OC)c2nc(N)ncc2c1,CHEMBL5077653,6.8,6.8,False,Other,8.6,8.6,-1.7999999999999998,8.0,8.0,-1.2000000000000002,8.0,8.0,-1.2000000000000002,3,-1.7999999999999998,False
CCc1cc(O)c(F)cc1-c1cc2[nH]nc(-c3nc(C)c(C)[nH]3)c2c(NCc2ccccc2N(C)S(C)(=O)=O)n1,CHEMBL5897586,7.48,7.48,False,Other,8.28,8.28,-0.7999999999999989,7.56,7.56,-0.07999999999999918,6.94,6.94,0.54,3,-0.7999999999999989,False
CCc1cc(O)c(F)cc1-c1cc2[nH]nc(-c3nc(C)c[nH]3)c2c(NCc2ccccc2N(C)S(C)(=O)=O)n1,CHEMBL6005450,7.79,7.79,False,Other,8.37,8.37,-0.5799999999999992,7.73,7.73,0.05999999999999961,7.08,7.08,0.71,3,-0.5799999999999992,False
CCc1cc(O)c(F)cc1-c1cc2[nH]nc(-c3ncc[nH]3)c2c(NCc2ccccc2N(C)S(C)(=O)=O)n1,CHEMBL6006878,7.93,7.93,False,Other,8.47,8.47,-0.5400000000000009,7.82,7.82,0.10999999999999943,7.12,7.12,0.8099999999999996,3,-0.5400000000000009,False
CCc1cc(O)c(F)cc1-c1cc2[nH]nc(-c3nnc(C)[nH]3)c2c(NCc2ccccc2N(C)S(C)(=O)=O)n1,CHEMBL5754682,7.84,7.84,False,Other,8.46,8.46,-0.620000000000001,7.77,7.77,0.07000000000000028,7.11,7.11,0.7299999999999995,3,-0.620000000000001,False
CCc1cc(O)c(F)cc1-c1cc2[nH]nc(-n3cccn3)c2c(NCc2ccccc2N(C)S(C)(=O)=O)n1,CHEMBL5866346,7.81,7.81,False,Other,8.39,8.39,-0.580000000000001,7.63,7.63,0.17999999999999972,7.04,7.04,0.7699999999999996,3,-0.580000000000001,False
CCc1cc(O)c(F)cc1-c1cc2[nH]nc(C(=O)NC)c2c(NCC(C)C)n1,CHEMBL5853360,8.15,8.15,False,Other,8.68,8.68,-0.5299999999999994,8.12,8.12,0.030000000000001137,7.5,7.5,0.6500000000000004,3,-0.5299999999999994,False
CCc1cc(O)c(F)cc1-c1cc2[nH]nc(C(=O)NC)c2c(NCC2CCCC2)n1,CHEMBL5826798,7.75,7.75,False,Other,8.33,8.33,-0.5800000000000001,7.72,7.72,0.03000000000000025,7.03,7.03,0.7199999999999998,3,-0.5800000000000001,False
CCc1cc(O)c(F)cc1-c1cc2[nH]nc(C(=O)NC)c2c(NCCc2ccc(NS(=O)(=O)c3ccccc3)cc2)n1,CHEMBL5778406,7.08,7.08,False,Other,8.24,8.24,-1.1600000000000001,7.59,7.59,-0.5099999999999998,6.96,6.96,0.1200000000000001,3,-1.1600000000000001,False
CCc1cc(O)c(F)cc1-c1cc2[nH]nc(C(=O)NC)c2c(NCCc2ccc(O)cc2)n1,CHEMBL5970534,7.82,7.82,False,Other,8.77,8.77,-0.9499999999999993,8.21,8.21,-0.39000000000000057,7.58,7.58,0.2400000000000002,3,-0.9499999999999993,False
CCc1cc(O)c(F)cc1-c1cc2[nH]nc(C(=O)NC)c2c(NCc2c(F)cccc2N(C)S(C)(=O)=O)n1,CHEMBL5946897,8.24,8.24,False,Other,8.77,8.77,-0.5299999999999994,8.12,8.12,0.120000000000001,7.47,7.47,0.7700000000000005,3,-0.5299999999999994,False
CCc1cc(O)c(F)cc1-c1cc2[nH]nc(C(=O)NC)c2c(NCc2cc(C)ccc2N(C)S(C)(=O)=O)n1,CHEMBL6022798,7.94,7.94,False,Other,8.57,8.57,-0.6299999999999999,7.88,7.88,0.0600000000000005,7.17,7.17,0.7700000000000005,3,-0.6299999999999999,False
CCc1cc(O)c(F)cc1-c1cc2[nH]nc(C(=O)NC)c2c(NCc2cc(Cl)ccc2N(C)S(C)(=O)=O)n1,CHEMBL5806755,7.82,7.82,False,Other,8.51,8.51,-0.6899999999999995,7.8,7.8,0.020000000000000462,7.07,7.07,0.75,3,-0.6899999999999995,False
CCc1cc(O)c(F)cc1-c1cc2[nH]nc(C(=O)NC)c2c(NCc2cc(F)ccc2N(C)S(C)(=O)=O)n1,CHEMBL5800289,8.19,8.19,False,Other,8.77,8.77,-0.5800000000000001,8.04,8.04,0.15000000000000036,7.31,7.31,0.8799999999999999,3,-0.5800000000000001,False
CCc1cc(O)c(F)cc1-c1cc2[nH]nc(C(=O)NC)c2c(NCc2cc(O)ccc2N(C)S(C)(=O)=O)n1,CHEMBL5745028,8.34,8.34,False,Other,8.89,8.89,-0.5500000000000007,8.15,8.15,0.1899999999999995,7.48,7.48,0.8599999999999994,3,-0.5500000000000007,False
CCc1cc(O)c(F)cc1-c1cc2[nH]nc(C(=O)NC)c2c(NCc2ccc(O)cc2N(C)S(C)(=O)=O)n1,CHEMBL5757481,7.72,7.72,False,Other,8.82,8.82,-1.1000000000000005,8.07,8.07,-0.35000000000000053,7.48,7.48,0.23999999999999932,3,-1.1000000000000005,False
CCc1cc(O)c(F)cc1-c1cc2[nH]nc(C(=O)NC)c2c(NCc2ccccc2N(C)S(=O)(=O)CC)n1,CHEMBL5838459,8.17,8.17,False,Other,8.72,8.72,-0.5500000000000007,8.02,8.02,0.15000000000000036,7.32,7.32,0.8499999999999996,3,-0.5500000000000007,False
CCc1cc(O)c(F)cc1-c1cc2[nH]nc(C(=O)NC)c2c(NCc2ccccc2N(C)S(=O)(=O)c2ccccc2)n1,CHEMBL5882988,7.23,7.23,False,Other,7.76,7.76,-0.5299999999999994,7.09,7.09,0.14000000000000057,6.45,6.45,0.7800000000000002,3,-0.5299999999999994,False
CCc1cc(O)c(F)cc1-c1cc2[nH]nc(C(=O)NC)c2c(NCc2ccccc2N(C)S(C)(=O)=O)n1,CHEMBL5985659,8.32,8.32,False,Other,9.05,9.05,-0.7300000000000004,8.23,8.23,0.08999999999999986,7.51,7.51,0.8100000000000005,3,-0.7300000000000004,False
CCc1cc(O)c(F)cc1-c1cc2[nH]nc(C(=O)NC)c2c(NCc2ccccc2N(C)S(N)(=O)=O)n1,CHEMBL5747360,7.47,7.47,False,Other,8.27,8.27,-0.7999999999999998,7.73,7.73,-0.2600000000000007,7.09,7.09,0.3799999999999999,3,-0.7999999999999998,False
CCc1cc(O)c(F)cc1-c1cc2[nH]nc(C(=O)NC)c2c(NCc2ccccc2N(CC)S(=O)(=O)CC)n1,CHEMBL5744097,7.92,7.92,False,Other,8.47,8.47,-0.5500000000000007,7.77,7.77,0.15000000000000036,7.07,7.07,0.8499999999999996,3,-0.5500000000000007,False
CCc1cc(O)c(F)cc1-c1cc2[nH]nc(C(=O)NC)c2c(NCc2ccccc2N(CC)S(C)(=O)=O)n1,CHEMBL5829345,8.14,8.14,False,Other,8.77,8.77,-0.629999999999999,7.97,7.97,0.17000000000000082,7.22,7.22,0.9200000000000008,3,-0.629999999999999,False
CCc1cc(O)c(F)cc1-c1cc2[nH]nc(C(=O)NC)c2c(N[C@@H](C)c2ccccc2N(C)S(C)(=O)=O)n1,CHEMBL6008905,6.5,6.5,False,Other,7.49,7.49,-0.9900000000000002,7.32,7.32,-0.8200000000000003,6.56,6.56,-0.05999999999999961,3,-0.9900000000000002,False
CCc1cc(O)c(F)cc1-c1cc2[nH]nc(C(=O)NC)c2c(N[C@H](C)c2ccccc2N(C)S(C)(=O)=O)n1,CHEMBL6037170,7.75,7.75,False,Other,8.4,8.4,-0.6500000000000004,7.6,7.6,0.15000000000000036,6.91,6.91,0.8399999999999999,3,-0.6500000000000004,False
CCc1cc(O)c(F)cc1-c1cc2[nH]nc(C(=O)Nc3ccc(C)nc3)c2c(NCc2ccccc2N(C)S(C)(=O)=O)n1,CHEMBL5749853,7.7,7.7,False,Other,8.18,8.18,-0.47999999999999954,7.58,7.58,0.1200000000000001,6.87,6.87,0.8300000000000001,3,-0.47999999999999954,False
CCc1cc(O)c(F)cc1-c1cc2[nH]nc(C(N)=O)c2c(NCc2ccc(O)cc2N(C)S(C)(=O)=O)n1,CHEMBL5894111,7.54,7.54,False,Other,9.0,9.0,-1.46,8.24,8.24,-0.7000000000000002,7.63,7.63,-0.08999999999999986,3,-1.46,False
CCc1cc(O)c(F)cc1-c1cc2[nH]nc(C(N)=O)c2c(NCc2ccccc2N(C)S(=O)(=O)c2ccccc2)n1,CHEMBL5988142,7.74,7.74,False,Other,8.34,8.34,-0.5999999999999996,7.64,7.64,0.10000000000000053,6.89,6.89,0.8500000000000005,3,-0.5999999999999996,False
CCc1cc(O)c(F)cc1-c1cc2[nH]ncc2c(N(C)Cc2cc(C)ccc2N(CC)S(C)(=O)=O)n1,CHEMBL5938513,6.05,6.05,False,Other,8.47,8.47,-2.420000000000001,8.1,8.1,-2.05,7.55,7.55,-1.5,3,-2.420000000000001,False
CCc1cc(O)c(F)cc1-c1cc2[nH]ncc2c(N(C)Cc2ccccc2N(C)S(C)(=O)=O)n1,CHEMBL5999480,7.3,7.3,False,Other,9.05,9.05,-1.7500000000000009,8.29,8.29,-0.9899999999999993,7.72,7.72,-0.41999999999999993,3,-1.7500000000000009,False
CCc1cc(O)c(F)cc1-c1cc2[nH]ncc2c(N(C)Cc2ccccc2N(CC)S(C)(=O)=O)n1,CHEMBL5785847,7.8,7.8,False,Other,9.0,9.0,-1.2000000000000002,8.35,8.35,-0.5499999999999998,7.79,7.79,0.009999999999999787,3,-1.2000000000000002,False
CCc1cc(O)c(F)cc1-c1cc2[nH]ncc2c(N(CC)Cc2cc(C)ccc2N(C)S(C)(=O)=O)n1,CHEMBL5775060,5.33,5.33,False,Other,7.39,7.39,-2.0599999999999996,7.36,7.36,-2.0300000000000002,6.91,6.91,-1.58,3,-2.0599999999999996,False
CCc1cc(O)c(F)cc1-c1cc2[nH]ncc2c(N(CCN2CCOCC2)Cc2ccccc2N(C)S(C)(=O)=O)n1,CHEMBL5943196,5.85,5.85,False,Other,7.74,7.74,-1.8900000000000006,7.27,7.27,-1.42,6.88,6.88,-1.0300000000000002,3,-1.8900000000000006,False
CCc1cc(O)c(F)cc1-c1cc2[nH]ncc2c(N(CCc2ccc(NS(C)(=O)=O)cc2)Cc2ccccc2N(C)S(C)(=O)=O)n1,CHEMBL6050356,6.71,6.71,False,Other,7.36,7.36,-0.6500000000000004,6.81,6.81,-0.09999999999999964,5.87,5.87,0.8399999999999999,3,-0.6500000000000004,False
CCc1cc(O)c(F)cc1-c1cc2[nH]ncc2c(NCc2c(F)cccc2N(C)S(C)(=O)=O)n1,CHEMBL5830804,7.69,7.69,False,Other,,,,8.77,8.77,-1.0799999999999992,8.12,8.12,-0.4299999999999988,2,-1.0799999999999992,False
CCc1cc(O)c(F)cc1-c1cc2[nH]ncc2c(NCc2cc(C)ccc2N(C)S(C)(=O)=O)n1,CHEMBL5978411,5.89,5.89,False,Other,7.72,7.72,-1.83,7.5,7.5,-1.6100000000000003,7.74,7.74,-1.8500000000000005,3,-1.8500000000000005,False
CCc1cc(O)c(F)cc1-c1cc2[nH]ncc2c(NCc2cc(Cl)ccc2N(C)S(C)(=O)=O)n1,CHEMBL5817952,6.6,6.6,False,Other,8.92,8.92,-2.3200000000000003,8.23,8.23,-1.6300000000000008,7.52,7.52,-0.9199999999999999,3,-2.3200000000000003,False
CCc1cc(O)c(F)cc1-c1cc2[nH]ncc2c(NCc2ccccc2N(C)S(=O)(=O)CC)n1,CHEMBL5828453,8.08,8.08,False,Other,9.15,9.15,-1.0700000000000003,8.47,8.47,-0.39000000000000057,7.76,7.76,0.3200000000000003,3,-1.0700000000000003,False
CCc1cc(O)c(F)cc1-c1cc2[nH]ncc2c(NCc2ccccc2N(C)S(C)(=O)=O)n1,CHEMBL5918228,8.33,8.33,False,Other,,,,8.68,8.68,-0.34999999999999964,7.99,7.99,0.33999999999999986,2,-0.34999999999999964,False
CCc1cc(O)c(F)cc1-c1cc2[nH]ncc2c(NCc2ccccc2N(CC)S(=O)(=O)CC)n1,CHEMBL5938600,8.06,8.06,False,Other,9.1,9.1,-1.0399999999999991,8.37,8.37,-0.3099999999999987,7.65,7.65,0.41000000000000014,3,-1.0399999999999991,False
CCc1cc(O)c(F)cc1-c1cc2[nH]ncc2c(NCc2ccccc2N(CC)S(C)(=O)=O)n1,CHEMBL5756365,8.32,8.32,False,Other,9.22,9.22,-0.9000000000000004,8.59,8.59,-0.2699999999999996,7.85,7.85,0.47000000000000064,3,-0.9000000000000004,False
CCc1cc(O)c(F)cc1-c1cc2[nH]ncc2c(NCc2ccccc2N(CCO)S(C)(=O)=O)n1,CHEMBL5893538,7.31,7.31,False,Other,8.96,8.96,-1.6500000000000012,8.33,8.33,-1.0200000000000005,7.73,7.73,-0.4200000000000008,3,-1.6500000000000012,False
CCc1cc(O)c(F)cc1-c1ccc2c(-c3nc4c([nH]3)CCN(C(=O)N3CCC(N5CCCCC5)CC3)C4)n[nH]c2c1,CHEMBL5938092,10.16,10.16,False,Other,9.22,9.22,0.9399999999999995,10.47,10.47,-0.3100000000000005,10.34,10.34,-0.17999999999999972,3,-0.3100000000000005,False
CCc1cc(O)c(F)cc1-c1ccc2c(-c3nc4c([nH]3)CCN(C(=O)N3CCOCC3)C4)n[nH]c2c1,CHEMBL5833112,9.96,9.96,False,Other,9.21,9.21,0.75,10.28,10.28,-0.3199999999999985,10.01,10.01,-0.049999999999998934,3,-0.3199999999999985,False
CCc1cc(O)c(F)cc1-c1ccc2c(-c3nc4c([nH]3)CCN(C(=O)c3ccc(F)cc3)C4)n[nH]c2c1,CHEMBL3644618,9.1,9.1,False,Other,,,,9.52,9.52,-0.41999999999999993,8.77,8.77,0.33000000000000007,2,-0.41999999999999993,False
CCc1cc(O)c(F)cc1-c1ccc2c(-c3nc4c([nH]3)CCN(C(=O)c3cnc(N5CCCCC5)cn3)C4)n[nH]c2c1,CHEMBL3644620,8.125,8.125,False,Other,8.57,8.57,-0.4450000000000003,7.64,7.64,0.4850000000000003,8.72,8.72,-0.5950000000000006,3,-0.5950000000000006,False
CCc1cc(O)c(F)cc1-c1ccc2c(-c3nc4c([nH]3)CCN(C3CC(OC)C3)C4)n[nH]c2c1,CHEMBL6039817,9.26,9.26,False,Other,,,,,,,9.26,9.26,0.0,1,0.0,False
CCc1cc(O)c(F)cc1-c1ccc2c(-c3nc4c([nH]3)CCN(C3CCC(C)C(C(=O)OC)C3)C4)n[nH]c2c1,CHEMBL6039236,9.26,9.26,False,Other,,,,,,,9.26,9.26,0.0,1,0.0,False
CCc1cc(O)c(F)cc1-c1ccc2c(-c3nc4c([nH]3)CCN(C3CCN(C)C3)C4)n[nH]c2c1,CHEMBL5843775,9.18,,True,Other,,,,,,,,,,0,,False
CCc1cc(O)c(F)cc1-c1ccc2c(-c3nc4c([nH]3)CCN(C3CCN(C)CC3)C4)n[nH]c2c1,CHEMBL4472655,9.26,,True,Other,,,,,,,9.26,9.26,,0,,False
CCc1cc(O)c(F)cc1-c1ccc2c(-c3nc4c([nH]3)CCN(C3CCNC3)C4)n[nH]c2c1,CHEMBL6042262,9.18,,True,Other,,,,,,,9.26,9.26,,0,,False
CCc1cc(O)c(F)cc1-c1ccc2c(-c3nc4c([nH]3)CCN(C3CCNCC3)C4)n[nH]c2c1,CHEMBL5759383,9.26,,True,Other,,,,,,,9.26,9.26,,0,,False
CCc1cc(O)c(F)cc1-c1ccc2c(-c3nc4c([nH]3)CCN(C3CN(C(C)C)C3)C4)n[nH]c2c1,CHEMBL5932839,9.26,,True,Other,,,,,,,9.26,9.26,,0,,False
CCc1cc(O)c(F)cc1-c1ccc2c(-c3nc4c([nH]3)CCN(C3CN(C(C)CC)C3)C4)n[nH]c2c1,CHEMBL5947396,9.18,8.48,False,Other,9.26,9.26,-0.7799999999999994,9.26,9.26,-0.7799999999999994,9.22,9.22,-0.7400000000000002,3,-0.7799999999999994,False
CCc1cc(O)c(F)cc1-c1ccc2c(-c3nc4c([nH]3)CCN(C3CN(C)C3)C4)n[nH]c2c1,CHEMBL5973885,9.18,9.18,False,Other,,,,,,,9.26,9.26,-0.08000000000000007,1,-0.08000000000000007,False
CCc1cc(O)c(F)cc1-c1ccc2c(-c3nc4c([nH]3)CCN(C3CN(C5CC5)C3)C4)n[nH]c2c1,CHEMBL5874623,9.18,,True,Other,,,,,,,9.26,9.26,,0,,False
CCc1cc(O)c(F)cc1-c1ccc2c(-c3nc4c([nH]3)CCN(C3CN(CC)C3)C4)n[nH]c2c1,CHEMBL6013403,9.18,9.18,False,Other,,,,,,,,,,0,,False
CCc1cc(O)c(F)cc1-c1ccc2c(-c3nc4c([nH]3)CCN(C3CN(CC)C3C)C4)n[nH]c2c1,CHEMBL5776752,9.18,,True,Other,,,,,,,,,,0,,False
CCc1cc(O)c(F)cc1-c1ccc2c(-c3nc4c([nH]3)CCN(C3CN(CCC#N)C3)C4)n[nH]c2c1,CHEMBL5897599,9.18,,True,Other,,,,,,,,,,0,,False
CCc1cc(O)c(F)cc1-c1ccc2c(-c3nc4c([nH]3)CCN(C3CN(CCO)C3)C4)n[nH]c2c1,CHEMBL5984544,9.18,9.18,False,Other,,,,,,,9.26,9.26,-0.08000000000000007,1,-0.08000000000000007,False
CCc1cc(O)c(F)cc1-c1ccc2c(-c3nc4c([nH]3)CCN(C3CN(CCO)C3C)C4)n[nH]c2c1,CHEMBL6038400,9.18,,True,Other,,,,,,,9.26,9.26,,0,,False
CCc1cc(O)c(F)cc1-c1ccc2c(-c3nc4c([nH]3)CCN(C3CN(CCOC)C3)C4)n[nH]c2c1,CHEMBL5995894,9.18,,True,Other,,,,,,,,,,0,,False
CCc1cc(O)c(F)cc1-c1ccc2c(-c3nc4c([nH]3)CCN(C3CNC3)C4)n[nH]c2c1,CHEMBL5873669,9.26,,True,Other,,,,,,,9.26,9.26,,0,,False
CCc1cc(O)c(F)cc1-c1ccc2c(-c3nc4c([nH]3)CCN(CC(F)CN(C)C)C4)n[nH]c2c1,CHEMBL6008867,9.18,,True,Other,,,,,,,9.26,9.26,,0,,False
CCc1cc(O)c(F)cc1-c1ccc2c(-c3nc4c([nH]3)CCN(CC3CNC3)C4)n[nH]c2c1,CHEMBL5895643,9.18,,True,Other,,,,,,,,,,0,,False
CCc1cc(O)c(F)cc1-c1ccc2c(-c3nc4c([nH]3)CCN(CCN(C)C(C)CC)C4)n[nH]c2c1,CHEMBL6035646,9.26,,True,Other,,,,,,,9.26,9.26,,0,,False
CCc1cc(O)c(F)cc1-c1ccc2c(-c3nc4c([nH]3)CCN(CCN(C)C)C4)n[nH]c2c1,CHEMBL5746676,9.22,9.26,False,Other,,,,,,,9.26,9.26,0.0,1,0.0,False
CCc1cc(O)c(F)cc1-c1ccc2c(-c3nc4c([nH]3)CCN(CCN(C)CC)C4)n[nH]c2c1,CHEMBL5746110,9.18,,True,Other,,,,,,,9.26,9.26,,0,,False
CCc1cc(O)c(F)cc1-c1ccc2c(-c3nc4c([nH]3)CCN(CCN3CCCC3)C4)n[nH]c2c1,CHEMBL6000382,9.26,,True,Other,,,,,,,,,,0,,False
CCc1cc(O)c(F)cc1-c1ccc2c(-c3nc4c([nH]3)CCN(CCN3CCC[C@@H]3C)C4)n[nH]c2c1,CHEMBL5804728,9.18,,True,Other,,,,,,,9.26,9.26,,0,,False
CCc1cc(O)c(F)cc1-c1ccc2c(-c3nc4c([nH]3)CCN(CCNC3CC(OC)C3)C4)n[nH]c2c1,CHEMBL5928332,9.26,,True,Other,,,,,,,9.26,9.26,,0,,False
CCc1cc(O)c(F)cc1-c1ccc2c(-c3nc4c([nH]3)CCN(C[C@@H]3CCCN3)C4)n[nH]c2c1,CHEMBL5801538,7.78,,True,Other,9.26,9.26,,9.26,9.26,,9.18,9.18,,0,,False
CCc1cc(O)c(F)cc1-c1ccc2c(-c3nc4c([nH]3)CCN(C[C@@H]3CCCN3C)C4)n[nH]c2c1,CHEMBL6015077,9.18,,True,Other,9.26,9.26,,,,,9.26,9.26,,0,,False
CCc1cc(O)c(F)cc1-c1ccc2c(-c3nc4c([nH]3)CCN(C[C@@H]3COCCN3)C4)n[nH]c2c1,CHEMBL6003134,9.22,9.18,False,Other,,,,,,,9.26,9.26,-0.08000000000000007,1,-0.08000000000000007,False
CCc1cc(O)c(F)cc1-c1ccc2c(-c3nc4c([nH]3)CCN(C[C@H]3CCCN3)C4)n[nH]c2c1,CHEMBL5940838,9.18,,True,Other,,,,,,,,,,0,,False
CCc1cc(O)c(F)cc1-c1ccc2c(-c3nc4c([nH]3)CCN(C[C@H]3COCCN3)C4)n[nH]c2c1,CHEMBL5935885,9.18,,True,Other,,,,,,,9.26,9.26,,0,,False
CCc1cc(O)c(F)cc1-c1ccc2c(-c3nc4c([nH]3)CN(C(C)C)[C@@H](CN3CC[C@H](N(C)C)C3)C4)n[nH]c2c1,CHEMBL5775383,9.0,9.0,False,Other,10.22,10.22,-1.2200000000000006,10.52,10.52,-1.5199999999999996,9.6,9.6,-0.5999999999999996,3,-1.5199999999999996,False
CCc1cc(O)c(F)cc1-c1ccc2c(-c3nc4c([nH]3)CN(C(C)C)[C@H](C(=O)N3CC(C)(N(C)C)C3)C4)n[nH]c2c1,CHEMBL5997591,9.4,9.4,False,Other,10.1,10.16,-0.7599999999999998,10.89,10.89,-1.4900000000000002,9.545,9.545,-0.14499999999999957,3,-1.4900000000000002,False
CCc1cc(O)c(F)cc1-c1ccc2c(-c3nc4c([nH]3)CN(C(C)C)[C@H](C(=O)N3CC(N(C)C)C3)C4)n[nH]c2c1,CHEMBL5979950,9.145,9.145,False,Other,10.31,,,10.75,10.75,-1.6050000000000004,10.0,10.0,-0.8550000000000004,2,-1.6050000000000004,False
CCc1cc(O)c(F)cc1-c1ccc2c(-c3nc4c([nH]3)CN(C(C)C)[C@H](C(=O)N3CCCN(C)CC3)C4)n[nH]c2c1,CHEMBL5744137,9.3,9.3,False,Other,10.05,10.05,-0.75,10.6,10.6,-1.299999999999999,9.75,9.75,-0.4499999999999993,3,-1.299999999999999,False
CCc1cc(O)c(F)cc1-c1ccc2c(-c3nc4c([nH]3)CN(C(C)C)[C@H](C(=O)N3CC[C@H](N(C)C)C3)C4)n[nH]c2c1,CHEMBL5791141,9.35,9.35,False,Other,10.21,10.21,-0.8600000000000012,10.7,10.7,-1.3499999999999996,9.9,9.9,-0.5500000000000007,3,-1.3499999999999996,False
CCc1cc(O)c(F)cc1-c1ccc2c(-c3nc4c([nH]3)CN(C(C)C)[C@H](CN3CC[C@H](N(C)C)C3)C4)n[nH]c2c1,CHEMBL5957273,9.0,9.0,False,Other,10.22,10.22,-1.2200000000000006,10.52,10.52,-1.5199999999999996,9.6,9.6,-0.5999999999999996,3,-1.5199999999999996,False
CCc1cc(O)c(F)cc1-c1ccc2c(-c3nc4c([nH]3)CN(C)C(C(=O)N3CCN(C(C)C)CC3)C4)n[nH]c2c1,CHEMBL6063489,9.6,9.6,False,Other,10.22,10.22,-0.620000000000001,10.22,10.22,-0.620000000000001,9.6,9.6,0.0,3,-0.620000000000001,False
CCc1cc(O)c(F)cc1-c1ccc2c(-c3nc4c([nH]3)CN(C)[C@H](C(=O)N3CCN(C(C)C)CC3)C4)n[nH]c2c1,CHEMBL5949644,9.6,9.6,False,Other,10.22,10.22,-0.620000000000001,10.22,10.22,-0.620000000000001,9.6,9.6,0.0,3,-0.620000000000001,False
CCc1cc(O)c(F)cc1-c1ccc2c(-c3nc4c([nH]3)CN(C)[C@H](C(=O)N3CCN(C)C[C@@H]3C)C4)n[nH]c2c1,CHEMBL5881510,9.3,9.3,False,Other,10.21,10.21,-0.9100000000000001,10.49,10.49,-1.1899999999999995,9.75,9.75,-0.4499999999999993,3,-1.1899999999999995,False
CCc1cc(O)c(F)cc1-c1ccc2c(-c3nc4c([nH]3)CN(C)[C@H](C(=O)N3CCN(CCO)C[C@H]3C)C4)n[nH]c2c1,CHEMBL5851343,9.5,9.5,False,Other,10.05,10.05,-0.5500000000000007,10.7,10.7,-1.1999999999999993,9.75,9.75,-0.25,3,-1.1999999999999993,False
CCc1cc(O)c(F)cc1-c1ccc2c(-c3nc4c([nH]3)CN(CC)[C@@H](C(=O)N3CC(N5CCCC5)C3)C4)n[nH]c2c1,CHEMBL5783241,9.4,9.4,False,Other,10.1,10.1,-0.6999999999999993,10.52,10.52,-1.1199999999999992,9.4,9.4,0.0,3,-1.1199999999999992,False
CCc1cc(O)c(F)cc1-c1ccc2c(-c3nc4c([nH]3)CN(CC)[C@@H](C(=O)N3CC(N5CCCCC5)C3)C4)n[nH]c2c1,CHEMBL5948963,9.4,9.4,False,Other,10.1,,,10.52,10.52,-1.1199999999999992,9.4,9.4,0.0,2,-1.1199999999999992,False
CCc1cc(O)c(F)cc1-c1ccc2c(-c3nc4c([nH]3)CN(CC)[C@@H](C(=O)N3CCN(C(C)(C)C)CC3)C4)n[nH]c2c1,CHEMBL6059721,8.9,8.9,False,Other,10.0,10.0,-1.0999999999999996,10.4,10.4,-1.5,9.3,9.3,-0.40000000000000036,3,-1.5,False
CCc1cc(O)c(F)cc1-c1ccc2c(-c3nc4c([nH]3)CN(CC)[C@H](C(=O)N3CC(C)(N(C)C)C3)C4)n[nH]c2c1,CHEMBL5776613,9.4,9.4,False,Other,10.2,10.1,-0.6999999999999993,10.89,10.89,-1.4900000000000002,9.595,9.595,-0.19500000000000028,3,-1.4900000000000002,False
CCc1cc(O)c(F)cc1-c1ccc2c(-c3nc4c([nH]3)CN(CC)[C@H](C(=O)N3CC(N(C)C)C3)C4)n[nH]c2c1,CHEMBL6036273,9.4,9.4,False,Other,10.2,10.15,-0.75,10.89,10.89,-1.4900000000000002,9.52,9.52,-0.11999999999999922,3,-1.4900000000000002,False
CCc1cc(O)c(F)cc1-c1ccc2c(-c3nc4c([nH]3)CN(CC)[C@H](C(=O)N3CCN(C(C)(C)C)CC3)C4)n[nH]c2c1,CHEMBL5798094,8.9,8.9,False,Other,10.0,10.0,-1.0999999999999996,10.4,10.4,-1.5,9.3,9.3,-0.40000000000000036,3,-1.5,False
CCc1cc(O)c(F)cc1-c1ccc2c(-c3nc4c([nH]3)CN(Cc3ccccc3)CC4)n[nH]c2c1,CHEMBL4097152,7.24,7.24,False,Other,8.74,8.74,-1.5,7.8,7.8,-0.5599999999999996,7.51,7.51,-0.2699999999999996,3,-1.5,False
CCc1cc(O)c(F)cc1-c1ccc2c(-c3nc4c([nH]3)CNC(C(=O)N3CCN(C(C)C)CC3)C4)n[nH]c2c1,CHEMBL6064937,10.1,10.1,False,Other,10.3,10.3,-0.20000000000000107,10.52,10.52,-0.41999999999999993,9.8,9.8,0.29999999999999893,3,-0.41999999999999993,False
CCc1cc(O)c(F)cc1-c1ccc2c(-c3nc4c([nH]3)CNC(C(=O)N3CCN(C)CC3)C4)n[nH]c2c1,CHEMBL5894302,10.1,10.1,False,Other,10.3,10.3,-0.20000000000000107,10.52,10.52,-0.41999999999999993,9.8,9.8,0.29999999999999893,3,-0.41999999999999993,False
CCc1cc(O)c(F)cc1-c1ccc2c(-c3nc4c([nH]3)CN[C@H](C(=O)N3CCN(C(C)C)CC3)C4)n[nH]c2c1,CHEMBL5952598,10.1,10.1,False,Other,10.3,10.3,-0.20000000000000107,10.52,10.52,-0.41999999999999993,9.8,9.8,0.29999999999999893,3,-0.41999999999999993,False
CCc1cc(O)c(F)cc1-c1ccc2c(-c3nc4ccccc4[nH]3)n[nH]c2c1,CHEMBL4103980,7.82,7.82,False,Other,9.1,9.1,-1.2799999999999994,8.1,8.1,-0.27999999999999936,7.78,7.78,0.040000000000000036,3,-1.2799999999999994,False
CCc1cc(O)c(F)cc1-c1nc(N(CCc2ccc(OC)c(OC)c2)Cc2ccccc2N(C)S(C)(=O)=O)c2cn[nH]c2n1,CHEMBL5748025,7.25,7.25,False,Other,7.94,7.94,-0.6900000000000004,7.36,7.36,-0.11000000000000032,6.75,6.75,0.5,3,-0.6900000000000004,False
CCc1cc(O)c(F)cc1-c1nc(N)c(C(=N)C(N)=O)c(NCc2ccccc2N(C)S(=O)(=O)c2ccccc2)n1,CHEMBL5754846,7.05,7.05,False,Other,8.17,8.17,-1.12,7.57,7.57,-0.5200000000000005,7.08,7.08,-0.03000000000000025,3,-1.12,False
CCc1cc(O)c(F)cc1-c1nc(NCc2ccccc2N(C)S(=O)(=O)c2ccccc2)c2c(C(N)=O)n[nH]c2n1,CHEMBL5922440,7.05,7.05,False,Other,8.17,8.17,-1.12,7.57,7.57,-0.5200000000000005,7.08,7.08,-0.03000000000000025,3,-1.12,False
CCc1cc(O)c(F)cc1-c1nc(NCc2ccccc2N(C)S(C)(=O)=O)c2c(C(=O)NC)n[nH]c2n1,CHEMBL5763942,7.86,7.86,False,Other,8.7,8.7,-0.839999999999999,8.08,8.08,-0.21999999999999975,7.56,7.56,0.3000000000000007,3,-0.839999999999999,False
CCc1cc(O)c(F)cc1-c1nc(NCc2ccccc2N(C)S(C)(=O)=O)c2cn[nH]c2n1,CHEMBL5788812,7.21,7.21,False,Other,8.92,8.92,-1.71,8.3,8.3,-1.0900000000000007,7.81,7.81,-0.5999999999999996,3,-1.71,False
CCc1cc(O)cc(C)c1-c1cc2[nH]ncc2c(NCc2ccccc2N(C)S(C)(=O)=O)n1,CHEMBL5976567,5.0,5.0,False,Other,7.59,7.59,-2.59,6.92,6.92,-1.92,6.75,6.75,-1.75,3,-2.59,False
CCc1cc(O)ccc1-c1cc(N)c(C=N)c(N2CC(C)(O)C2)n1,CHEMBL5824615,6.64,6.64,False,Other,8.37,8.37,-1.7299999999999995,8.0,8.0,-1.3600000000000003,7.78,7.78,-1.1400000000000006,3,-1.7299999999999995,False
CCc1cc(O)ccc1-c1cc(N)c(C=N)c(N2CC(Oc3ccccc3)C2)n1,CHEMBL5758787,5.29,5.29,False,Other,7.92,7.92,-2.63,7.08,7.08,-1.79,7.17,7.17,-1.88,3,-2.63,False
CCc1cc(O)ccc1-c1cc(N)c(C=N)c(NCCc2ccc(-c3ccccc3)cc2)n1,CHEMBL5877526,5.37,5.37,False,Other,7.06,7.06,-1.6899999999999995,6.74,6.74,-1.37,6.8,6.8,-1.4299999999999997,3,-1.6899999999999995,False
CCc1cc(O)ccc1-c1cc(N)c(C=N)c(NCc2ccccc2N(C)SC)n1,CHEMBL5829949,8.25,8.25,False,Other,9.7,9.7,-1.4499999999999993,9.0,9.0,-0.75,8.36,8.36,-0.10999999999999943,3,-1.4499999999999993,False
CCc1cc(O)ccc1-c1cc(NS(=O)(=O)CC)c2cn[nH]c2c1,CHEMBL4551061,6.3,6.3,False,Other,7.78,7.78,-1.4800000000000004,7.7,7.7,-1.4000000000000004,8.1,8.1,-1.7999999999999998,3,-1.7999999999999998,False
CCc1cc(O)ccc1-c1cc2[nH]ncc2c(N2CC(C)(O)C2)n1,CHEMBL5992916,6.64,6.64,False,Other,8.37,8.37,-1.7299999999999995,8.0,8.0,-1.3600000000000003,7.78,7.78,-1.1400000000000006,3,-1.7299999999999995,False
CCc1cc(O)ccc1-c1cc2[nH]ncc2c(N2CC(Oc3cc(C#N)ccc3Cl)C2)n1,CHEMBL5985321,5.48,5.48,False,Other,7.97,7.97,-2.4899999999999993,6.89,6.89,-1.4099999999999993,7.05,7.05,-1.5699999999999994,3,-2.4899999999999993,False
CCc1cc(O)ccc1-c1cc2[nH]ncc2c(N2CC(Oc3ccccc3)C2)n1,CHEMBL5834711,5.29,5.29,False,Other,7.92,7.92,-2.63,7.08,7.08,-1.79,7.17,7.17,-1.88,3,-2.63,False
CCc1cc(O)ccc1-c1cc2[nH]ncc2c(N2CCC(OC)CC2)n1,CHEMBL5749190,6.29,6.29,False,Other,8.44,8.44,-2.1499999999999995,7.9,7.9,-1.6100000000000003,7.52,7.52,-1.2299999999999995,3,-2.1499999999999995,False
CCc1cc(O)ccc1-c1cc2[nH]ncc2c(N2CCC(S(=O)(=O)N(C)C)C2)n1,CHEMBL5950428,6.17,6.17,False,Other,8.09,8.09,-1.92,7.63,7.63,-1.46,7.46,7.46,-1.29,3,-1.92,False
CCc1cc(O)ccc1-c1cc2[nH]ncc2c(N2CCc3c(Cl)cccc3C2)n1,CHEMBL5869242,6.25,6.25,False,Other,7.41,7.41,-1.1600000000000001,7.33,7.33,-1.08,6.96,6.96,-0.71,3,-1.1600000000000001,False
CCc1cc(O)ccc1-c1cc2[nH]ncc2c(N2CCc3c(cccc3C(=O)NCc3ccccc3)C2)n1,CHEMBL6004660,6.37,6.37,False,Other,8.14,8.14,-1.7700000000000005,8.3,8.3,-1.9300000000000006,7.38,7.38,-1.0099999999999998,3,-1.9300000000000006,False
CCc1cc(O)ccc1-c1cc2[nH]ncc2c(N2CCc3c(cccc3NS(C)(=O)=O)C2)n1,CHEMBL5966661,7.09,7.09,False,Other,8.48,8.48,-1.3900000000000006,8.35,8.35,-1.2599999999999998,8.02,8.02,-0.9299999999999997,3,-1.3900000000000006,False
CCc1cc(O)ccc1-c1cc2[nH]ncc2c(N2CCc3c(cccc3NSC)C2)n1,CHEMBL5831658,7.09,7.09,False,Other,8.48,8.48,-1.3900000000000006,8.35,8.35,-1.2599999999999998,8.02,8.02,-0.9299999999999997,3,-1.3900000000000006,False
CCc1cc(O)ccc1-c1cc2[nH]ncc2c(N2CCc3cc(-n4cnc(C)c4)ccc3C2)n1,CHEMBL5777163,6.14,6.14,False,Other,7.97,7.97,-1.83,7.58,7.58,-1.4400000000000004,7.37,7.37,-1.2300000000000004,3,-1.83,False
CCc1cc(O)ccc1-c1cc2[nH]ncc2c(N2CCc3cc(F)ccc3C2)n1,CHEMBL6001910,6.52,6.52,False,Other,8.01,8.01,-1.4900000000000002,7.77,7.77,-1.25,7.39,7.39,-0.8700000000000001,3,-1.4900000000000002,False
CCc1cc(O)ccc1-c1cc2[nH]ncc2c(N2CCc3cc(OC)c(OCc4ccccc4)cc3C2)n1,CHEMBL5905772,5.56,5.56,False,Other,7.17,7.17,-1.6100000000000003,6.92,6.92,-1.3600000000000003,6.47,6.47,-0.9100000000000001,3,-1.6100000000000003,False
CCc1cc(O)ccc1-c1cc2[nH]ncc2c(N2CCc3cc(OCCOC)ccc3C2)n1,CHEMBL5753368,6.54,6.54,False,Other,8.0,8.0,-1.46,7.59,7.59,-1.0499999999999998,7.25,7.25,-0.71,3,-1.46,False
CCc1cc(O)ccc1-c1cc2[nH]ncc2c(N2CCc3ccc(OC)c(OC)c3C2)n1,CHEMBL6029792,5.81,5.81,False,Other,7.86,7.86,-2.0500000000000007,7.28,7.28,-1.4700000000000006,6.71,6.71,-0.9000000000000004,3,-2.0500000000000007,False
CCc1cc(O)ccc1-c1cc2[nH]ncc2c(N2CCc3ccc(S(=O)(=O)NCCN4CCCC4)cc3C2)n1,CHEMBL5970226,6.79,6.79,False,Other,8.42,8.42,-1.63,8.0,8.0,-1.21,7.63,7.63,-0.8399999999999999,3,-1.63,False
CCc1cc(O)ccc1-c1cc2[nH]ncc2c(N2CCc3cccc(OC)c3C2)n1,CHEMBL5851519,6.32,6.32,False,Other,7.83,7.83,-1.5099999999999998,7.6,7.6,-1.2799999999999994,7.11,7.11,-0.79,3,-1.5099999999999998,False
CCc1cc(O)ccc1-c1cc2[nH]ncc2c(NCCc2ccc(-c3ccccc3)cc2)n1,CHEMBL6059703,5.37,5.37,False,Other,7.06,7.06,-1.6899999999999995,6.74,6.74,-1.37,6.8,6.8,-1.4299999999999997,3,-1.6899999999999995,False
CCc1cc(O)ccc1-c1cc2[nH]ncc2c(NCc2c(C)cccc2N(C)S(C)(=O)=O)n1,CHEMBL5919390,6.2,6.2,False,Other,8.22,8.22,-2.0200000000000005,7.83,7.83,-1.63,7.27,7.27,-1.0699999999999994,3,-2.0200000000000005,False
CCc1cc(O)ccc1-c1cc2[nH]ncc2c(NCc2c(C)cccc2N(C)[S+](C)[O-])n1,CHEMBL5788232,6.2,6.2,False,Other,8.22,8.22,-2.0200000000000005,7.83,7.83,-1.63,7.27,7.27,-1.0699999999999994,3,-2.0200000000000005,False
CCc1cc(O)ccc1-c1cc2[nH]ncc2c(NCc2ccccc2N(C)SC)n1,CHEMBL6039934,8.25,8.25,False,Other,9.7,9.7,-1.4499999999999993,9.0,9.0,-0.75,8.36,8.36,-0.10999999999999943,3,-1.4499999999999993,False
CCc1cc(O)ccc1-c1ccc2c(-c3nc4c([nH]3)CN(C(C)=O)CC4)n[nH]c2c1,CHEMBL4093813,7.64,7.64,False,Other,9.3,9.3,-1.660000000000001,8.48,8.48,-0.8400000000000007,8.15,8.15,-0.5100000000000007,3,-1.660000000000001,False
CCc1cc(O)ccc1-c1ccc2c(-c3nc4c([nH]3)CN(C(C)C)[C@H](C(=O)N3CC(C)(N(C)C)C3)C4)n[nH]c2c1,CHEMBL5813467,8.899999999999999,8.899999999999999,False,Other,10.0,10.0,-1.1000000000000014,10.8,10.8,-1.9000000000000021,9.9,9.9,-1.0000000000000018,3,-1.9000000000000021,False
CCc1cc(O)ccc1-c1ccc2c(-c3nc4c([nH]3)CN(C(C)C)[C@H](C(=O)N3CCCN(C)CC3)C4)n[nH]c2c1,CHEMBL5867421,8.8,8.8,False,Other,10.1,10.1,-1.299999999999999,10.4,10.4,-1.5999999999999996,10.1,10.1,-1.299999999999999,3,-1.5999999999999996,False
CCc1cc(O)ccc1-c1ccc2c(-c3nc4c([nH]3)CN(C(C)C)[C@H](C(=O)N3CC[C@H](N(C)C)C3)C4)n[nH]c2c1,CHEMBL5963013,8.85,8.85,False,Other,10.2,10.2,-1.3499999999999996,10.4,10.4,-1.5500000000000007,10.0,10.0,-1.1500000000000004,3,-1.5500000000000007,False
CCc1cc(O)ccc1-c1ccc2c(-c3nc4c([nH]3)CN(C)CC4)n[nH]c2c1,CHEMBL4066236,7.7,7.7,False,Other,8.68,8.68,-0.9799999999999995,8.19,8.19,-0.4899999999999993,8.54,8.54,-0.839999999999999,3,-0.9799999999999995,False
CCc1cc(O)ccc1-c1ccc2c(-c3nc4c([nH]3)CN(C)[C@H](C(=O)N3CCN(C(=O)OC(C)(C)C)C[C@@H]3C)C4)n[nH]c2c1,CHEMBL6049594,8.8,8.8,False,Other,10.2,10.2,-1.3999999999999986,10.4,10.4,-1.5999999999999996,10.2,10.2,-1.3999999999999986,3,-1.5999999999999996,False
CCc1cc(O)ccc1-c1ccc2c(-c3nc4c([nH]3)CN(C)[C@H](C(=O)N3CCN(C)C[C@@H]3C)C4)n[nH]c2c1,CHEMBL5973717,9.3,9.3,False,Other,10.2,10.2,-0.8999999999999986,10.4,10.4,-1.0999999999999996,10.2,10.2,-0.8999999999999986,3,-1.0999999999999996,False
CCc1cc(O)ccc1-c1ccc2c(-c3nc4c([nH]3)CN(C)[C@H](C(=O)N3CCN(CCO)C[C@H]3C)C4)n[nH]c2c1,CHEMBL6062038,9.0,9.0,False,Other,10.3,10.3,-1.3000000000000007,10.49,10.49,-1.4900000000000002,10.1,10.1,-1.0999999999999996,3,-1.4900000000000002,False
CCc1cc(O)ccc1-c1ccc2c(-c3nc4c([nH]3)CN(CC)[C@H](C(=O)N3CC(C)(N(C)C)C3)C4)n[nH]c2c1,CHEMBL5792137,8.85,8.85,False,Other,10.4,10.4,-1.5500000000000007,10.6,10.6,-1.75,10.2,10.2,-1.3499999999999996,3,-1.75,False
CCc1cc(O)ccc1-c1ccc2c(-c3nc4c([nH]3)CN(CC)[C@H](C(=O)N3CC(N(C)C)C3)C4)n[nH]c2c1,CHEMBL6064118,8.95,8.95,False,Other,10.3,10.3,-1.3500000000000014,10.7,10.7,-1.75,10.3,10.3,-1.3500000000000014,3,-1.75,False
CCc1cc(O)ccc1-c1ccc2c(-c3nc4c([nH]3)CN(S(C)(=O)=O)CC4)n[nH]c2c1,CHEMBL4069951,7.6,7.6,False,Other,8.89,8.89,-1.290000000000001,8.25,8.25,-0.6500000000000004,8.89,8.89,-1.290000000000001,3,-1.290000000000001,False
CCc1cc(O)ccc1-c1ccc2c(-c3nc4c([nH]3)C[C@@H](C(=O)N3CC(N(C)C)C3)N(C(C)C)C4)n[nH]c2c1,CHEMBL4802163,8.85,8.85,False,Other,10.2,10.2,-1.3499999999999996,10.49,10.49,-1.6400000000000006,10.2,10.2,-1.3499999999999996,3,-1.6400000000000006,False
CCc1cc(O)ccc1-c1ccc2c(-c3nc4ccccc4[nH]3)n[nH]c2c1,CHEMBL3928932,8.04,8.04,False,Other,9.4,9.4,-1.3600000000000012,8.66,8.66,-0.620000000000001,8.08,8.08,-0.040000000000000924,3,-1.3600000000000012,False
CCc1cc(O)ccc1-c1ccc2c(-c3ncc[nH]3)n[nH]c2c1,CHEMBL4086057,8.34,8.34,False,Other,9.05,9.05,-0.7100000000000009,9.1,9.1,-0.7599999999999998,9.1,9.1,-0.7599999999999998,3,-0.7599999999999998,False
CCc1cc(O)ccc1-c1ccc2c(C(=O)NC)n[nH]c2c1,CHEMBL4078165,6.1,6.1,False,Other,8.12,8.12,-2.0199999999999996,7.39,7.39,-1.29,6.9,6.9,-0.8000000000000007,3,-2.0199999999999996,False
CCc1cc(O)ccc1-c1ccc2c(C(=O)Nc3ccc(C)nc3)n[nH]c2c1,CHEMBL4101534,6.09,6.09,False,Other,7.22,7.22,-1.13,7.23,7.23,-1.1400000000000006,6.38,6.38,-0.29000000000000004,3,-1.1400000000000006,False
CCc1cc(O)ccc1-c1ccc2c(C(N)=O)n[nH]c2c1,CHEMBL4096219,7.26,7.26,False,Other,8.77,8.77,-1.5099999999999998,8.38,8.38,-1.120000000000001,8.37,8.37,-1.1099999999999994,3,-1.5099999999999998,False
CCc1cc(S(C)(=O)=O)cc(F)c1N(C)c1cc2c(ncn2C)c(NC(=O)N2CC(O)C2)n1,CHEMBL6150682,6.3,6.3,False,Other,6.02,6.02,0.28000000000000025,6.2,6.2,0.09999999999999964,,,,2,0.09999999999999964,False
CCc1cc(S(C)(=O)=O)cc(F)c1N(C)c1cc2c(ncn2C)c(NC(=O)NC)n1,CHEMBL6141983,6.54,6.54,False,Other,7.05,7.05,-0.5099999999999998,6.99,6.99,-0.4500000000000002,6.18,6.18,0.3600000000000003,3,-0.5099999999999998,False
CCc1cc(S(C)(=O)=O)cc(F)c1N(C)c1cc2c(ncn2C)c(NC(=O)NCCO)n1,CHEMBL6145070,6.82,6.82,False,Other,7.1,7.1,-0.27999999999999936,7.27,7.27,-0.4499999999999993,6.3,6.3,0.5200000000000005,3,-0.4499999999999993,False
CCc1cc(S(C)(=O)=O)cc(F)c1N(C)c1cc2c(ncn2C)c(NC(=O)[C@H]2C[C@H]2F)n1,CHEMBL6160368,8.02,8.02,False,Other,7.89,7.89,0.1299999999999999,7.14,7.14,0.8799999999999999,6.57,6.57,1.4499999999999993,3,0.1299999999999999,False
CCc1cc(S(C)(=O)=O)cc(F)c1N(C)c1cc2c(ncn2C)c(Nc2cnn(CC#N)c2)n1,CHEMBL6167388,9.23,9.23,False,Other,9.38,9.38,-0.15000000000000036,9.28,9.28,-0.049999999999998934,8.05,8.05,1.1799999999999997,3,-0.15000000000000036,False
CCc1ccc(C#N)cc1N(C)c1cc2c(ncn2C)c(NC(=O)[C@H]2C[C@H]2F)n1,CHEMBL6103349,8.89,8.89,False,Other,9.05,9.05,-0.16000000000000014,8.19,8.19,0.7000000000000011,7.24,7.24,1.6500000000000004,3,-0.16000000000000014,False
CCc1ccc(C(F)(F)F)cc1-c1c(C(N)=O)cc(-c2cc(N)ncn2)n1C,CHEMBL5973833,7.42,7.42,False,JH1,8.05,8.05,-0.6300000000000008,8.52,8.52,-1.0999999999999996,,,,2,-1.0999999999999996,False
CCc1ccc(C(F)(F)F)cc1-c1c(C(N)=O)cc(-c2ncnc3[nH]ccc23)n1C,CHEMBL5840440,7.66,7.66,False,JH1,8.22,8.22,-0.5600000000000005,8.52,8.52,-0.8599999999999994,,,,2,-0.8599999999999994,False
CCc1ccc(C(F)(F)F)cc1-c1cc(-c2ncnc3[nH]ccc23)n(C)c1C(N)=O,CHEMBL6021451,7.06,7.06,False,JH1,7.6,7.6,-0.54,8.05,8.05,-0.9900000000000011,,,,2,-0.9900000000000011,False
CCc1ccc(C(F)(F)F)cc1-c1cn(-c2cc(N)ncn2)cc1C(N)=O,CHEMBL6003360,7.51,7.51,False,JH1,7.28,7.28,0.22999999999999954,8.22,8.22,-0.7100000000000009,,,,2,-0.7100000000000009,False
CCc1ccc(C(N)=O)cc1N(C)c1cc2c(ncn2C)c(NC(=O)[C@H]2C[C@H]2F)n1,CHEMBL6134556,7.28,7.28,False,Other,7.34,7.34,-0.05999999999999961,6.79,6.79,0.4900000000000002,5.78,5.78,1.5,3,-0.05999999999999961,False
CCc1ccc(Cl)cc1-c1c(C(=O)NC)cc(-c2cc(N)ncn2)n1C,CHEMBL5975299,7.06,7.06,False,JH1,7.72,7.72,-0.6600000000000001,8.3,8.3,-1.240000000000001,,,,2,-1.240000000000001,False
CCc1ccc(Cl)cc1-c1c(C(N)=O)cc(-c2cc(NC)ncn2)n1C,CHEMBL5964484,8.0,8.0,False,JH1,9.0,9.0,-1.0,9.0,9.0,-1.0,,,,2,-1.0,False
CCc1ccc(Cl)cc1-c1c(C(N)=O)cc(-c2ncnc3[nH]ccc23)n1C,CHEMBL5934330,7.92,7.92,False,JH1,8.22,8.22,-0.3000000000000007,9.0,9.0,-1.08,,,,2,-1.08,False
CCc1ccc(Cl)cc1-c1cc(-c2ncnc3[nH]ccc23)n(C)c1C(N)=O,CHEMBL5789588,8.15,8.15,False,JH1,7.96,7.96,0.1900000000000004,8.52,8.52,-0.3699999999999992,,,,2,-0.3699999999999992,False
CCc1ccc(Cl)cc1-c1cn(-c2cc(N)ncn2)cc1C(N)=O,CHEMBL5959366,7.5,7.5,False,JH1,7.1,7.1,0.40000000000000036,8.1,8.1,-0.5999999999999996,,,,2,-0.5999999999999996,False
CCc1ccc(Cl)cc1-c1cn(-c2cc(NC)ncn2)cc1C(N)=O,CHEMBL5965653,7.32,7.32,False,JH1,7.03,7.03,0.29000000000000004,7.92,7.92,-0.5999999999999996,,,,2,-0.5999999999999996,False
CCc1ccc(Cl)cc1-c1cn(-c2ncnc3[nH]ccc23)cc1C(N)=O,CHEMBL6055224,9.0,9.0,False,JH1,9.0,9.0,0.0,9.0,9.0,0.0,,,,2,0.0,False
CCc1ccc(Cl)cc1-n1cc(-c2ncnc3[nH]ccc23)cc1C#N,CHEMBL6006456,7.92,7.92,False,JH1,7.85,7.85,0.07000000000000028,8.22,8.22,-0.3000000000000007,,,,2,-0.3000000000000007,False
CCc1ccc(Cl)cc1-n1cc(-c2ncnn3cccc23)cc1C(N)=O,CHEMBL3403546,7.57,7.57,False,JH1,6.87,6.87,0.7000000000000002,7.7,7.7,-0.1299999999999999,,,,2,-0.1299999999999999,False
CCc1ccc(Nc2cc(NC(=O)C3CC3)nc3[nH]n(C)c(=O)c23)c(S(C)(=O)=O)c1,CHEMBL5769114,9.12,,True,JH2,,,,,,,,,,0,,True
CCc1ccc(OC)cc1N(C)c1cc2c(ncn2C)c(NC(=O)[C@H]2C[C@H]2F)n1,CHEMBL6147166,8.36,8.36,False,Other,8.57,8.57,-0.21000000000000085,7.82,7.82,0.5399999999999991,7.24,7.24,1.1199999999999992,3,-0.21000000000000085,False
CCc1cccc(F)c1Nc1nc(Nc2cnn(C)c2)ncc1C(N)=O,CHEMBL5829785,8.92,8.92,False,Other,9.35,9.35,-0.4299999999999997,,,,9.32,9.32,-0.40000000000000036,2,-0.4299999999999997,False
CCc1cccc(F)c1Nc1nc(Nc2cnn(CC)c2)ncc1C(N)=O,CHEMBL6000141,8.97,8.97,False,Other,9.55,9.55,-0.5800000000000001,,,,9.24,9.24,-0.2699999999999996,2,-0.5800000000000001,False
CCc1ccccc1CNc1nc(Nc2cnn(CC)c2)ncc1C(N)=O,CHEMBL5863078,9.7,9.7,False,Other,8.97,8.97,0.7299999999999986,9.0,9.0,0.6999999999999993,9.44,9.44,0.2599999999999998,3,0.2599999999999998,False
CCc1ccccc1N(C)c1cc2c(ncn2C)c(NC)n1,CHEMBL6151967,6.59,6.59,False,Other,7.12,7.12,-0.5300000000000002,6.14,6.14,0.4500000000000002,,,,2,-0.5300000000000002,False
CCc1ccccc1Nc1nc(Nc2cnn(C(C)(C)C)c2)ncc1C(N)=O,CHEMBL5857751,8.32,8.32,False,Other,8.44,8.44,-0.11999999999999922,8.9,8.9,-0.5800000000000001,8.38,8.38,-0.0600000000000005,3,-0.5800000000000001,False
CCc1ccccc1Nc1nc(Nc2cnn(C3CCOCC3)c2)ncc1C(N)=O,CHEMBL5834117,8.64,8.64,False,Other,8.73,8.73,-0.08999999999999986,9.52,9.52,-0.879999999999999,8.75,8.75,-0.10999999999999943,3,-0.879999999999999,False
CCc1ccnc(F)c1N(C)c1cc2c(ncn2C)c(NC(=O)[C@H]2C[C@H]2F)n1,CHEMBL6148528,7.46,7.46,False,Other,8.14,8.14,-0.6800000000000006,6.96,6.96,0.5,6.29,6.29,1.17,3,-0.6800000000000006,False
CCc1cncc2ccc(NC(=O)[C@@H]3CC3c3ccc(S(=O)(=O)Nc4ccccn4)cc3)cc12,CHEMBL5787843,7.72,7.72,False,Other,7.92,7.92,-0.20000000000000018,9.1,9.1,-1.38,8.375,8.375,-0.6550000000000002,3,-1.38,False
CCc1cncc2ccc(NC(=O)[C@@H]3CC3c3ccc(S(=O)(=O)Nc4ncccn4)cc3)cc12,CHEMBL5910422,7.92,7.92,False,Other,8.14,8.14,-0.22000000000000064,9.0,9.0,-1.08,8.24,8.24,-0.3200000000000003,3,-1.08,False
CCc1cncc2ccc(NC(=O)[C@@H]3C[C@H]3c3ccc(S(=O)(=O)Nc4ncc(C5CCNCC5)cn4)cc3)cc12,CHEMBL5831111,6.2,6.2,False,Other,6.92,6.92,-0.7199999999999998,7.7,7.7,-1.5,6.7,6.7,-0.5,3,-1.5,False
CCc1csc(-c2cc3c(C(=O)NC)cnc(NC(=O)C4CC4)c3[nH]2)n1,CHEMBL5829753,9.22,,True,JH2,,,,,,,,,,0,,True
CCc1nc(N[C@@H]2CCC[C@@H]2C#N)c2cc[nH]c(=O)c2n1,CHEMBL2436945,7.96,7.96,False,Other,8.52,8.52,-0.5599999999999996,9.0,9.0,-1.04,7.43,7.43,0.5300000000000002,3,-1.04,False
CCc1nn(-c2cccc(-c3nnn(C)n3)c2OC)c2cc(NC(=O)C3CC3)ncc12,CHEMBL5874774,9.22,,True,JH2,,,,,,,,,,0,,True
CCn1c(C(=O)N(C2CC2)C2CC2)cc2c3c(ncn3C)c(NC(=O)NCCOC)nc21,CHEMBL3622133,6.54,6.54,False,Other,6.66,6.66,-0.1200000000000001,7.3,7.3,-0.7599999999999998,6.3,6.3,0.2400000000000002,3,-0.7599999999999998,False
CCn1c(C(=O)N(C2CC2)C2CC2)cc2c3c(ncn3C)c(NC(=O)OCCOC)nc21,CHEMBL3622132,5.77,5.77,False,Other,5.77,5.77,0.0,6.92,6.92,-1.1500000000000004,,,,2,-1.1500000000000004,False
CCn1c(C(=O)N(C2CC2)C2CC2)cc2c3c(ncn3C)c(NC)nc21,CHEMBL3622130,7.16,7.16,False,Other,7.19,7.19,-0.03000000000000025,7.42,7.42,-0.2599999999999998,6.72,6.72,0.4400000000000004,3,-0.2599999999999998,False
CCn1c(C(=O)N(C2CC2)C2CC2)cc2c3c(ncn3C)c(NCCCOC)nc21,CHEMBL3622131,6.16,6.16,False,Other,5.72,5.72,0.4400000000000004,6.645,6.645,-0.48499999999999943,5.85,5.85,0.3100000000000005,3,-0.48499999999999943,False
CCn1c(C(=O)N(C2CC2)C2CC2)cc2c3c(ncn3C)c(Nc3cc(C)[nH]n3)nc21,CHEMBL3622150,8.72,8.72,False,Other,7.8,7.8,0.9200000000000008,8.92,8.92,-0.1999999999999993,7.06,7.06,1.660000000000001,3,-0.1999999999999993,False
CCn1c(C(=O)N(C2CC2)C2CC2)cc2c3c(ncn3C)c(Nc3cc(C)n(C)n3)nc21,CHEMBL3545215,7.18,7.18,False,Other,6.96,6.96,0.21999999999999975,8.96,8.96,-1.7800000000000011,6.44,6.44,0.7399999999999993,3,-1.7800000000000011,False
CCn1c(C(=O)N(C2CC2)C2CC2)cc2c3c(ncn3C)c(Nc3cc(C)nn3C)nc21,CHEMBL3622149,5.64,5.64,False,Other,6.27,6.27,-0.6299999999999999,6.64,6.64,-1.0,5.3,5.3,0.33999999999999986,3,-1.0,False
CCn1c(C(=O)N(C2CC2)C2CC2)cc2c3c(ncn3C)c(Nc3nc(C)c(C)s3)nc21,CHEMBL3622137,6.96,6.96,False,Other,6.57,6.57,0.3899999999999997,7.895,7.895,-0.9349999999999996,6.8,6.8,0.16000000000000014,3,-0.9349999999999996,False
CCn1c(C(=O)N(C2CC2)C2CC2)cc2c3c(ncn3C)c(Nc3nc(C)cs3)nc21,CHEMBL3622135,7.35,7.35,False,Other,7.34,7.34,0.009999999999999787,7.93,7.93,-0.5800000000000001,7.64,7.64,-0.29000000000000004,3,-0.5800000000000001,False
CCn1c(C(=O)N(C2CC2)C2CC2)cc2c3c(ncn3C)c(Nc3ncc(C)s3)nc21,CHEMBL3622136,7.34,7.34,False,Other,7.21,7.21,0.1299999999999999,8.14,8.14,-0.8000000000000007,7.11,7.11,0.22999999999999954,3,-0.8000000000000007,False
CCn1c(C(=O)N(C2CC2)C2CC2)cc2c3c(ncn3C)c(Nc3nccs3)nc21,CHEMBL3622134,7.55,7.55,False,Other,7.4,7.4,0.14999999999999947,8.275,8.275,-0.7250000000000005,7.21,7.21,0.33999999999999986,3,-0.7250000000000005,False
CCn1c(C)c(-c2ccnc(Nc3cccc(OC)c3)n2)sc1=O,CHEMBL1986263,6.3,6.3,False,Other,,,,7.1,7.1,-0.7999999999999998,6.3,6.3,0.0,2,-0.7999999999999998,False
CCn1cc(-c2cc(-c3cnn(C4(CC#N)CN(S(C)(=O)=O)C4)n3)c3cccnc3c2)ccc1=O,CHEMBL5941145,7.05,7.05,False,Other,5.39,5.39,1.6600000000000001,6.17,6.17,0.8799999999999999,,,,2,0.8799999999999999,False
CCn1cc(-c2cc3c(C(=O)NC)cnc(NC(=O)C4CC4)c3[nH]2)ccc1=O,CHEMBL5839655,8.26,,True,JH2,,,,,,,,,,0,,True
CCn1cc(-c2cc3ncccc3c(-c3ccn(C4(CC#N)CC(C#N)C4)n3)n2)cn1,CHEMBL5805624,7.79,7.79,False,Other,6.88,6.88,0.9100000000000001,7.495,7.495,0.29499999999999993,5.625,5.625,2.165,3,0.29499999999999993,False
CCn1cc(-c2cc3ncccc3c(-c3ccn(C4(CC#N)CN(CC(F)(F)F)C4)n3)n2)cn1,CHEMBL6055387,7.57,7.57,False,Other,6.34,6.34,1.2300000000000004,6.86,6.86,0.71,5.04,5.04,2.5300000000000002,3,0.71,False
CCn1cc(-c2cc3ncccc3c(-c3ccn(C4(CC#N)CN(S(C)(=O)=O)C4)n3)n2)ccc1=O,CHEMBL5810214,7.32,7.32,False,Other,6.27,6.27,1.0500000000000007,6.64,6.64,0.6800000000000006,,,,2,0.6800000000000006,False
CCn1cc(-c2cccc(-c3nnn(C)n3)c2OC)c2cc(NC(=O)C3CC3)ncc21,CHEMBL5811947,8.19,,True,JH2,,,,,,,,,,0,,True
CCn1cc(Cl)cc(Nc2cc(N)n3ncc(C(N)=O)c3n2)c1=O,CHEMBL5858495,9.22,,True,JH2,,,,,,,,,,0,,True
CCn1cc(Nc2cc(NC(=O)c3c(Cl)cccc3Cl)ccn2)cn1,CHEMBL2420829,7.72,7.72,False,Other,6.44,6.44,1.2799999999999994,7.46,7.46,0.2599999999999998,,,,2,0.2599999999999998,False
CCn1cc(Nc2ncc(C(N)=O)c(NCCC(C)C)n2)cn1,CHEMBL5829082,7.86,7.86,False,Other,7.86,7.86,0.0,8.52,8.52,-0.6599999999999993,9.23,9.23,-1.37,3,-1.37,False
CCn1cc(Nc2ncc(C(N)=O)c(NCc3c(F)cccc3C(F)(F)F)n2)cn1,CHEMBL6032666,8.76,8.76,False,Other,7.53,7.53,1.2299999999999995,8.51,8.51,0.25,9.62,9.62,-0.8599999999999994,3,-0.8599999999999994,False
CCn1cc(Nc2ncc(C(N)=O)c(NCc3c(F)cccc3Cl)n2)cn1,CHEMBL5932887,9.21,9.21,False,Other,8.21,8.21,1.0,9.24,9.24,-0.02999999999999936,9.59,9.59,-0.379999999999999,3,-0.379999999999999,False
CCn1cc(Nc2ncc(C(N)=O)c(NCc3c(F)cccc3OC)n2)cn1,CHEMBL5842032,9.24,9.24,False,Other,8.49,8.49,0.75,9.38,9.38,-0.14000000000000057,9.39,9.39,-0.15000000000000036,3,-0.15000000000000036,False
CCn1cc(Nc2ncc(C(N)=O)c(Nc3c(C)cccc3C)n2)cn1,CHEMBL5964316,8.13,8.13,False,Other,8.15,8.15,-0.019999999999999574,,,,8.37,8.37,-0.23999999999999844,2,-0.23999999999999844,False
CCn1cc(Nc2ncc(C(N)=O)c(Nc3c(C)cccc3F)n2)cn1,CHEMBL5839671,8.71,8.71,False,Other,8.9,8.9,-0.1899999999999995,,,,8.47,8.47,0.2400000000000002,2,-0.1899999999999995,False
CCn1cc(Nc2ncc(C(N)=O)c(Nc3c(F)cccc3Cl)n2)cn1,CHEMBL6060158,9.28,9.28,False,Other,8.74,8.74,0.5399999999999991,9.29,9.29,-0.009999999999999787,8.61,8.61,0.6699999999999999,3,-0.009999999999999787,False
CCn1cc(Nc2nccc(N3C[C@H]4CC[C@@H](C3)N4C(=O)[C@@H]3C[C@H]3C#N)n2)cn1,CHEMBL5885067,7.5,7.5,False,Other,7.89,7.89,-0.3899999999999997,7.17,7.17,0.33000000000000007,5.3,5.3,2.2,3,-0.3899999999999997,False
CCn1nc(-c2cccc(-c3nnn(C)n3)c2OC)c2cc(NC(=O)C3CC3)ncc21,CHEMBL5994743,8.19,,True,JH2,,,,,,,,,,0,,True
CCn1nc(Nc2nc3c(cc(C(=O)N(C4CC4)C4CC4)n3CC)c3c2ncn3C)cc1C,CHEMBL3622148,6.66,6.66,False,Other,6.48,6.48,0.17999999999999972,8.82,8.82,-2.16,6.68,6.68,-0.019999999999999574,3,-2.16,False
CN(C#N)C1CCc2ccc(-c3ncnc4[nH]ccc34)cc21,CHEMBL4280294,5.02,5.02,False,Other,5.605,5.605,-0.5850000000000009,5.06,5.06,-0.040000000000000036,6.64,6.64,-1.62,3,-1.62,False
CN(C)C(=O)/C(C#N)=C/c1ccc(-c2nc3cnc4[nH]ccc4c3n2C2CCCCC2)o1,CHEMBL4564280,6.34,6.34,False,Other,7.235,7.235,-0.8950000000000005,6.515000000000001,6.515000000000001,-0.1750000000000007,8.93,8.93,-2.59,3,-2.59,False
CN(C)C(=O)/C=C/c1ccc(-c2nc3cnc4[nH]ccc4c3n2C2CCCCC2)o1,CHEMBL4128410,7.11,7.11,False,Other,7.72,7.72,-0.6099999999999994,6.95,6.95,0.16000000000000014,7.475,7.475,-0.3649999999999993,3,-0.6099999999999994,False
CN(C)C(=O)C(C#N)=Cc1ccc(-c2nc3cnc4[nH]ccc4c3n2C2CCCCC2)o1,CHEMBL4128181,5.635,5.635,False,Other,6.725,6.725,-1.0899999999999999,5.96,5.96,-0.3250000000000002,8.7,8.7,-3.0649999999999995,3,-3.0649999999999995,False
CN(C)C(=O)CCc1ccc(-c2nc3cnc4[nH]ccc4c3n2C2CCCCC2)o1,CHEMBL4126514,6.86,6.86,False,Other,7.35,7.35,-0.4899999999999993,6.74,6.74,0.1200000000000001,7.03,7.03,-0.16999999999999993,3,-0.4899999999999993,False
CN(C)C(=O)CN1CN([C@H]2CC[C@H](CNCC(F)(F)F)CC2)c2c(cnc3[nH]ccc23)C1=O,CHEMBL3901870,7.1,7.1,False,Other,8.12,8.12,-1.0199999999999996,7.96,7.96,-0.8600000000000003,8.31,8.31,-1.2100000000000009,3,-1.2100000000000009,False
CN(C)C(=O)c1cc(Cl)c(C(=O)Nc2ccnc(NC(=O)C3CC3)c2)c(Cl)c1,CHEMBL2387123,7.52,7.52,False,Other,,,,,,,,,,0,,False
CN(C)C(=O)c1ccc(Nc2cc(N3CC[C@@](C#N)(C4CC4)C3=O)ccn2)nc1,CHEMBL4636795,8.96,8.96,False,Other,,,,,,,,,,0,,False
CN(C)C(=O)c1ccc(Nc2nc3cccc(-c4ccc(C(=O)N5CCOCC5)cc4)c3o2)cc1,CHEMBL1081663,6.14,6.14,False,Other,6.75,6.75,-0.6100000000000003,7.41,7.41,-1.2700000000000005,6.21,6.21,-0.07000000000000028,3,-1.2700000000000005,False
CN(C)C(=O)c1ccc(Nc2oc(-c3c(F)cccc3F)nc2C(N)=O)cc1,CHEMBL5878666,8.04,8.04,False,Other,7.05,7.05,0.9899999999999993,6.95,6.95,1.089999999999999,6.66,6.66,1.379999999999999,3,0.9899999999999993,False
CN(C)C(=O)c1cnc(-n2cccc(Nc3cc(N)n4ncc(C(N)=O)c4n3)c2=O)cn1,CHEMBL5746266,9.22,,True,JH2,,,,,,,,,,0,,True
CN(C)C(=O)c1cnc(N)c2cc(-c3ccc(N4CCOCC4)cc3)sc12,CHEMBL1938648,5.29,5.29,False,Other,5.51,5.51,-0.21999999999999975,5.93,5.93,-0.6399999999999997,5.78,5.78,-0.4900000000000002,3,-0.6399999999999997,False
CN(C)C(=O)c1cnc(Nc2ccc(F)cn2)cc1Nc1ccccc1C(N)=O,CHEMBL4516272,7.06,7.06,False,JH2,,,,,,,,,,0,,True
CN(C)CC(=O)N1CCC(c2ccc(NC(=O)c3nc(C#N)c[nH]3)c(C3=CCCCC3)c2)CC1,CHEMBL1908395,7.285,7.285,False,Other,6.775,6.775,0.5099999999999998,8.0,8.0,-0.7149999999999999,7.75,7.75,-0.46499999999999986,3,-0.7149999999999999,False
CN(C)CCCn1c(=O)c2cc([N+](=O)[O-])ccc2c2cnc3[nH]ccc3c21,CHEMBL4277379,5.32,5.32,False,Other,5.48,5.48,-0.16000000000000014,6.31,6.31,-0.9899999999999993,5.95,5.95,-0.6299999999999999,3,-0.9899999999999993,False
CN(C)CCCn1c(=O)c2ccccc2c2cnc3[nH]ccc3c21,CHEMBL4288673,6.15,6.15,False,Other,6.37,6.37,-0.21999999999999975,6.64,6.64,-0.4899999999999993,6.54,6.54,-0.3899999999999997,3,-0.4899999999999993,False
CN(C)CCN(C)c1ccc2cc1COC/C=C/COCc1cccc(c1)-c1ccnc(n1)N2,CHEMBL5419439,7.15,7.15,False,Other,5.44,5.44,1.71,7.11,7.11,0.040000000000000036,,,,2,0.040000000000000036,False
CN(C)CCN(C)c1ccc2cc1COCC=CCOCc1cccc(c1)-c1ccnc(n1)N2,CHEMBL2181327,7.15,7.15,False,Other,5.44,5.44,1.71,7.11,7.11,0.040000000000000036,,,,2,0.040000000000000036,False
CN(C)CCNC(=O)N1CCc2[nH]c(-c3n[nH]c4nc(-c5cc(F)c(O)cc5CC(F)(F)F)nc(NCc5cc(O)ccc5N(C)S(C)(=O)=O)c34)nc2C1,CHEMBL5741806,7.46,7.46,False,Other,8.27,8.27,-0.8099999999999996,7.57,7.57,-0.11000000000000032,6.92,6.92,0.54,3,-0.8099999999999996,False
CN(C)CCNC(=O)c1cnc(N)c2cc(-c3ccc(S(=O)(=O)NC(C)(C)C)cc3)sc12,CHEMBL1938657,5.39,5.39,False,Other,6.15,6.15,-0.7600000000000007,5.955,5.955,-0.5650000000000004,5.48,5.48,-0.09000000000000075,3,-0.7600000000000007,False
CN(C)CCn1cc(-c2cc3ncccc3c(-c3ccn(C4(CC#N)CC(C#N)C4)n3)n2)cn1,CHEMBL5925860,7.34,7.34,False,Other,6.39,6.39,0.9500000000000002,7.39,7.39,-0.04999999999999982,5.93,5.93,1.4100000000000001,3,-0.04999999999999982,False
CN(C)C[C@H]1CC[C@H](N2CNC(=O)c3cnc4[nH]ccc4c32)CC1,CHEMBL3924902,6.7,6.7,False,Other,7.96,7.96,-1.2599999999999998,7.16,7.16,-0.45999999999999996,6.31,6.31,0.39000000000000057,3,-1.2599999999999998,False
CN(C)C[C@H]1CC[C@H](c2nnn3cnc4[nH]ccc4c23)CC1,CHEMBL3935688,6.72,6.72,False,Other,8.42,8.42,-1.7000000000000002,7.19,7.19,-0.47000000000000064,6.14,6.14,0.5800000000000001,3,-1.7000000000000002,False
CN(C)Cc1cc(Cl)c(C(=O)Nc2ccnc(NC(=O)C3CC3)c2)c(Cl)c1,CHEMBL2387120,7.22,7.22,False,Other,,,,,,,,,,0,,False
CN(C)S(=O)(=O)C[C@H]1CC[C@H](c2nnn3cnc4[nH]ccc4c23)CC1,CHEMBL3956450,6.77,6.77,False,Other,8.37,8.37,-1.5999999999999996,8.08,8.08,-1.3100000000000005,6.48,6.48,0.28999999999999915,3,-1.5999999999999996,False
CN(C)S(=O)(=O)c1ccc(Nc2oc(-c3c(F)cccc3F)nc2C(N)=O)cc1,CHEMBL5851338,8.28,8.28,False,Other,7.32,7.32,0.9599999999999991,7.02,7.02,1.2599999999999998,6.45,6.45,1.8299999999999992,3,0.9599999999999991,False
CN(C)S(=O)(=O)c1ccc2c(c1)CCN2C[C@H]1CC[C@H](c2nnn3cnc4[nH]ccc4c23)CC1,CHEMBL3919034,6.21,6.21,False,Other,7.66,7.66,-1.4500000000000002,7.01,7.01,-0.7999999999999998,,,,2,-1.4500000000000002,False
CN(C)S(=O)(=O)c1cccc(-c2c[nH]c3cnc(NC(=O)C4CC4)cc23)c1,CHEMBL5408759,6.32,6.32,False,JH2,,,,,,,,,,0,,True
CN(C)[C@H]1CCN(C(=O)c2ccc3[nH]c4c(C(N)=O)cc(-c5ccc(Cl)c(Cl)c5)cc4c3c2)C1,CHEMBL3589170,7.35,7.35,False,Other,7.39,7.39,-0.040000000000000036,7.68,7.68,-0.33000000000000007,7.23,7.23,0.11999999999999922,3,-0.33000000000000007,False
CN(C)[C@H]1CCN(C[C@H]2CC[C@H](c3nnn4cnc5[nH]ccc5c34)CC2)C1,CHEMBL3921365,6.31,6.31,False,Other,7.62,7.62,-1.3100000000000005,6.89,6.89,-0.5800000000000001,,,,2,-1.3100000000000005,False
CN(C)[C@H]1CC[C@H](Nc2ccn(-c3cc(-c4c(F)cccc4C#N)nc4c3C(=O)NC4)n2)CC1,CHEMBL5985264,8.3,,True,Other,,,,7.26,,,,,,0,,False
CN(C)[C@H]1CC[C@H](Oc2ccn(-c3cc(-c4c(F)cccc4C#N)nc4c3C(=O)NC4)n2)CC1,CHEMBL5964752,8.3,,True,Other,,,,7.26,,,,,,0,,False
CN(C)[C@H]1CC[C@H](Oc2ccn(-c3ccn(-c4cc(-c5c(F)cccc5C#N)nc5c4C(=O)NC5)n3)n2)CC1,CHEMBL5846406,8.3,8.3,False,Other,,,,7.26,7.26,1.040000000000001,,,,1,1.040000000000001,False
CN(C)[C@H]1CC[C@H](c2nnn3cnc4[nH]ccc4c23)CC1,CHEMBL3897648,6.1,6.1,False,Other,7.64,7.64,-1.54,6.68,6.68,-0.5800000000000001,,,,2,-1.54,False
CN(C)[C@H]1CC[C@H](n2cc(C(N)=O)c(Nc3ccc(Cl)cc3)n2)[C@@H](C#N)C1,CHEMBL3703085,7.89,7.89,False,JH1,8.82,8.82,-0.9300000000000006,7.64,7.64,0.25,5.91,5.91,1.9799999999999995,3,-0.9300000000000006,False
CN(C)c1cc(Nc2nccc3nc(-c4c(Cl)cccc4Cl)[nH]c23)ncn1,CHEMBL4069942,9.22,9.22,False,Other,,,,7.47,7.47,1.7500000000000009,,,,1,1.7500000000000009,False
CN(C)c1cc(Nc2nn([C@H]3COCC[C@@H]3C#N)cc2C(N)=O)cc(F)n1,CHEMBL4092626,7.89,7.89,False,JH1,8.645,8.645,-0.7549999999999999,7.375,7.375,0.5149999999999997,6.15,6.15,1.7399999999999993,3,-0.7549999999999999,False
CN(C)c1ccc(-c2cc3ncccc3c(-c3ccn(C4(CC#N)CN(S(C)(=O)=O)C4)n3)n2)cn1,CHEMBL6017967,7.85,7.85,False,Other,6.58,6.58,1.2699999999999996,7.07,7.07,0.7799999999999994,,,,2,0.7799999999999994,False
CN(C)c1ccc(Nc2nc(N)n(C(=O)c3c(F)cccc3F)n2)cc1,CHEMBL1288002,7.16,7.16,False,Other,7.1,7.1,0.0600000000000005,5.6,5.6,1.5600000000000005,6.07,6.07,1.0899999999999999,3,0.0600000000000005,False
CN(C)c1cccc(Nc2nc(N)n(C(=O)c3c(F)cccc3F)n2)c1,CHEMBL1288001,7.16,7.16,False,Other,7.41,7.41,-0.25,5.3,5.3,1.8600000000000003,5.7,5.7,1.46,3,-0.25,False
CN(C12CC(C1)C2)S(=O)(=O)C[C@H]1C[C@@H](N(C)c2ncnc3[nH]ccc23)C1,CHEMBL5794736,6.08,6.08,False,Other,7.55,7.55,-1.4699999999999998,6.28,6.28,-0.20000000000000018,5.0,5.0,1.08,3,-1.4699999999999998,False
CN(C1CCC1)S(=O)(=O)C[C@H]1C[C@@H](N(C)c2ncnc3[nH]ccc23)C1,CHEMBL5830324,6.29,6.29,False,Other,7.89,7.89,-1.5999999999999996,6.46,6.46,-0.16999999999999993,5.0,5.0,1.29,3,-1.5999999999999996,False
CN(C1CCCOC1)S(=O)(=O)C[C@H]1C[C@@H](N(C)c2ncnc3[nH]ccc23)C1,CHEMBL5821565,5.38,5.38,False,Other,7.4,7.4,-2.0200000000000005,5.71,5.71,-0.33000000000000007,5.0,5.0,0.3799999999999999,3,-2.0200000000000005,False
CN(C1CCOC1)S(=O)(=O)C[C@H]1C[C@@H](N(C)c2ncnc3[nH]ccc23)C1,CHEMBL5816799,5.63,5.63,False,Other,7.38,7.38,-1.75,5.98,5.98,-0.35000000000000053,5.0,5.0,0.6299999999999999,3,-1.75,False
CN(CC#N)C[C@H]1CC[C@H](N2CN(C)C(=O)c3cnc4[nH]ccc4c32)CC1,CHEMBL3943509,6.62,6.62,False,Other,8.26,8.26,-1.6399999999999997,7.68,7.68,-1.0599999999999996,6.8,6.8,-0.17999999999999972,3,-1.6399999999999997,False
CN(CC#N)C[C@H]1CC[C@H](N2CN(C3CC3)C(=O)c3cnc4[nH]ccc4c32)CC1,CHEMBL3922146,6.32,6.32,False,Other,7.92,7.92,-1.5999999999999996,7.0,7.0,-0.6799999999999997,6.44,6.44,-0.1200000000000001,3,-1.5999999999999996,False
CN(CC#N)C[C@H]1CC[C@H](N2CN(CC(F)(F)F)C(=O)c3cnc4[nH]ccc4c32)CC1,CHEMBL3942783,6.36,6.36,False,Other,7.96,7.96,-1.5999999999999996,7.13,7.13,-0.7699999999999996,6.46,6.46,-0.09999999999999964,3,-1.5999999999999996,False
CN(CC(F)(F)F)C[C@H]1CC[C@H](N2CN(C)C(=O)c3cnc4[nH]ccc4c32)CC1,CHEMBL3892444,7.28,7.28,False,Other,8.82,8.82,-1.54,8.51,8.51,-1.2299999999999995,8.05,8.05,-0.7700000000000005,3,-1.54,False
CN(CC(F)(F)F)C[C@H]1CC[C@H](N2CN(CC#N)C(=O)c3cnc4[nH]ccc4c32)CC1,CHEMBL3968872,7.21,7.21,False,Other,9.05,9.05,-1.8400000000000007,8.17,8.17,-0.96,7.96,7.96,-0.75,3,-1.8400000000000007,False
CN(CC(F)(F)F)C[C@H]1CC[C@H](N2CNC(=O)c3cnc4[nH]ccc4c32)CC1,CHEMBL3930342,7.54,7.54,False,Other,8.85,8.85,-1.3099999999999996,8.34,8.34,-0.7999999999999998,8.07,8.07,-0.5300000000000002,3,-1.3099999999999996,False
CN(CC(F)(F)F)C[C@H]1CC[C@H](n2c(=O)[nH]c(=O)c3cnc4[nH]ccc4c32)CC1,CHEMBL5909709,6.5,6.5,False,Other,8.49,8.49,-1.9900000000000002,7.29,7.29,-0.79,6.12,6.12,0.3799999999999999,3,-1.9900000000000002,False
CN(CC(F)(F)F)S(=O)(=O)C[C@H]1C[C@@H](N(C)c2ncnc3[nH]ccc23)C1,CHEMBL6053106,6.75,6.75,False,Other,8.22,8.22,-1.4700000000000006,6.79,6.79,-0.040000000000000036,5.0,5.0,1.75,3,-1.4700000000000006,False
CN(CC1CCCO1)S(=O)(=O)C[C@H]1C[C@@H](N(C)c2ncnc3[nH]ccc23)C1,CHEMBL6003619,5.11,5.11,False,Other,7.21,7.21,-2.0999999999999996,5.63,5.63,-0.5199999999999996,5.0,5.0,0.11000000000000032,3,-2.0999999999999996,False
CN(CCC#N)C[C@H]1CC[C@H](c2nnn3cnc4[nH]ccc4c23)CC1,CHEMBL3934426,6.44,6.44,False,Other,7.92,7.92,-1.4799999999999995,7.54,7.54,-1.0999999999999996,6.31,6.31,0.13000000000000078,3,-1.4799999999999995,False
CN(CCC#N)S(=O)(=O)N[C@H]1C[C@@H](N(C)c2ncnc3[nH]ccc23)C1,CHEMBL3655104,5.92,5.92,False,Other,7.66,7.66,-1.7400000000000002,5.865,5.865,0.054999999999999716,,,,2,-1.7400000000000002,False
CN(CCO)C[C@H]1CC[C@H](c2nnn3cnc4[nH]ccc4c23)CC1,CHEMBL3942120,6.5,6.5,False,Other,8.02,8.02,-1.5199999999999996,7.0,7.0,-0.5,,,,2,-1.5199999999999996,False
CN(CCOc1cccc(NC2=C(c3c[nH]c4ccccc34)C(=O)NC2=O)c1)c1ccnc(F)c1,CHEMBL3114776,6.0,6.0,False,Other,,,,6.31,6.31,-0.3099999999999996,7.34,7.34,-1.3399999999999999,2,-1.3399999999999999,False
CN(C[C@H]1CC[C@H](N2CN(C3CC3)C(=O)c3cnc4[nH]ccc4c32)CC1)S(C)(=O)=O,CHEMBL3898972,6.58,6.58,False,Other,8.39,8.39,-1.8100000000000005,8.17,8.17,-1.5899999999999999,8.02,8.02,-1.4399999999999995,3,-1.8100000000000005,False
CN(C[C@H]1CC[C@H](N2CN(CC(F)(F)F)C(=O)c3cnc4[nH]ccc4c32)CC1)S(C)(=O)=O,CHEMBL3892991,6.37,6.37,False,Other,8.3,8.3,-1.9300000000000006,7.54,7.54,-1.17,7.64,7.64,-1.2699999999999996,3,-1.9300000000000006,False
CN(C[C@H]1CC[C@H](c2nnn3cnc4[nH]ccc4c23)CC1)c1ccc(C#N)cc1,CHEMBL3897849,6.24,6.24,False,Other,7.42,7.42,-1.1799999999999997,7.62,7.62,-1.38,6.24,6.24,0.0,3,-1.38,False
CN(C[C@H]1CC[C@H](c2nnn3cnc4[nH]ccc4c23)CC1)c1ccc(F)cc1,CHEMBL3915165,7.04,7.04,False,Other,8.135,8.135,-1.0949999999999998,6.96,6.96,0.08000000000000007,6.5,6.5,0.54,3,-1.0949999999999998,False
CN(Cc1ccccc1N(C)S(C)(=O)=O)c1nc(-c2cc(F)c(O)cc2CC(F)(F)F)cc2[nH]ncc12,CHEMBL5786744,6.12,6.12,False,Other,8.57,8.57,-2.45,7.84,7.84,-1.7199999999999998,7.64,7.64,-1.5199999999999996,3,-2.45,False
CN(Cc1cccnc1)S(=O)(=O)C[C@H]1C[C@@H](N(C)c2ncnc3[nH]ccc23)C1,CHEMBL5973649,5.64,5.64,False,Other,7.23,7.23,-1.5900000000000007,5.99,5.99,-0.35000000000000053,5.0,5.0,0.6399999999999997,3,-1.5900000000000007,False
CN(Cc1ccncc1)S(=O)(=O)C[C@H]1C[C@@H](N(C)c2ncnc3[nH]ccc23)C1,CHEMBL5971061,5.44,5.44,False,Other,7.07,7.07,-1.63,5.97,5.97,-0.5299999999999994,5.0,5.0,0.4400000000000004,3,-1.63,False
CN(Cc1cnccn1)S(=O)(=O)C[C@H]1C[C@@H](N(C)c2ncnc3[nH]ccc23)C1,CHEMBL6055152,5.22,5.22,False,Other,7.16,7.16,-1.9400000000000004,5.77,5.77,-0.5499999999999998,5.0,5.0,0.21999999999999975,3,-1.9400000000000004,False
CN(c1cc(-c2ccn(C)n2)ccc1Nc1cc(NC(=O)C2CC2)nc2[nH]c(C(F)F)nc12)S(C)(=O)=O,CHEMBL5859553,9.52,,True,JH2,,,,,,,,,,0,,True
CN(c1cc(-c2cn(C)cn2)ccc1Nc1cc(NC(=O)C2CC2)nc2[nH]c(C(F)F)nc12)S(C)(=O)=O,CHEMBL5858548,9.52,,True,JH2,,,,,,,,,,0,,True
CN(c1cc(-c2cncn2C)ccc1Nc1cc(NC(=O)C2CC2(F)F)nc2[nH]c(C(F)F)nc12)S(C)(=O)=O,CHEMBL6062003,9.12,,True,JH2,,,,,,,,,,0,,True
CN(c1cc(-c2cncn2C)ccc1Nc1cc(NC(=O)C2C[C@@H]2F)nc2[nH]c(C(F)F)nc12)S(C)(=O)=O,CHEMBL5912473,9.52,,True,JH2,,,,,,,,,,0,,True
CN(c1cc(-c2cncn2C)ccc1Nc1cc(NC(=O)[C@@H]2CC2(F)F)nc2[nH]c(C(F)F)nc12)S(C)(=O)=O,CHEMBL6040872,9.52,,True,JH2,,,,,,,,,,0,,True
CN(c1cc(-c2cncn2C)ccc1Nc1cc(NC(=O)[C@H]2CC2(F)F)nc2[nH]c(C(F)F)nc12)S(C)(=O)=O,CHEMBL5763235,8.26,,True,JH2,,,,,,,,,,0,,True
CN(c1cc(-c2cnn(C)c2)ccc1Nc1cc(NC(=O)C2CC2(F)F)nc2[nH]c(C(F)F)nc12)S(C)(=O)=O,CHEMBL5885669,9.12,,True,JH2,,,,,,,,,,0,,True
CN(c1cc(-c2cnn(C)c2)ccc1Nc1cc(NC(=O)C2CC2)nc2[nH]c(C(F)F)nc12)S(C)(=O)=O,CHEMBL5859570,9.52,,True,JH2,,,,,,,,,,0,,True
CN(c1cc(-c2cnn(C)c2)ccc1Nc1cc(NC(=O)[C@@H]2CC2(F)F)nc2[nH]c(C(F)F)nc12)S(C)(=O)=O,CHEMBL5837016,9.12,,True,JH2,,,,,,,,,,0,,True
CN(c1cc(-c2cnn(C)c2)ccc1Nc1cc(NC(=O)[C@@H]2C[C@@H]2F)nc2[nH]c(C(F)F)nc12)S(C)(=O)=O,CHEMBL5931383,9.52,,True,JH2,,,,,,,,,,0,,True
CN(c1cc(-c2cnn(C)c2)ccc1Nc1cc(NC(=O)[C@H]2CC2(F)F)nc2[nH]c(C(F)F)nc12)S(C)(=O)=O,CHEMBL5946054,8.26,,True,JH2,,,,,,,,,,0,,True
CN(c1cc(-c2cnn(C)c2)ccc1Nc1cc(NC(=O)[C@H]2C[C@H]2F)nc2[nH]c(C(F)F)nc12)S(C)(=O)=O,CHEMBL5986600,9.52,,True,JH2,,,,,,,,,,0,,True
CN(c1cc(C(F)(F)F)ccc1Nc1cc(NC(=O)C2CC2)nc2[nH]n(C)c(=O)c12)S(C)(=O)=O,CHEMBL5936211,9.52,,True,JH2,,,,,,,,,,0,,True
CN(c1cc(C(F)F)ccc1Nc1cc(Nc2ccn(C)n2)nc2[nH]c(C(F)F)nc12)S(C)(=O)=O,CHEMBL5920483,9.12,,True,JH2,,,,,,,,,,0,,True
CN(c1cc(C(F)F)ccc1Nc1cc(Nc2cncc(C#N)n2)nc2[nH]c(C(F)F)nc12)S(C)(=O)=O,CHEMBL5850665,9.52,,True,JH2,,,,,,,,,,0,,True
CN(c1cc(C2CC2)ccc1Nc1cc(NC(=O)C2CC2)nc2[nH]c(C(F)F)nc12)S(C)(=O)=O,CHEMBL5877265,9.52,,True,JH2,,,,,,,,,,0,,True
CN(c1cc(C2CCCCO2)ccc1Nc1cc(NC(=O)C2CC2)nc2[nH]c(C(F)F)nc12)S(C)(=O)=O,CHEMBL5986588,9.52,,True,JH2,,,,,,,,,,0,,True
CN(c1cc(C2CCCOC2)ccc1Nc1cc(NC(=O)C2CC2)nc2[nH]n(C)c(=O)c12)S(C)(=O)=O,CHEMBL5770490,9.52,,True,JH2,,,,,,,,,,0,,True
CN(c1cc(C2CCOCC2)ccc1Nc1cc(NC(=O)C2CC2)nc2[nH]c(C(F)F)nc12)S(C)(=O)=O,CHEMBL5824198,9.52,,True,JH2,,,,,,,,,,0,,True
CN(c1cc(C2CCOCC2)ccc1Nc1cc(NC(=O)C2CC2)nc2[nH]n(C)c(=O)c12)S(C)(=O)=O,CHEMBL5792839,9.52,,True,JH2,,,,,,,,,,0,,True
CN(c1cc(Cl)ccc1Nc1cc(NC(=O)C2CC2)nc2[nH]n(C)c(=O)c12)S(C)(=O)=O,CHEMBL5997066,9.52,,True,JH2,,,,,,,,,,0,,True
CN(c1cc(Cl)ccc1Nc1cc(Nc2cccc(C#N)n2)nc2[nH]c(C(F)F)nc12)S(C)(=O)=O,CHEMBL5899683,9.12,,True,JH2,,,,,,,,,,0,,True
CN(c1cc(F)c(F)cc1Nc1cc(NC(=O)C2CC2)nc2[nH]n(C)c(=O)c12)S(C)(=O)=O,CHEMBL5914322,9.12,,True,JH2,,,,,,,,,,0,,True
CN(c1cc(N2CCC2)ccc1Nc1cc(NC(=O)C2CC2)nc2[nH]c(C(F)F)nc12)S(C)(=O)=O,CHEMBL5848356,9.12,,True,JH2,,,,,,,,,,0,,True
CN(c1cc(N2CCC2)ccc1Nc1cc(NC(=O)C2CC2)nc2[nH]n(C)c(=O)c12)S(C)(=O)=O,CHEMBL5970576,9.52,,True,JH2,,,,,,,,,,0,,True
CN(c1cc(Nc2cc(N)ncn2)c2ncn(C)c2n1)C(C1CC1)C(F)(F)F,CHEMBL5560865,9.02,9.02,False,Other,8.07,8.07,0.9499999999999993,8.89,8.89,0.129999999999999,7.89,7.89,1.13,3,0.129999999999999,False
CN(c1cc(Nc2cc(N)ncn2)c2ncn(C)c2n1)C1CCOC2(CCC2)C1,CHEMBL5532555,8.12,8.12,False,Other,6.69,6.69,1.4299999999999988,7.77,7.77,0.34999999999999964,6.36,6.36,1.759999999999999,3,0.34999999999999964,False
CN(c1cc(O)ccc1CNc1nc(-c2cc(F)c(O)cc2CC(F)(F)F)cc2[nH]nc(C(N)=O)c12)S(C)(=O)=O,CHEMBL6022948,6.37,6.37,False,Other,8.17,8.17,-1.7999999999999998,7.57,7.57,-1.2000000000000002,7.21,7.21,-0.8399999999999999,3,-1.7999999999999998,False
CN(c1cc([C@@H]2CCCCO2)ccc1Nc1cc(NC(=O)C2CC2)nc2[nH]c(C(F)F)nc12)S(C)(=O)=O,CHEMBL5774578,9.52,,True,JH2,,,,,,,,,,0,,True
CN(c1cc([C@H]2CCCCO2)ccc1Nc1cc(NC(=O)C2CC2)nc2[nH]c(C(F)F)nc12)S(C)(=O)=O,CHEMBL5967009,9.52,,True,JH2,,,,,,,,,,0,,True
CN(c1ccc(Cl)cc1CNc1nc(-c2cc(F)c(O)cc2CC(F)(F)F)cc(N)c1C(=N)C(N)=O)S(C)(=O)=O,CHEMBL5854178,6.04,6.04,False,Other,7.84,7.84,-1.7999999999999998,7.24,7.24,-1.2000000000000002,6.67,6.67,-0.6299999999999999,3,-1.7999999999999998,False
CN(c1ccc(Cl)cc1CNc1nc(-c2cc(F)c(O)cc2CC(F)(F)F)cc2[nH]nc(C(N)=O)c12)S(C)(=O)=O,CHEMBL6017725,6.04,6.04,False,Other,7.84,7.84,-1.7999999999999998,7.24,7.24,-1.2000000000000002,6.67,6.67,-0.6299999999999999,3,-1.7999999999999998,False
CN(c1ccc(F)cc1)C1CCC(c2nnn3cnc4[nH]ccc4c23)CC1,CHEMBL3907944,6.75,6.75,False,Other,7.640000000000001,7.640000000000001,-0.8900000000000006,7.62,7.62,-0.8700000000000001,,,,2,-0.8900000000000006,False
CN(c1ccc(F)cc1CNc1nc(-c2cc(F)c(O)cc2CC(F)(F)F)cc2[nH]nc(C(N)=O)c12)S(C)(=O)=O,CHEMBL6035207,6.9,6.9,False,Other,8.18,8.18,-1.2799999999999994,7.39,7.39,-0.4899999999999993,6.85,6.85,0.05000000000000071,3,-1.2799999999999994,False
CN(c1ccc(O)cc1CNc1nc(-c2cc(F)c(O)cc2CC(F)(F)F)cc(N)c1C(=N)C(N)=O)S(=O)(=O)c1ccccc1,CHEMBL5932515,6.63,6.63,False,Other,7.6,7.6,-0.9699999999999998,6.8,6.8,-0.16999999999999993,6.27,6.27,0.3600000000000003,3,-0.9699999999999998,False
CN(c1ccc(O)cc1CNc1nc(-c2cc(F)c(O)cc2CC(F)(F)F)cc2[nH]nc(C(=O)Nc3ccc(NCCO)nc3)c12)S(C)(=O)=O,CHEMBL5766387,7.62,7.62,False,Other,8.35,8.35,-0.7299999999999995,7.65,7.65,-0.03000000000000025,7.04,7.04,0.5800000000000001,3,-0.7299999999999995,False
CN(c1ccc(O)cc1CNc1nc(-c2cc(F)c(O)cc2CC(F)(F)F)cc2[nH]nc(C(N)=O)c12)S(=O)(=O)c1ccccc1,CHEMBL6037590,6.63,6.63,False,Other,7.6,7.6,-0.9699999999999998,6.8,6.8,-0.16999999999999993,6.27,6.27,0.3600000000000003,3,-0.9699999999999998,False
CN(c1ccc(O)cc1CNc1nc(-c2cc(F)c(O)cc2CC(F)(F)F)cc2[nH]nc(C(N)=O)c12)S(C)(=O)=O,CHEMBL5775688,7.84,7.84,False,Other,8.68,8.68,-0.8399999999999999,7.87,7.87,-0.03000000000000025,7.34,7.34,0.5,3,-0.8399999999999999,False
CN(c1ccc(O)cc1CNc1nc(-c2cc(F)c(O)cc2CC(F)(F)F)nc(N)c1C(=N)C(=N)NC(=N)C1CCN(C(N)=O)CC1)S(C)(=O)=O,CHEMBL6008077,6.51,6.51,False,Other,8.39,8.39,-1.8800000000000008,7.8,7.8,-1.29,7.32,7.32,-0.8100000000000005,3,-1.8800000000000008,False
CN(c1ccc(O)cc1CNc1nc(-c2cc(F)c(O)cc2CC(F)(F)F)nc(N)c1C(=N)C(N)=O)S(C)(=O)=O,CHEMBL5849414,6.43,6.43,False,Other,8.49,8.49,-2.0600000000000005,7.9,7.9,-1.4700000000000006,7.42,7.42,-0.9900000000000002,3,-2.0600000000000005,False
CN(c1ccc(O)cc1CNc1nc(-c2cc(F)c(O)cc2CC(F)(F)F)nc(N)c1C(=N)c1nc2c([nH]1)CCNC2)S(C)(=O)=O,CHEMBL6053494,7.16,7.16,False,Other,8.25,8.25,-1.0899999999999999,7.45,7.45,-0.29000000000000004,6.96,6.96,0.20000000000000018,3,-1.0899999999999999,False
CN(c1ccc(O)cc1CNc1nc(-c2cc(F)c(O)cc2CC(F)(F)F)nc2[nH]nc(-c3nc4c([nH]3)CCNC4)c12)S(C)(=O)=O,CHEMBL5947687,7.16,7.16,False,Other,8.25,8.25,-1.0899999999999999,7.45,7.45,-0.29000000000000004,6.96,6.96,0.20000000000000018,3,-1.0899999999999999,False
CN(c1ccc(O)cc1CNc1nc(-c2cc(F)c(O)cc2CC(F)(F)F)nc2[nH]nc(-c3nnc(C4CCN(C(N)=O)CC4)[nH]3)c12)S(C)(=O)=O,CHEMBL6035308,6.51,6.51,False,Other,8.39,8.39,-1.8800000000000008,7.8,7.8,-1.29,7.32,7.32,-0.8100000000000005,3,-1.8800000000000008,False
CN(c1ccc(O)cc1CNc1nc(-c2cc(F)c(O)cc2CC(F)(F)F)nc2[nH]nc(C(=O)Nc3ccc(NCCO)nc3)c12)S(C)(=O)=O,CHEMBL5971799,6.51,6.51,False,Other,7.98,7.98,-1.4700000000000006,7.64,7.64,-1.13,7.22,7.22,-0.71,3,-1.4700000000000006,False
CN(c1ccc(O)cc1CNc1nc(-c2cc(F)c(O)cc2CC(F)(F)F)nc2[nH]nc(C(N)=O)c12)S(=O)(=O)c1ccccc1,CHEMBL5891785,5.76,5.76,False,Other,7.52,7.52,-1.7599999999999998,6.91,6.91,-1.1500000000000004,6.61,6.61,-0.8500000000000005,3,-1.7599999999999998,False
CN(c1ccc(O)cc1CNc1nc(-c2cc(F)c(O)cc2CC(F)(F)F)nc2[nH]nc(C(N)=O)c12)S(C)(=O)=O,CHEMBL5901239,6.43,6.43,False,Other,8.49,8.49,-2.0600000000000005,7.9,7.9,-1.4700000000000006,7.42,7.42,-0.9900000000000002,3,-2.0600000000000005,False
CN(c1ccccc1CNc1nc(-c2cc(F)c(O)cc2C2CC2)cc2[nH]nc(C(N)=O)c12)S(C)(=O)=O,CHEMBL5781449,6.5,6.5,False,Other,7.97,7.97,-1.4699999999999998,7.55,7.55,-1.0499999999999998,7.26,7.26,-0.7599999999999998,3,-1.4699999999999998,False
CN(c1ccccc1CNc1nc(-c2cc(F)c(O)cc2CC(F)(F)F)cc(N)c1C(=N)C(N)=O)S(=O)(=O)c1cccnc1,CHEMBL5952587,7.28,7.28,False,Other,8.14,8.14,-0.8600000000000003,7.52,7.52,-0.23999999999999932,6.96,6.96,0.3200000000000003,3,-0.8600000000000003,False
CN(c1ccccc1CNc1nc(-c2cc(F)c(O)cc2CC(F)(F)F)cc(N)c1C=N)S(C)(=O)=O,CHEMBL5847521,6.84,6.84,False,Other,8.74,8.74,-1.9000000000000004,8.2,8.2,-1.3599999999999994,7.64,7.64,-0.7999999999999998,3,-1.9000000000000004,False
CN(c1ccccc1CNc1nc(-c2cc(F)c(O)cc2CC(F)(F)F)cc2[nH]nc(-n3cccn3)c12)S(C)(=O)=O,CHEMBL5840283,6.45,6.45,False,Other,7.48,7.48,-1.0300000000000002,6.82,6.82,-0.3700000000000001,6.31,6.31,0.14000000000000057,3,-1.0300000000000002,False
CN(c1ccccc1CNc1nc(-c2cc(F)c(O)cc2CC(F)(F)F)cc2[nH]nc(C(N)=O)c12)S(=O)(=O)CCCN1CCOCC1,CHEMBL5804930,7.09,7.09,False,Other,8.46,8.46,-1.370000000000001,7.83,7.83,-0.7400000000000002,7.22,7.22,-0.1299999999999999,3,-1.370000000000001,False
CN(c1ccccc1CNc1nc(-c2cc(F)c(O)cc2CC(F)(F)F)cc2[nH]nc(C(N)=O)c12)S(=O)(=O)c1ccc(N2CCOCC2)nc1,CHEMBL5955315,6.9,6.9,False,Other,7.63,7.63,-0.7299999999999995,7.08,7.08,-0.17999999999999972,6.55,6.55,0.35000000000000053,3,-0.7299999999999995,False
CN(c1ccccc1CNc1nc(-c2cc(F)c(O)cc2CC(F)(F)F)cc2[nH]nc(C(N)=O)c12)S(=O)(=O)c1ccccc1,CHEMBL5878089,6.66,6.66,False,Other,7.7,7.7,-1.04,7.04,7.04,-0.3799999999999999,6.53,6.53,0.1299999999999999,3,-1.04,False
CN(c1ccccc1CNc1nc(-c2cc(F)c(O)cc2CC(F)(F)F)cc2[nH]nc(C(N)=O)c12)S(=O)(=O)c1cccnc1,CHEMBL5902030,7.28,7.28,False,Other,8.14,8.14,-0.8600000000000003,7.52,7.52,-0.23999999999999932,6.96,6.96,0.3200000000000003,3,-0.8600000000000003,False
CN(c1ccccc1CNc1nc(-c2cc(F)c(O)cc2CC(F)(F)F)cc2[nH]nc(C(N)=O)c12)S(C)(=O)=O,CHEMBL5895736,6.895,6.895,False,Other,8.395,8.395,-1.5,7.78,7.78,-0.8850000000000007,7.300000000000001,7.300000000000001,-0.40500000000000114,3,-1.5,False
CN(c1ccccc1CNc1nc(-c2cc(F)c(O)cc2CC(F)(F)F)cc2[nH]ncc12)S(C)(=O)=O,CHEMBL6049667,6.84,6.84,False,Other,8.74,8.74,-1.9000000000000004,8.2,8.2,-1.3599999999999994,7.64,7.64,-0.7999999999999998,3,-1.9000000000000004,False
CN(c1ccccc1CNc1nc(-c2cc(F)c(O)cc2CC(F)(F)F)nc(N)c1C(=N)C(N)=O)S(=O)(=O)c1ccccc1,CHEMBL5828937,5.25,5.25,False,Other,7.3,7.3,-2.05,6.91,6.91,-1.6600000000000001,6.7,6.7,-1.4500000000000002,3,-2.05,False
CN(c1ccccc1CNc1nc(-c2cc(F)c(O)cc2CC(F)(F)F)nc2[nH]nc(-c3nnc(C4CCN(C(=O)CN5CCCC5)CC4)[nH]3)c12)S(C)(=O)=O,CHEMBL6001913,5.65,5.65,False,Other,7.78,7.78,-2.13,7.26,7.26,-1.6099999999999994,6.8,6.8,-1.1499999999999995,3,-2.13,False
CN(c1ccccc1CNc1nc(-c2cc(F)c(O)cc2CC(F)(F)F)nc2[nH]nc(C(=N)NC(=N)C3CCN(C(=O)CN4CCCC4)CC3)c12)S(C)(=O)=O,CHEMBL5977633,5.65,5.65,False,Other,7.78,7.78,-2.13,7.26,7.26,-1.6099999999999994,6.8,6.8,-1.1499999999999995,3,-2.13,False
CN(c1ccccc1CNc1nc(-c2cc(F)c(O)cc2CC(F)(F)F)nc2[nH]nc(C(N)=O)c12)S(=O)(=O)c1ccccc1,CHEMBL5943119,5.25,5.25,False,Other,7.3,7.3,-2.05,6.91,6.91,-1.6600000000000001,6.7,6.7,-1.4500000000000002,3,-2.05,False
CN(c1ccccc1CNc1nc(-c2cc(F)c(O)cc2CC(F)(F)F)nc2[nH]nc(C(N)=O)c12)S(C)(=O)=O,CHEMBL5807889,6.22,6.22,False,Other,8.31,8.31,-2.0900000000000007,7.74,7.74,-1.5200000000000005,7.4,7.4,-1.1800000000000006,3,-2.0900000000000007,False
CN(c1ccccc1Nc1cc(NC(=O)C2CC2)nc2[nH]n(C)c(=O)c12)S(C)(=O)=O,CHEMBL6029386,9.52,,True,JH2,,,,,,,,,,0,,True
CN(c1ccccc1Nc1cc(NC(=O)[C@@H]2C[C@@H]2F)nc2[nH]n(C)c(=O)c12)S(C)(=O)=O,CHEMBL5936243,9.52,,True,JH2,,,,,,,,,,0,,True
CN(c1ccccc1Nc1cc(Nc2cc3c(cn2)OCC3)nc2[nH]n(C)c(=O)c12)S(C)(=O)=O,CHEMBL5807959,9.52,,True,JH2,,,,,,,,,,0,,True
CN(c1ccccc1Nc1cc(Nc2cccc(C#N)n2)nc2[nH]c(C(F)F)nc12)S(=O)(=O)C1CC1,CHEMBL6015504,9.52,,True,JH2,,,,,,,,,,0,,True
CN(c1ccccc1Nc1cc(Nc2cccc(C(F)(F)F)n2)nc2[nH]c(C(F)F)nc12)S(C)(=O)=O,CHEMBL5956226,9.12,,True,JH2,,,,,,,,,,0,,True
CN(c1ncc(Cl)cc1CNc1nc(-c2cc(F)c(O)cc2CC(F)(F)F)cc2[nH]nc(C(N)=O)c12)S(C)(=O)=O,CHEMBL5823505,5.46,5.46,False,Other,7.35,7.35,-1.8899999999999997,6.87,6.87,-1.4100000000000001,6.7,6.7,-1.2400000000000002,3,-1.8899999999999997,False
CN(c1ncc(F)cc1CNc1nc(-c2cc(F)c(O)cc2CC(F)(F)F)cc2[nH]nc(C(N)=O)c12)S(C)(=O)=O,CHEMBL5838760,6.03,6.03,False,Other,8.23,8.23,-2.2,7.41,7.41,-1.38,7.05,7.05,-1.0199999999999996,3,-2.2,False
CN(c1ncccc1CNc1nc(-c2cc(F)c(O)cc2CC(F)(F)F)cc2[nH]nc(C(N)=O)c12)S(C)(=O)=O,CHEMBL5936107,6.56,6.56,False,Other,8.54,8.54,-1.9799999999999995,7.84,7.84,-1.2800000000000002,7.4,7.4,-0.8400000000000007,3,-1.9799999999999995,False
CN(c1ncccc1CNc1nc(Nc2ccc3c(c2)CC(=O)N3)ncc1C(F)(F)F)S(C)(=O)=O,CHEMBL1084546,6.5,6.5,False,Other,,,,7.1,7.1,-0.5999999999999996,6.0,6.0,0.5,2,-0.5999999999999996,False
CN(c1ncnc2[nH]ccc12)C1CN(C(=O)CC#N)CC12CC2,CHEMBL4284023,7.39,7.39,False,Other,7.1850000000000005,7.1850000000000005,0.20499999999999918,,,,6.16,6.16,1.2299999999999995,2,0.20499999999999918,False
CN(c1ncnc2[nH]ccc12)[C@@H]1CCN(C(=O)CC#N)C1,CHEMBL4224807,6.96,6.96,False,Other,7.96,7.96,-1.0,6.62,6.62,0.33999999999999986,5.55,5.55,1.4100000000000001,3,-1.0,False
CN(c1ncnc2[nH]ccc12)[C@H]1CN(C(=O)CC#N)CC12CC2,CHEMBL4279819,6.6,6.6,False,Other,7.225,7.225,-0.625,6.39,6.39,0.20999999999999996,5.96,5.96,0.6399999999999997,3,-0.625,False
CN(c1ncnc2[nH]ccc12)[C@H]1CN(S(=O)(=O)c2cccc(C#N)c2)CC12CC2,CHEMBL4293578,7.6,7.6,False,Other,7.735,7.735,-0.13500000000000068,7.23,7.23,0.3699999999999992,6.96,6.96,0.6399999999999997,3,-0.13500000000000068,False
CN(c1ncnc2[nH]ccc12)[C@H]1C[C@@H](CS(=O)(=O)C2CC(C#N)C2)C1,CHEMBL5982323,6.24,6.24,False,Other,8.4,8.4,-2.16,6.87,6.87,-0.6299999999999999,5.14,5.14,1.1000000000000005,3,-2.16,False
CN(c1ncnc2[nH]ccc12)[C@H]1C[C@@H](CS(=O)(=O)C2CC(C(F)F)C2)C1,CHEMBL5962195,6.95,6.95,False,Other,8.7,8.7,-1.7499999999999991,7.57,7.57,-0.6200000000000001,5.55,5.55,1.4000000000000004,3,-1.7499999999999991,False
CN(c1ncnc2[nH]ccc12)[C@H]1C[C@@H](CS(=O)(=O)C2CC(F)(F)C2)C1,CHEMBL5957177,9.73,9.73,False,Other,,,,10.15,10.15,-0.41999999999999993,8.24,8.24,1.4900000000000002,2,-0.41999999999999993,False
CN(c1ncnc2[nH]ccc12)[C@H]1C[C@@H](CS(=O)(=O)C2CCC(C#N)C2)C1,CHEMBL5818341,6.17,6.17,False,Other,8.1,8.1,-1.9299999999999997,6.5,6.5,-0.33000000000000007,5.0,5.0,1.17,3,-1.9299999999999997,False
CN(c1ncnc2[nH]ccc12)[C@H]1C[C@@H](CS(=O)(=O)C2CN(C(=O)C3CC3)C2)C1,CHEMBL5785807,5.46,5.46,False,Other,7.29,7.29,-1.83,5.77,5.77,-0.3099999999999996,5.0,5.0,0.45999999999999996,3,-1.83,False
CN(c1ncnc2[nH]ccc12)[C@H]1C[C@@H](CS(=O)(=O)C2CN(C3CC3)C2)C1,CHEMBL5846528,5.4,5.4,False,Other,8.15,8.15,-2.75,6.35,6.35,-0.9499999999999993,5.0,5.0,0.40000000000000036,3,-2.75,False
CN(c1ncnc2[nH]ccc12)[C@H]1C[C@@H](CS(=O)(=O)C2CN(C3CCC3)C2)C1,CHEMBL6006014,5.18,5.18,False,Other,7.66,7.66,-2.4800000000000004,6.15,6.15,-0.9700000000000006,5.0,5.0,0.17999999999999972,3,-2.4800000000000004,False
CN(c1ncnc2[nH]ccc12)[C@H]1C[C@@H](CS(=O)(=O)C2CN(CC(F)(F)F)C2)C1,CHEMBL6020527,5.19,5.19,False,Other,7.35,7.35,-2.1599999999999993,5.77,5.77,-0.5799999999999992,5.0,5.0,0.1900000000000004,3,-2.1599999999999993,False
CN(c1ncnc2[nH]ccc12)[C@H]1C[C@@H](CS(=O)(=O)C2CN(CC(F)F)C2)C1,CHEMBL5898883,5.75,5.75,False,Other,8.05,8.05,-2.3000000000000007,6.45,6.45,-0.7000000000000002,5.0,5.0,0.75,3,-2.3000000000000007,False
CN(c1ncnc2[nH]ccc12)[C@H]1C[C@@H](CS(=O)(=O)C2CN(CC3CC3)C2)C1,CHEMBL5908831,5.0,5.0,False,Other,7.05,7.05,-2.05,5.68,5.68,-0.6799999999999997,5.0,5.0,0.0,3,-2.05,False
CN(c1ncnc2[nH]ccc12)[C@H]1C[C@@H](CS(=O)(=O)C2COC2)C1,CHEMBL5822794,5.92,5.92,False,Other,7.62,7.62,-1.7000000000000002,6.27,6.27,-0.34999999999999964,5.0,5.0,0.9199999999999999,3,-1.7000000000000002,False
CN(c1ncnc2[nH]ccc12)[C@H]1C[C@@H](CS(=O)(=O)CC2(C)CC(F)(F)C2)C1,CHEMBL6018698,6.56,6.56,False,Other,8.7,8.7,-2.1399999999999997,7.16,7.16,-0.6000000000000005,5.24,5.24,1.3199999999999994,3,-2.1399999999999997,False
CN(c1ncnc2[nH]ccc12)[C@H]1C[C@@H](CS(=O)(=O)CC2(C)CCC2)C1,CHEMBL5768354,9.67,9.67,False,Other,,,,10.3,10.3,-0.6300000000000008,8.37,8.37,1.3000000000000007,2,-0.6300000000000008,False
CN(c1ncnc2[nH]ccc12)[C@H]1C[C@@H](CS(=O)(=O)CC2(C)COC2)C1,CHEMBL6049422,5.96,5.96,False,Other,8.05,8.05,-2.0900000000000007,6.64,6.64,-0.6799999999999997,,,,2,-2.0900000000000007,False
CN(c1ncnc2[nH]ccc12)[C@H]1C[C@@H](CS(=O)(=O)CC2CC(C)(C#N)C2)C1,CHEMBL5798511,6.08,6.08,False,Other,7.96,7.96,-1.88,6.22,6.22,-0.13999999999999968,5.0,5.0,1.08,3,-1.88,False
CN(c1ncnc2[nH]ccc12)[C@H]1C[C@@H](CS(=O)(=O)CC2CC(F)(F)C2)C1,CHEMBL3658863,6.24,6.24,False,Other,8.3,8.3,-2.0600000000000005,6.79,6.79,-0.5499999999999998,5.18,5.18,1.0600000000000005,3,-2.0600000000000005,False
CN(c1ncnc2[nH]ccc12)[C@H]1C[C@@H](CS(=O)(=O)CC2CCC(F)(F)CC2)C1,CHEMBL6001979,8.48,8.48,False,Other,10.92,10.92,-2.4399999999999995,9.22,9.22,-0.7400000000000002,8.0,8.0,0.4800000000000004,3,-2.4399999999999995,False
CN(c1ncnc2[nH]ccc12)[C@H]1C[C@@H](CS(=O)(=O)CC2CCCCC2)C1,CHEMBL6049860,5.59,5.59,False,Other,7.85,7.85,-2.26,6.36,6.36,-0.7700000000000005,5.0,5.0,0.5899999999999999,3,-2.26,False
CN(c1ncnc2[nH]ccc12)[C@H]1C[C@@H](CS(=O)(=O)CC2CCOC2)C1,CHEMBL5890374,5.5,5.5,False,Other,7.62,7.62,-2.12,6.17,6.17,-0.6699999999999999,5.0,5.0,0.5,3,-2.12,False
CN(c1ncnc2[nH]ccc12)[C@H]1C[C@@H](CS(=O)(=O)CCC(C)(F)F)C1,CHEMBL5933670,8.73,8.73,False,Other,10.89,10.89,-2.16,9.24,9.24,-0.5099999999999998,8.0,8.0,0.7300000000000004,3,-2.16,False
CN(c1ncnc2[nH]ccc12)[C@H]1C[C@@H](CS(=O)(=O)CCC(F)(F)F)C1,CHEMBL5916890,6.16,6.16,False,Other,8.05,8.05,-1.8900000000000006,6.59,6.59,-0.4299999999999997,5.0,5.0,1.1600000000000001,3,-1.8900000000000006,False
CN(c1ncnc2[nH]ccc12)[C@H]1C[C@@H](CS(=O)(=O)CCC(F)F)C1,CHEMBL5917540,9.55,9.55,False,Other,,,,9.96,9.96,-0.41000000000000014,8.28,8.28,1.2700000000000014,2,-0.41000000000000014,False
CN(c1ncnc2[nH]ccc12)[C@H]1C[C@@H](CS(=O)(=O)CCC2CC2)C1,CHEMBL3658862,5.84,5.84,False,Other,7.85,7.85,-2.01,6.37,6.37,-0.5300000000000002,,,,2,-2.01,False
CN(c1ncnc2[nH]ccc12)[C@H]1C[C@@H](CS(=O)(=O)CCC2CCCC2)C1,CHEMBL5984591,5.45,5.45,False,Other,7.66,7.66,-2.21,6.12,6.12,-0.6699999999999999,5.0,5.0,0.4500000000000002,3,-2.21,False
CN(c1ncnc2[nH]ccc12)[C@H]1C[C@@H](CS(=O)(=O)CCCC(F)(F)F)C1,CHEMBL5796439,6.09,6.09,False,Other,8.05,8.05,-1.9600000000000009,6.68,6.68,-0.5899999999999999,5.04,5.04,1.0499999999999998,3,-1.9600000000000009,False
CN(c1ncnc2[nH]ccc12)[C@H]1C[C@@H](CS(=O)(=O)CCCC(F)F)C1,CHEMBL5838187,9.13,9.13,False,Other,,,,9.76,9.76,-0.629999999999999,8.1,8.1,1.0300000000000011,2,-0.629999999999999,False
CN(c1ncnc2[nH]ccc12)[C@H]1C[C@@H](CS(=O)(=O)CCCCF)C1,CHEMBL6024306,8.95,8.95,False,Other,,,,9.45,9.45,-0.5,8.0,8.0,0.9499999999999993,2,-0.5,False
CN(c1ncnc2[nH]ccc12)[C@H]1C[C@@H](CS(=O)(=O)CCCCO)C1,CHEMBL5902713,8.350000000000001,8.350000000000001,False,Other,10.41,10.41,-2.0599999999999987,9.0,9.0,-0.6499999999999986,8.015,8.015,0.33500000000000085,3,-2.0599999999999987,False
CN(c1ncnc2[nH]ccc12)[C@H]1C[C@@H](CS(=O)(=O)CCCF)C1,CHEMBL5952122,6.51,6.51,False,Other,8.15,8.15,-1.6400000000000006,6.89,6.89,-0.3799999999999999,5.0,5.0,1.5099999999999998,3,-1.6400000000000006,False
CN(c1ncnc2[nH]ccc12)[C@H]1C[C@@H](CS(=O)(=O)C[C@H]2CC[C@@H](C(F)(F)F)CC2)C1,CHEMBL5890407,8.34,8.34,False,Other,10.77,10.77,-2.4299999999999997,8.96,8.96,-0.620000000000001,8.0,8.0,0.33999999999999986,3,-2.4299999999999997,False
CN(c1ncnc2[nH]ccc12)[C@H]1C[C@@H](CS(=O)(=O)C[C@H]2CC[C@H](C(F)(F)F)CC2)C1,CHEMBL6004656,8.0,8.0,False,Other,10.04,10.04,-2.039999999999999,8.42,8.42,-0.41999999999999993,8.0,8.0,0.0,3,-2.039999999999999,False
CN(c1ncnc2[nH]ccc12)[C@H]1C[C@@H](CS(=O)(=O)C[C@H]2C[C@@H](C#N)C2)C1,CHEMBL5775198,5.67,5.67,False,Other,8.05,8.05,-2.380000000000001,6.32,6.32,-0.6500000000000004,,,,2,-2.380000000000001,False
CN(c1ncnc2[nH]ccc12)[C@H]1C[C@@H](CS(=O)(=O)C[C@H]2C[C@H](C#N)C2)C1,CHEMBL5821017,5.54,5.54,False,Other,7.7,7.7,-2.16,6.23,6.23,-0.6900000000000004,,,,2,-2.16,False
CN(c1ncnc2[nH]ccc12)[C@H]1C[C@@H](CS(=O)(=O)Cc2ccccc2)C1,CHEMBL5958874,5.44,5.44,False,Other,7.31,7.31,-1.8699999999999992,5.95,5.95,-0.5099999999999998,5.0,5.0,0.4400000000000004,3,-1.8699999999999992,False
CN(c1ncnc2[nH]ccc12)[C@H]1C[C@@H](CS(=O)(=O)N2CC(C#N)C2)C1,CHEMBL5838495,6.31,6.31,False,Other,8.22,8.22,-1.910000000000001,6.88,6.88,-0.5700000000000003,5.24,5.24,1.0699999999999994,3,-1.910000000000001,False
CN(c1ncnc2[nH]ccc12)[C@H]1C[C@@H](CS(=O)(=O)N2CC(C(F)(F)F)C2)C1,CHEMBL5764491,6.14,6.14,False,Other,8.22,8.22,-2.080000000000001,6.59,6.59,-0.4500000000000002,5.0,5.0,1.1399999999999997,3,-2.080000000000001,False
CN(c1ncnc2[nH]ccc12)[C@H]1C[C@@H](CS(=O)(=O)N2CC(C(F)F)C2)C1,CHEMBL5760943,6.38,6.38,False,Other,8.15,8.15,-1.7700000000000005,6.82,6.82,-0.4400000000000004,5.28,5.28,1.0999999999999996,3,-1.7700000000000005,False
CN(c1ncnc2[nH]ccc12)[C@H]1C[C@@H](CS(=O)(=O)N2CC(C)(C#N)C2)C1,CHEMBL5758586,6.17,6.17,False,Other,8.52,8.52,-2.3499999999999996,6.94,6.94,-0.7700000000000005,5.46,5.46,0.71,3,-2.3499999999999996,False
CN(c1ncnc2[nH]ccc12)[C@H]1C[C@@H](CS(=O)(=O)N2CC(C)(O)C2)C1,CHEMBL6056658,5.74,5.74,False,Other,7.43,7.43,-1.6899999999999995,6.22,6.22,-0.47999999999999954,5.0,5.0,0.7400000000000002,3,-1.6899999999999995,False
CN(c1ncnc2[nH]ccc12)[C@H]1C[C@@H](CS(=O)(=O)N2CC(CC(F)F)C2)C1,CHEMBL5934053,5.99,5.99,False,Other,8.22,8.22,-2.2300000000000004,6.6,6.6,-0.6099999999999994,5.02,5.02,0.9700000000000006,3,-2.2300000000000004,False
CN(c1ncnc2[nH]ccc12)[C@H]1C[C@@H](CS(=O)(=O)N2CC(COC(F)F)C2)C1,CHEMBL5761096,5.42,5.42,False,Other,7.72,7.72,-2.3,6.24,6.24,-0.8200000000000003,5.0,5.0,0.41999999999999993,3,-2.3,False
CN(c1ncnc2[nH]ccc12)[C@H]1C[C@@H](CS(=O)(=O)N2CC(Cl)C2)C1,CHEMBL5798753,6.64,6.64,False,Other,8.4,8.4,-1.7600000000000007,7.22,7.22,-0.5800000000000001,5.23,5.23,1.4099999999999993,3,-1.7600000000000007,False
CN(c1ncnc2[nH]ccc12)[C@H]1C[C@@H](CS(=O)(=O)N2CC(F)(F)C2)C1,CHEMBL5884694,6.54,6.54,False,Other,8.1,8.1,-1.5599999999999996,6.94,6.94,-0.40000000000000036,5.33,5.33,1.21,3,-1.5599999999999996,False
CN(c1ncnc2[nH]ccc12)[C@H]1C[C@@H](CS(=O)(=O)N2CC(F)C2)C1,CHEMBL5805275,6.44,6.44,False,Other,7.75,7.75,-1.3099999999999996,6.77,6.77,-0.3299999999999992,5.04,5.04,1.4000000000000004,3,-1.3099999999999996,False
CN(c1ncnc2[nH]ccc12)[C@H]1C[C@@H](CS(=O)(=O)N2CC(OC(F)F)C2)C1,CHEMBL6048693,6.05,6.05,False,Other,8.05,8.05,-2.000000000000001,6.61,6.61,-0.5600000000000005,5.0,5.0,1.0499999999999998,3,-2.000000000000001,False
CN(c1ncnc2[nH]ccc12)[C@H]1C[C@@H](CS(=O)(=O)N2CC3(CCO3)C2)C1,CHEMBL5913000,5.38,5.38,False,Other,7.25,7.25,-1.87,5.95,5.95,-0.5700000000000003,5.0,5.0,0.3799999999999999,3,-1.87,False
CN(c1ncnc2[nH]ccc12)[C@H]1C[C@@H](CS(=O)(=O)N2CC3(COC3)C2)C1,CHEMBL5790283,5.32,5.32,False,Other,7.21,7.21,-1.8899999999999997,5.81,5.81,-0.4899999999999993,5.0,5.0,0.3200000000000003,3,-1.8899999999999997,False
CN(c1ncnc2[nH]ccc12)[C@H]1C[C@@H](CS(=O)(=O)N2CC3C(C2)C3C(F)(F)F)C1,CHEMBL5821303,5.07,5.07,False,Other,7.02,7.02,-1.9499999999999993,5.54,5.54,-0.46999999999999975,5.0,5.0,0.07000000000000028,3,-1.9499999999999993,False
CN(c1ncnc2[nH]ccc12)[C@H]1C[C@@H](CS(=O)(=O)N2CCC(C(F)(F)F)C2)C1,CHEMBL5928913,5.85,5.85,False,Other,7.82,7.82,-1.9700000000000006,6.24,6.24,-0.39000000000000057,5.0,5.0,0.8499999999999996,3,-1.9700000000000006,False
CN(c1ncnc2[nH]ccc12)[C@H]1C[C@@H](CS(=O)(=O)N2CCC(C(F)(F)F)CC2)C1,CHEMBL5895232,5.75,5.75,False,Other,7.82,7.82,-2.0700000000000003,6.08,6.08,-0.33000000000000007,5.0,5.0,0.75,3,-2.0700000000000003,False
CN(c1ncnc2[nH]ccc12)[C@H]1C[C@@H](CS(=O)(=O)N2CCC(C(F)F)C2)C1,CHEMBL5894873,5.96,5.96,False,Other,7.85,7.85,-1.8899999999999997,6.33,6.33,-0.3700000000000001,5.0,5.0,0.96,3,-1.8899999999999997,False
CN(c1ncnc2[nH]ccc12)[C@H]1C[C@@H](CS(=O)(=O)N2CCC(C(F)F)CC2)C1,CHEMBL5783727,9.24,9.24,False,Other,,,,9.71,9.71,-0.47000000000000064,8.03,8.03,1.2100000000000009,2,-0.47000000000000064,False
CN(c1ncnc2[nH]ccc12)[C@H]1C[C@@H](CS(=O)(=O)N2CCC(CF)CC2)C1,CHEMBL6058534,8.97,8.97,False,Other,,,,9.52,9.52,-0.5499999999999989,8.0,8.0,0.9700000000000006,2,-0.5499999999999989,False
CN(c1ncnc2[nH]ccc12)[C@H]1C[C@@H](CS(=O)(=O)N2CCC(COC(F)F)CC2)C1,CHEMBL5981552,8.64,8.64,False,Other,10.92,10.92,-2.2799999999999994,9.14,9.14,-0.5,8.0,8.0,0.6400000000000006,3,-2.2799999999999994,False
CN(c1ncnc2[nH]ccc12)[C@H]1C[C@@H](CS(=O)(=O)N2CCC(F)(F)C2)C1,CHEMBL5961224,6.47,6.47,False,Other,8.0,8.0,-1.5300000000000002,6.64,6.64,-0.16999999999999993,5.0,5.0,1.4699999999999998,3,-1.5300000000000002,False
CN(c1ncnc2[nH]ccc12)[C@H]1C[C@@H](CS(=O)(=O)N2CCC(F)(F)CC2)C1,CHEMBL3658856,6.15,6.15,False,Other,8.05,8.05,-1.9000000000000004,6.43,6.43,-0.27999999999999936,,,,2,-1.9000000000000004,False
CN(c1ncnc2[nH]ccc12)[C@H]1C[C@@H](CS(=O)(=O)N2CCC(F)C2)C1,CHEMBL5854381,6.09,6.09,False,Other,7.51,7.51,-1.42,6.38,6.38,-0.29000000000000004,5.0,5.0,1.0899999999999999,3,-1.42,False
CN(c1ncnc2[nH]ccc12)[C@H]1C[C@@H](CS(=O)(=O)N2CCC(F)CC2)C1,CHEMBL6008834,5.93,5.93,False,Other,7.62,7.62,-1.6900000000000004,6.33,6.33,-0.40000000000000036,5.0,5.0,0.9299999999999997,3,-1.6900000000000004,False
CN(c1ncnc2[nH]ccc12)[C@H]1C[C@@H](CS(=O)(=O)N2CCC(O)(C(F)(F)F)CC2)C1,CHEMBL3658857,6.45,6.45,False,Other,8.22,8.22,-1.7700000000000005,7.06,7.06,-0.6099999999999994,5.73,5.73,0.7199999999999998,3,-1.7700000000000005,False
CN(c1ncnc2[nH]ccc12)[C@H]1C[C@@H](CS(=O)(=O)N2CCC(c3cnco3)CC2)C1,CHEMBL6029174,8.81,8.81,False,Other,10.89,10.89,-2.08,9.3,9.3,-0.4900000000000002,8.0,8.0,0.8100000000000005,3,-2.08,False
CN(c1ncnc2[nH]ccc12)[C@H]1C[C@@H](CS(=O)(=O)N2CCC(c3ncco3)CC2)C1,CHEMBL6065707,8.99,8.99,False,Other,,,,9.8,9.8,-0.8100000000000005,8.01,8.01,0.9800000000000004,2,-0.8100000000000005,False
CN(c1ncnc2[nH]ccc12)[C@H]1C[C@@H](CS(=O)(=O)N2CCC3(CC2)CC3(F)F)C1,CHEMBL5841023,8.61,8.61,False,Other,10.72,10.72,-2.110000000000001,9.2,9.2,-0.5899999999999999,8.0,8.0,0.6099999999999994,3,-2.110000000000001,False
CN(c1ncnc2[nH]ccc12)[C@H]1C[C@@H](CS(=O)(=O)N2CCC3(CC2)CC3)C1,CHEMBL5932349,5.44,5.44,False,Other,7.7,7.7,-2.26,6.2,6.2,-0.7599999999999998,5.0,5.0,0.4400000000000004,3,-2.26,False
CN(c1ncnc2[nH]ccc12)[C@H]1C[C@@H](CS(=O)(=O)N2CCC3(CCOCC3)C2)C1,CHEMBL5911818,5.0,5.0,False,Other,7.0,7.0,-2.0,5.58,5.58,-0.5800000000000001,5.0,5.0,0.0,3,-2.0,False
CN(c1ncnc2[nH]ccc12)[C@H]1C[C@@H](CS(=O)(=O)N2CCCC(C(F)(F)F)C2)C1,CHEMBL5804527,9.38,9.38,False,Other,,,,9.61,9.61,-0.22999999999999865,,,,1,-0.22999999999999865,False
CN(c1ncnc2[nH]ccc12)[C@H]1C[C@@H](CS(=O)(=O)N2CCCC3(COC3)C2)C1,CHEMBL5891519,5.96,5.96,False,Other,7.89,7.89,-1.9299999999999997,6.34,6.34,-0.3799999999999999,5.0,5.0,0.96,3,-1.9299999999999997,False
CN(c1ncnc2[nH]ccc12)[C@H]1C[C@@H](CS(=O)(=O)N2CCCCC2)C1,CHEMBL6028661,6.03,6.03,False,Other,7.57,7.57,-1.54,6.26,6.26,-0.22999999999999954,5.0,5.0,1.0300000000000002,3,-1.54,False
CN(c1ncnc2[nH]ccc12)[C@H]1C[C@@H](CS(=O)(=O)N2CCN(C(=O)C3CC3)CC2)C1,CHEMBL6032340,5.68,5.68,False,Other,7.28,7.28,-1.6000000000000005,5.63,5.63,0.04999999999999982,5.0,5.0,0.6799999999999997,3,-1.6000000000000005,False
CN(c1ncnc2[nH]ccc12)[C@H]1C[C@@H](CS(=O)(=O)N2CCOC3(CCCC3)C2)C1,CHEMBL5836376,5.41,5.41,False,Other,7.07,7.07,-1.6600000000000001,5.62,5.62,-0.20999999999999996,5.0,5.0,0.41000000000000014,3,-1.6600000000000001,False
CN(c1ncnc2[nH]ccc12)[C@H]1C[C@@H](CS(=O)(=O)N2CCOCC2)C1,CHEMBL6007005,5.8,5.8,False,Other,7.38,7.38,-1.58,6.01,6.01,-0.20999999999999996,5.0,5.0,0.7999999999999998,3,-1.58,False
CN(c1ncnc2[nH]ccc12)[C@H]1C[C@@H](CS(=O)(=O)N2CCS(=O)(=O)CC2)C1,CHEMBL6060706,9.29,9.29,False,Other,,,,9.73,9.73,-0.4400000000000013,8.04,8.04,1.25,2,-0.4400000000000013,False
CN(c1ncnc2[nH]ccc12)[C@H]1C[C@@H](CS(=O)(=O)N2CC[C@@H](C#N)C2)C1,CHEMBL3658858,6.35,6.35,False,Other,8.3,8.3,-1.950000000000001,6.75,6.75,-0.40000000000000036,5.28,5.28,1.0699999999999994,3,-1.950000000000001,False
CN(c1ncnc2[nH]ccc12)[C@H]1C[C@@H](CS(=O)(=O)N2CC[C@@H](F)C2)C1,CHEMBL5886414,6.26,6.26,False,Other,7.64,7.64,-1.38,6.53,6.53,-0.27000000000000046,5.0,5.0,1.2599999999999998,3,-1.38,False
CN(c1ncnc2[nH]ccc12)[C@H]1C[C@@H](CS(=O)(=O)N2CC[C@@H](OC(F)F)C2)C1,CHEMBL5909283,9.16,9.16,False,Other,,,,9.51,9.51,-0.34999999999999964,8.0,8.0,1.1600000000000001,2,-0.34999999999999964,False
CN(c1ncnc2[nH]ccc12)[C@H]1C[C@@H](CS(=O)(=O)N2CC[C@H](C#N)C2)C1,CHEMBL3658859,5.96,5.96,False,Other,7.77,7.77,-1.8099999999999996,6.43,6.43,-0.46999999999999975,,,,2,-1.8099999999999996,False
CN(c1ncnc2[nH]ccc12)[C@H]1C[C@@H](CS(=O)(=O)N2CC[C@H](F)C2)C1,CHEMBL5770954,5.78,5.78,False,Other,7.25,7.25,-1.4699999999999998,6.25,6.25,-0.46999999999999975,5.0,5.0,0.7800000000000002,3,-1.4699999999999998,False
CN(c1ncnc2[nH]ccc12)[C@H]1C[C@@H](CS(=O)(=O)N2CC[C@H](S(C)(=O)=O)C2)C1,CHEMBL5825020,9.15,9.15,False,Other,10.96,10.96,-1.8100000000000005,9.41,9.41,-0.2599999999999998,8.0,8.0,1.1500000000000004,3,-1.8100000000000005,False
CN(c1ncnc2[nH]ccc12)[C@H]1C[C@@H](CS(=O)(=O)N2CCc3ccccc3C2)C1,CHEMBL5891227,9.53,9.53,False,Other,,,,9.92,9.92,-0.39000000000000057,,,,1,-0.39000000000000057,False
CN(c1ncnc2[nH]ccc12)[C@H]1C[C@@H](CS(=O)(=O)N2CCn3cccc3C2)C1,CHEMBL5755718,9.94,9.94,False,Other,,,,10.37,10.37,-0.4299999999999997,8.47,8.47,1.4699999999999989,2,-0.4299999999999997,False
CN(c1ncnc2[nH]ccc12)[C@H]1C[C@@H](CS(=O)(=O)N2CCn3cncc3C2)C1,CHEMBL5959152,9.05,9.05,False,Other,10.85,10.85,-1.799999999999999,9.47,9.47,-0.41999999999999993,,,,2,-1.799999999999999,False
CN(c1ncnc2[nH]ccc12)[C@H]1C[C@@H](CS(=O)(=O)N2C[C@@H]3C[C@]3(C#N)C2)C1,CHEMBL5874453,6.11,6.11,False,Other,7.92,7.92,-1.8099999999999996,6.53,6.53,-0.41999999999999993,,,,2,-1.8099999999999996,False
CN(c1ncnc2[nH]ccc12)[C@H]1C[C@@H](CS(=O)(=O)N2Cc3ccccc3C(F)(F)C2)C1,CHEMBL5802848,9.96,9.96,False,Other,,,,10.21,10.21,-0.25,8.11,8.11,1.8500000000000014,2,-0.25,False
CN(c1ncnc2[nH]ccc12)[C@H]1C[C@@H](CS(=O)(=O)[C@@H]2CC[C@@H](C#N)C2)C1,CHEMBL3658865,5.825,5.825,False,Other,7.765,7.765,-1.9399999999999995,6.32,6.32,-0.4950000000000001,5.0,5.0,0.8250000000000002,3,-1.9399999999999995,False
CN(c1ncnc2[nH]ccc12)[C@H]1C[C@@H](CS(=O)(=O)[C@H]2CC[C@@H](C#N)C2)C1,CHEMBL5818761,6.01,6.01,False,Other,7.75,7.75,-1.7400000000000002,6.23,6.23,-0.22000000000000064,5.0,5.0,1.0099999999999998,3,-1.7400000000000002,False
CN(c1ncnc2[nH]ccc12)[C@H]1C[C@@H](CS(=O)(=O)[C@H]2CC[C@H](C#N)C2)C1,CHEMBL3658864,6.08,6.08,False,Other,8.05,8.05,-1.9700000000000006,6.51,6.51,-0.4299999999999997,,,,2,-1.9700000000000006,False
CN(c1ncnc2[nH]ccc12)[C@H]1C[C@@H](CS(=O)(=O)[C@H]2C[C@@H](C#N)C2)C1,CHEMBL5875361,5.67,5.67,False,Other,8.05,8.05,-2.380000000000001,6.32,6.32,-0.6500000000000004,,,,2,-2.380000000000001,False
CN(c1ncnc2[nH]ccc12)[C@H]1C[C@@H](CS(=O)(=O)c2cc(C#N)ccn2)C1,CHEMBL3658868,6.38,6.38,False,Other,8.22,8.22,-1.8400000000000007,6.25,6.25,0.1299999999999999,,,,2,-1.8400000000000007,False
CN(c1ncnc2[nH]ccc12)[C@H]1C[C@@H](CS(=O)(=O)c2cc(C(F)(F)F)ccc2Cl)C1,CHEMBL5871018,8.56,8.56,False,Other,10.39,10.39,-1.83,9.16,9.16,-0.5999999999999996,8.0,8.0,0.5600000000000005,3,-1.83,False
CN(c1ncnc2[nH]ccc12)[C@H]1C[C@@H](CS(=O)(=O)c2ccc(C(F)(F)F)c(F)c2)C1,CHEMBL5885020,8.6,8.6,False,Other,10.07,10.07,-1.4700000000000006,9.01,9.01,-0.41000000000000014,8.0,8.0,0.5999999999999996,3,-1.4700000000000006,False
CN(c1ncnc2[nH]ccc12)[C@H]1C[C@@H](CS(=O)(=O)c2ccc(C(F)(F)F)cc2)C1,CHEMBL5772180,8.62,8.62,False,Other,10.7,10.7,-2.08,9.21,9.21,-0.5900000000000016,8.0,8.0,0.6199999999999992,3,-2.08,False
CN(c1ncnc2[nH]ccc12)[C@H]1C[C@@H](CS(=O)(=O)c2ccc(C(F)(F)F)nc2)C1,CHEMBL5934018,9.06,9.06,False,Other,10.94,10.94,-1.879999999999999,9.505,9.505,-0.4450000000000003,8.030000000000001,8.030000000000001,1.0299999999999994,3,-1.879999999999999,False
CN(c1ncnc2[nH]ccc12)[C@H]1C[C@@H](CS(=O)(=O)c2ccc(Cl)cc2F)C1,CHEMBL5915717,9.42,9.42,False,Other,,,,9.88,9.88,-0.46000000000000085,8.16,8.16,1.2599999999999998,2,-0.46000000000000085,False
CN(c1ncnc2[nH]ccc12)[C@H]1C[C@@H](CS(=O)(=O)c2ccc(Cl)cn2)C1,CHEMBL5789739,8.21,8.21,False,Other,10.16,10.16,-1.9499999999999993,8.83,8.83,-0.6199999999999992,8.0,8.0,0.21000000000000085,3,-1.9499999999999993,False
CN(c1ncnc2[nH]ccc12)[C@H]1C[C@@H](CS(=O)(=O)c2ccc(F)c(Cl)c2)C1,CHEMBL3658867,6.62,6.62,False,Other,8.4,8.4,-1.7800000000000002,7.07,7.07,-0.4500000000000002,5.5,5.5,1.12,3,-1.7800000000000002,False
CN(c1ncnc2[nH]ccc12)[C@H]1C[C@@H](CS(=O)(=O)c2ccc(F)cc2)C1,CHEMBL6039583,9.64,9.64,False,Other,,,,9.97,9.97,-0.33000000000000007,8.14,8.14,1.5,2,-0.33000000000000007,False
CN(c1ncnc2[nH]ccc12)[C@H]1C[C@@H](CS(=O)(=O)c2cccc(C(F)(F)F)c2)C1,CHEMBL5977063,9.49,9.49,False,Other,,,,9.87,9.87,-0.379999999999999,8.0,8.0,1.4900000000000002,2,-0.379999999999999,False
CN(c1ncnc2[nH]ccc12)[C@H]1C[C@@H](CS(=O)(=O)c2cccc(F)c2)C1,CHEMBL5849974,10.11,10.11,False,Other,,,,10.19,10.19,-0.08000000000000007,8.41,8.41,1.6999999999999993,2,-0.08000000000000007,False
CN(c1ncnc2[nH]ccc12)[C@H]1C[C@@H](CS(=O)(=O)c2cccc(OC(F)(F)F)c2)C1,CHEMBL5783348,8.41,8.41,False,Other,10.43,10.43,-2.0199999999999996,8.89,8.89,-0.4800000000000004,8.0,8.0,0.41000000000000014,3,-2.0199999999999996,False
CN(c1ncnc2[nH]ccc12)[C@H]1C[C@@H](CS(=O)(=O)c2cccc3cccnc23)C1,CHEMBL5957174,8.27,8.27,False,Other,10.08,10.08,-1.8100000000000005,8.74,8.74,-0.47000000000000064,8.0,8.0,0.2699999999999996,3,-1.8100000000000005,False
CN(c1ncnc2[nH]ccc12)[C@H]1C[C@@H](CS(=O)(=O)c2cccc3cnccc23)C1,CHEMBL5968969,8.65,8.65,False,Other,10.92,10.92,-2.2699999999999996,9.24,9.24,-0.5899999999999999,8.0,8.0,0.6500000000000004,3,-2.2699999999999996,False
CN(c1ncnc2[nH]ccc12)[C@H]1C[C@@H](CS(=O)(=O)c2cccc3ncccc23)C1,CHEMBL5885656,9.1,9.1,False,Other,10.74,10.74,-1.6400000000000006,9.71,9.71,-0.6100000000000012,8.0,8.0,1.0999999999999996,3,-1.6400000000000006,False
CN(c1ncnc2[nH]ccc12)[C@H]1C[C@@H](CS(=O)(=O)c2ccccc2)C1,CHEMBL4103586,9.78,9.78,False,Other,8.0,8.0,1.7799999999999994,8.215,8.215,1.5649999999999995,8.0,8.0,1.7799999999999994,3,1.5649999999999995,False
CN(c1ncnc2[nH]ccc12)[C@H]1C[C@@H](CS(=O)(=O)c2ccccc2Cl)C1,CHEMBL5883265,9.37,9.37,False,Other,10.85,10.85,-1.4800000000000004,9.62,9.62,-0.25,8.0,8.0,1.3699999999999992,3,-1.4800000000000004,False
CN(c1ncnc2[nH]ccc12)[C@H]1C[C@@H](CS(=O)(=O)c2ccccc2F)C1,CHEMBL5941947,9.44,9.44,False,Other,10.82,10.82,-1.3800000000000008,9.34,9.34,0.09999999999999964,8.0,8.0,1.4399999999999995,3,-1.3800000000000008,False
CN(c1ncnc2[nH]ccc12)[C@H]1C[C@@H](CS(=O)(=O)c2ccccc2OC(F)(F)F)C1,CHEMBL5967651,8.1,8.1,False,Other,10.24,10.24,-2.1400000000000006,8.64,8.64,-0.5400000000000009,8.0,8.0,0.09999999999999964,3,-2.1400000000000006,False
CN(c1ncnc2[nH]ccc12)[C@H]1C[C@@H](CS(=O)(=O)c2cccnc2)C1,CHEMBL6020772,9.31,9.31,False,Other,10.89,10.89,-1.58,9.79,9.79,-0.47999999999999865,8.0,8.0,1.3100000000000005,3,-1.58,False
CN(c1ncnc2[nH]ccc12)[C@H]1C[C@@H](CS(=O)(=O)c2ccncc2)C1,CHEMBL5945428,9.51,9.51,False,Other,11.0,11.0,-1.4900000000000002,9.82,9.82,-0.3100000000000005,8.03,8.03,1.4800000000000004,3,-1.4900000000000002,False
CN(c1ncnc2[nH]ccc12)[C@H]1C[C@@H](CS(=O)(=O)c2cnc(N3CCCC3)nc2)C1,CHEMBL6063365,8.73,8.73,False,Other,10.15,10.15,-1.42,9.07,9.07,-0.33999999999999986,8.0,8.0,0.7300000000000004,3,-1.42,False
CN(c1ncnc2[nH]ccc12)[C@H]1C[C@@H](CS(=O)(=O)c2cnc3ccccc3c2)C1,CHEMBL5831606,9.2,9.2,False,Other,,,,9.67,9.67,-0.47000000000000064,8.1,8.1,1.0999999999999996,2,-0.47000000000000064,False
CN(c1ncnc2[nH]ccc12)[C@H]1C[C@@H](CS(=O)(=O)c2cnc3ccoc3c2)C1,CHEMBL5749084,8.82,8.82,False,Other,10.82,10.82,-2.0,9.69,9.69,-0.8699999999999992,8.0,8.0,0.8200000000000003,3,-2.0,False
CN(c1ncnc2[nH]ccc12)[C@H]1C[C@@H](CS(=O)(=O)c2cncc(F)c2)C1,CHEMBL5777052,9.45,9.45,False,Other,10.82,10.82,-1.370000000000001,9.63,9.63,-0.1800000000000015,8.0,8.0,1.4499999999999993,3,-1.370000000000001,False
CN(c1ncnc2[nH]ccc12)[C@H]1C[C@@H](CS(=O)(=O)c2cnccc2C(F)(F)F)C1,CHEMBL5929524,9.02,9.02,False,Other,10.72,10.72,-1.700000000000001,9.33,9.33,-0.3100000000000005,8.0,8.0,1.0199999999999996,3,-1.700000000000001,False
CN(c1ncnc2[nH]ccc12)[C@H]1C[C@@H](NS(=O)(=O)C2CC(F)(F)C2)C1,CHEMBL3655094,6.49,6.49,False,Other,8.3,8.3,-1.8100000000000005,6.75,6.75,-0.2599999999999998,5.05,5.05,1.4400000000000004,3,-1.8100000000000005,False
CN(c1ncnc2[nH]ccc12)[C@H]1C[C@@H](NS(=O)(=O)C2CN(C3CC3)C2)C1,CHEMBL3655096,5.31,5.31,False,Other,8.22,8.22,-2.910000000000001,6.22,6.22,-0.9100000000000001,,,,2,-2.910000000000001,False
CN(c1ncnc2[nH]ccc12)[C@H]1C[C@@H](NS(=O)(=O)CC(F)(F)F)C1,CHEMBL3655080,5.99,5.99,False,Other,7.66,7.66,-1.67,5.9,5.9,0.08999999999999986,,,,2,-1.67,False
CN(c1ncnc2[nH]ccc12)[C@H]1C[C@@H](NS(=O)(=O)CC2(C)COC2)C1,CHEMBL6027107,6.06,6.06,False,Other,8.15,8.15,-2.0900000000000007,6.25,6.25,-0.1900000000000004,5.14,5.14,0.9199999999999999,3,-2.0900000000000007,False
CN(c1ncnc2[nH]ccc12)[C@H]1C[C@@H](NS(=O)(=O)CC2CC(F)(F)C2)C1,CHEMBL3655093,6.11,6.11,False,Other,8.22,8.22,-2.1100000000000003,6.38,6.38,-0.2699999999999996,,,,2,-2.1100000000000003,False
CN(c1ncnc2[nH]ccc12)[C@H]1C[C@@H](NS(=O)(=O)CC2CC2)C1,CHEMBL3655095,5.73,5.73,False,Other,7.38,7.38,-1.6499999999999995,5.52,5.52,0.21000000000000085,,,,2,-1.6499999999999995,False
CN(c1ncnc2[nH]ccc12)[C@H]1C[C@@H](NS(=O)(=O)CC2COC2)C1,CHEMBL3655086,5.62,5.62,False,Other,7.55,7.55,-1.9299999999999997,5.6,5.6,0.020000000000000462,,,,2,-1.9299999999999997,False
CN(c1ncnc2[nH]ccc12)[C@H]1C[C@@H](NS(=O)(=O)C[C@]2(C)C[C@@H](CN)C2)C1,CHEMBL5990377,6.61,6.61,False,Other,8.7,8.7,-2.089999999999999,6.88,6.88,-0.2699999999999996,5.34,5.34,1.2700000000000005,3,-2.089999999999999,False
CN(c1ncnc2[nH]ccc12)[C@H]1C[C@@H](NS(=O)(=O)C[C@]2(C)C[C@H](C#N)C2)C1,CHEMBL5942237,6.08,6.08,False,Other,8.7,8.7,-2.619999999999999,6.33,6.33,-0.25,,,,2,-2.619999999999999,False
CN(c1ncnc2[nH]ccc12)[C@H]1C[C@@H](NS(=O)(=O)N2CC(C#N)C2)C1,CHEMBL3655102,6.48,6.48,False,Other,8.4,8.4,-1.92,6.77,6.77,-0.28999999999999915,5.26,5.26,1.2200000000000006,3,-1.92,False
CN(c1ncnc2[nH]ccc12)[C@H]1C[C@@H](NS(=O)(=O)N2CC(C)(C#N)C2)C1,CHEMBL6039308,6.24,6.24,False,Other,8.4,8.4,-2.16,6.56,6.56,-0.3199999999999994,,,,2,-2.16,False
CN(c1ncnc2[nH]ccc12)[C@H]1C[C@@H](NS(=O)(=O)N2CC(CC(F)F)C2)C1,CHEMBL5812238,6.16,6.16,False,Other,8.52,8.52,-2.3599999999999994,6.5,6.5,-0.33999999999999986,,,,2,-2.3599999999999994,False
CN(c1ncnc2[nH]ccc12)[C@H]1C[C@@H](NS(=O)(=O)N2CCC(c3cc[nH]n3)CC2)C1,CHEMBL3655103,6.44,6.44,False,Other,9.0,9.0,-2.5599999999999996,7.28,7.28,-0.8399999999999999,5.51,5.51,0.9300000000000006,3,-2.5599999999999996,False
CN(c1ncnc2[nH]ccc12)[C@H]1C[C@@H](NS(=O)(=O)N2CC[C@@H](C#N)C2)C1,CHEMBL3655098,6.47,6.47,False,Other,8.3,8.3,-1.830000000000001,6.51,6.51,-0.040000000000000036,,,,2,-1.830000000000001,False
CN(c1ncnc2[nH]ccc12)[C@H]1C[C@@H](NS(=O)(=O)N2CC[C@H](C#N)C2)C1,CHEMBL3655099,5.95,5.95,False,Other,7.89,7.89,-1.9399999999999995,6.36,6.36,-0.41000000000000014,,,,2,-1.9399999999999995,False
CN(c1ncnc2[nH]ccc12)[C@H]1C[C@@H](NS(=O)(=O)N2C[C@@H]3C[C@]3(C#N)C2)C1,CHEMBL3904533,5.71,5.71,False,Other,7.77,7.77,-2.0599999999999996,6.01,6.01,-0.2999999999999998,,,,2,-2.0599999999999996,False
CN(c1ncnc2[nH]ccc12)[C@H]1C[C@@H](NS(=O)(=O)N2C[C@H]3C[C@@H](C2)O3)C1,CHEMBL3655101,5.69,5.69,False,Other,7.47,7.47,-1.7799999999999994,5.94,5.94,-0.25,,,,2,-1.7799999999999994,False
CN(c1ncnc2[nH]ccc12)[C@H]1C[C@@H](NS(=O)(=O)N2C[C@H]3C[C@@]3(C#N)C2)C1,CHEMBL3658853,6.25,6.25,False,Other,8.1,8.1,-1.8499999999999996,6.26,6.26,-0.009999999999999787,,,,2,-1.8499999999999996,False
CN(c1ncnc2[nH]ccc12)[C@H]1C[C@@H](NS(=O)(=O)NCC2CC2)C1,CHEMBL3655097,5.75,5.75,False,Other,7.29,7.29,-1.54,5.96,5.96,-0.20999999999999996,,,,2,-1.54,False
CN(c1ncnc2[nH]ccc12)[C@H]1C[C@@H](NS(=O)(=O)[C@@H]2CC[C@H](C#N)C2)C1,CHEMBL6065248,6.35,6.35,False,Other,8.15,8.15,-1.8000000000000007,6.26,6.26,0.08999999999999986,,,,2,-1.8000000000000007,False
CN(c1ncnc2[nH]ccc12)[C@H]1C[C@@H](NS(=O)(=O)[C@@H]2C[C@H]2CC#N)C1,CHEMBL5890131,6.18,6.18,False,Other,8.22,8.22,-2.040000000000001,6.44,6.44,-0.2600000000000007,,,,2,-2.040000000000001,False
CN(c1ncnc2[nH]ccc12)[C@H]1C[C@@H](NS(=O)(=O)[C@H]2CC[C@@H](C#N)C2)C1,CHEMBL5993136,5.8,5.8,False,Other,7.58,7.58,-1.7800000000000002,5.99,5.99,-0.1900000000000004,,,,2,-1.7800000000000002,False
CN(c1ncnc2[nH]ccc12)[C@H]1C[C@@H](NS(=O)(=O)[C@H]2CC[C@H](C#N)C2)C1,CHEMBL5773435,5.62,5.62,False,Other,7.64,7.64,-2.0199999999999996,6.04,6.04,-0.41999999999999993,,,,2,-2.0199999999999996,False
CN(c1ncnc2[nH]ccc12)[C@H]1C[C@@H](NS(=O)(=O)[C@H]2C[C@@H](C#N)C2)C1,CHEMBL5901783,6.05,6.05,False,Other,7.96,7.96,-1.9100000000000001,6.44,6.44,-0.39000000000000057,5.06,5.06,0.9900000000000002,3,-1.9100000000000001,False
CN(c1ncnc2[nH]ccc12)[C@H]1C[C@@H](NS(=O)(=O)[C@H]2C[C@@H](C(F)F)C2)C1,CHEMBL5992137,6.73,6.73,False,Other,9.0,9.0,-2.2699999999999996,7.08,7.08,-0.34999999999999964,5.28,5.28,1.4500000000000002,3,-2.2699999999999996,False
CN(c1ncnc2[nH]ccc12)[C@H]1C[C@@H](NS(=O)(=O)[C@H]2C[C@@H](CC#N)C2)C1,CHEMBL3655084,5.57,5.57,False,Other,7.75,7.75,-2.1799999999999997,5.85,5.85,-0.27999999999999936,,,,2,-2.1799999999999997,False
CN(c1ncnc2[nH]ccc12)[C@H]1C[C@@H](NS(=O)(=O)[C@H]2C[C@@H](F)C2)C1,CHEMBL5855252,6.62,6.62,False,Other,8.1,8.1,-1.4799999999999995,6.58,6.58,0.040000000000000036,,,,2,-1.4799999999999995,False
CN(c1ncnc2[nH]ccc12)[C@H]1C[C@@H](NS(=O)(=O)[C@H]2C[C@@H]2CC#N)C1,CHEMBL5979033,6.38,6.38,False,Other,8.15,8.15,-1.7700000000000005,6.82,6.82,-0.4400000000000004,5.28,5.28,1.0999999999999996,3,-1.7700000000000005,False
CN(c1ncnc2[nH]ccc12)[C@H]1C[C@@H](NS(=O)(=O)[C@H]2C[C@@](C)(CC#N)C2)C1,CHEMBL3655087,5.28,5.28,False,Other,7.51,7.51,-2.2299999999999995,5.7,5.7,-0.41999999999999993,,,,2,-2.2299999999999995,False
CN(c1ncnc2[nH]ccc12)[C@H]1C[C@@H](NS(=O)(=O)[C@H]2C[C@H](C#N)C2)C1,CHEMBL5829531,5.99,5.99,False,Other,8.1,8.1,-2.1099999999999994,6.35,6.35,-0.35999999999999943,,,,2,-2.1099999999999994,False
CN(c1ncnc2[nH]ccc12)[C@H]1C[C@@H](NS(=O)(=O)[C@H]2C[C@H](C(F)F)C2)C1,CHEMBL5860574,6.42,6.42,False,Other,8.52,8.52,-2.0999999999999996,6.65,6.65,-0.23000000000000043,,,,2,-2.0999999999999996,False
CN(c1ncnc2[nH]ccc12)[C@H]1C[C@@H](NS(=O)(=O)[C@H]2C[C@H](CC#N)C2)C1,CHEMBL3655083,6.01,6.01,False,Other,8.22,8.22,-2.210000000000001,6.22,6.22,-0.20999999999999996,,,,2,-2.210000000000001,False
CN(c1ncnc2[nH]ccc12)[C@H]1C[C@@H](NS(=O)(=O)[C@H]2C[C@H](F)C2)C1,CHEMBL5840703,6.2,6.2,False,Other,7.75,7.75,-1.5499999999999998,6.17,6.17,0.03000000000000025,,,,2,-1.5499999999999998,False
CN(c1ncnc2[nH]ccc12)[C@H]1C[C@@H](NS(=O)(=O)[C@H]2C[C@](C)(CC#N)C2)C1,CHEMBL3655088,5.61,5.61,False,Other,7.8,7.8,-2.1899999999999995,6.12,6.12,-0.5099999999999998,,,,2,-2.1899999999999995,False
CN(c1ncnc2[nH]ccc12)[C@H]1C[C@@H](NS(=O)(=O)c2cc(C#N)ccn2)C1,CHEMBL3655089,6.58,6.58,False,Other,8.52,8.52,-1.9399999999999995,6.16,6.16,0.41999999999999993,,,,2,-1.9399999999999995,False
CN(c1ncnc2[nH]ccc12)[C@H]1C[C@@H](NS(=O)(=O)c2cccc(C(C)(C)O)c2)C1,CHEMBL3655090,5.18,5.18,False,Other,6.64,6.64,-1.46,5.25,5.25,-0.07000000000000028,,,,2,-1.46,False
CN(c1ncnc2[nH]ccc12)[C@H]1C[C@@H](NS(=O)(=O)c2cccc3nonc23)C1,CHEMBL5821896,7.89,7.89,False,Other,9.0,9.0,-1.1100000000000003,7.21,7.21,0.6799999999999997,5.37,5.37,2.5199999999999996,3,-1.1100000000000003,False
CN(c1ncnc2[nH]ccc12)[C@H]1C[C@H](NS(=O)(=O)N2CCC(C#N)C2)C1,CHEMBL3658855,5.1,5.1,False,Other,6.62,6.62,-1.5200000000000005,5.47,5.47,-0.3700000000000001,,,,2,-1.5200000000000005,False
CN1C(=O)C(C)(c2ccc(Nc3nc(-c4c(F)cccc4F)nc4c3C(=O)NC4)cc2)c2ccccc21,CHEMBL5825607,7.26,7.26,False,Other,,,,6.76,,,,,,0,,False
CN1C(=O)COc2ccc(-c3cc(-c4cnn(C5(CC#N)CC(C#N)C5)n4)c4cccnc4c3)nc21,CHEMBL5943135,7.77,7.77,False,Other,6.109999999999999,6.109999999999999,1.6600000000000001,7.42,7.42,0.34999999999999964,,,,2,0.34999999999999964,False
CN1C(=O)[C@@H](N2CCc3c(nn(Cc4ccccc4)c3Br)C2=O)COc2ccccc21,CHEMBL4549667,6.0,6.0,False,Other,,,,,,,6.0,6.0,0.0,1,0.0,False
CN1C(=O)[C@@H](N2CCc3cn(CC4CCS(=O)(=O)CC4)nc3C2=O)COc2ccccc21,CHEMBL4097778,6.0,6.0,False,Other,,,,6.0,6.0,0.0,6.0,6.0,0.0,2,0.0,False
CN1C(=O)[C@@H](N2CCc3cn(Cc4ccccc4)nc3C2=O)COc2ccccc21,CHEMBL4088216,6.0,6.0,False,Other,,,,,,,6.0,6.0,0.0,1,0.0,False
CN1C(=O)[C@@](C)(c2ccc(Nc3nc(-c4c(F)cccc4F)nc4c3C(=O)NC4)cc2)Oc2ccccc21,CHEMBL5799221,6.26,6.26,False,Other,,,,6.26,,,,,,0,,False
CN1C(=O)[C@](C)(c2ccc(Nc3nc(-c4c(F)cccc4F)nc4c3C(=O)NC4)cc2)Oc2ccccc21,CHEMBL5824640,6.26,6.26,False,Other,,,,,,,,,,0,,False
CN1C(=O)c2sccc2N(C)c2nc(Nc3ccc(S(N)(=O)=O)cc3)ncc21,CHEMBL4554938,7.445,7.445,False,Other,7.535,7.535,-0.08999999999999986,,,,,,,1,-0.08999999999999986,False
CN1C/C=C/CCOc2cc(ccn2)-c2ccnc(n2)Nc2cccc(c2)C1,CHEMBL2035044,7.19,7.19,False,Other,6.77,6.77,0.4200000000000008,6.58,6.58,0.6100000000000003,,,,2,0.4200000000000008,False
CN1C/C=C/CCn2ccc3ccc(cc32)-c2ccnc(n2)Nc2cccc(c2)C1,CHEMBL2035042,5.82,5.82,False,Other,6.0,6.0,-0.17999999999999972,5.8,5.8,0.020000000000000462,,,,2,-0.17999999999999972,False
CN1C/C=C/COCC2=CC=C(O2)c2ccnc(n2)Nc2ccc(OCCN3CCCC3)c(c2)C1,CHEMBL2035054,6.15,6.15,False,Other,6.19,6.19,-0.040000000000000036,6.48,6.48,-0.33000000000000007,,,,2,-0.33000000000000007,False
CN1C/C=C/COCC2=CC=C(O2)c2ccnc(n2)Nc2cccc(c2)C1,CHEMBL2035047,5.82,5.82,False,Other,5.75,5.75,0.07000000000000028,6.09,6.09,-0.2699999999999996,,,,2,-0.2699999999999996,False
CN1C/C=C/COCC2=CC=C(S2)c2ccnc(n2)Nc2ccc(OCCN3CCCC3)c(c2)C1,CHEMBL2035055,7.39,7.39,False,Other,6.7,6.7,0.6899999999999995,7.05,7.05,0.33999999999999986,,,,2,0.33999999999999986,False
CN1C/C=C/COCc2cncc(c2)-c2ccnc(n2)Nc2cccc(c2)C1,CHEMBL2035045,5.23,5.23,False,Other,,,,,,,,,,0,,False
CN1CCC(NC(=O)Cc2nc3cnc4[nH]ccc4c3n2[C@H]2CC[C@H](CC#N)CC2)CC1,CHEMBL5905760,8.55,8.55,False,JH2,9.52,9.52,-0.9699999999999989,8.6,8.6,-0.049999999999998934,7.72,7.72,0.830000000000001,3,-0.9699999999999989,True
CN1CCC(NC(=O)c2ccc(Nc3oc(-c4c(F)cccc4F)nc3C(N)=O)cc2)CC1,CHEMBL5985594,7.86,7.86,False,Other,6.93,6.93,0.9300000000000006,6.72,6.72,1.1400000000000006,6.78,6.78,1.08,3,0.9300000000000006,False
CN1CCC(NC(=O)c2nc3cnc4[nH]ccc4c3n2[C@H]2CC[C@H](CC#N)CC2)CC1,CHEMBL6062998,7.98,7.98,False,JH2,9.4,9.4,-1.42,7.57,7.57,0.41000000000000014,5.95,5.95,2.0300000000000002,3,-1.42,True
CN1CCC(n2cc(-c3cc4ncccc4c(-c4ccn(C5(CC#N)CN(CC(F)(F)F)C5)n4)n3)cn2)CC1,CHEMBL5977996,7.06,7.06,False,Other,5.97,5.97,1.0899999999999999,7.19,7.19,-0.13000000000000078,5.16,5.16,1.8999999999999995,3,-0.13000000000000078,False
CN1CCN(C(=O)C(C#N)=Cc2ccc(-c3nc4cnc5[nH]ccc5c4n3C3CCCCC3)o2)CC1,CHEMBL4125861,6.1,6.1,False,Other,6.93,6.93,-0.8300000000000001,6.12,6.12,-0.020000000000000462,8.49,8.49,-2.3900000000000006,3,-2.3900000000000006,False
CN1CCN(C(=O)Cc2ccc(Nc3nc(-c4c(F)cccc4F)nc4c3C(=O)NC4)cc2)CC1,CHEMBL5202260,8.74,8.74,False,JH1,,,,,,,,,,0,,False
CN1CCN(C(=O)c2ccc3[nH]c4c(C(N)=O)cc(-c5ccc(Cl)cc5)cc4c3c2)CC1,CHEMBL3589169,8.55,8.55,False,Other,8.24,8.24,0.3100000000000005,8.92,8.92,-0.3699999999999992,7.46,7.46,1.0900000000000007,3,-0.3699999999999992,False
CN1CCN(C(=O)c2ccc3c(c2)[nH]c2c(C(N)=O)ccc(-c4cccc(NC(=O)c5ccc(N(C)C)cc5)c4F)c23)CC1,CHEMBL3622193,4.84,4.84,False,Other,,,,5.99,5.99,-1.1500000000000004,,,,1,-1.1500000000000004,False
CN1CCN(C(=O)c2ccc3c(c2)[nH]c2c(C(N)=O)ccc(-c4ccccc4F)c23)CC1,CHEMBL3621496,6.12,6.12,False,Other,,,,7.3,7.3,-1.1799999999999997,,,,1,-1.1799999999999997,False
CN1CCN(C2CCCN(c3ccn(-c4cc(-c5c(F)cccc5C#N)nc5c4C(=O)NC5)n3)C2)CC1,CHEMBL6041204,8.3,,True,Other,,,,7.26,,,,,,0,,False
CN1CCN(C2CCN(c3ccc(Nc4ncc(Cl)c(O[C@@H]5CO[C@H]6[C@@H]5OC[C@@H]6O)n4)cc3Cl)CC2)CC1,CHEMBL5182374,6.77,6.77,False,Other,6.17,6.17,0.5999999999999996,6.39,6.39,0.3799999999999999,7.5,7.5,-0.7300000000000004,3,-0.7300000000000004,False
CN1CCN(C2CCN(c3ccc(Nc4ncc(Cl)c(O[C@@H]5CO[C@H]6[C@@H]5OC[C@H]6O)n4)cc3Cl)CC2)CC1,CHEMBL5185440,6.82,6.82,False,Other,5.82,5.82,1.0,6.54,6.54,0.28000000000000025,7.75,7.75,-0.9299999999999997,3,-0.9299999999999997,False
CN1CCN(S(=O)(=O)C[C@H]2C[C@@H](N(C)c3ncnc4[nH]ccc34)C2)CC1,CHEMBL5898638,5.15,5.15,False,Other,7.03,7.03,-1.88,5.63,5.63,-0.47999999999999954,5.0,5.0,0.15000000000000036,3,-1.88,False
CN1CCN(S(=O)(=O)C[C@H]2C[C@@H](N(C)c3ncnc4[nH]ccc34)C2)CC1=O,CHEMBL5750755,8.63,8.63,False,Other,10.2,10.2,-1.5699999999999985,8.91,8.91,-0.27999999999999936,8.0,8.0,0.6300000000000008,3,-1.5699999999999985,False
CN1CCN([C@@H]2CCCN(c3ccn(-c4cc(-c5c(F)cccc5C#N)nc5c4C(=O)NC5)n3)C2)CC1,CHEMBL6015121,8.3,,True,Other,,,,7.26,,,,,,0,,False
CN1CCN([C@H]2CCCN(c3ccn(-c4cc(-c5c(F)cccc5C#N)nc5c4C(=O)NC5)n3)C2)CC1,CHEMBL5937496,8.3,,True,Other,,,,7.26,,,,,,0,,False
CN1CCN(c2ccc(-c3cnc4cccc(-c5cc(F)c(CN6CCOCC6)c(F)c5)c4n3)cc2)CC1,CHEMBL1089773,7.03,7.03,False,Other,7.55,7.55,-0.5199999999999996,8.37,8.37,-1.339999999999999,6.78,6.78,0.25,3,-1.339999999999999,False
CN1CCN(c2ccc(-c3cnc4cccc(-c5cc(F)c(CN6CCS(=O)(=O)CC6)c(F)c5)c4n3)cn2)CC1,CHEMBL1092925,7.07,7.07,False,Other,7.09,7.09,-0.019999999999999574,8.17,8.17,-1.0999999999999996,6.64,6.64,0.4300000000000006,3,-1.0999999999999996,False
CN1CCN(c2ccc(Nc3cc(NCc4cccc(NC(=O)CC#N)c4)ncn3)cc2)CC1,CHEMBL4546009,5.82,5.82,False,Other,6.04,6.04,-0.21999999999999975,5.99,5.99,-0.16999999999999993,8.46,8.46,-2.6400000000000006,3,-2.6400000000000006,False
CN1CCN(c2ccc(Nc3ncc(Cl)c(NC[C@H]4CCCO4)n3)cc2)CC1,CHEMBL3426891,8.3,8.3,False,Other,,,,8.22,8.22,0.08000000000000007,,,,1,0.08000000000000007,False
CN1CCN(c2ccc(Nc3ncc4nc(Nc5ccccc5)n(C5CCCC5)c4n3)cc2)CC1,CHEMBL2178352,5.17,5.17,False,Other,5.48,5.48,-0.3100000000000005,5.92,5.92,-0.75,5.58,5.58,-0.41000000000000014,3,-0.75,False
CN1CCN(c2ccc3c(c2)[nH]c2c(C(N)=O)cc(-c4ccc(CN5CCOCC5)c(Cl)c4)cc23)CC1,CHEMBL3589327,6.71,6.71,False,Other,6.37,6.37,0.33999999999999986,7.43,7.43,-0.7199999999999998,6.62,6.62,0.08999999999999986,3,-0.7199999999999998,False
CN1CCN(c2ccc3c(c2)[nH]c2c(C(N)=O)cc(-c4ccc5c(cnn5C)c4)cc23)CC1,CHEMBL3589329,6.61,6.61,False,Other,6.47,6.47,0.14000000000000057,7.574999999999999,7.574999999999999,-0.964999999999999,6.49,6.49,0.1200000000000001,3,-0.964999999999999,False
CN1CCN(c2ccc3c(c2)[nH]c2c(C(N)=O)cc(-c4cccc(Cl)c4)cc23)CC1,CHEMBL3589326,6.8,6.8,False,Other,6.71,6.71,0.08999999999999986,7.435,7.435,-0.6349999999999998,6.71,6.71,0.08999999999999986,3,-0.6349999999999998,False
CN1CCN(c2ccc3c(c2)[nH]c2c(C(N)=O)cc(-c4ccccc4)cc23)CC1,CHEMBL3589325,7.15,7.15,False,Other,6.85,6.85,0.3000000000000007,7.555,7.555,-0.40499999999999936,6.58,6.58,0.5700000000000003,3,-0.40499999999999936,False
CN1CCN(c2ccc3cc2COCC=CCOCc2cccc(c2)-c2ccnc(n2)N3)CC1,CHEMBL2181323,6.72,6.72,False,Other,5.44,5.44,1.2799999999999994,7.39,7.39,-0.6699999999999999,,,,2,-0.6699999999999999,False
CN1CCN(c2ccc3nc(-c4c(N)c5c(F)cccc5[nH]c4=O)[nH]c3c2)CC1,CHEMBL522892,6.7,6.7,False,Other,6.43,6.43,0.27000000000000046,6.0,6.0,0.7000000000000002,5.725,5.725,0.9750000000000005,3,0.27000000000000046,False
CN1CCN(c2ccn(-c3cc(-c4c(F)cccc4C#N)nc4c3C(=O)NC4)n2)CC1,CHEMBL5993933,8.3,,True,Other,,,,8.3,,,,,,0,,False
CN1CCN(c2ccn(-c3cc(-c4c(F)cccc4F)nc4c3C(=O)NC4)n2)CC1,CHEMBL5801536,8.3,,True,Other,,,,6.26,,,,,,0,,False
CN1CCOC2CN(c3ccn(-c4cc(-c5c(F)cccc5C#N)nc5c4C(=O)NC5)n3)C[C@@H]21,CHEMBL6062957,8.3,,True,Other,,,,8.3,,,,,,0,,False
CN1CC[C@H](c2c(O)cc(O)c3c(=O)cc(-c4ccccc4Cl)oc23)[C@H](O)C1,CHEMBL428690,6.75,6.75,False,Other,,,,5.26,5.26,1.4900000000000002,5.8,5.8,0.9500000000000002,2,0.9500000000000002,False
CN1CN(C2CCCCC2)c2c(cnc3[nH]ccc23)C1=O,CHEMBL3954540,7.34,7.34,False,Other,8.27,8.27,-0.9299999999999997,7.8,7.8,-0.45999999999999996,7.85,7.85,-0.5099999999999998,3,-0.9299999999999997,False
CN1CN([C@H]2CC[C@H](C(F)F)CC2)c2c(cnc3[nH]ccc23)C1=O,CHEMBL3964946,7.36,7.36,False,Other,8.3,8.3,-0.9400000000000004,7.92,7.92,-0.5599999999999996,7.5,7.5,-0.13999999999999968,3,-0.9400000000000004,False
CN1CN([C@H]2CC[C@H](CF)CC2)c2c(cnc3[nH]ccc23)C1=O,CHEMBL3936358,7.42,7.42,False,Other,8.52,8.52,-1.0999999999999996,8.09,8.09,-0.6699999999999999,7.62,7.62,-0.20000000000000018,3,-1.0999999999999996,False
CN1CN([C@H]2CC[C@H](CN(C)S(C)(=O)=O)CC2)c2c(cnc3[nH]ccc23)C1=O,CHEMBL3952221,6.96,6.96,False,Other,8.59,8.59,-1.63,8.12,8.12,-1.1599999999999993,7.82,7.82,-0.8600000000000003,3,-1.63,False
CN1CN([C@H]2CC[C@H](CN3CC(O)C3)CC2)c2c(cnc3[nH]ccc23)C1=O,CHEMBL3950208,7.21,7.21,False,Other,8.7,8.7,-1.4899999999999993,7.37,7.37,-0.16000000000000014,6.72,6.72,0.4900000000000002,3,-1.4899999999999993,False
CN1CN([C@H]2CC[C@H](CN3CCCS3(=O)=O)CC2)c2c(cnc3[nH]ccc23)C1=O,CHEMBL3984749,7.03,7.03,False,Other,9.42,9.42,-2.3899999999999997,9.21,9.21,-2.1800000000000006,7.85,7.85,-0.8199999999999994,3,-2.3899999999999997,False
CN1CN([C@H]2CC[C@H](CN3CCN(CCC#N)CC3)CC2)c2c(cnc3[nH]ccc23)C1=O,CHEMBL3949226,6.04,6.04,False,Other,7.14,7.14,-1.0999999999999996,6.31,6.31,-0.2699999999999996,,,,2,-1.0999999999999996,False
CN1CN([C@H]2CC[C@H](CNC3(C#N)CC3)CC2)c2c(cnc3[nH]ccc23)C1=O,CHEMBL3932070,7.19,7.19,False,Other,8.44,8.44,-1.2499999999999991,7.75,7.75,-0.5599999999999996,7.23,7.23,-0.040000000000000036,3,-1.2499999999999991,False
CN1CN([C@H]2CC[C@H](CNC3(C(F)(F)F)CC3)CC2)c2c(cnc3[nH]ccc23)C1=O,CHEMBL3903817,7.47,7.47,False,Other,8.8,8.8,-1.330000000000001,8.22,8.22,-0.7500000000000009,7.66,7.66,-0.1900000000000004,3,-1.330000000000001,False
CN1CN([C@H]2CC[C@H](CNC3CC3)CC2)c2c(cnc3[nH]ccc23)C1=O,CHEMBL3947499,6.82,6.82,False,Other,7.89,7.89,-1.0699999999999994,7.15,7.15,-0.33000000000000007,6.54,6.54,0.28000000000000025,3,-1.0699999999999994,False
CN1CN([C@H]2CC[C@H](CNCC#N)CC2)c2c(cnc3[nH]ccc23)C1=O,CHEMBL3976204,7.38,7.38,False,Other,8.7,8.7,-1.3199999999999994,7.75,7.75,-0.3700000000000001,7.37,7.37,0.009999999999999787,3,-1.3199999999999994,False
CN1CN([C@H]2CC[C@H](CNCC(F)(F)F)CC2)c2c(cnc3[nH]ccc23)C1=O,CHEMBL3892672,7.21,7.21,False,Other,8.66,8.66,-1.4500000000000002,7.8,7.8,-0.5899999999999999,7.66,7.66,-0.4500000000000002,3,-1.4500000000000002,False
CN1CN([C@H]2CC[C@H](CNCC(F)F)CC2)c2c(cnc3[nH]ccc23)C1=O,CHEMBL3967688,7.08,7.08,False,Other,8.7,8.7,-1.6199999999999992,8.09,8.09,-1.0099999999999998,7.55,7.55,-0.46999999999999975,3,-1.6199999999999992,False
CN1CN([C@H]2CC[C@H](CNS(=O)(=O)CC(F)(F)F)CC2)c2c(cnc3[nH]ccc23)C1=O,CHEMBL3947242,7.58,7.58,False,Other,9.38,9.38,-1.8000000000000007,8.74,8.74,-1.1600000000000001,8.27,8.27,-0.6899999999999995,3,-1.8000000000000007,False
CN1CN([C@H]2CC[C@H](CNS(C)(=O)=O)CC2)c2c(cnc3[nH]ccc23)C1=O,CHEMBL3919463,7.5,7.5,False,Other,9.19,9.19,-1.6899999999999995,8.57,8.57,-1.0700000000000003,8.05,8.05,-0.5500000000000007,3,-1.6899999999999995,False
CN1CN([C@H]2CC[C@H](COCCC#N)CC2)c2c(cnc3[nH]ccc23)C1=O,CHEMBL3896113,7.62,7.62,False,Other,9.07,9.07,-1.4500000000000002,8.72,8.72,-1.1000000000000005,8.31,8.31,-0.6900000000000004,3,-1.4500000000000002,False
CN=S(C)(=O)c1cc(-c2ccn(C)n2)ccc1Nc1cc(NC(=O)C2CC2)nc2[nH]c(C(F)F)nc12,CHEMBL5920112,9.52,,True,JH2,,,,,,,,,,0,,True
CN=S(C)(=O)c1cc(-c2ccn(C)n2)ccc1Nc1cc(NC(=O)C2CC2)nc2[nH]c(C)nc12,CHEMBL6056823,9.52,,True,JH2,,,,,,,,,,0,,True
CN=S(C)(=O)c1cc(-c2nc(COC)c(C)s2)ccc1Nc1cc(NC(=O)C2CC2)nc2[nH]c(C(F)F)nc12,CHEMBL5821685,9.52,,True,JH2,,,,,,,,,,0,,True
CN=S(C)(=O)c1ccccc1Nc1cc(NC(=O)C2CC2)nc2[nH]c(C(F)F)nc12,CHEMBL5977570,9.52,,True,JH2,,,,,,,,,,0,,True
CN=S(C)(=O)c1ccccc1Nc1cc(NC(=O)C2CC2)nc2[nH]c(C)nc12,CHEMBL5980823,9.52,,True,JH2,,,,,,,,,,0,,True
CN=[S@@](C)(=O)c1cc(-c2nc(COC)c(C)s2)ccc1Nc1cc(NC(=O)C2CC2)nc2[nH]c(C(F)F)nc12,CHEMBL5847925,8.26,,True,JH2,,,,,,,,,,0,,True
CN=[S@@](C)(=O)c1ccccc1Nc1cc(NC(=O)C2CC2)nc2[nH]c(C(F)F)nc12,CHEMBL5923768,8.26,,True,JH2,,,,,,,,,,0,,True
CN=[S@@](C)(=O)c1ccccc1Nc1cc(NC(=O)C2CC2)nc2[nH]c(C)nc12,CHEMBL5990968,8.26,,True,JH2,,,,,,,,,,0,,True
CN=[S@](C)(=O)c1cc(-c2cnn(C)c2C)ccc1Nc1cc(NC(=O)C2CC2)nc2[nH]c(C(F)F)nc12,CHEMBL5815589,9.52,,True,JH2,,,,,,,,,,0,,True
CN=[S@](C)(=O)c1cc(-c2nc(COC)c(C)s2)ccc1Nc1cc(NC(=O)C2CC2)nc2[nH]c(C(F)F)nc12,CHEMBL5851227,9.52,,True,JH2,,,,,,,,,,0,,True
CN=[S@](C)(=O)c1ccccc1Nc1cc(NC(=O)C2CC2)nc2[nH]c(C(F)F)nc12,CHEMBL6006757,9.52,,True,JH2,,,,,,,,,,0,,True
CN=[S@](C)(=O)c1ccccc1Nc1cc(NC(=O)C2CC2)nc2[nH]c(C)nc12,CHEMBL5966050,9.52,,True,JH2,,,,,,,,,,0,,True
CNC(=O)C(=N)c1c(N)cc(-c2cc(F)c(O)cc2C2CC2)nc1NCc1ccccc1N(C)S(C)(=O)=O,CHEMBL5757390,6.77,6.77,False,Other,8.3,8.3,-1.5300000000000011,7.71,7.71,-0.9400000000000004,7.28,7.28,-0.5100000000000007,3,-1.5300000000000011,False
CNC(=O)C(=N)c1c(N)cc(-c2cc(F)c(O)cc2CC(F)(F)F)nc1NCc1c(F)cccc1N(C)S(C)(=O)=O,CHEMBL5924069,7.51,7.51,False,Other,8.4,8.4,-0.8900000000000006,7.76,7.76,-0.25,7.14,7.14,0.3700000000000001,3,-0.8900000000000006,False
CNC(=O)C(=N)c1c(N)cc(-c2cc(F)c(O)cc2CC(F)(F)F)nc1NCc1cc(C)ccc1N(C)S(C)(=O)=O,CHEMBL5855780,6.64,6.64,False,Other,8.06,8.06,-1.4200000000000008,7.43,7.43,-0.79,6.68,6.68,-0.040000000000000036,3,-1.4200000000000008,False
CNC(=O)C(=N)c1c(N)cc(-c2cc(F)c(O)cc2CC(F)(F)F)nc1NCc1cc(O)ccc1N(C)S(=O)(=O)c1cccnc1,CHEMBL5883646,7.59,7.59,False,Other,8.21,8.21,-0.620000000000001,7.48,7.48,0.10999999999999943,6.91,6.91,0.6799999999999997,3,-0.620000000000001,False
CNC(=O)C(=N)c1c(N)cc(-c2cc(F)c(O)cc2CC(F)(F)F)nc1NCc1cc(O)ccc1N(C)S(C)(=O)=O,CHEMBL6019971,7.98,7.98,False,Other,8.77,8.77,-0.7899999999999991,7.97,7.97,0.010000000000000675,7.32,7.32,0.6600000000000001,3,-0.7899999999999991,False
CNC(=O)C(=N)c1c(N)cc(-c2cc(F)c(O)cc2CC(F)(F)F)nc1NCc1cccnc1N(C)S(C)(=O)=O,CHEMBL5891765,6.61,6.61,False,Other,8.01,8.01,-1.3999999999999995,7.48,7.48,-0.8700000000000001,6.99,6.99,-0.3799999999999999,3,-1.3999999999999995,False
CNC(=O)C(=N)c1c(N)cc(-c2cc(F)c(O)cc2CC(F)(F)F)nc1NCc1nccnc1N(C)S(=O)(=O)c1ccccc1,CHEMBL6029088,6.0,6.0,False,Other,7.59,7.59,-1.5899999999999999,7.07,7.07,-1.0700000000000003,6.53,6.53,-0.5300000000000002,3,-1.5899999999999999,False
CNC(=O)C(=N)c1c(N)cc(-c2cc(F)c(O)cc2CC(F)(F)F)nc1NCc1nccnc1N(C)S(C)(=O)=O,CHEMBL6029515,6.65,6.65,False,Other,8.46,8.46,-1.8100000000000005,7.68,7.68,-1.0299999999999994,7.17,7.17,-0.5199999999999996,3,-1.8100000000000005,False
CNC(=O)C1CC(CC#N)(n2ccc(-c3nc(-c4cc[nH]n4)cc4ncccc34)n2)C1,CHEMBL5922906,5.475,5.475,False,Other,5.22,5.22,0.2549999999999999,5.41,5.41,0.0649999999999995,,,,2,0.0649999999999995,False
CNC(=O)C=Cc1cnc(N)c2c(-c3cc(F)c4[nH]c(C)cc4c3)csc12,CHEMBL2006778,6.7,6.7,False,Other,,,,6.6,6.6,0.10000000000000053,6.6,6.6,0.10000000000000053,2,0.10000000000000053,False
CNC(=O)C=Cc1cnc(N)c2c(-c3ccc4c(c3)OCO4)csc12,CHEMBL1993243,5.8,5.8,False,Other,,,,6.1,6.1,-0.2999999999999998,,,,1,-0.2999999999999998,False
CNC(=O)CN1[C@@H]2CCC[C@H]1C[C@H](Nc1nc(Nc3cc(C)[nH]n3)cc3ncccc13)C2,CHEMBL5895143,9.26,,True,Other,9.26,,,,,,9.26,,,0,,False
CNC(=O)CN1[C@@H]2CC[C@H]1C[C@H](Nc1nc(Nc3cc(C)[nH]n3)cc3ncc(C(=O)OC)cc13)C2,CHEMBL6021986,7.3,,True,Other,9.26,,,9.26,,,7.3,,,0,,False
CNC(=O)CN1[C@@H]2CC[C@H]1C[C@H](Nc1nc(Nc3cc(C)[nH]n3)cc3ncccc13)C2,CHEMBL5926299,7.3,,True,Other,9.26,,,9.26,,,7.3,,,0,,False
CNC(=O)COc1ccc(Nc2nc(Nc3ccc(C)c(S(N)(=O)=O)c3)ncc2F)cc1,CHEMBL1978099,7.2,7.2,False,Other,,,,7.7,7.7,-0.5,6.5,6.5,0.7000000000000002,2,-0.5,False
CNC(=O)Cc1nc2cnc3[nH]ccc3c2n1C12CCC(CC#N)(CC1)CC2,CHEMBL5967039,6.19,6.19,False,JH2,7.72,7.72,-1.5299999999999994,6.28,6.28,-0.08999999999999986,6.22,6.22,-0.02999999999999936,3,-1.5299999999999994,True
CNC(=O)Cc1nc2cnc3[nH]ccc3c2n1[C@H]1CC[C@H](CC#N)CC1,CHEMBL5906384,8.92,8.92,False,JH2,,,,8.68,8.68,0.2400000000000002,7.61,7.61,1.3099999999999996,2,0.2400000000000002,True
CNC(=O)c1c(Nc2cccc(-c3nnn(C)n3)c2OC)cc(NC(=O)C2CC2)nc1F,CHEMBL5990438,8.52,,True,JH2,,,,,,,,,,0,,True
CNC(=O)c1cc(-c2cn3nccc3c(-c3cnn([C@]4(CC#N)C[C@@H](OC)C4)c3)n2)[nH]n1,CHEMBL5873591,7.68,7.68,False,Other,5.24,5.24,2.4399999999999995,6.3,6.3,1.38,,,,2,1.38,False
CNC(=O)c1cc(Nc2nccc(N3C[C@H]4CC[C@@H](C3)N4C(=O)[C@@H]3CC3(F)F)n2)cc(C)n1,CHEMBL5899474,7.16,7.16,False,Other,6.43,6.43,0.7300000000000004,6.72,6.72,0.4400000000000004,,,,2,0.4400000000000004,False
CNC(=O)c1cc(Nc2nccc(N3C[C@H]4CC[C@@H](C3)N4C(=O)[C@@H]3CC3(F)F)n2)cc(CO)n1,CHEMBL5939295,7.08,7.08,False,Other,6.7,6.7,0.3799999999999999,6.55,6.55,0.5300000000000002,,,,2,0.3799999999999999,False
CNC(=O)c1cc(Oc2ccc(NC(=O)Nc3cccc(C(F)(F)F)c3)cc2)ccn1,CHEMBL1992306,5.8,5.8,False,Other,,,,6.2,6.2,-0.40000000000000036,,,,1,-0.40000000000000036,False
CNC(=O)c1ccc(-c2cc3c(C(=O)NC)cnc(NC(=O)C4CC4)c3[nH]2)c(OC)c1,CHEMBL5904600,9.22,,True,JH2,,,,,,,,,,0,,True
CNC(=O)c1ccc(Nc2cc(Nc3ccc(F)cn3)ncc2C(=O)NC)c(OC)c1,CHEMBL4534832,6.28,6.28,False,Other,,,,,,,,,,0,,False
CNC(=O)c1ccc(Nc2nc3cccc(-c4cc(F)c(CN5CCOCC5)c(F)c4)c3o2)cc1C,CHEMBL1082022,6.92,6.92,False,Other,7.32,7.32,-0.40000000000000036,8.3,8.3,-1.3800000000000008,6.72,6.72,0.20000000000000018,3,-1.3800000000000008,False
CNC(=O)c1ccc(Nc2ncc(C(F)(F)F)c(NCc3ccccc3Cl)n2)cc1,CHEMBL4850588,7.41,7.41,False,Other,,,,7.43,7.43,-0.019999999999999574,7.36,7.36,0.04999999999999982,2,-0.019999999999999574,False
CNC(=O)c1ccc(Nc2ncc(C(F)(F)F)c(NCc3nccnc3N(C)S(C)(=O)=O)n2)cc1,CHEMBL3137331,6.89,6.89,False,Other,,,,7.55,7.55,-0.6600000000000001,6.94,6.94,-0.05000000000000071,2,-0.6600000000000001,False
CNC(=O)c1ccc(Nc2ncc(C(F)(F)F)c(Nc3ccccc3OC)n2)cc1,CHEMBL4874046,7.66,7.66,False,Other,,,,7.75,7.75,-0.08999999999999986,7.7,7.7,-0.040000000000000036,2,-0.08999999999999986,False
CNC(=O)c1ccc(Nc2nccc(N3C[C@H]4CC[C@@H](C3)N4CC3CC3(F)F)n2)cc1C,CHEMBL5867101,6.97,6.97,False,Other,6.38,6.38,0.5899999999999999,6.01,6.01,0.96,,,,2,0.5899999999999999,False
CNC(=O)c1cccc(Nc2cc(Nc3ccc(F)cn3)ncc2C(=O)NC)c1,CHEMBL4543090,7.36,7.36,False,Other,,,,,,,,,,0,,False
CNC(=O)c1ccccc1Sc1ccc2c(/C=C/c3ccccn3)n[nH]c2c1,CHEMBL1289926,5.44,5.44,False,JH1,,,,5.48,5.48,-0.040000000000000036,5.51,5.51,-0.0699999999999994,2,-0.0699999999999994,False
CNC(=O)c1ccccc1Sc1ccc2c(C=Cc3ccccn3)n[nH]c2c1,CHEMBL1988437,6.5,6.5,False,Other,,,,,,,,,,0,,False
CNC(=O)c1cnc(N)c2c(-c3ccc(NC(=O)Nc4cccc(Cl)c4)cc3)csc12,CHEMBL1982476,6.3,6.3,False,Other,,,,8.0,8.0,-1.7000000000000002,7.1,7.1,-0.7999999999999998,2,-1.7000000000000002,False
CNC(=O)c1cnc(N)c2cc(-c3ccc(C(C)(C)C#N)cc3)sc12,CHEMBL1938653,6.84,6.84,False,Other,6.69,6.69,0.14999999999999947,7.130000000000001,7.130000000000001,-0.2900000000000009,6.93,6.93,-0.08999999999999986,3,-0.2900000000000009,False
CNC(=O)c1cnc(N)c2cc(-c3ccc(C(C)(C)C)cc3)sc12,CHEMBL1938651,6.7,6.7,False,Other,7.41,7.41,-0.71,8.0,8.0,-1.2999999999999998,6.73,6.73,-0.03000000000000025,3,-1.2999999999999998,False
CNC(=O)c1cnc(N)c2cc(-c3ccc(C)cc3)sc12,CHEMBL1938650,6.05,6.05,False,Other,6.42,6.42,-0.3700000000000001,6.235,6.235,-0.1850000000000005,6.26,6.26,-0.20999999999999996,3,-0.3700000000000001,False
CNC(=O)c1cnc(N)c2cc(-c3ccc(N4CCOCC4)cc3)sc12,CHEMBL1938643,5.88,5.88,False,Other,6.21,6.21,-0.33000000000000007,6.46,6.46,-0.5800000000000001,5.87,5.87,0.009999999999999787,3,-0.5800000000000001,False
CNC(=O)c1cnc(N)c2cc(-c3ccc(OC(F)(F)F)cc3)sc12,CHEMBL1938652,6.68,6.68,False,Other,6.16,6.16,0.5199999999999996,6.73,6.73,-0.05000000000000071,6.44,6.44,0.23999999999999932,3,-0.05000000000000071,False
CNC(=O)c1cnc(N)c2cc(-c3ccc(S(=O)(=O)NC(C)(C)C)cc3)sc12,CHEMBL1938654,6.58,6.58,False,Other,6.74,6.74,-0.16000000000000014,6.66,6.66,-0.08000000000000007,6.51,6.51,0.07000000000000028,3,-0.16000000000000014,False
CNC(=O)c1cnc(N)c2cc(-c3ccccc3)sc12,CHEMBL1938649,6.03,6.03,False,Other,6.54,6.54,-0.5099999999999998,7.24,7.24,-1.21,6.12,6.12,-0.08999999999999986,3,-1.21,False
CNC(=O)c1cnc(NC(=O)C(C)C)cc1Nc1ccccc1S(C)(=O)=O,CHEMBL4531793,5.28,5.28,False,JH2,,,,,,,,,,0,,True
CNC(=O)c1cnc(NC(=O)C2CC2)c2[nH]c(-c3cc(-c4ccn(C)n4)cnc3OC3CC3)cc12,CHEMBL5919135,8.26,,True,JH2,,,,,,,,,,0,,True
CNC(=O)c1cnc(NC(=O)C2CC2)c2[nH]c(-c3cc(-c4csc(C)n4)ccn3)cc12,CHEMBL5781849,9.22,,True,JH2,,,,,,,,,,0,,True
CNC(=O)c1cnc(NC(=O)C2CC2)c2[nH]c(-c3cc(-c4ncco4)ccn3)cc12,CHEMBL5882639,9.22,,True,JH2,,,,,,,,,,0,,True
CNC(=O)c1cnc(NC(=O)C2CC2)c2[nH]c(-c3cc(-c4nccs4)ccn3)cc12,CHEMBL5802945,9.22,,True,JH2,,,,,,,,,,0,,True
CNC(=O)c1cnc(NC(=O)C2CC2)c2[nH]c(-c3cc(-c4nccs4)cnc3OC3CC3)cc12,CHEMBL5887064,8.26,,True,JH2,,,,,,,,,,0,,True
CNC(=O)c1cnc(NC(=O)C2CC2)c2[nH]c(-c3cc(-n4ccc(C)n4)ccn3)cc12,CHEMBL5821589,9.22,,True,JH2,,,,,,,,,,0,,True
CNC(=O)c1cnc(NC(=O)C2CC2)c2[nH]c(-c3ccc(-c4ccn(C)n4)cc3F)cc12,CHEMBL5804382,9.22,,True,JH2,,,,,,,,,,0,,True
CNC(=O)c1cnc(NC(=O)C2CC2)c2[nH]c(-c3ccc(-c4nccn4C)cc3OC3CC3)cc12,CHEMBL6006204,8.26,,True,JH2,,,,,,,,,,0,,True
CNC(=O)c1cnc(NC(=O)C2CC2)c2[nH]c(-c3ccc(=O)n(C4CC4)c3)cc12,CHEMBL5768881,8.26,,True,JH2,,,,,,,,,,0,,True
CNC(=O)c1cnc(NC(=O)C2CC2)c2[nH]c(-c3ccc(C(=O)N4CC(F)(F)C4)cn3)cc12,CHEMBL6033033,9.22,,True,JH2,,,,,,,,,,0,,True
CNC(=O)c1cnc(NC(=O)C2CC2)c2[nH]c(-c3ccc(C4=NC(C)(C)CO4)cc3OC)cc12,CHEMBL5922134,9.22,,True,JH2,,,,,,,,,,0,,True
CNC(=O)c1cnc(NC(=O)C2CC2)c2[nH]c(-c3ccc(C4COCCO4)cc3OC)cc12,CHEMBL6014227,9.22,,True,JH2,,,,,,,,,,0,,True
CNC(=O)c1cnc(NC(=O)C2CC2)c2[nH]c(-c3ccc4cn(C5CC5)nc4c3)cc12,CHEMBL6053411,9.22,,True,JH2,,,,,,,,,,0,,True
CNC(=O)c1cnc(NC(=O)C2CC2)c2[nH]c(-c3cccc(-c4cnn(C)c4)c3C#N)cc12,CHEMBL5873170,9.22,,True,JH2,,,,,,,,,,0,,True
CNC(=O)c1cnc(NC(=O)C2CC2)c2[nH]c(-c3cccc(-c4nc(C)n(C)n4)c3)cc12,CHEMBL5937800,9.22,,True,JH2,,,,,,,,,,0,,True
CNC(=O)c1cnc(NC(=O)C2CC2)c2[nH]c(-c3cccc(-c4ncn(C)n4)n3)cc12,CHEMBL5987530,9.22,,True,JH2,,,,,,,,,,0,,True
CNC(=O)c1cnc(NC(=O)C2CC2)c2[nH]c(-c3cccc(-c4nnn(C)n4)c3)cc12,CHEMBL6038027,9.22,,True,JH2,,,,,,,,,,0,,True
CNC(=O)c1cnc(NC(=O)C2CC2)c2[nH]c(-c3cccc(-c4nnn(C)n4)c3OC)cc12,CHEMBL5944062,9.22,,True,JH2,,,,,,,,,,0,,True
CNC(=O)c1cnc(NC(=O)C2CC2)c2[nH]c(-c3cccc(-n4ccc(C)n4)c3)cc12,CHEMBL6017278,9.22,,True,JH2,,,,,,,,,,0,,True
CNC(=O)c1cnc(NC(=O)C2CC2)c2[nH]c(-c3cccc(-n4cnnc4)c3)cc12,CHEMBL5997171,9.22,,True,JH2,,,,,,,,,,0,,True
CNC(=O)c1cnc(NC(=O)C2CC2)c2[nH]c(-c3cccc(-n4nccn4)c3)cc12,CHEMBL6054180,8.26,,True,JH2,,,,,,,,,,0,,True
CNC(=O)c1cnc(NC(=O)C2CC2)c2[nH]c(-c3cccc(-n4nccn4)c3F)cc12,CHEMBL6051436,9.22,,True,JH2,,,,,,,,,,0,,True
CNC(=O)c1cnc(NC(=O)C2CC2)c2[nH]c(-c3cccc(C4=NC(C)(C)CS4)c3)cc12,CHEMBL5943657,9.22,,True,JH2,,,,,,,,,,0,,True
CNC(=O)c1cnc(NC(=O)C2CC2)c2[nH]c(-c3cccc(N4CCC4)c3C#N)cc12,CHEMBL5756561,8.26,,True,JH2,,,,,,,,,,0,,True
CNC(=O)c1cnc(NC(=O)C2CC2)c2[nH]c(-c3cccc(OC4CCOCC4)c3F)cc12,CHEMBL5740767,9.22,,True,JH2,,,,,,,,,,0,,True
CNC(=O)c1cnc(NC(=O)C2CC2)c2[nH]c(-c3ccccc3)cc12,CHEMBL5846626,8.74,,True,JH2,,,,,,,,,,0,,True
CNC(=O)c1cnc(NC(=O)C2CC2)c2[nH]c(-c3ccccc3C3(S(C)(=O)=O)CC3)cc12,CHEMBL5899546,8.26,,True,JH2,,,,,,,,,,0,,True
CNC(=O)c1cnc(NC(=O)C2CC2)c2[nH]c(-c3ccccc3N3CCC(O)CC3)cc12,CHEMBL5958538,9.22,,True,JH2,,,,,,,,,,0,,True
CNC(=O)c1cnc(NC(=O)C2CC2)c2[nH]c(-c3cccn(C4CCCOC4)c3=O)cc12,CHEMBL5870260,9.22,,True,JH2,,,,,,,,,,0,,True
CNC(=O)c1cnc(NC(=O)C2CC2)c2[nH]c(-c3cccn([C@@H]4CCCOC4)c3=O)cc12,CHEMBL5937040,9.22,,True,JH2,,,,,,,,,,0,,True
CNC(=O)c1cnc(NC(=O)C2CC2)c2[nH]c(-c3cccn([C@H]4CCCOC4)c3=O)cc12,CHEMBL5824414,9.22,,True,JH2,,,,,,,,,,0,,True
CNC(=O)c1cnc(NC(=O)C2CC2)c2[nH]c(-c3ncc(C(=O)N(C)C)cc3F)cc12,CHEMBL5753270,9.22,,True,JH2,,,,,,,,,,0,,True
CNC(=O)c1cnc(NC(=O)C2CC2)cc1Nc1cccc(-c2ncn(C)n2)c1OC,CHEMBL4476261,8.475,8.475,False,Other,,,,,,,,,,0,,False
CNC(=O)c1cnc(NC(=O)C2CC2)cc1Nc1ccccc1S(C)(=O)=O,CHEMBL4438202,7.655,7.655,False,JH2,,,,,,,,,,0,,True
CNC(=O)c1cnc(Nc2cc(C)c(F)cn2)cc1Nc1cccc(-c2ccn(C)n2)c1OC,CHEMBL4566158,7.1,7.1,False,Other,,,,,,,,,,0,,False
CNC(=O)c1cnc(Nc2cc(C)c(F)cn2)cc1Nc1cccc(-c2ccnn2C)c1OC,CHEMBL4572426,6.52,6.52,False,Other,,,,,,,,,,0,,False
CNC(=O)c1cnc(Nc2cc(C)c(F)cn2)cc1Nc1cccc(-c2n[nH]c(C)n2)c1OC,CHEMBL4457060,7.4,7.4,False,Other,,,,,,,,,,0,,False
CNC(=O)c1cnc(Nc2cc(C)c(F)cn2)cc1Nc1cccc(-c2nc[nH]n2)c1OC,CHEMBL4572855,7.64,7.64,False,Other,,,,,,,,,,0,,False
CNC(=O)c1cnc(Nc2cc(C)c(F)cn2)cc1Nc1cccc(-c2ncn(C)n2)c1OC,CHEMBL4557190,8.66,8.66,False,Other,,,,,,,,,,0,,False
CNC(=O)c1cnc(Nc2cc(C)c(F)cn2)cc1Nc1cccc(-c2ncnn2C)c1OC,CHEMBL4565054,7.06,7.06,False,Other,,,,,,,,,,0,,False
CNC(=O)c1cnc(Nc2cc(C)c(F)cn2)cc1Nc1cccc(-c2nnc(C)o2)c1OC,CHEMBL4443834,7.0,7.0,False,Other,,,,,,,,,,0,,False
CNC(=O)c1cnc(Nc2cc(C)c(F)cn2)cc1Nc1cccc(-c2nncn2C)c1OC,CHEMBL4435079,6.82,6.82,False,Other,,,,,,,,,,0,,False
CNC(=O)c1cnc(Nc2cc(C)c(F)cn2)cc1Nc1cccc(-c2nnco2)c1OC,CHEMBL4543984,6.77,6.77,False,Other,,,,,,,,,,0,,False
CNC(=O)c1cnc(Nc2cc(C)c(F)cn2)cc1Nc1cccc(C(=O)N(C)C)c1OC,CHEMBL4577224,6.12,6.12,False,Other,,,,,,,,,,0,,False
CNC(=O)c1cnc(Nc2cc(C)c(F)cn2)cc1Nc1cccc(C(=O)NC)c1OC,CHEMBL4468025,6.85,6.85,False,Other,,,,,,,,,,0,,False
CNC(=O)c1cnc(Nc2cc(C)c(F)cn2)cc1Nc1cccc(C(=O)NCC2CC2)c1OC,CHEMBL4527672,6.06,6.06,False,Other,,,,,,,,,,0,,False
CNC(=O)c1cnc(Nc2cc(C)c(F)cn2)cc1Nc1cccc(C(=O)NCCN2CCOCC2)c1OC,CHEMBL4578980,6.8,6.8,False,Other,,,,,,,,,,0,,False
CNC(=O)c1cnc(Nc2cc(C)c(F)cn2)cc1Nc1cccc(C(=O)NCCO)c1OC,CHEMBL4439617,6.57,6.57,False,Other,,,,,,,,,,0,,False
CNC(=O)c1cnc(Nc2cc(C)c(F)cn2)cc1Nc1cccc(C(=O)NCc2ccccn2)c1OC,CHEMBL4474729,6.75,6.75,False,Other,,,,,,,,,,0,,False
CNC(=O)c1cnc(Nc2cc(C)c(F)cn2)cc1Nc1cccc(C(N)=O)c1OC,CHEMBL4537259,7.21,7.21,False,Other,,,,,,,,,,0,,False
CNC(=O)c1cnc(Nc2cc(C)ccn2)cc1Nc1ccccc1S(C)(=O)=O,CHEMBL4548200,6.72,6.72,False,JH2,,,,,,,,,,0,,True
CNC(=O)c1cnc(Nc2cc(C)nc(C)n2)cc1Nc1cccc(-c2ncn(C)n2)c1OC,CHEMBL4580625,7.72,7.72,False,Other,,,,,,,,,,0,,False
CNC(=O)c1cnc(Nc2ccc(C#N)cn2)cc1Nc1cccc(-c2ncn(C)n2)c1OC,CHEMBL4469750,8.67,8.67,False,Other,,,,,,,,,,0,,False
CNC(=O)c1cnc(Nc2ccc(C(=O)NC3CCC(Nc4ccc5c(c4)C(=O)N(C4CCC(=O)NC4=O)C5=O)CC3)cn2)cc1Nc1cccc(-c2ncc(F)cn2)c1OC,CHEMBL6133785,8.92,8.92,False,JH2,,,,,,,,,,0,,True
CNC(=O)c1cnc(Nc2ccc(C(F)(F)F)cn2)cc1Nc1cccc(-c2ncn(C)n2)c1OC,CHEMBL4559585,7.16,7.16,False,Other,,,,,,,,,,0,,False
CNC(=O)c1cnc(Nc2ccc(C)nn2)cc1Nc1ccccc1S(C)(=O)=O,CHEMBL4453545,6.2,6.2,False,JH2,,,,,,,,,,0,,True
CNC(=O)c1cnc(Nc2ccc(F)cn2)cc1Nc1ccc(C(N)=O)cc1OC,CHEMBL4581296,6.41,6.41,False,Other,,,,,,,,,,0,,False
CNC(=O)c1cnc(Nc2ccc(F)cn2)cc1Nc1ccc(F)c(F)c1OC,CHEMBL4476830,7.220000000000001,7.220000000000001,False,JH2,,,,,,,,,,0,,True
CNC(=O)c1cnc(Nc2ccc(F)cn2)cc1Nc1cccc(C#N)c1OC,CHEMBL4587924,6.24,6.24,False,Other,,,,,,,,,,0,,False
CNC(=O)c1cnc(Nc2ccc(F)cn2)cc1Nc1cccc(C(=O)NC)c1OC,CHEMBL4524832,7.93,7.93,False,Other,,,,,,,,,,0,,False
CNC(=O)c1cnc(Nc2ccc(F)cn2)cc1Nc1cccc(C(N)=O)c1OC,CHEMBL4582205,6.92,6.92,False,Other,,,,,,,,,,0,,False
CNC(=O)c1cnc(Nc2ccc(F)cn2)cc1Nc1ccccc1,CHEMBL4583948,7.96,7.96,False,JH2,,,,,,,,,,0,,True
CNC(=O)c1cnc(Nc2ccc(F)cn2)cc1Nc1ccccc1C(N)=O,CHEMBL4537678,7.585000000000001,7.585000000000001,False,JH2,,,,,,,,,,0,,True
CNC(=O)c1cnc(Nc2ccc(F)cn2)cc1Nc1ccccc1OC,CHEMBL4460194,6.88,6.88,False,JH2,,,,,,,,,,0,,True
CNC(=O)c1cnc(Nc2ccc(F)cn2)cc1Nc1ccccc1S(C)(=O)=O,CHEMBL4526283,7.2,7.2,False,JH2,,,,,,,,,,0,,True
CNC(=O)c1cnc(Nc2ccc(F)cn2)cc1Nc1ccccc1SC,CHEMBL4469812,7.125,7.125,False,JH2,,,,,,,,,,0,,True
CNC(=O)c1cnc(Nc2ccc(N3CCOCC3)cn2)cc1Nc1ccccc1S(C)(=O)=O,CHEMBL4472802,7.24,7.24,False,JH2,,,,,,,,,,0,,True
CNC(=O)c1cnc(Nc2ccc(OC)cn2)cc1Nc1ccccc1S(C)(=O)=O,CHEMBL4444606,6.28,6.28,False,JH2,,,,,,,,,,0,,True
CNC(=O)c1cnc(Nc2ccccc2)cc1Nc1ccccc1C(N)=O,CHEMBL4569337,7.48,7.48,False,JH2,,,,,,,,,,0,,True
CNC(=O)c1cnc(Nc2ccccn2)cc1Nc1ccccc1C(N)=O,CHEMBL4465409,8.8,8.8,False,JH2,,,,,,,,,,0,,True
CNC(=O)c1cnc(Nc2ccccn2)cc1Nc1ccccc1S(C)(=O)=O,CHEMBL4544320,7.81,7.81,False,JH2,,,,,,,,,,0,,True
CNC(=O)c1cnc(Nc2ccn(C)n2)c2[nH]c(-c3ccccc3)cc12,CHEMBL5904785,9.22,,True,JH2,,,,,,,,,,0,,True
CNC(=O)c1cnc(Nc2ncccc2F)cc1Nc1ccccc1C(N)=O,CHEMBL4580693,8.23,8.23,False,JH2,,,,,,,,,,0,,True
CNC(=O)c1cnc(Nc2ncccn2)cc1Nc1ccccc1C(N)=O,CHEMBL4525866,7.22,7.22,False,JH2,,,,,,,,,,0,,True
CNC(=O)c1cnc2[nH]ccc2c1NC1CC2CCC(C1)N2Cc1ccc(C#N)cc1,CHEMBL4785910,7.02,7.02,False,Other,7.82,7.82,-0.8000000000000007,7.06,7.06,-0.040000000000000036,7.11,7.11,-0.09000000000000075,3,-0.8000000000000007,False
CNC(=O)c1cnc2[nH]ccc2c1NC1CC2CCC(C1)N2Cc1ccc(Cl)cc1,CHEMBL4787974,6.87,6.87,False,Other,7.76,7.76,-0.8899999999999997,5.59,5.59,1.2800000000000002,7.32,7.32,-0.4500000000000002,3,-0.8899999999999997,False
CNC(=O)c1cnc2[nH]ccc2c1NC1CC2CCC(C1)N2Cc1ccc(OC)cc1,CHEMBL4786466,7.1,7.1,False,Other,7.47,7.47,-0.3700000000000001,6.79,6.79,0.3099999999999996,6.41,6.41,0.6899999999999995,3,-0.3700000000000001,False
CNC(=O)c1cnc2[nH]ccc2c1NC1CC2CCC(C1)N2Cc1cccc(Cl)c1,CHEMBL4759320,6.54,6.54,False,Other,7.39,7.39,-0.8499999999999996,6.82,6.82,-0.28000000000000025,,,,2,-0.8499999999999996,False
CNC(=O)c1cnc2[nH]ccc2c1NC1CC2CCC(C1)N2Cc1cccc(OC)c1,CHEMBL4795901,7.05,7.05,False,Other,7.34,7.34,-0.29000000000000004,7.05,7.05,0.0,6.65,6.65,0.39999999999999947,3,-0.29000000000000004,False
CNC(=O)c1cnc2[nH]ccc2c1NC1CCCN(Cc2ccc(C#N)cc2)CC1,CHEMBL4747285,6.92,6.92,False,Other,7.49,7.49,-0.5700000000000003,6.82,6.82,0.09999999999999964,6.46,6.46,0.45999999999999996,3,-0.5700000000000003,False
CNC(=O)c1cnc2[nH]ccc2c1NC1CCCN(Cc2ccc(Cl)cc2)CC1,CHEMBL4781706,7.31,7.31,False,Other,7.92,7.92,-0.6100000000000003,7.35,7.35,-0.040000000000000036,7.38,7.38,-0.07000000000000028,3,-0.6100000000000003,False
CNC(=O)c1cnc2[nH]ccc2c1NC1CCCN(Cc2ccc(OC)cc2)CC1,CHEMBL4741376,7.29,7.29,False,Other,7.52,7.52,-0.22999999999999954,6.76,6.76,0.5300000000000002,6.55,6.55,0.7400000000000002,3,-0.22999999999999954,False
CNC(=O)c1cnc2[nH]ccc2c1NC1CCCN(Cc2cccc(Cl)c2)CC1,CHEMBL4759666,7.22,7.22,False,Other,8.03,8.03,-0.8099999999999996,7.24,7.24,-0.020000000000000462,7.2,7.2,0.019999999999999574,3,-0.8099999999999996,False
CNC(=O)c1cnc2[nH]ccc2c1NC1CCCN(Cc2cccc(OC)c2)CC1,CHEMBL4787133,7.37,7.37,False,Other,8.06,8.06,-0.6900000000000004,8.36,8.36,-0.9899999999999993,7.14,7.14,0.23000000000000043,3,-0.9899999999999993,False
CNC(=O)c1cnc2[nH]ccc2c1NC1CCCN(Cc2ccccc2)CC1,CHEMBL4761631,6.56,6.56,False,Other,7.42,7.42,-0.8600000000000003,7.05,7.05,-0.4900000000000002,6.47,6.47,0.08999999999999986,3,-0.8600000000000003,False
CNC(=O)c1cnc2[nH]ccc2c1NC1CCN(Cc2ccc(Cl)cc2)C(C)(C)C1,CHEMBL5402123,7.41,7.41,False,Other,7.01,7.01,0.40000000000000036,7.73,7.73,-0.3200000000000003,7.92,7.92,-0.5099999999999998,3,-0.5099999999999998,False
CNC(=O)c1cnc2[nH]ccc2c1NC1CCN(Cc2ccc(Cl)cc2)C1,CHEMBL4742822,6.18,6.18,False,Other,7.1,7.1,-0.9199999999999999,6.3,6.3,-0.1200000000000001,6.42,6.42,-0.2400000000000002,3,-0.9199999999999999,False
CNC(=O)c1cnc2[nH]ccc2c1NC1CCN(Cc2ccc(Cl)cc2)CC1(F)F,CHEMBL5430831,5.97,5.97,False,Other,7.45,7.45,-1.4800000000000004,6.12,6.12,-0.15000000000000036,6.18,6.18,-0.20999999999999996,3,-1.4800000000000004,False
CNC(=O)c1cnc2[nH]ccc2c1NC1CCN(Cc2cccc(C#N)c2)CC1,CHEMBL4781679,6.15,6.15,False,Other,7.09,7.09,-0.9399999999999995,6.12,6.12,0.03000000000000025,6.61,6.61,-0.45999999999999996,3,-0.9399999999999995,False
CNC(=O)c1cnc2[nH]ccc2c1NC1CCN(Cc2cccc(Cl)c2)C(C)(C)C1,CHEMBL5420407,6.4,6.4,False,Other,7.95,7.95,-1.5499999999999998,7.0,7.0,-0.5999999999999996,6.78,6.78,-0.3799999999999999,3,-1.5499999999999998,False
CNC(=O)c1cnc2[nH]ccc2c1NC1CCN(Cc2cccc(Cl)c2)C1,CHEMBL4750605,6.22,6.22,False,Other,7.22,7.22,-1.0,6.29,6.29,-0.07000000000000028,6.7,6.7,-0.4800000000000004,3,-1.0,False
CNC(=O)c1cnc2[nH]ccc2c1NC1CCN(Cc2cccc(OC)c2)CC1,CHEMBL4763801,5.92,5.92,False,Other,7.75,7.75,-1.83,6.33,6.33,-0.41000000000000014,6.06,6.06,-0.13999999999999968,3,-1.83,False
CNC(=O)c1cnc2[nH]ccc2c1NC1CCN(Cc2ccccc2)CC1,CHEMBL4747270,6.23,6.23,False,Other,7.19,7.19,-0.96,6.18,6.18,0.05000000000000071,6.16,6.16,0.07000000000000028,3,-0.96,False
CNC(=O)c1cnc2[nH]ccc2c1NC1CCN(Cc2ccccc2OC)CC1,CHEMBL4756788,5.38,5.38,False,Other,6.39,6.39,-1.0099999999999998,5.15,5.15,0.22999999999999954,6.52,6.52,-1.1399999999999997,3,-1.1399999999999997,False
CNC(=O)c1cnc2[nH]ccc2c1NCC1CCN(Cc2ccc(Cl)cc2)CC1,CHEMBL4746952,7.31,7.31,False,Other,7.14,7.14,0.16999999999999993,6.15,6.15,1.1599999999999993,6.37,6.37,0.9399999999999995,3,0.16999999999999993,False
CNC(=O)c1cnc2[nH]ccc2c1NCC1CCN(Cc2ccc(OC)cc2)CC1,CHEMBL4749677,6.7,6.7,False,Other,7.03,7.03,-0.33000000000000007,5.97,5.97,0.7300000000000004,6.24,6.24,0.45999999999999996,3,-0.33000000000000007,False
CNC(=O)c1cnc2[nH]ccc2c1N[C@@H]1CCN(Cc2ccc(C#N)cc2)C[C@@H]1F,CHEMBL5423387,6.62,6.62,False,Other,8.19,8.19,-1.5699999999999994,7.06,7.06,-0.4399999999999995,6.66,6.66,-0.040000000000000036,3,-1.5699999999999994,False
CNC(=O)c1cnc2[nH]ccc2c1N[C@@H]1CCN(Cc2ccc(C#N)cc2)C[C@H]1F,CHEMBL5410927,6.38,6.38,False,Other,8.04,8.04,-1.6599999999999993,6.59,6.59,-0.20999999999999996,6.5,6.5,-0.1200000000000001,3,-1.6599999999999993,False
CNC(=O)c1cnc2[nH]ccc2c1N[C@@H]1CCN(Cc2ccc(C#N)cc2)[C@H](C)C1,CHEMBL4744772,8.17,8.17,False,Other,8.71,8.71,-0.5400000000000009,8.35,8.35,-0.17999999999999972,8.62,8.62,-0.4499999999999993,3,-0.5400000000000009,False
CNC(=O)c1cnc2[nH]ccc2c1N[C@@H]1CCN(Cc2ccc(C#N)cn2)[C@H](C)C1,CHEMBL5430795,7.24,7.24,False,Other,8.28,8.28,-1.0399999999999991,7.8,7.8,-0.5599999999999996,8.16,8.16,-0.9199999999999999,3,-1.0399999999999991,False
CNC(=O)c1cnc2[nH]ccc2c1N[C@@H]1CCN(Cc2ccc(C#N)nc2)[C@H](C)C1,CHEMBL5405043,7.13,7.13,False,Other,8.175,8.175,-1.0450000000000008,7.57,7.57,-0.4400000000000004,7.39,7.39,-0.2599999999999998,3,-1.0450000000000008,False
CNC(=O)c1cnc2[nH]ccc2c1N[C@@H]1CCN(Cc2ccc(C(F)(F)F)cc2)[C@H](C)C1,CHEMBL5398372,6.744999999999999,6.744999999999999,False,Other,8.1,8.1,-1.3550000000000004,7.095000000000001,7.095000000000001,-0.3500000000000014,7.229999999999999,7.229999999999999,-0.48499999999999943,3,-1.3550000000000004,False
CNC(=O)c1cnc2[nH]ccc2c1N[C@@H]1CCN(Cc2ccc(C(F)(F)F)cn2)[C@H](C)C1,CHEMBL5410919,7.5,7.5,False,Other,8.73,8.73,-1.2300000000000004,7.88,7.88,-0.3799999999999999,8.04,8.04,-0.5399999999999991,3,-1.2300000000000004,False
CNC(=O)c1cnc2[nH]ccc2c1N[C@@H]1CCN(Cc2ccc(C(F)(F)F)nc2)[C@H](C)C1,CHEMBL5435417,7.43,7.43,False,Other,8.54,8.54,-1.1099999999999994,8.06,8.06,-0.6300000000000008,8.08,8.08,-0.6500000000000004,3,-1.1099999999999994,False
CNC(=O)c1cnc2[nH]ccc2c1N[C@@H]1CCN(Cc2ccc(Cl)cc2)C[C@@H]1F,CHEMBL5439582,6.34,6.34,False,Other,8.48,8.48,-2.1400000000000006,7.06,7.06,-0.7199999999999998,6.94,6.94,-0.6000000000000005,3,-2.1400000000000006,False
CNC(=O)c1cnc2[nH]ccc2c1N[C@@H]1CCN(Cc2ccc(Cl)cc2)[C@@H](C)C1,CHEMBL4777577,6.82,6.82,False,Other,8.25,8.25,-1.4299999999999997,6.61,6.61,0.20999999999999996,7.61,7.61,-0.79,3,-1.4299999999999997,False
CNC(=O)c1cnc2[nH]ccc2c1N[C@@H]1CCN(Cc2ccc(Cl)cc2)[C@H](C)C1,CHEMBL4761365,7.050000000000001,7.050000000000001,False,Other,7.15,7.15,-0.09999999999999964,6.2,6.2,0.8500000000000005,7.28,7.28,-0.22999999999999954,3,-0.22999999999999954,False
CNC(=O)c1cnc2[nH]ccc2c1N[C@@H]1CCN(Cc2ccc(Cl)cn2)[C@H](C)C1,CHEMBL5408324,7.78,7.78,False,Other,8.040000000000001,8.040000000000001,-0.2600000000000007,7.65,7.65,0.1299999999999999,7.64,7.64,0.14000000000000057,3,-0.2600000000000007,False
CNC(=O)c1cnc2[nH]ccc2c1N[C@@H]1CCN(Cc2ccc(Cl)nc2)[C@H](C)C1,CHEMBL5427932,7.88,7.88,False,Other,8.59,8.59,-0.71,8.07,8.07,-0.1900000000000004,8.32,8.32,-0.4400000000000004,3,-0.71,False
CNC(=O)c1cnc2[nH]ccc2c1N[C@@H]1CCN(Cc2ccc(F)cc2)[C@H](C)C1,CHEMBL5405140,6.91,6.91,False,Other,8.57,8.57,-1.6600000000000001,7.37,7.37,-0.45999999999999996,7.84,7.84,-0.9299999999999997,3,-1.6600000000000001,False
CNC(=O)c1cnc2[nH]ccc2c1N[C@@H]1CCN(Cc2ccc(OC)cc2)C[C@@H]1F,CHEMBL5404261,5.95,5.95,False,Other,8.25,8.25,-2.3,6.73,6.73,-0.7800000000000002,6.44,6.44,-0.4900000000000002,3,-2.3,False
CNC(=O)c1cnc2[nH]ccc2c1N[C@@H]1CCN(Cc2ccc(OC)cc2)[C@@H](C)C1,CHEMBL4746186,6.3,6.3,False,Other,7.56,7.56,-1.2599999999999998,6.09,6.09,0.20999999999999996,7.19,7.19,-0.8900000000000006,3,-1.2599999999999998,False
CNC(=O)c1cnc2[nH]ccc2c1N[C@@H]1CCN(Cc2ccc(OC)cc2)[C@H](C)C1,CHEMBL4779340,6.79,6.79,False,Other,7.62,7.62,-0.8300000000000001,7.2,7.2,-0.41000000000000014,6.97,6.97,-0.17999999999999972,3,-0.8300000000000001,False
CNC(=O)c1cnc2[nH]ccc2c1N[C@@H]1CCN(Cc2cccc(C#N)c2)C[C@@H]1F,CHEMBL5441087,6.45,6.45,False,Other,8.61,8.61,-2.1599999999999993,7.19,7.19,-0.7400000000000002,6.6,6.6,-0.14999999999999947,3,-2.1599999999999993,False
CNC(=O)c1cnc2[nH]ccc2c1N[C@@H]1CCN(Cc2cccc(C#N)c2)C[C@H]1F,CHEMBL5400756,5.97,5.97,False,Other,7.93,7.93,-1.96,6.74,6.74,-0.7700000000000005,6.84,6.84,-0.8700000000000001,3,-1.96,False
CNC(=O)c1cnc2[nH]ccc2c1N[C@@H]1CCN(Cc2cccc(C#N)n2)[C@H](C)C1,CHEMBL5440017,7.35,7.35,False,Other,8.53,8.53,-1.1799999999999997,7.61,7.61,-0.2600000000000007,7.94,7.94,-0.5900000000000007,3,-1.1799999999999997,False
CNC(=O)c1cnc2[nH]ccc2c1N[C@@H]1CCN(Cc2cccc(Cl)c2)C[C@@H]1F,CHEMBL5434116,6.23,6.23,False,Other,8.3,8.3,-2.0700000000000003,7.05,7.05,-0.8199999999999994,6.6,6.6,-0.3699999999999992,3,-2.0700000000000003,False
CNC(=O)c1cnc2[nH]ccc2c1N[C@@H]1CCN(Cc2cccc(Cl)c2)C[C@H]1F,CHEMBL4777200,6.51,6.51,False,Other,7.77,7.77,-1.2599999999999998,7.55,7.55,-1.04,8.03,8.03,-1.5199999999999996,3,-1.5199999999999996,False
CNC(=O)c1cnc2[nH]ccc2c1N[C@@H]1CCN(Cc2cccc(Cl)c2)[C@@H](C)C1,CHEMBL4789693,7.21,7.21,False,Other,8.95,8.95,-1.7399999999999993,7.54,7.54,-0.33000000000000007,7.71,7.71,-0.5,3,-1.7399999999999993,False
CNC(=O)c1cnc2[nH]ccc2c1N[C@@H]1CCN(Cc2cccc(Cl)c2)[C@H](C)C1,CHEMBL4779060,7.31,7.31,False,Other,8.5,8.5,-1.1900000000000004,8.05,8.05,-0.7400000000000011,7.44,7.44,-0.13000000000000078,3,-1.1900000000000004,False
CNC(=O)c1cnc2[nH]ccc2c1N[C@@H]1CCN(Cc2cccc(F)c2)[C@H](C)C1,CHEMBL5396523,8.07,8.07,False,Other,7.78,7.78,0.29000000000000004,8.05,8.05,0.019999999999999574,7.97,7.97,0.10000000000000053,3,0.019999999999999574,False
CNC(=O)c1cnc2[nH]ccc2c1N[C@@H]1CCN(Cc2cccc(OC)c2)C[C@@H]1F,CHEMBL4747742,6.94,6.94,False,Other,9.11,9.11,-2.169999999999999,7.96,7.96,-1.0199999999999996,7.05,7.05,-0.10999999999999943,3,-2.169999999999999,False
CNC(=O)c1cnc2[nH]ccc2c1N[C@@H]1CCN(Cc2cccc(OC)c2)C[C@H]1F,CHEMBL4742766,6.234999999999999,6.234999999999999,False,Other,8.0,8.0,-1.7650000000000006,6.595000000000001,6.595000000000001,-0.3600000000000012,6.5,6.5,-0.26500000000000057,3,-1.7650000000000006,False
CNC(=O)c1cnc2[nH]ccc2c1N[C@@H]1CCN(Cc2cccc(OC)c2)[C@@H](C)C1,CHEMBL4750779,6.81,6.81,False,Other,8.47,8.47,-1.660000000000001,7.05,7.05,-0.2400000000000002,7.77,7.77,-0.96,3,-1.660000000000001,False
CNC(=O)c1cnc2[nH]ccc2c1N[C@@H]1CCN(Cc2cccc(OC)c2)[C@H](C)C1,CHEMBL4755612,7.1,7.1,False,Other,7.89,7.89,-0.79,7.55,7.55,-0.4500000000000002,7.56,7.56,-0.45999999999999996,3,-0.79,False
CNC(=O)c1cnc2[nH]ccc2c1N[C@@H]1CCN(Cc2ccccc2)[C@@H](C)C1,CHEMBL4744048,6.56,6.56,False,Other,7.97,7.97,-1.4100000000000001,6.75,6.75,-0.1900000000000004,7.6,7.6,-1.04,3,-1.4100000000000001,False
CNC(=O)c1cnc2[nH]ccc2c1N[C@@H]1CCN(Cc2ccccc2F)[C@H](C)C1,CHEMBL5423894,7.12,7.12,False,Other,7.99,7.99,-0.8700000000000001,7.48,7.48,-0.3600000000000003,7.75,7.75,-0.6299999999999999,3,-0.8700000000000001,False
CNC(=O)c1cnc2[nH]ccc2c1N[C@H]1CCN(Cc2ccc(C(F)(F)F)cc2)[C@@H](C)C1,CHEMBL5397297,7.23,7.23,False,Other,10.36,10.36,-3.129999999999999,7.78,7.78,-0.5499999999999998,8.03,8.03,-0.7999999999999989,3,-3.129999999999999,False
CNC(=O)c1cnc2[nH]ccc2c1N[C@H]1CCN(Cc2ccc(Cl)cc2)[C@@H](C)C1,CHEMBL4783938,8.09,8.09,False,Other,9.84,9.84,-1.75,8.53,8.53,-0.4399999999999995,8.64,8.64,-0.5500000000000007,3,-1.75,False
CNC(=O)c1cnc2[nH]ccc2c1N[C@H]1CCN(Cc2ccc(Cl)cn2)[C@@H](C)C1,CHEMBL5423944,8.03,8.03,False,Other,9.2,9.2,-1.17,8.18,8.18,-0.15000000000000036,8.09,8.09,-0.0600000000000005,3,-1.17,False
CNC(=O)c1n[nH]c2cc(-c3cc(F)c(O)cc3C3CC3)nc(NCc3ccccc3N(C)S(C)(=O)=O)c12,CHEMBL5746057,6.77,6.77,False,Other,8.3,8.3,-1.5300000000000011,7.71,7.71,-0.9400000000000004,7.28,7.28,-0.5100000000000007,3,-1.5300000000000011,False
CNC(=O)c1n[nH]c2cc(-c3cc(F)c(O)cc3C3CC3)nc(NCc3cccnc3N(C)S(C)(=O)=O)c12,CHEMBL5880624,5.44,5.44,False,Other,7.11,7.11,-1.67,6.74,6.74,-1.2999999999999998,6.61,6.61,-1.17,3,-1.67,False
CNC(=O)c1n[nH]c2cc(-c3cc(F)c(O)cc3CC(F)(F)F)nc(NCC(C)C)c12,CHEMBL5936975,7.18,7.18,False,Other,8.2,8.2,-1.0199999999999996,7.64,7.64,-0.45999999999999996,6.88,6.88,0.2999999999999998,3,-1.0199999999999996,False
CNC(=O)c1n[nH]c2cc(-c3cc(F)c(O)cc3CC(F)(F)F)nc(NCC3CCCC3)c12,CHEMBL5992064,6.85,6.85,False,Other,7.73,7.73,-0.8800000000000008,7.28,7.28,-0.4300000000000006,6.59,6.59,0.2599999999999998,3,-0.8800000000000008,False
CNC(=O)c1n[nH]c2cc(-c3cc(F)c(O)cc3CC(F)(F)F)nc(NCc3c(F)cccc3N(C)S(C)(=O)=O)c12,CHEMBL5901245,7.51,7.51,False,Other,8.4,8.4,-0.8900000000000006,7.76,7.76,-0.25,7.14,7.14,0.3700000000000001,3,-0.8900000000000006,False
CNC(=O)c1n[nH]c2cc(-c3cc(F)c(O)cc3CC(F)(F)F)nc(NCc3cc(C)ccc3N(C)S(C)(=O)=O)c12,CHEMBL5773441,6.64,6.64,False,Other,8.06,8.06,-1.4200000000000008,7.43,7.43,-0.79,6.68,6.68,-0.040000000000000036,3,-1.4200000000000008,False
CNC(=O)c1n[nH]c2cc(-c3cc(F)c(O)cc3CC(F)(F)F)nc(NCc3cc(C)cnc3N(C)S(C)(=O)=O)c12,CHEMBL5893379,5.69,5.69,False,Other,7.79,7.79,-2.0999999999999996,7.32,7.32,-1.63,7.14,7.14,-1.4499999999999993,3,-2.0999999999999996,False
CNC(=O)c1n[nH]c2cc(-c3cc(F)c(O)cc3CC(F)(F)F)nc(NCc3cc(Cl)ccc3N(C)S(C)(=O)=O)c12,CHEMBL5956327,6.21,6.21,False,Other,7.87,7.87,-1.6600000000000001,7.26,7.26,-1.0499999999999998,6.47,6.47,-0.2599999999999998,3,-1.6600000000000001,False
CNC(=O)c1n[nH]c2cc(-c3cc(F)c(O)cc3CC(F)(F)F)nc(NCc3cc(F)ccc3N(C)S(C)(=O)=O)c12,CHEMBL5793023,7.37,7.37,False,Other,8.38,8.38,-1.0100000000000007,7.69,7.69,-0.3200000000000003,7.0,7.0,0.3700000000000001,3,-1.0100000000000007,False
CNC(=O)c1n[nH]c2cc(-c3cc(F)c(O)cc3CC(F)(F)F)nc(NCc3cc(O)ccc3N(C)S(=O)(=O)c3ccccc3)c12,CHEMBL5809728,6.59,6.59,False,Other,7.4,7.4,-0.8100000000000005,6.6,6.6,-0.009999999999999787,6.09,6.09,0.5,3,-0.8100000000000005,False
CNC(=O)c1n[nH]c2cc(-c3cc(F)c(O)cc3CC(F)(F)F)nc(NCc3cc(O)ccc3N(C)S(=O)(=O)c3cccnc3)c12,CHEMBL6019524,7.59,7.59,False,Other,8.21,8.21,-0.620000000000001,7.48,7.48,0.10999999999999943,6.91,6.91,0.6799999999999997,3,-0.620000000000001,False
CNC(=O)c1n[nH]c2cc(-c3cc(F)c(O)cc3CC(F)(F)F)nc(NCc3cc(O)ccc3N(C)S(C)(=O)=O)c12,CHEMBL6046711,7.98,7.98,False,Other,8.77,8.77,-0.7899999999999991,7.97,7.97,0.010000000000000675,7.32,7.32,0.6600000000000001,3,-0.7899999999999991,False
CNC(=O)c1n[nH]c2cc(-c3cc(F)c(O)cc3CC(F)(F)F)nc(NCc3ccc(O)cc3N(C)S(C)(=O)=O)c12,CHEMBL5799811,6.55,6.55,False,Other,8.24,8.24,-1.6900000000000004,7.6,7.6,-1.0499999999999998,7.12,7.12,-0.5700000000000003,3,-1.6900000000000004,False
CNC(=O)c1n[nH]c2cc(-c3cc(F)c(O)cc3CC(F)(F)F)nc(NCc3ccccc3CS(N)(=O)=O)c12,CHEMBL5841947,6.82,6.82,False,Other,8.48,8.48,-1.6600000000000001,7.96,7.96,-1.1399999999999997,7.43,7.43,-0.6099999999999994,3,-1.6600000000000001,False
CNC(=O)c1n[nH]c2cc(-c3cc(F)c(O)cc3CC(F)(F)F)nc(NCc3ccccc3N(C)S(=O)(=O)CCOC)c12,CHEMBL5878324,7.25,7.25,False,Other,8.18,8.18,-0.9299999999999997,7.54,7.54,-0.29000000000000004,6.94,6.94,0.3099999999999996,3,-0.9299999999999997,False
CNC(=O)c1n[nH]c2cc(-c3cc(F)c(O)cc3CC(F)(F)F)nc(NCc3ccccc3N(C)S(=O)(=O)N(C)C)c12,CHEMBL5963255,6.83,6.83,False,Other,7.68,7.68,-0.8499999999999996,7.03,7.03,-0.20000000000000018,6.39,6.39,0.4400000000000004,3,-0.8499999999999996,False
CNC(=O)c1n[nH]c2cc(-c3cc(F)c(O)cc3CC(F)(F)F)nc(NCc3ccccc3N(C)S(=O)(=O)N3CCOC3)c12,CHEMBL5918088,6.67,6.67,False,Other,7.83,7.83,-1.1600000000000001,7.16,7.16,-0.4900000000000002,6.68,6.68,-0.009999999999999787,3,-1.1600000000000001,False
CNC(=O)c1n[nH]c2cc(-c3cc(F)c(O)cc3CC(F)(F)F)nc(NCc3ccccc3N(C)S(=O)(=O)NCCO)c12,CHEMBL5916725,6.67,6.67,False,Other,7.83,7.83,-1.1600000000000001,7.16,7.16,-0.4900000000000002,6.68,6.68,-0.009999999999999787,3,-1.1600000000000001,False
CNC(=O)c1n[nH]c2cc(-c3cc(F)c(O)cc3CC(F)(F)F)nc(NCc3ccccc3N(C)S(=O)(=O)c3ccc(C)nc3)c12,CHEMBL5884620,7.17,7.17,False,Other,7.79,7.79,-0.6200000000000001,7.2,7.2,-0.03000000000000025,6.59,6.59,0.5800000000000001,3,-0.6200000000000001,False
CNC(=O)c1n[nH]c2cc(-c3cc(F)c(O)cc3CC(F)(F)F)nc(NCc3ccccc3N(C)S(=O)(=O)c3cccc(O)c3)c12,CHEMBL5882716,6.43,6.43,False,Other,7.22,7.22,-0.79,6.56,6.56,-0.1299999999999999,6.08,6.08,0.34999999999999964,3,-0.79,False
CNC(=O)c1n[nH]c2cc(-c3cc(F)c(O)cc3CC(F)(F)F)nc(NCc3ccccc3N(C)S(=O)(=O)c3cccnc3)c12,CHEMBL5912816,7.14,7.14,False,Other,7.85,7.85,-0.71,7.14,7.14,0.0,6.6,6.6,0.54,3,-0.71,False
CNC(=O)c1n[nH]c2cc(-c3cc(F)c(O)cc3CC(F)(F)F)nc(NCc3ccccc3N(C)S(=O)(=O)c3cn(C)cn3)c12,CHEMBL5802254,7.65,7.65,False,Other,8.28,8.28,-0.629999999999999,7.63,7.63,0.020000000000000462,6.95,6.95,0.7000000000000002,3,-0.629999999999999,False
CNC(=O)c1n[nH]c2cc(-c3cc(F)c(O)cc3CC(F)(F)F)nc(NCc3ccccc3N(C)S(=O)(=O)c3cn[nH]c3)c12,CHEMBL5741167,7.17,7.17,False,Other,7.99,7.99,-0.8200000000000003,7.26,7.26,-0.08999999999999986,6.63,6.63,0.54,3,-0.8200000000000003,False
CNC(=O)c1n[nH]c2cc(-c3cc(F)c(O)cc3CC(F)(F)F)nc(NCc3ccccc3N(C)S(C)(=O)=O)c12,CHEMBL5860210,7.68,7.68,False,Other,8.44,8.44,-0.7599999999999998,7.78,7.78,-0.10000000000000053,7.02,7.02,0.6600000000000001,3,-0.7599999999999998,False
CNC(=O)c1n[nH]c2cc(-c3cc(F)c(O)cc3CC(F)(F)F)nc(NCc3ccccc3N(CCO)S(C)(=O)=O)c12,CHEMBL5932943,7.52,7.52,False,Other,8.54,8.54,-1.0199999999999996,7.78,7.78,-0.2600000000000007,7.16,7.16,0.35999999999999943,3,-1.0199999999999996,False
CNC(=O)c1n[nH]c2cc(-c3cc(F)c(O)cc3CC(F)(F)F)nc(NCc3cccnc3N(C)S(C)(=O)=O)c12,CHEMBL5811817,6.61,6.61,False,Other,8.01,8.01,-1.3999999999999995,7.48,7.48,-0.8700000000000001,6.99,6.99,-0.3799999999999999,3,-1.3999999999999995,False
CNC(=O)c1n[nH]c2cc(-c3cc(F)c(O)cc3CC(F)(F)F)nc(NCc3cnccc3N(C)S(C)(=O)=O)c12,CHEMBL6011213,5.2,5.2,False,Other,7.17,7.17,-1.9699999999999998,6.73,6.73,-1.5300000000000002,6.83,6.83,-1.63,3,-1.9699999999999998,False
CNC(=O)c1n[nH]c2cc(-c3cc(F)c(O)cc3CC(F)(F)F)nc(NCc3ncccc3N(C)S(C)(=O)=O)c12,CHEMBL5776122,7.34,7.34,False,Other,8.68,8.68,-1.3399999999999999,7.86,7.86,-0.5200000000000005,7.27,7.27,0.07000000000000028,3,-1.3399999999999999,False
CNC(=O)c1n[nH]c2cc(-c3cc(F)c(O)cc3CC(F)(F)F)nc(NCc3nccnc3N(C)S(=O)(=O)c3ccccc3)c12,CHEMBL5974929,6.0,6.0,False,Other,7.59,7.59,-1.5899999999999999,7.07,7.07,-1.0700000000000003,6.53,6.53,-0.5300000000000002,3,-1.5899999999999999,False
CNC(=O)c1n[nH]c2cc(-c3cc(F)c(O)cc3CC(F)(F)F)nc(NCc3nccnc3N(C)S(C)(=O)=O)c12,CHEMBL5944905,6.65,6.65,False,Other,8.46,8.46,-1.8100000000000005,7.68,7.68,-1.0299999999999994,7.17,7.17,-0.5199999999999996,3,-1.8100000000000005,False
CNC(=O)c1n[nH]c2nc(-c3cc(F)c(O)cc3CC(F)(F)F)nc(NCc3cc(F)ccc3N(C)S(C)(=O)=O)c12,CHEMBL5952558,5.86,5.86,False,Other,7.98,7.98,-2.12,7.18,7.18,-1.3199999999999994,6.95,6.95,-1.0899999999999999,3,-2.12,False
CNC(=O)c1n[nH]c2nc(-c3cc(F)c(O)cc3CC(F)(F)F)nc(NCc3cc(O)ccc3N(C)S(=O)(=O)c3ccccc3)c12,CHEMBL5986920,6.255,6.255,False,Other,7.48,7.48,-1.2250000000000005,6.725,6.725,-0.46999999999999975,6.255,6.255,0.0,3,-1.2250000000000005,False
CNC(=O)c1n[nH]c2nc(-c3cc(F)c(O)cc3CC(F)(F)F)nc(NCc3ccccc3N(C)S(=O)(=O)NC)c12,CHEMBL5751845,5.94,5.94,False,Other,7.8,7.8,-1.8599999999999994,7.22,7.22,-1.2799999999999994,6.91,6.91,-0.9699999999999998,3,-1.8599999999999994,False
CNC(=O)c1n[nH]c2nc(-c3cc(F)c(O)cc3CC(F)(F)F)nc(NCc3ccccc3N(C)S(C)(=O)=O)c12,CHEMBL5797318,6.3,6.3,False,Other,8.27,8.27,-1.9699999999999998,7.56,7.56,-1.2599999999999998,7.15,7.15,-0.8500000000000005,3,-1.9699999999999998,False
CNC(=O)c1n[nH]c2nc(-c3cc(F)c(O)cc3CC(F)(F)F)nc(NCc3ccccc3N(C)S(N)(=O)=O)c12,CHEMBL6006905,6.17,6.17,False,Other,8.19,8.19,-2.0199999999999996,7.51,7.51,-1.3399999999999999,6.97,6.97,-0.7999999999999998,3,-2.0199999999999996,False
CNC(=O)c1n[nH]c2nc(-c3cc(F)c(O)cc3CC(F)(F)F)nc(NCc3ccccc3N(CCO)S(C)(=O)=O)c12,CHEMBL5983440,5.94,5.94,False,Other,8.06,8.06,-2.12,7.49,7.49,-1.5499999999999998,7.21,7.21,-1.2699999999999996,3,-2.12,False
CNC(=O)c1n[nH]c2nc(-c3cc(F)c(O)cc3CC(F)(F)F)nc(NCc3nccnc3N(C)S(C)(=O)=O)c12,CHEMBL5789204,5.21,5.21,False,Other,7.38,7.38,-2.17,6.55,6.55,-1.3399999999999999,6.68,6.68,-1.4699999999999998,3,-2.17,False
CNC(=O)c1nc2cnc3[nH]ccc3c2n1[C@H]1CC[C@H](CC#N)CC1,CHEMBL5854212,7.7,7.7,False,JH2,9.1,9.1,-1.3999999999999995,8.03,8.03,-0.3299999999999992,6.81,6.81,0.8900000000000006,3,-1.3999999999999995,True
CNC(=O)c1ncc(Nc2ncc(F)c(N3C[C@@H]4[C@H](C)[C@]4(NC(=O)C4CC4)C3)n2)cc1C,CHEMBL5846616,6.18,6.18,False,Other,5.73,5.73,0.4499999999999993,5.54,5.54,0.6399999999999997,,,,2,0.4499999999999993,False
CNC(=O)c1ncc(Nc2ncc(F)c(N3C[C@H]4[C@@H](C)[C@@]4(NC(=O)C4CC4)C3)n2)cc1C,CHEMBL5814375,7.01,7.01,False,Other,6.01,6.01,1.0,5.37,5.37,1.6399999999999997,,,,2,1.0,False
CNC(=O)c1ncc(Nc2nccc(N3C[C@H]4CC[C@@H](C3)N4C(=O)C3CC3(F)F)n2)cc1F,CHEMBL6032110,6.82,6.82,False,Other,6.37,6.37,0.4500000000000002,5.699999999999999,5.699999999999999,1.120000000000001,,,,2,0.4500000000000002,False
CNC(=O)c1ncc(Nc2nccc(N3C[C@H]4CC[C@@H](C3)N4C(=O)C3CC3)n2)cc1C,CHEMBL5861252,7.44,7.44,False,Other,6.47,6.47,0.9700000000000006,6.12,6.12,1.3200000000000003,,,,2,0.9700000000000006,False
CNC(=O)c1ncc(Nc2nccc(N3C[C@H]4CC[C@@H](C3)N4C(=O)C3CC3)n2)cc1Cl,CHEMBL5990876,7.01,7.01,False,Other,5.94,5.94,1.0699999999999994,5.67,5.67,1.3399999999999999,,,,2,1.0699999999999994,False
CNC(=O)c1ncc(Nc2nccc(N3C[C@H]4CC[C@@H](C3)N4C(=O)NCC#N)n2)cc1C,CHEMBL5869669,7.85,7.85,False,Other,7.77,7.77,0.08000000000000007,7.12,7.12,0.7299999999999995,5.38,5.38,2.4699999999999998,3,0.08000000000000007,False
CNC(=O)c1ncc(Nc2nccc(N3C[C@H]4CC[C@@H](C3)N4C(=O)NCC(F)(F)F)n2)cc1C,CHEMBL5803635,8.05,8.05,False,Other,8.0,8.0,0.05000000000000071,7.19,7.19,0.8600000000000003,5.35,5.35,2.700000000000001,3,0.05000000000000071,False
CNC(=O)c1ncc(Nc2nccc(N3C[C@H]4CC[C@@H](C3)N4C(=O)[C@@H]3CC3(F)F)n2)cc1C,CHEMBL5771712,7.82,7.82,False,Other,7.21,7.21,0.6100000000000003,6.94,6.94,0.8799999999999999,5.03,5.03,2.79,3,0.6100000000000003,False
CNC(=O)c1ncc(Nc2nccc(N3C[C@H]4CC[C@@H](C3)N4C(=O)[C@@H]3CC3(F)F)n2)cc1Cl,CHEMBL5914827,7.66,7.66,False,Other,6.77,6.77,0.8900000000000006,6.43,6.43,1.2300000000000004,,,,2,0.8900000000000006,False
CNC(=O)c1ncc(Nc2nccc(N3C[C@H]4CC[C@@H](C3)N4C(=O)[C@@H]3C[C@H]3C#N)n2)cc1C,CHEMBL6065588,7.77,7.77,False,Other,7.55,7.55,0.21999999999999975,6.85,6.85,0.9199999999999999,,,,2,0.21999999999999975,False
CNC(=O)c1ncc(Nc2nccc(N3C[C@H]4CC[C@@H](C3)N4C(=O)[C@@H]3C[C@H]3C#N)n2)cc1Cl,CHEMBL5849636,7.5,7.5,False,Other,7.11,7.11,0.3899999999999997,6.4,6.4,1.0999999999999996,,,,2,0.3899999999999997,False
CNC(=O)c1ncc(Nc2nccc(N3C[C@H]4CC[C@@H](C3)N4C(=O)[C@@H]3C[C@H]3C#N)n2)cc1F,CHEMBL5840676,7.21,7.21,False,Other,7.11,7.11,0.09999999999999964,6.19,6.19,1.0199999999999996,,,,2,0.09999999999999964,False
CNC(=O)c1ncc(Nc2nccc(N3C[C@H]4CC[C@@H](C3)N4C(=O)[C@@H]3C[C@H]3F)n2)cc1C,CHEMBL6028138,7.77,7.77,False,Other,7.34,7.34,0.4299999999999997,7.0,7.0,0.7699999999999996,5.13,5.13,2.6399999999999997,3,0.4299999999999997,False
CNC(=O)c1ncc(Nc2nccc(N3C[C@H]4CC[C@@H](C3)N4C(=O)[C@H]3C[C@@H]3F)n2)cc1C,CHEMBL5939970,7.14,7.14,False,Other,6.32,6.32,0.8199999999999994,6.07,6.07,1.0699999999999994,,,,2,0.8199999999999994,False
CNC(=O)c1ncc(Nc2nccc(N3C[C@H]4CC[C@@H](C3)N4CC3(C)COC3)n2)cc1C,CHEMBL5886304,8.1,8.1,False,Other,7.72,7.72,0.3799999999999999,7.54,7.54,0.5599999999999996,5.37,5.37,2.7299999999999995,3,0.3799999999999999,False
CNC(=O)c1ncc(Nc2nccc(N3C[C@H]4CC[C@@H](C3)N4CC3CC3(F)F)n2)cc1C,CHEMBL5989322,7.314999999999999,7.314999999999999,False,Other,6.725,6.725,0.589999999999999,6.37,6.37,0.9449999999999985,,,,2,0.589999999999999,False
CNC(=O)c1ncc(Nc2nccc(N3C[C@H]4CC[C@@H](C3)N4Cc3ccno3)n2)cc1C,CHEMBL5777327,7.62,7.62,False,Other,6.65,6.65,0.9699999999999998,6.43,6.43,1.1900000000000004,,,,2,0.9699999999999998,False
CNC(=O)c1ncc(Nc2nccc(N3C[C@H]4CC[C@@H](C3)N4[C@H]3C[C@@H](C#N)C3)n2)cc1C,CHEMBL5992627,6.65,6.65,False,Other,5.99,5.99,0.6600000000000001,5.86,5.86,0.79,,,,2,0.6600000000000001,False
CNC(=O)c1ncc(Nc2nccc(N3C[C@H]4CC[C@@H](C3)N4[C@H]3C[C@H](C#N)C3)n2)cc1C,CHEMBL5854032,7.75,7.75,False,Other,7.51,7.51,0.2400000000000002,7.36,7.36,0.3899999999999997,5.39,5.39,2.3600000000000003,3,0.2400000000000002,False
CNC(=O)c1nnc(-n2ccc(C)n2)cc1Nc1cccc(-c2ncn(C)n2)c1OC,CHEMBL5920513,8.52,,True,JH2,,,,,,,,,,0,,True
CNC(=O)c1nnc(-n2cccn2)cc1Nc1cccc(-c2ncn(C)n2)c1OC,CHEMBL6014958,8.12,,True,JH2,,,,,,,,,,0,,True
CNC(=O)c1nnc(C=C(C)C)cc1Nc1cccc(-c2ncn(C)n2)c1OC,CHEMBL5819157,8.12,,True,JH2,,,,,,,,,,0,,True
CNC(=O)c1nnc(N2CC(C)(C)C2)cc1Nc1cccc(-c2ncn(C)n2)c1OC,CHEMBL6038441,8.12,,True,JH2,,,,,,,,,,0,,True
CNC(=O)c1nnc(N2CC(F)(F)C2)cc1Nc1cccc(-c2ncn(C)n2)c1OC,CHEMBL5882898,8.12,,True,JH2,,,,,,,,,,0,,True
CNC(=O)c1nnc(N2CC(F)(F)C2=O)cc1Nc1cccc(-c2ncn(C)n2)c1OC,CHEMBL5775500,8.52,,True,JH2,,,,,,,,,,0,,True
CNC(=O)c1nnc(N2CCC(C#N)(C3CC3)C2=O)cc1Nc1cccc(-c2ncn(C)n2)c1OC,CHEMBL5952933,8.52,,True,JH2,,,,,,,,,,0,,True
CNC(=O)c1nnc(N2CCC2=O)cc1Nc1cccc(-c2ncn(C)n2)c1OC,CHEMBL5969026,8.12,,True,JH2,,,,,,,,,,0,,True
CNC(=O)c1nnc(N2CCCC2)cc1Nc1cccc(-c2ncn(C)n2)c1OC,CHEMBL5884446,8.52,,True,JH2,,,,,,,,,,0,,True
CNC(=O)c1nnc(N2CCCC2=O)cc1Nc1cccc(-c2ncn(C)n2)c1OC,CHEMBL5794908,8.52,,True,JH2,,,,,,,,,,0,,True
CNC(=O)c1nnc(N2CCN(c3ccccc3)C2=O)cc1Nc1cccc(-c2ncn(C)n2)c1OC,CHEMBL5787440,8.52,,True,JH2,,,,,,,,,,0,,True
CNC(=O)c1nnc(N2CCOC2=O)cc1Nc1cccc(-c2ncn(C)n2)c1OC,CHEMBL5966919,8.52,,True,JH2,,,,,,,,,,0,,True
CNC(=O)c1nnc(N2C[C@H](O)CC2=O)cc1Nc1cccc(-c2ncn(C)n2)c1OC,CHEMBL5982356,8.52,,True,JH2,,,,,,,,,,0,,True
CNC(=O)c1nnc(NC(=O)C2CC2)c2[nH]c(-c3ccc(N)cc3OC)cc12,CHEMBL5424497,8.620000000000001,8.620000000000001,False,Other,9.28,9.28,-0.6599999999999984,6.72,6.72,1.9000000000000012,,,,2,-0.6599999999999984,False
CNC(=O)c1nnc(NC(=O)C2CC2)cc1Nc1cccc(-c2ncn(C)n2)c1OC,CHEMBL4596392,8.24,8.24,False,Other,,,,5.64,5.64,2.6000000000000005,,,,1,2.6000000000000005,False
CNC(=O)c1nnc(NC(=O)N2CCC2)cc1Nc1cccc(-c2ncn(C)n2)c1OC,CHEMBL5419627,8.91,8.91,False,JH2,6.83,6.83,2.08,5.865,5.865,3.045,5.43,5.43,3.4800000000000004,3,2.08,True
CNC(=O)c1nnc(NC(=O)[C@@H]2CC2(F)F)cc1Nc1cccc(-c2ncn(C)n2)c1OC,CHEMBL5964910,6.734999999999999,6.734999999999999,False,Other,,,,5.135,5.135,1.5999999999999996,,,,1,1.5999999999999996,False
CNC(=O)c1nscc1Nc1cc(NC)n2ncc(C(=O)NC3CC3)c2n1,CHEMBL5805067,9.22,,True,JH2,,,,,,,,,,0,,True
CNC(=O)c1occc1Nc1cc(NC)n2ncc(C(=O)N[C@H]3CC[C@@H]3OC)c2n1,CHEMBL5927023,8.26,,True,JH2,,,,,,,,,,0,,True
CNCCCNC(=O)c1ccc(Nc2oc(-c3c(F)cccc3F)nc2C(N)=O)cc1,CHEMBL5939105,7.82,7.82,False,Other,6.72,6.72,1.1000000000000005,6.47,6.47,1.3500000000000005,6.41,6.41,1.4100000000000001,3,1.1000000000000005,False
CNCCNC(=O)c1ccc(Nc2oc(-c3c(F)cccc3F)nc2C(N)=O)cc1,CHEMBL5754256,7.69,7.69,False,Other,6.74,6.74,0.9500000000000002,6.51,6.51,1.1800000000000006,6.4,6.4,1.29,3,0.9500000000000002,False
CNCCn1c(C2CCNCC2)nc2cc(C(N)=O)ccc21,CHEMBL3814934,5.39,5.39,False,Other,7.05,7.05,-1.6600000000000001,5.51,5.51,-0.1200000000000001,5.82,5.82,-0.4300000000000006,3,-1.6600000000000001,False
CNCCn1c2ccc(C(N)=O)cc2nc1[C@H]1CC[C@H](O)CC1,CHEMBL3815154,5.25,5.25,False,Other,6.82,6.82,-1.5700000000000003,5.41,5.41,-0.16000000000000014,5.72,5.72,-0.46999999999999975,3,-1.5700000000000003,False
CNC[C@H]1CC[C@H](c2nnn3cnc4[nH]ccc4c23)CC1,CHEMBL3948921,6.68,6.68,False,Other,8.32,8.32,-1.6400000000000006,7.54,7.54,-0.8600000000000003,6.1,6.1,0.5800000000000001,3,-1.6400000000000006,False
CNCc1cc(Cl)c(C(=O)Nc2ccnc(NC(=O)C3CC3)c2)c(Cl)c1,CHEMBL2387119,8.48,8.48,False,Other,,,,,,,,,,0,,False
CNS(=O)(=O)CC1CCC(N(C)c2c(C#N)cnc3[nH]ccc23)CC1,CHEMBL5777204,6.08,6.08,False,JH1,7.47,7.47,-1.3899999999999997,,,,5.52,5.52,0.5600000000000005,2,-1.3899999999999997,False
CNS(=O)(=O)CC1CCC(N(C)c2c(C#N)cnn3cccc23)CC1,CHEMBL5807931,5.07,5.07,False,JH1,6.03,6.03,-0.96,,,,,,,1,-0.96,False
CNS(=O)(=O)CC1CCC(N(C)c2ncnc3[nH]c(C)nc23)CC1,CHEMBL5858335,5.26,5.26,False,JH1,6.08,6.08,-0.8200000000000003,,,,5.1,5.1,0.16000000000000014,2,-0.8200000000000003,False
CNS(=O)(=O)CC1CCC(N(C)c2ncnc3[nH]cnc23)CC1,CHEMBL5990774,5.34,5.34,False,JH1,6.24,6.24,-0.9000000000000004,,,,5.72,5.72,-0.3799999999999999,2,-0.9000000000000004,False
CNS(=O)(=O)CC1CCC(N(C)c2ncnn3cccc23)CC1,CHEMBL5817349,5.5,5.5,False,JH1,6.26,6.26,-0.7599999999999998,,,,,,,1,-0.7599999999999998,False
CNS(=O)(=O)CC1CCC(Nc2c(C#N)cnn3cccc23)CC1,CHEMBL5819530,5.11,5.11,False,JH1,5.75,5.75,-0.6399999999999997,,,,,,,1,-0.6399999999999997,False
CNS(=O)(=O)CC1CCC(Nc2nc(N)ncc2Br)CC1,CHEMBL5839211,5.22,5.22,False,JH1,5.7,5.7,-0.4800000000000004,,,,,,,1,-0.4800000000000004,False
CNS(=O)(=O)CC1CCC(Oc2c([N+](=O)[O-])cnc3[nH]ccc23)CC1,CHEMBL6029425,5.96,5.96,False,JH1,7.15,7.15,-1.1900000000000004,,,,5.44,5.44,0.5199999999999996,2,-1.1900000000000004,False
CNS(=O)(=O)CC1CCC(n2cnc3cnc4[nH]ccc4c32)CC1,CHEMBL5893672,6.89,6.89,False,JH1,8.0,8.0,-1.1100000000000003,,,,6.58,6.58,0.3099999999999996,2,-1.1100000000000003,False
CNS(=O)(=O)C[C@H]1CC[C@H](N(C)c2[nH]cnc3nccc2-3)CC1,CHEMBL2103874,7.1,7.1,False,Other,8.01,8.01,-0.9100000000000001,7.76,7.76,-0.6600000000000001,7.02,7.02,0.08000000000000007,3,-0.9100000000000001,False
CNS(=O)(=O)C[C@H]1CC[C@H](N(C)c2c(C#N)cnc3[nH]ccc23)CC1,CHEMBL6039610,6.08,6.08,False,JH1,7.47,7.47,-1.3899999999999997,5.52,5.52,0.5600000000000005,,,,2,-1.3899999999999997,False
CNS(=O)(=O)C[C@H]1CC[C@H](N(C)c2c(C#N)cnn3cccc23)CC1,CHEMBL5833098,5.07,5.07,False,JH1,6.03,6.03,-0.96,,,,,,,1,-0.96,False
CNS(=O)(=O)C[C@H]1CC[C@H](N(C)c2c([N+](=O)[O-])cnc3[nH]ccc23)CC1,CHEMBL5888413,6.41,6.41,False,JH1,7.68,7.68,-1.2699999999999996,5.92,5.92,0.4900000000000002,,,,2,-1.2699999999999996,False
CNS(=O)(=O)C[C@H]1CC[C@H](N(C)c2ncnc3[nH]c(C)nc23)CC1,CHEMBL5880797,5.26,5.26,False,JH1,6.08,6.08,-0.8200000000000003,5.1,5.1,0.16000000000000014,,,,2,-0.8200000000000003,False
CNS(=O)(=O)C[C@H]1CC[C@H](N(C)c2ncnc3[nH]cnc23)CC1,CHEMBL5980967,5.34,5.34,False,JH1,6.24,6.24,-0.9000000000000004,5.72,5.72,-0.3799999999999999,,,,2,-0.9000000000000004,False
CNS(=O)(=O)C[C@H]1CC[C@H](N(C)c2ncnn3cccc23)CC1,CHEMBL5938950,5.5,5.5,False,JH1,6.26,6.26,-0.7599999999999998,,,,,,,1,-0.7599999999999998,False
CNS(=O)(=O)C[C@H]1CC[C@H](Nc2c(C#N)cnn3cccc23)CC1,CHEMBL5790606,5.11,5.11,False,JH1,5.75,5.75,-0.6399999999999997,,,,,,,1,-0.6399999999999997,False
CNS(=O)(=O)C[C@H]1CC[C@H](Nc2nc(N)ncc2Br)CC1,CHEMBL5945547,5.22,5.22,False,JH1,5.7,5.7,-0.4800000000000004,,,,,,,1,-0.4800000000000004,False
CNS(=O)(=O)C[C@H]1CC[C@H](Oc2c([N+](=O)[O-])cnc3[nH]ccc23)CC1,CHEMBL6034803,5.96,5.96,False,JH1,7.15,7.15,-1.1900000000000004,5.44,5.44,0.5199999999999996,,,,2,-1.1900000000000004,False
CNS(=O)(=O)C[C@H]1CC[C@H](n2cnc3cnc4[nH]ccc4c32)CC1,CHEMBL6043188,6.89,6.89,False,JH1,8.0,8.0,-1.1100000000000003,6.58,6.58,0.3099999999999996,,,,2,-1.1100000000000003,False
CNS(=O)(=O)N1CC(CC#N)(n2ccc(-c3nc(-c4cnn(C)c4)cc4ncccc34)n2)C1,CHEMBL5809292,7.17,7.17,False,Other,5.62,5.62,1.5499999999999998,6.42,6.42,0.75,,,,2,0.75,False
CNS(=O)(=O)c1ccc(-c2cccc3ncc(-c4cc(OC)c(OC)c(OC)c4)nc23)cc1,CHEMBL1093749,6.19,6.19,False,Other,6.89,6.89,-0.6999999999999993,7.38,7.38,-1.1899999999999995,5.89,5.89,0.3000000000000007,3,-1.1899999999999995,False
CNS(=O)(=O)c1ccc(Nc2oc(-c3c(F)cccc3F)nc2C(N)=O)cc1,CHEMBL5815147,7.86,7.86,False,Other,7.18,7.18,0.6800000000000006,6.96,6.96,0.9000000000000004,6.41,6.41,1.4500000000000002,3,0.6800000000000006,False
CNS(=O)(=O)c1ccccc1Nc1nc(Nc2cc(N3CCN(C(C)=O)CC3)ccc2OC)ncc1Br,CHEMBL1971029,7.1,7.1,False,Other,,,,8.3,8.3,-1.200000000000001,7.9,7.9,-0.8000000000000007,2,-1.200000000000001,False
CNS(=O)(=O)c1ccccc1Nc1nc(Nc2cc(OC)c(OC)c(OC)c2)ncc1Cl,CHEMBL1993661,8.2,8.2,False,Other,,,,9.1,9.1,-0.9000000000000004,8.2,8.2,0.0,2,-0.9000000000000004,False
CN[C@@H]1C[C@H]2O[C@@](C)([C@@H]1OC)n1c3ccccc3c3c4c(c5c6ccccc6n2c5c31)C(=O)NC4,CHEMBL388978,9.22,9.22,False,Other,8.76,8.76,0.46000000000000085,9.08,9.08,0.14000000000000057,9.515,9.515,-0.29499999999999993,3,-0.29499999999999993,False
CN[C@H]1CC[C@H](c2nnn3cnc4[nH]ccc4c23)CC1,CHEMBL3931368,6.12,6.12,False,Other,7.54,7.54,-1.42,6.96,6.96,-0.8399999999999999,,,,2,-1.42,False
CNc1cc(-c2c[nH]c3c(C4CCOCC4)cc(Cl)cc23)nc2c(C(=O)NC3CC3)cnn12,CHEMBL5995666,9.22,,True,JH2,,,,,,,,,,0,,True
CNc1cc(-c2cc3ncccc3c(-c3ccn(C4(CC#N)CC(C#N)C4)n3)n2)nn1C,CHEMBL5980180,6.49,6.49,False,Other,5.47,5.47,1.0200000000000005,5.855,5.855,0.6349999999999998,,,,2,0.6349999999999998,False
CNc1cc(-c2ccc(C(C)C)c3nccn23)nc2c(C(=O)NC3COC[C@H]3O)cnn12,CHEMBL6056175,9.22,,True,JH2,,,,,,,,,,0,,True
CNc1cc(-c2ccc(C(C)C)c3nccn23)nc2c(C(=O)N[C@H]3COC[C@H]3O)cnn12,CHEMBL5877965,8.26,,True,JH2,,,,,,,,,,0,,True
CNc1cc(-c2ccc(N3CCCC3)c3nccn23)nc2c(C(=O)NC3CC3)cnn12,CHEMBL6020530,8.26,,True,JH2,,,,,,,,,,0,,True
CNc1cc(-c2ccc(N3CCCC3)c3nccn23)nc2c(C(=O)NC3CC[C@H]3O)cnn12,CHEMBL5824426,8.26,,True,JH2,,,,,,,,,,0,,True
CNc1cc(-c2ccc(N3CCCC3)c3nccn23)nc2c(C(=O)NC3COC[C@H]3O)cnn12,CHEMBL5873382,8.26,,True,JH2,,,,,,,,,,0,,True
CNc1cc(-c2ccc(N3CCCC3)c3nccn23)nc2c(C(=O)N[C@@H]3C[C@@H]3F)cnn12,CHEMBL5740032,8.26,,True,JH2,,,,,,,,,,0,,True
CNc1cc(-c2ccc(N3CC[C@H](OC)C3)c3nccn23)nc2c(C(=O)NC3CC3)cnn12,CHEMBL5779289,9.22,,True,JH2,,,,,,,,,,0,,True
CNc1cc(-c2ccc(N3CC[C@H](OC)C3)c3nccn23)nc2c(C(=O)NC3COC[C@H]3O)cnn12,CHEMBL6010026,9.22,,True,JH2,,,,,,,,,,0,,True
CNc1cc(-c2ccc(N3CC[C@H](OC)C3)c3nccn23)nc2c(C(=O)N[C@@H]3C[C@@H]3F)cnn12,CHEMBL5795735,9.22,,True,JH2,,,,,,,,,,0,,True
CNc1cc(-c2ccc(N3CC[C@H](OC)C3)c3nccn23)nc2c(C(=O)N[C@H]3COC[C@H]3O)cnn12,CHEMBL5901367,8.26,,True,JH2,,,,,,,,,,0,,True
CNc1cc(-c2ccn(-c3ccccc3)n2)nc2c(C(N)=O)cnn12,CHEMBL5988299,8.26,,True,JH2,,,,,,,,,,0,,True
CNc1cc(-c2cn(C(C)C)c3nc(OC)ccc23)nc2c(C(=O)NC3CC[C@H]3O)cnn12,CHEMBL5786242,8.26,,True,JH2,,,,,,,,,,0,,True
CNc1cc(-c2cn(C(C)C)c3nc(OC)ccc23)nc2c(C(=O)N[C@H]3CC[C@H]3O)cnn12,CHEMBL5882842,9.22,,True,JH2,,,,,,,,,,0,,True
CNc1cc(-c2cn(C(C)C)c3ncc(C)cc23)nc2c(C(=O)NC3CC3)cnn12,CHEMBL5973937,8.26,,True,JH2,,,,,,,,,,0,,True
CNc1cc(-c2cn(C(C)C)c3ncc(C)cc23)nc2c(C(=O)NC3CCC3)cnn12,CHEMBL5935825,9.22,,True,JH2,,,,,,,,,,0,,True
CNc1cc(-c2cn(C(C)C)c3ncc(C)cc23)nc2c(C(=O)N[C@H]3C[C@H]3F)cnn12,CHEMBL5922527,9.22,,True,JH2,,,,,,,,,,0,,True
CNc1cc(-c2cn(C(C)C)c3ncc(Cl)cc23)nc2c(C(=O)NC3CC3)cnn12,CHEMBL5742382,9.22,,True,JH2,,,,,,,,,,0,,True
CNc1cc(-c2cn(C(C)C)c3ncc(Cl)cc23)nc2c(C(=O)NC3CCC3)cnn12,CHEMBL5876082,8.26,,True,JH2,,,,,,,,,,0,,True
CNc1cc(-c2cn(C(C)C)c3ncc(Cl)cc23)nc2c(C(=O)N[C@H]3C[C@H]3F)cnn12,CHEMBL5856357,9.22,,True,JH2,,,,,,,,,,0,,True
CNc1cc(-c2cn(C(C)C)c3ncc(F)cc23)nc2c(C(=O)N[C@@H]3CC[C@@H]3O)cnn12,CHEMBL5981175,8.26,,True,JH2,,,,,,,,,,0,,True
CNc1cc(-c2cn(C(C)C)c3ncc(F)cc23)nc2c(C(=O)N[C@@H]3CC[C@H]3OC)cnn12,CHEMBL5741852,9.22,,True,JH2,,,,,,,,,,0,,True
CNc1cc(-c2cn(C(C)C)c3ncc(F)cc23)nc2c(C(=O)N[C@H]3CC[C@H]3O)cnn12,CHEMBL6028528,8.26,,True,JH2,,,,,,,,,,0,,True
CNc1cc(-c2cn(C(C)C)c3ncccc23)nc2c(C(=O)NC3CC4(COC4)C3)cnn12,CHEMBL5768618,9.22,,True,JH2,,,,,,,,,,0,,True
CNc1cc(-c2cn(C(C)C)c3ncccc23)nc2c(C(=O)NC3COC[C@@]3(C)O)cnn12,CHEMBL5972963,8.26,,True,JH2,,,,,,,,,,0,,True
CNc1cc(-c2cn(C(C)C)c3ncccc23)nc2c(C(=O)NCC(C)(C)CO)cnn12,CHEMBL5958644,9.22,,True,JH2,,,,,,,,,,0,,True
CNc1cc(-c2cn(C(C)C)c3ncccc23)nc2c(C(=O)NCC3(CO)CC3)cnn12,CHEMBL5750310,9.22,,True,JH2,,,,,,,,,,0,,True
CNc1cc(-c2cn(C(C)C)c3ncccc23)nc2c(C(=O)N[C@@H]3CC[C@@H]3O)cnn12,CHEMBL5820650,9.22,,True,JH2,,,,,,,,,,0,,True
CNc1cc(-c2cn(C(C)C)c3ncccc23)nc2c(C(=O)N[C@@H]3COC[C@]3(C)O)cnn12,CHEMBL5953712,8.26,,True,JH2,,,,,,,,,,0,,True
CNc1cc(-c2cn(C(C)C)c3ncccc23)nc2c(C(=O)N[C@H]3CC[C@@]3(C)O)cnn12,CHEMBL5771719,9.22,,True,JH2,,,,,,,,,,0,,True
CNc1cc(-c2cn(C(C)C)c3ncccc23)nc2c(C(=O)N[C@H]3COC[C@H]3O)cnn12,CHEMBL5884261,8.26,,True,JH2,,,,,,,,,,0,,True
CNc1cc(-c2cn(C(C)C)c3ncccc23)nc2c(C(N)=O)cnn12,CHEMBL6020844,9.22,,True,JH2,,,,,,,,,,0,,True
CNc1cc(-c2cn(C(C)C)c3ncccc23)nn2c(C(=O)N[C@@H]3COC[C@@H]3O)cnc12,CHEMBL5814080,9.22,9.22,False,JH2,,,,,,,,,,0,,True
CNc1cc(-c2cn(C(C)C)c3nnccc23)nc2c(C(=O)N[C@@H]3CC[C@@H]3O)cnn12,CHEMBL5927477,9.22,,True,JH2,,,,,,,,,,0,,True
CNc1cc(-c2cn(C(C)C)c3nnccc23)nc2c(C(=O)N[C@H]3CC[C@@H]3OC)cnn12,CHEMBL5780847,8.26,,True,JH2,,,,,,,,,,0,,True
CNc1cc(-c2cn(C3CC3)c3ncccc23)nc2c(C(=O)N[C@@H]3CC[C@@H]3O)cnn12,CHEMBL5915423,9.22,,True,JH2,,,,,,,,,,0,,True
CNc1cc(-c2cn(C3CC3)c3ncccc23)nc2c(C(=O)N[C@H]3CCC[C@]3(C)O)cnn12,CHEMBL5790589,9.22,,True,JH2,,,,,,,,,,0,,True
CNc1cc(-c2cn(C3CCCC3)c3ncccc23)nc2c(C(=O)N[C@@H]3CCC3(F)F)cnn12,CHEMBL5985404,9.22,,True,JH2,,,,,,,,,,0,,True
CNc1cc(-c2cn(C3CCCC3)c3ncccc23)nc2c(C(=O)N[C@H]3CCC3(F)F)cnn12,CHEMBL5924047,8.26,,True,JH2,,,,,,,,,,0,,True
CNc1cc(-c2cn(C3CCOCC3)c3ncc(F)cc23)nc2c(C(=O)N[C@@H]3CC[C@H]3O)cnn12,CHEMBL5855571,9.22,,True,JH2,,,,,,,,,,0,,True
CNc1cc(-c2cn(C3CCOCC3)c3ncccc23)nc2c(C(=O)N[C@@H]3CCC3(F)F)cnn12,CHEMBL5781625,9.22,,True,JH2,,,,,,,,,,0,,True
CNc1cc(-c2cn(C3CCOCC3)c3ncccc23)nc2c(C(=O)N[C@@H]3CCC[C@@H](O)C3)cnn12,CHEMBL5969168,9.22,,True,JH2,,,,,,,,,,0,,True
CNc1cc(-c2cn(C3CCOCC3)c3ncccc23)nc2c(C(=O)N[C@@H]3CCC[C@@]3(C)O)cnn12,CHEMBL6048720,9.22,,True,JH2,,,,,,,,,,0,,True
CNc1cc(-c2cn(C3CCOCC3)c3ncccc23)nc2c(C(=O)N[C@@H]3CC[C@@H]3O)cnn12,CHEMBL5771121,9.22,,True,JH2,,,,,,,,,,0,,True
CNc1cc(-c2cn(C3CCOCC3)c3ncccc23)nc2c(C(=O)N[C@@H]3CC[C@@]3(C)O)cnn12,CHEMBL6031439,9.22,,True,JH2,,,,,,,,,,0,,True
CNc1cc(-c2cn(C3CCOCC3)c3ncccc23)nc2c(C(=O)N[C@@H]3CC[C@H]3OC)cnn12,CHEMBL5964962,9.22,,True,JH2,,,,,,,,,,0,,True
CNc1cc(-c2cn(C3CCOCC3)c3ncccc23)nc2c(C(=O)N[C@H]3CCC[C@]3(C)O)cnn12,CHEMBL5836814,8.26,,True,JH2,,,,,,,,,,0,,True
CNc1cc(-c2cn(C3CCOCC3)c3ncccc23)nc2c(C(=O)N[C@H]3CC[C@@H]3O)cnn12,CHEMBL5790836,8.26,,True,JH2,,,,,,,,,,0,,True
CNc1cc(-c2cn(C3CCOCC3)c3ncccc23)nc2c(C(=O)N[C@H]3COC[C@H]3O)cnn12,CHEMBL5908221,9.22,,True,JH2,,,,,,,,,,0,,True
CNc1cc(-c2cn(C3CN(C)C3)c3ncccc23)nc2c(C(=O)N[C@@H]3CC[C@@H]3O)cnn12,CHEMBL5933528,9.22,,True,JH2,,,,,,,,,,0,,True
CNc1cc(-c2cn(C3CN(C)C3)c3ncccc23)nc2c(C(=O)N[C@@H]3CC[C@H]3F)cnn12,CHEMBL5800837,9.22,,True,JH2,,,,,,,,,,0,,True
CNc1cc(-c2cn(C3CN(C)C3)c3ncccc23)nc2c(C(=O)N[C@@H]3CC[C@H]3O)cnn12,CHEMBL6033333,9.22,,True,JH2,,,,,,,,,,0,,True
CNc1cc(-c2cn(C3COC3)c3ncccc23)nc2c(C(=O)N[C@@H]3CC[C@@H]3O)cnn12,CHEMBL5846931,9.22,,True,JH2,,,,,,,,,,0,,True
CNc1cc(-c2cn(C3COC3)c3ncccc23)nc2c(C(=O)N[C@@H]3CC[C@H]3O)cnn12,CHEMBL5919855,9.22,,True,JH2,,,,,,,,,,0,,True
CNc1cc(-c2cn(C3COC3)c3ncccc23)nc2c(C(=O)N[C@H]3CCC3(F)F)cnn12,CHEMBL5968235,8.26,,True,JH2,,,,,,,,,,0,,True
CNc1cc(-c2cn(CC(=O)N(C)C)c3ncccc23)nc2c(C(=O)N[C@@H]3CC[C@H]3OC)cnn12,CHEMBL5815036,8.26,,True,JH2,,,,,,,,,,0,,True
CNc1cc(-c2cn(CC(=O)N3CCC3)c3ncccc23)nc2c(C(=O)N[C@@H]3CC[C@H]3OC)cnn12,CHEMBL5896260,8.26,,True,JH2,,,,,,,,,,0,,True
CNc1cc(-c2cn(CC(=O)N3CCCC3)c3ncccc23)nc2c(C(=O)N[C@@H]3CC[C@H]3OC)cnn12,CHEMBL5851730,8.26,,True,JH2,,,,,,,,,,0,,True
CNc1cc(-c2cn(CC(=O)N3CCOCC3)c3ncccc23)nc2c(C(=O)N[C@@H]3CC[C@H]3OC)cnn12,CHEMBL5899278,9.22,,True,JH2,,,,,,,,,,0,,True
CNc1cc(-c2cn(CCCO)c3ncc(F)cc23)nc2c(C(=O)N[C@H]3CC[C@@H]3OC)cnn12,CHEMBL5868177,9.22,,True,JH2,,,,,,,,,,0,,True
CNc1cc(-c2cn(CCCO)c3ncccc23)nc2c(C(=O)N[C@H]3CC[C@@H]3OC)cnn12,CHEMBL5804482,8.74,,True,JH2,,,,,,,,,,0,,True
CNc1cc(-c2cn(CCN3CCCCC3)c3ncccc23)nc2c(C(=O)N[C@@H]3CC[C@@H]3O)cnn12,CHEMBL5857711,8.26,,True,JH2,,,,,,,,,,0,,True
CNc1cc(-c2cn(CCN3CCN(C)CC3)c3ncccc23)nc2c(C(=O)N[C@@H]3CC[C@@H]3O)cnn12,CHEMBL5904875,9.22,,True,JH2,,,,,,,,,,0,,True
CNc1cc(-c2cn(CCN3CCN(C)CC3)c3ncccc23)nc2c(C(=O)N[C@@H]3CC[C@H]3O)cnn12,CHEMBL5981287,9.22,,True,JH2,,,,,,,,,,0,,True
CNc1cc(-c2cn(CCN3CCN(C)CC3)c3ncccc23)nc2c(C(=O)N[C@@H]3CC[C@H]3OC)cnn12,CHEMBL5949848,9.22,,True,JH2,,,,,,,,,,0,,True
CNc1cc(-c2cn(CCN3CCOCC3)c3ncccc23)nc2c(C(=O)NCC(C)(C)CO)cnn12,CHEMBL5960621,9.22,,True,JH2,,,,,,,,,,0,,True
CNc1cc(-c2cn(CCN3CCOCC3)c3ncccc23)nc2c(C(=O)NCC3(CO)CC3)cnn12,CHEMBL5956805,9.22,,True,JH2,,,,,,,,,,0,,True
CNc1cc(-c2cn(CCN3CCOCC3)c3ncccc23)nc2c(C(=O)N[C@@H]3CC[C@@H]3O)cnn12,CHEMBL6011771,9.22,,True,JH2,,,,,,,,,,0,,True
CNc1cc(-c2cn(CCN3CCOCC3)c3ncccc23)nc2c(C(=O)N[C@@H]3CC[C@H]3OC)cnn12,CHEMBL5834326,9.22,,True,JH2,,,,,,,,,,0,,True
CNc1cc(-c2cn(CCN3CCOCC3)c3ncccc23)nc2c(C(=O)N[C@@H]3COC[C@@H]3O)cnn12,CHEMBL5837276,8.26,,True,JH2,,,,,,,,,,0,,True
CNc1cc(-c2cn(CCN3CCOCC3)c3ncccc23)nc2c(C(=O)N[C@H]3CC[C@@H]3O)cnn12,CHEMBL5808348,9.22,,True,JH2,,,,,,,,,,0,,True
CNc1cc(-c2cn(CCN3CCOCC3)c3ncccc23)nc2c(C(=O)N[C@H]3COC[C@H]3O)cnn12,CHEMBL5989303,9.22,,True,JH2,,,,,,,,,,0,,True
CNc1cc(-c2cn(CCN3CCOCC3)c3ncccc23)nn2c(C(=O)N[C@@H]3CC[C@@H]3O)cnc12,CHEMBL5822457,9.22,9.22,False,JH2,,,,,,,,,,0,,True
CNc1cc(-c2cn(CCOC)c3ncccc23)nc2c(C(=O)N[C@@H]3CC[C@H]3OC)cnn12,CHEMBL5902672,8.26,,True,JH2,,,,,,,,,,0,,True
CNc1cc(-c2cn([C@@H]3CC(=O)N(C)C3)c3ncccc23)nc2c(C(=O)N[C@@H]3CC[C@H]3OC)cnn12,CHEMBL5910813,9.22,,True,JH2,,,,,,,,,,0,,True
CNc1cc(-c2cn([C@@H]3CC(=O)N(C4CCOCC4)C3)c3ncccc23)nc2c(C(=O)N[C@@H]3CC[C@H]3OC)cnn12,CHEMBL5847777,9.22,,True,JH2,,,,,,,,,,0,,True
CNc1cc(-c2cn([C@@H]3CC3(F)F)c3ncccc23)nc2c(C(=O)N[C@@H]3CC[C@@H]3O)cnn12,CHEMBL5919194,8.26,,True,JH2,,,,,,,,,,0,,True
CNc1cc(-c2cn([C@@H]3CCC4(C3)OCCO4)c3ncccc23)nc2c(C(=O)N[C@@H]3CC[C@H]3OC)cnn12,CHEMBL5852404,8.26,,True,JH2,,,,,,,,,,0,,True
CNc1cc(-c2cn([C@@H]3CCCOC3)c3ncccc23)nc2c(C(=O)N[C@H]3CC[C@@H]3OC)cnn12,CHEMBL5870266,9.22,,True,JH2,,,,,,,,,,0,,True
CNc1cc(-c2cn([C@@H]3CCCOC3)c3ncccc23)nc2c(C(=O)N[C@H]3COC[C@H]3O)cnn12,CHEMBL5930538,8.74,,True,JH2,,,,,,,,,,0,,True
CNc1cc(-c2cn([C@@H]3CCCOC3)c3ncccc23)nc2c(C(N)=O)cnn12,CHEMBL5996729,9.22,,True,JH2,,,,,,,,,,0,,True
CNc1cc(-c2cn([C@@H]3CCC[C@@H]3F)c3ncccc23)nc2c(C(=O)NC3COC[C@H]3O)cnn12,CHEMBL6027490,9.22,,True,JH2,,,,,,,,,,0,,True
CNc1cc(-c2cn([C@@H]3CCC[C@H]3OC)c3ncccc23)nc2c(C(=O)N[C@H]3CC[C@H]3O)cnn12,CHEMBL5782057,9.22,,True,JH2,,,,,,,,,,0,,True
CNc1cc(-c2cn([C@@H]3CCN(C)C3)c3ncccc23)nc2c(C(=O)N[C@@H]3CC[C@H]3OC)cnn12,CHEMBL5871782,9.22,,True,JH2,,,,,,,,,,0,,True
CNc1cc(-c2cn([C@@H]3CCN(CCF)C3)c3ncccc23)nc2c(C(=O)N[C@@H]3C[C@@H]3F)cnn12,CHEMBL5878020,8.26,,True,JH2,,,,,,,,,,0,,True
CNc1cc(-c2cn([C@@H]3CCOC3)c3ncccc23)nc2c(C(=O)N[C@@H]3CC[C@H]3OC)cnn12,CHEMBL5785210,9.22,,True,JH2,,,,,,,,,,0,,True
CNc1cc(-c2cn([C@@H]3CCOC3)c3ncccc23)nc2c(C(=O)N[C@@H]3COC[C@@H]3O)cnn12,CHEMBL5897008,8.26,,True,JH2,,,,,,,,,,0,,True
CNc1cc(-c2cn([C@@H]3CCOC[C@@H]3F)c3ncccc23)nc2c(C(=O)NC3COC[C@H]3O)cnn12,CHEMBL5880570,9.22,,True,JH2,,,,,,,,,,0,,True
CNc1cc(-c2cn([C@@H]3CCOC[C@@H]3F)c3ncccc23)nc2c(C(=O)N[C@@H]3CC[C@@H]3O)cnn12,CHEMBL5932770,9.22,,True,JH2,,,,,,,,,,0,,True
CNc1cc(-c2cn([C@@H]3CCOC[C@@H]3F)c3ncccc23)nc2c(C(=O)N[C@H]3COC[C@H]3O)cnn12,CHEMBL6043278,8.26,,True,JH2,,,,,,,,,,0,,True
CNc1cc(-c2cn([C@@H]3CCOC[C@@H]3OC)c3ncccc23)nc2c(C(=O)NC3CC[C@@H]3F)cnn12,CHEMBL6031882,9.22,,True,JH2,,,,,,,,,,0,,True
CNc1cc(-c2cn([C@@H]3CCOC[C@@H]3OC)c3ncccc23)nc2c(C(=O)N[C@@H]3CCC3(F)F)cnn12,CHEMBL5841776,8.26,,True,JH2,,,,,,,,,,0,,True
CNc1cc(-c2cn([C@@H]3CCOC[C@@H]3OC)c3ncccc23)nc2c(C(=O)N[C@@H]3CC[C@@H]3O)cnn12,CHEMBL5854532,8.26,,True,JH2,,,,,,,,,,0,,True
CNc1cc(-c2cn([C@@H]3CCOC[C@@H]3OC)c3ncccc23)nc2c(C(=O)N[C@@H]3CC[C@H]3F)cnn12,CHEMBL5854928,8.26,,True,JH2,,,,,,,,,,0,,True
CNc1cc(-c2cn([C@@H]3CCOC[C@@H]3OC)c3ncccc23)nc2c(C(=O)N[C@@H]3CC[C@H]3OC)cnn12,CHEMBL5869902,8.26,,True,JH2,,,,,,,,,,0,,True
CNc1cc(-c2cn([C@@H]3CCOC[C@H]3F)c3ncccc23)nc2c(C(=O)NC3COC[C@H]3O)cnn12,CHEMBL5902630,9.22,,True,JH2,,,,,,,,,,0,,True
CNc1cc(-c2cn([C@@H]3CCOC[C@H]3F)c3ncccc23)nc2c(C(=O)N[C@@H]3CC[C@@H]3O)cnn12,CHEMBL6039712,9.22,,True,JH2,,,,,,,,,,0,,True
CNc1cc(-c2cn([C@@H]3CCOC[C@H]3F)c3ncccc23)nc2c(C(=O)N[C@@H]3COC[C@@H]3O)cnn12,CHEMBL5834483,9.22,,True,JH2,,,,,,,,,,0,,True
CNc1cc(-c2cn([C@@H]3CCOC[C@H]3O)c3ncccc23)nc2c(C(=O)N[C@@H]3CC[C@H]3F)cnn12,CHEMBL5938020,9.22,,True,JH2,,,,,,,,,,0,,True
CNc1cc(-c2cn([C@@H]3CCOC[C@H]3OC)c3ncccc23)nc2c(C(=O)NC3CC[C@H]3F)cnn12,CHEMBL6045677,9.22,,True,JH2,,,,,,,,,,0,,True
CNc1cc(-c2cn([C@@H]3CCOC[C@H]3OC)c3ncccc23)nc2c(C(=O)NC3CC[C@H]3O)cnn12,CHEMBL5940748,8.26,,True,JH2,,,,,,,,,,0,,True
CNc1cc(-c2cn([C@@H]3CCOC[C@H]3OC)c3ncccc23)nc2c(C(=O)N[C@@H]3CC[C@@H]3F)cnn12,CHEMBL5781902,9.22,,True,JH2,,,,,,,,,,0,,True
CNc1cc(-c2cn([C@@H]3CCOC[C@H]3OC)c3ncccc23)nc2c(C(=O)N[C@@H]3CC[C@H]3OC)cnn12,CHEMBL5980748,8.26,,True,JH2,,,,,,,,,,0,,True
CNc1cc(-c2cn([C@@H]3CCOC[C@H]3OC)c3ncccc23)nc2c(C(=O)N[C@H]3CC[C@H]3F)cnn12,CHEMBL6064880,9.22,,True,JH2,,,,,,,,,,0,,True
CNc1cc(-c2cn([C@@H]3CCOC[C@H]3OC)c3ncccc23)nc2c(C(=O)N[C@H]3CC[C@H]3O)cnn12,CHEMBL5948944,8.26,,True,JH2,,,,,,,,,,0,,True
CNc1cc(-c2cn([C@@H]3CN(C)C[C@H]3F)c3ncccc23)nc2c(C(=O)N[C@@H]3CC[C@H]3OC)cnn12,CHEMBL5782004,9.22,,True,JH2,,,,,,,,,,0,,True
CNc1cc(-c2cn([C@@H]3CN(C)C[C@H]3OC)c3ncccc23)nc2c(C(=O)N[C@@H]3CC[C@H]3OC)cnn12,CHEMBL5812070,8.26,,True,JH2,,,,,,,,,,0,,True
CNc1cc(-c2cn([C@@H]3COC[C@@H]3F)c3ncccc23)nc2c(C(=O)N[C@@H]3CC[C@@H]3O)cnn12,CHEMBL5749187,9.22,,True,JH2,,,,,,,,,,0,,True
CNc1cc(-c2cn([C@@H]3COC[C@@H]3F)c3ncccc23)nc2c(C(=O)N[C@H]3COC[C@H]3O)cnn12,CHEMBL6056096,8.26,,True,JH2,,,,,,,,,,0,,True
CNc1cc(-c2cn([C@@H]3COC[C@H]3O)c3ncccc23)nc2c(C(=O)N[C@@H]3CCC3(F)F)cnn12,CHEMBL5967286,9.22,,True,JH2,,,,,,,,,,0,,True
CNc1cc(-c2cn([C@@H]3COC[C@H]3O)c3ncccc23)nc2c(C(=O)N[C@@H]3CC[C@@H]3O)cnn12,CHEMBL5948926,8.26,,True,JH2,,,,,,,,,,0,,True
CNc1cc(-c2cn([C@@H]3COC[C@H]3O)c3ncccc23)nc2c(C(=O)N[C@@H]3CC[C@H]3F)cnn12,CHEMBL6003354,9.22,,True,JH2,,,,,,,,,,0,,True
CNc1cc(-c2cn([C@@H]3COC[C@H]3O)c3ncccc23)nc2c(C(=O)N[C@H]3CC[C@@H]3OC)cnn12,CHEMBL5878846,8.26,,True,JH2,,,,,,,,,,0,,True
CNc1cc(-c2cn([C@@H]3COC[C@H]3OC)c3ccccc23)nc2c(C(=O)N[C@@H]3CC[C@@H]3O)cnn12,CHEMBL6056201,9.22,,True,JH2,,,,,,,,,,0,,True
CNc1cc(-c2cn([C@@H]3COC[C@H]3OC)c3ccccc23)nc2c(C(=O)N[C@H]3CC[C@@H]3OC)cnn12,CHEMBL5755376,8.26,,True,JH2,,,,,,,,,,0,,True
CNc1cc(-c2cn([C@@H]3COC[C@H]3OC)c3ncccc23)nc2c(C(=O)N[C@@H]3CC[C@H]3F)cnn12,CHEMBL5900090,8.26,,True,JH2,,,,,,,,,,0,,True
CNc1cc(-c2cn([C@@H]3COC[C@H]3OC)c3ncccc23)nc2c(C(=O)N[C@@H]3CC[C@H]3OC)cnn12,CHEMBL5884479,9.22,,True,JH2,,,,,,,,,,0,,True
CNc1cc(-c2cn([C@@H]3COC[C@H]3OC)c3ncccc23)nc2c(C(=O)N[C@H]3CC[C@H]3O)cnn12,CHEMBL5778985,8.26,,True,JH2,,,,,,,,,,0,,True
CNc1cc(-c2cn([C@H]3CC(=O)N(C)C3)c3ncccc23)nc2c(C(=O)N[C@@H]3CC[C@H]3OC)cnn12,CHEMBL5939690,8.26,,True,JH2,,,,,,,,,,0,,True
CNc1cc(-c2cn([C@H]3CC(=O)N(C4CCOCC4)C3)c3ncccc23)nc2c(C(=O)N[C@@H]3CC[C@H]3OC)cnn12,CHEMBL5834400,9.22,,True,JH2,,,,,,,,,,0,,True
CNc1cc(-c2cn([C@H]3CC3(F)F)c3ncccc23)nc2c(C(=O)N[C@H]3COC[C@H]3O)cnn12,CHEMBL5931906,8.26,,True,JH2,,,,,,,,,,0,,True
CNc1cc(-c2cn([C@H]3CCC4(C3)OCCO4)c3ncccc23)nc2c(C(=O)N[C@@H]3CC[C@H]3OC)cnn12,CHEMBL5821684,8.26,,True,JH2,,,,,,,,,,0,,True
CNc1cc(-c2cn([C@H]3CCCOC3)c3ncccc23)nc2c(C(=O)N[C@@H]3CC[C@H]3OC)cnn12,CHEMBL5789302,8.26,,True,JH2,,,,,,,,,,0,,True
CNc1cc(-c2cn([C@H]3CCCOC3)c3ncccc23)nc2c(C(=O)N[C@@H]3COC[C@@H]3O)cnn12,CHEMBL5814116,8.26,,True,JH2,,,,,,,,,,0,,True
CNc1cc(-c2cn([C@H]3CCCOC3)c3ncccc23)nc2c(C(=O)N[C@H]3CC[C@@H]3OC)cnn12,CHEMBL5953969,8.26,,True,JH2,,,,,,,,,,0,,True
CNc1cc(-c2cn([C@H]3CCCOC3)c3ncccc23)nc2c(C(=O)N[C@H]3CC[C@H]3O)cnn12,CHEMBL5907397,9.22,,True,JH2,,,,,,,,,,0,,True
CNc1cc(-c2cn([C@H]3CCCOC3)c3ncccc23)nc2c(C(=O)N[C@H]3COC[C@H]3O)cnn12,CHEMBL5874775,8.26,,True,JH2,,,,,,,,,,0,,True
CNc1cc(-c2cn([C@H]3CCC[C@@H]3OC)c3ncccc23)nc2c(C(=O)N[C@@H]3CC[C@@H]3O)cnn12,CHEMBL5972330,8.26,,True,JH2,,,,,,,,,,0,,True
CNc1cc(-c2cn([C@H]3CCC[C@@H]3OC)c3ncccc23)nc2c(C(=O)N[C@H]3CC[C@H]3O)cnn12,CHEMBL5831374,8.74,,True,JH2,,,,,,,,,,0,,True
CNc1cc(-c2cn([C@H]3CCC[C@H]3F)c3ncccc23)nc2c(C(=O)N[C@@H]3COC[C@@H]3O)cnn12,CHEMBL5951834,8.26,,True,JH2,,,,,,,,,,0,,True
CNc1cc(-c2cn([C@H]3CCN(C)C3)c3ncccc23)nc2c(C(=O)N[C@@H]3CCC3(F)F)cnn12,CHEMBL5887137,9.22,,True,JH2,,,,,,,,,,0,,True
CNc1cc(-c2cn([C@H]3CCN(C)C3)c3ncccc23)nc2c(C(=O)N[C@@H]3CC[C@H]3OC)cnn12,CHEMBL5751184,9.22,,True,JH2,,,,,,,,,,0,,True
CNc1cc(-c2cn([C@H]3CCN(CCF)C3)c3cnccc23)nc2c(C(=O)NC3CC3)cnn12,CHEMBL5766984,9.22,9.22,False,JH2,,,,,,,,,,0,,True
CNc1cc(-c2cn([C@H]3CCN(CCF)C3)c3cnccc23)nc2c(C(=O)N[C@@H]3C[C@@H]3F)cnn12,CHEMBL5785223,9.22,9.22,False,JH2,,,,,,,,,,0,,True
CNc1cc(-c2cn([C@H]3CCN(CCF)C3)c3ncccc23)nc2c(C(=O)NC3CC3)cnn12,CHEMBL5928906,9.22,,True,JH2,,,,,,,,,,0,,True
CNc1cc(-c2cn([C@H]3CCN(CCF)C3)c3ncccc23)nc2c(C(=O)N[C@@H]3C[C@@H]3F)cnn12,CHEMBL5782283,9.22,,True,JH2,,,,,,,,,,0,,True
CNc1cc(-c2cn([C@H]3CCOC3)c3ncccc23)nc2c(C(=O)N[C@@H]3CC[C@H]3OC)cnn12,CHEMBL5783710,8.26,,True,JH2,,,,,,,,,,0,,True
CNc1cc(-c2cn([C@H]3CCOC[C@@H]3F)c3ncccc23)nc2c(C(=O)N[C@@H]3CC[C@@H]3O)cnn12,CHEMBL5826967,8.26,,True,JH2,,,,,,,,,,0,,True
CNc1cc(-c2cn([C@H]3CCOC[C@@H]3F)c3ncccc23)nc2c(C(=O)N[C@@H]3CC[C@H]3OC)cnn12,CHEMBL5980025,8.26,,True,JH2,,,,,,,,,,0,,True
CNc1cc(-c2cn([C@H]3CCOC[C@@H]3F)c3ncccc23)nc2c(C(=O)N[C@@H]3COC[C@@H]3O)cnn12,CHEMBL5865943,9.22,,True,JH2,,,,,,,,,,0,,True
CNc1cc(-c2cn([C@H]3CCOC[C@@H]3O)c3ncccc23)nc2c(C(=O)N[C@@H]3CC[C@H]3F)cnn12,CHEMBL5795454,9.22,,True,JH2,,,,,,,,,,0,,True
CNc1cc(-c2cn([C@H]3CCOC[C@@H]3O)c3ncccc23)nc2c(C(=O)N[C@@H]3CC[C@H]3OC)cnn12,CHEMBL5885625,9.22,,True,JH2,,,,,,,,,,0,,True
CNc1cc(-c2cn([C@H]3CCOC[C@@H]3OC)c3ncccc23)nc2c(C(=O)NC3CC[C@H]3F)cnn12,CHEMBL5885551,9.22,,True,JH2,,,,,,,,,,0,,True
CNc1cc(-c2cn([C@H]3CCOC[C@@H]3OC)c3ncccc23)nc2c(C(=O)NC3CC[C@H]3O)cnn12,CHEMBL5753256,9.22,,True,JH2,,,,,,,,,,0,,True
CNc1cc(-c2cn([C@H]3CCOC[C@@H]3OC)c3ncccc23)nc2c(C(=O)N[C@@H]3CC[C@@H]3F)cnn12,CHEMBL5846003,9.22,,True,JH2,,,,,,,,,,0,,True
CNc1cc(-c2cn([C@H]3CCOC[C@@H]3OC)c3ncccc23)nc2c(C(=O)N[C@@H]3CC[C@H]3OC)cnn12,CHEMBL5901006,8.26,,True,JH2,,,,,,,,,,0,,True
CNc1cc(-c2cn([C@H]3CCOC[C@@H]3OC)c3ncccc23)nc2c(C(=O)N[C@H]3CC[C@H]3F)cnn12,CHEMBL5923909,9.22,,True,JH2,,,,,,,,,,0,,True
CNc1cc(-c2cn([C@H]3CCOC[C@@H]3OC)c3ncccc23)nc2c(C(=O)N[C@H]3CC[C@H]3O)cnn12,CHEMBL5968526,9.22,,True,JH2,,,,,,,,,,0,,True
CNc1cc(-c2cn([C@H]3CCOC[C@H]3F)c3ncccc23)nc2c(C(=O)N[C@H]3COC[C@H]3O)cnn12,CHEMBL5888396,8.26,,True,JH2,,,,,,,,,,0,,True
CNc1cc(-c2cn([C@H]3CCOC[C@H]3OC)c3ncccc23)nc2c(C(=O)NC3CC[C@H]3O)cnn12,CHEMBL5820913,9.22,,True,JH2,,,,,,,,,,0,,True
CNc1cc(-c2cn([C@H]3CCOC[C@H]3OC)c3ncccc23)nc2c(C(=O)N[C@@H]3CC[C@@H]3O)cnn12,CHEMBL5878410,8.26,,True,JH2,,,,,,,,,,0,,True
CNc1cc(-c2cn([C@H]3CCOC[C@H]3OC)c3ncccc23)nc2c(C(=O)N[C@@H]3CC[C@H]3F)cnn12,CHEMBL5960074,8.26,,True,JH2,,,,,,,,,,0,,True
CNc1cc(-c2cn([C@H]3CCOC[C@H]3OC)c3ncccc23)nc2c(C(=O)N[C@@H]3CC[C@H]3OC)cnn12,CHEMBL5834563,9.22,,True,JH2,,,,,,,,,,0,,True
CNc1cc(-c2cn([C@H]3CCOC[C@H]3OC)c3ncccc23)nc2c(C(=O)N[C@H]3CCC3(F)F)cnn12,CHEMBL5886347,8.26,,True,JH2,,,,,,,,,,0,,True
CNc1cc(-c2cn([C@H]3CN(C)C[C@@H]3F)c3ncccc23)nc2c(C(=O)N[C@@H]3CC[C@H]3OC)cnn12,CHEMBL6024273,8.26,,True,JH2,,,,,,,,,,0,,True
CNc1cc(-c2cn([C@H]3CN(C)C[C@@H]3OC)c3ncccc23)nc2c(C(=O)N[C@@H]3CC[C@H]3OC)cnn12,CHEMBL6037702,9.22,,True,JH2,,,,,,,,,,0,,True
CNc1cc(-c2cn([C@H]3COC[C@@H]3O)c3ncccc23)nc2c(C(=O)N[C@@H]3CCC3(F)F)cnn12,CHEMBL5990326,9.22,,True,JH2,,,,,,,,,,0,,True
CNc1cc(-c2cn([C@H]3COC[C@@H]3O)c3ncccc23)nc2c(C(=O)N[C@@H]3CC[C@@H]3O)cnn12,CHEMBL5820701,8.26,,True,JH2,,,,,,,,,,0,,True
CNc1cc(-c2cn([C@H]3COC[C@@H]3O)c3ncccc23)nc2c(C(=O)N[C@@H]3CC[C@H]3F)cnn12,CHEMBL5981036,9.22,,True,JH2,,,,,,,,,,0,,True
CNc1cc(-c2cn([C@H]3COC[C@@H]3O)c3ncccc23)nc2c(C(=O)N[C@@H]3CC[C@H]3OC)cnn12,CHEMBL5812929,9.22,,True,JH2,,,,,,,,,,0,,True
CNc1cc(-c2cn([C@H]3COC[C@@H]3OC)c3ccccc23)nc2c(C(=O)N[C@@H]3CC[C@@H]3O)cnn12,CHEMBL5908531,9.22,,True,JH2,,,,,,,,,,0,,True
CNc1cc(-c2cn([C@H]3COC[C@@H]3OC)c3ccccc23)nc2c(C(=O)N[C@@H]3CC[C@H]3OC)cnn12,CHEMBL6061229,8.26,,True,JH2,,,,,,,,,,0,,True
CNc1cc(-c2cn([C@H]3COC[C@@H]3OC)c3ncccc23)nc2c(C(=O)N[C@@H]3CC[C@@H]3O)cnn12,CHEMBL6009299,8.26,,True,JH2,,,,,,,,,,0,,True
CNc1cc(-c2cn([C@H]3COC[C@@H]3OC)c3ncccc23)nc2c(C(=O)N[C@@H]3CC[C@H]3F)cnn12,CHEMBL5766125,9.22,,True,JH2,,,,,,,,,,0,,True
CNc1cc(-c2cn([C@H]3COC[C@@H]3OC)c3ncccc23)nc2c(C(=O)N[C@@H]3CC[C@H]3OC)cnn12,CHEMBL5909595,9.22,,True,JH2,,,,,,,,,,0,,True
CNc1cc(-c2cn([C@H]3COC[C@H]3F)c3ncccc23)nc2c(C(=O)N[C@@H]3CC[C@H]3OC)cnn12,CHEMBL5954863,9.22,,True,JH2,,,,,,,,,,0,,True
CNc1cc(-c2cn([C@H]3COC[C@H]3F)c3ncccc23)nc2c(C(=O)N[C@@H]3COC[C@@H]3O)cnn12,CHEMBL5940360,8.26,,True,JH2,,,,,,,,,,0,,True
CNc1cc(-c2cn([C@H]3CO[C@@H](COC)C3)c3ncccc23)nc2c(C(=O)N[C@@H]3CC[C@H]3OC)cnn12,CHEMBL6021651,8.26,,True,JH2,,,,,,,,,,0,,True
CNc1cc(-c2cn([C@H]3C[C@@H](COC)C3)c3ncccc23)nc2c(C(=O)N[C@H]3CC[C@H]3O)cnn12,CHEMBL5808839,8.26,,True,JH2,,,,,,,,,,0,,True
CNc1cc(-c2cn([C@H]3C[C@@H](O)C3)c3ncccc23)nc2c(C(=O)N[C@@H]3CCC3(F)F)cnn12,CHEMBL5932742,9.22,,True,JH2,,,,,,,,,,0,,True
CNc1cc(-c2cn([C@H]3C[C@@H](O)C3)c3ncccc23)nc2c(C(=O)N[C@@H]3CC[C@@H]3O)cnn12,CHEMBL5907487,9.22,,True,JH2,,,,,,,,,,0,,True
CNc1cc(-c2cn([C@H]3C[C@@H](O)C3)c3ncccc23)nc2c(C(=O)N[C@@H]3CC[C@H]3F)cnn12,CHEMBL5856557,9.22,,True,JH2,,,,,,,,,,0,,True
CNc1cc(-c2cn([C@H]3C[C@@H](O)C3)c3ncccc23)nc2c(C(=O)N[C@@H]3CC[C@H]3OC)cnn12,CHEMBL5905364,9.22,,True,JH2,,,,,,,,,,0,,True
CNc1cc(-c2cn([C@H]3C[C@@H](OC)C3)c3ncccc23)nc2c(C(=O)N[C@@H]3CC[C@H]3OC)cnn12,CHEMBL5984663,9.22,,True,JH2,,,,,,,,,,0,,True
CNc1cc(-c2cn([C@H]3[C@@H]4COC[C@@H]43)c3ncccc23)nc2c(C(=O)N[C@@H]3CC[C@H]3OC)cnn12,CHEMBL6002166,9.22,,True,JH2,,,,,,,,,,0,,True
CNc1cc(-c2cnc3n(C4CCN(CCOC)CC4)cccc2-3)nc2c(C(=O)N[C@@H]3CC[C@H]3OC)cnn12,CHEMBL6065628,9.22,,True,JH2,,,,,,,,,,0,,True
CNc1cc(-c2cnc3n(CC(=O)N4CCC4)cccc2-3)nc2c(C(=O)N[C@@H]3CC[C@H]3OC)cnn12,CHEMBL5850250,9.22,,True,JH2,,,,,,,,,,0,,True
CNc1cc(-c2cnc3n(CC(C)(C)O)cccc2-3)nc2c(C(=O)N[C@@H]3CC[C@H]3OC)cnn12,CHEMBL5885104,9.22,,True,JH2,,,,,,,,,,0,,True
CNc1cc(-c2cnc3n(CCCN4CCOCC4)cccc2-3)nc2c(C(=O)N[C@@H]3CC[C@H]3OC)cnn12,CHEMBL5778606,9.22,,True,JH2,,,,,,,,,,0,,True
CNc1cc(-c2cnc3n([C@@H]4CCOC[C@@H]4F)cccc2-3)nc2c(C(=O)NC3COC[C@H]3O)cnn12,CHEMBL5762627,9.22,,True,JH2,,,,,,,,,,0,,True
CNc1cc(-c2cnc3n([C@@H]4CCOC[C@@H]4F)cccc2-3)nc2c(C(=O)N[C@@H]3CC[C@@H]3O)cnn12,CHEMBL6010395,9.22,,True,JH2,,,,,,,,,,0,,True
CNc1cc(-c2cnc3n([C@@H]4CCOC[C@@H]4F)cccc2-3)nc2c(C(=O)N[C@H]3COC[C@H]3O)cnn12,CHEMBL5991338,8.26,,True,JH2,,,,,,,,,,0,,True
CNc1cc(-c2cnc3n([C@@H]4CCOC[C@H]4O)cccc2-3)nc2c(C(=O)N[C@@H]3CC[C@H]3F)cnn12,CHEMBL6042941,9.22,,True,JH2,,,,,,,,,,0,,True
CNc1cc(-c2cnc3n([C@@H]4CCOC[C@H]4OC)cccc2-3)nc2c(C(=O)NC3CC[C@H]3F)cnn12,CHEMBL5970434,9.22,,True,JH2,,,,,,,,,,0,,True
CNc1cc(-c2cnc3n([C@@H]4CCOC[C@H]4OC)cccc2-3)nc2c(C(=O)NC3CC[C@H]3O)cnn12,CHEMBL5957137,8.26,,True,JH2,,,,,,,,,,0,,True
CNc1cc(-c2cnc3n([C@@H]4CCOC[C@H]4OC)cccc2-3)nc2c(C(=O)N[C@@H]3CC[C@@H]3F)cnn12,CHEMBL5934661,9.22,,True,JH2,,,,,,,,,,0,,True
CNc1cc(-c2cnc3n([C@@H]4CCOC[C@H]4OC)cccc2-3)nc2c(C(=O)N[C@H]3CC[C@@H]3OC)cnn12,CHEMBL5786270,8.26,,True,JH2,,,,,,,,,,0,,True
CNc1cc(-c2cnc3n([C@@H]4CCOC[C@H]4OC)cccc2-3)nc2c(C(=O)N[C@H]3CC[C@H]3F)cnn12,CHEMBL5978695,9.22,,True,JH2,,,,,,,,,,0,,True
CNc1cc(-c2cnc3n([C@@H]4CCOC[C@H]4OC)cccc2-3)nc2c(C(=O)N[C@H]3CC[C@H]3O)cnn12,CHEMBL5900959,8.26,,True,JH2,,,,,,,,,,0,,True
CNc1cc(-c2cnc3n([C@@H]4CN(C)C[C@H]4OC)cccc2-3)nc2c(C(=O)N[C@@H]3CC[C@H]3OC)cnn12,CHEMBL5931709,8.26,,True,JH2,,,,,,,,,,0,,True
CNc1cc(-c2cnc3n([C@@H]4COC[C@H]4O)cccc2-3)nc2c(C(=O)N[C@@H]3CCC3(F)F)cnn12,CHEMBL5919786,9.22,,True,JH2,,,,,,,,,,0,,True
CNc1cc(-c2cnc3n([C@@H]4COC[C@H]4O)cccc2-3)nc2c(C(=O)N[C@@H]3CC[C@@H]3O)cnn12,CHEMBL5886056,8.26,,True,JH2,,,,,,,,,,0,,True
CNc1cc(-c2cnc3n([C@@H]4COC[C@H]4O)cccc2-3)nc2c(C(=O)N[C@@H]3CC[C@H]3F)cnn12,CHEMBL6018366,9.22,,True,JH2,,,,,,,,,,0,,True
CNc1cc(-c2cnc3n([C@@H]4COC[C@H]4O)cccc2-3)nc2c(C(=O)N[C@H]3CC[C@@H]3OC)cnn12,CHEMBL5773743,8.26,,True,JH2,,,,,,,,,,0,,True
CNc1cc(-c2cnc3n([C@@H]4COC[C@H]4OC)cccc2-3)nc2c(C(=O)N[C@@H]3CC[C@H]3F)cnn12,CHEMBL6018227,8.26,,True,JH2,,,,,,,,,,0,,True
CNc1cc(-c2cnc3n([C@@H]4COC[C@H]4OC)cccc2-3)nc2c(C(=O)N[C@@H]3CC[C@H]3O)cnn12,CHEMBL5973252,9.22,,True,JH2,,,,,,,,,,0,,True
CNc1cc(-c2cnc3n([C@@H]4COC[C@H]4OC)cccc2-3)nc2c(C(=O)N[C@H]3CC[C@@H]3OC)cnn12,CHEMBL5969850,9.22,,True,JH2,,,,,,,,,,0,,True
CNc1cc(-c2cnc3n([C@@H]4COC[C@H]4OC)cccc2-3)nc2c(C(=O)N[C@H]3CC[C@H]3O)cnn12,CHEMBL5980874,8.26,,True,JH2,,,,,,,,,,0,,True
CNc1cc(-c2cnc3n([C@H]4CCOC4)cccc2-3)nc2c(C(=O)N[C@@H]3CC[C@H]3OC)cnn12,CHEMBL5787454,9.22,,True,JH2,,,,,,,,,,0,,True
CNc1cc(-c2cnc3n([C@H]4CCOC[C@@H]4O)cccc2-3)nc2c(C(=O)N[C@@H]3CC[C@H]3F)cnn12,CHEMBL5873246,9.22,,True,JH2,,,,,,,,,,0,,True
CNc1cc(-c2cnc3n([C@H]4CCOC[C@@H]4O)cccc2-3)nc2c(C(=O)N[C@H]3CC[C@@H]3OC)cnn12,CHEMBL5986348,9.22,,True,JH2,,,,,,,,,,0,,True
CNc1cc(-c2cnc3n([C@H]4CCOC[C@@H]4OC)cccc2-3)nc2c(C(=O)NC3CC[C@H]3F)cnn12,CHEMBL5998601,9.22,,True,JH2,,,,,,,,,,0,,True
CNc1cc(-c2cnc3n([C@H]4CCOC[C@@H]4OC)cccc2-3)nc2c(C(=O)NC3CC[C@H]3O)cnn12,CHEMBL5809358,9.22,,True,JH2,,,,,,,,,,0,,True
CNc1cc(-c2cnc3n([C@H]4CCOC[C@@H]4OC)cccc2-3)nc2c(C(=O)N[C@@H]3CC[C@@H]3F)cnn12,CHEMBL5959546,9.22,,True,JH2,,,,,,,,,,0,,True
CNc1cc(-c2cnc3n([C@H]4CCOC[C@@H]4OC)cccc2-3)nc2c(C(=O)N[C@H]3CC[C@@H]3OC)cnn12,CHEMBL6017717,8.26,,True,JH2,,,,,,,,,,0,,True
CNc1cc(-c2cnc3n([C@H]4CCOC[C@@H]4OC)cccc2-3)nc2c(C(=O)N[C@H]3CC[C@H]3F)cnn12,CHEMBL5992924,9.22,,True,JH2,,,,,,,,,,0,,True
CNc1cc(-c2cnc3n([C@H]4CCOC[C@@H]4OC)cccc2-3)nc2c(C(=O)N[C@H]3CC[C@H]3O)cnn12,CHEMBL5769255,9.22,,True,JH2,,,,,,,,,,0,,True
CNc1cc(-c2cnc3n([C@H]4CCOC[C@H]4F)cccc2-3)nc2c(C(=O)N[C@@H]3CC[C@@H]3O)cnn12,CHEMBL5838919,8.26,,True,JH2,,,,,,,,,,0,,True
CNc1cc(-c2cnc3n([C@H]4CCOC[C@H]4F)cccc2-3)nc2c(C(=O)N[C@H]3COC[C@H]3O)cnn12,CHEMBL6025174,8.26,,True,JH2,,,,,,,,,,0,,True
CNc1cc(-c2cnc3n([C@H]4CN(C)C[C@@H]4OC)cccc2-3)nc2c(C(=O)N[C@@H]3CC[C@H]3OC)cnn12,CHEMBL5960610,9.22,,True,JH2,,,,,,,,,,0,,True
CNc1cc(-c2cnc3n([C@H]4COC[C@@H]4O)cccc2-3)nc2c(C(=O)N[C@@H]3CCC3(F)F)cnn12,CHEMBL5831717,9.22,,True,JH2,,,,,,,,,,0,,True
CNc1cc(-c2cnc3n([C@H]4COC[C@@H]4O)cccc2-3)nc2c(C(=O)N[C@@H]3CC[C@@H]3O)cnn12,CHEMBL5984612,8.26,,True,JH2,,,,,,,,,,0,,True
CNc1cc(-c2cnc3n([C@H]4COC[C@@H]4O)cccc2-3)nc2c(C(=O)N[C@@H]3CC[C@H]3F)cnn12,CHEMBL5874041,9.22,,True,JH2,,,,,,,,,,0,,True
CNc1cc(-c2cnc3n([C@H]4COC[C@@H]4O)cccc2-3)nc2c(C(=O)N[C@H]3CC[C@@H]3OC)cnn12,CHEMBL5789268,9.22,,True,JH2,,,,,,,,,,0,,True
CNc1cc(-c2cnc3n([C@H]4COC[C@@H]4OC)cccc2-3)nc2c(C(=O)N[C@@H]3CC[C@@H]3O)cnn12,CHEMBL5942646,8.26,,True,JH2,,,,,,,,,,0,,True
CNc1cc(-c2cnc3n([C@H]4COC[C@@H]4OC)cccc2-3)nc2c(C(=O)N[C@@H]3CC[C@H]3F)cnn12,CHEMBL5963371,9.22,,True,JH2,,,,,,,,,,0,,True
CNc1cc(-c2cnc3n([C@H]4COC[C@@H]4OC)cccc2-3)nc2c(C(=O)N[C@@H]3CC[C@H]3O)cnn12,CHEMBL5829547,9.22,,True,JH2,,,,,,,,,,0,,True
CNc1cc(-c2cnc3n([C@H]4COC[C@@H]4OC)cccc2-3)nc2c(C(=O)N[C@H]3CC[C@@H]3O)cnn12,CHEMBL5968225,9.22,,True,JH2,,,,,,,,,,0,,True
CNc1cc(-c2cnc3n([C@H]4COC[C@@H]4OC)cccc2-3)nc2c(C(=O)N[C@H]3CC[C@@H]3OC)cnn12,CHEMBL5868027,9.22,,True,JH2,,,,,,,,,,0,,True
CNc1cc(-c2cnc3nn(C(C)C)ccc2-3)nc2c(C(=O)NC3CC[C@@H]3OC)cnn12,CHEMBL5953834,8.26,,True,JH2,,,,,,,,,,0,,True
CNc1cc(-c2cnc3nn(C(C)C)ccc2-3)nc2c(C(=O)NC3CC[C@H]3O)cnn12,CHEMBL5782002,8.26,,True,JH2,,,,,,,,,,0,,True
CNc1cc(-c2cnc3nn(C(C)C)ccc2-3)nc2c(C(=O)N[C@@H]3CC[C@H]3OC)cnn12,CHEMBL5856061,9.22,,True,JH2,,,,,,,,,,0,,True
CNc1cc(-c2cnc3nn(C(C)C)ccc2-3)nc2c(C(=O)N[C@H]3CC[C@H]3O)cnn12,CHEMBL5945403,8.26,,True,JH2,,,,,,,,,,0,,True
CNc1cc(-c2cnn(-c3ccccc3)c2)nc2c(C(N)=O)cnn12,CHEMBL6062445,9.22,,True,JH2,,,,,,,,,,0,,True
CNc1cc(-c2nn(C(C)C)c3ncccc23)nc2c(C(=O)NC3CC3)cnn12,CHEMBL5933604,9.22,,True,JH2,,,,,,,,,,0,,True
CNc1cc(-c2nn(C3CCOC3)c3ncccc23)nc2c(C(=O)NC3CC3)cnn12,CHEMBL5950604,9.22,,True,JH2,,,,,,,,,,0,,True
CNc1cc(-c2nn(C3CCOCC3)c3ncccc23)nc2c(C(=O)NC3CC3)cnn12,CHEMBL5829735,9.22,,True,JH2,,,,,,,,,,0,,True
CNc1cc(-c2nn(C3CCOCC3)c3ncccc23)nc2c(C(=O)N[C@H]3C[C@H]3F)cnn12,CHEMBL6004769,9.22,,True,JH2,,,,,,,,,,0,,True
CNc1cc(-c2nn(CCN3CCCCC3)c3ncccc23)nc2c(C(=O)NC3CC3)cnn12,CHEMBL6056566,8.26,,True,JH2,,,,,,,,,,0,,True
CNc1cc(-c2nn(CCN3CCCCC3)c3ncccc23)nc2c(C(=O)N[C@H]3C[C@H]3F)cnn12,CHEMBL5796152,9.22,,True,JH2,,,,,,,,,,0,,True
CNc1cc(-c2nn(CCN3CCN(C)CC3)c3ncccc23)nc2c(C(=O)NC3CC3)cnn12,CHEMBL5937589,8.26,,True,JH2,,,,,,,,,,0,,True
CNc1cc(-c2nn(CCN3CCN(C)CC3)c3ncccc23)nc2c(C(=O)N[C@H]3C[C@H]3F)cnn12,CHEMBL5974498,9.22,,True,JH2,,,,,,,,,,0,,True
CNc1cc(-c2nn(CCN3CCOCC3)c3ncccc23)nc2c(C(=O)NC3CC3)cnn12,CHEMBL5941710,8.26,,True,JH2,,,,,,,,,,0,,True
CNc1cc(-c2nn(CCN3CCOCC3)c3ncccc23)nc2c(C(=O)N[C@H]3C[C@H]3F)cnn12,CHEMBL5753968,8.26,,True,JH2,,,,,,,,,,0,,True
CNc1cc(-c2nn([C@@H]3CCOC3)c3ncccc23)nc2c(C(=O)N[C@@H]3C[C@@H]3F)cnn12,CHEMBL5765767,9.22,,True,JH2,,,,,,,,,,0,,True
CNc1cc(-c2nn([C@H]3CCOC3)c3ncccc23)nc2c(C(=O)N[C@@H]3C[C@@H]3F)cnn12,CHEMBL6031877,9.22,,True,JH2,,,,,,,,,,0,,True
CNc1cc(-n2cc(N3CCCC3)c3ncccc32)nc2c(C(=O)NC3CC3)cnn12,CHEMBL5869073,8.26,,True,JH2,,,,,,,,,,0,,True
CNc1cc(-n2cc(N3CCCC3)c3ncccc32)nc2c(C(=O)N[C@@H]3C[C@@H]3F)cnn12,CHEMBL6040247,9.22,,True,JH2,,,,,,,,,,0,,True
CNc1cc(-n2cc(N3CCN(C)CC3)c3ncccc32)nc2c(C(=O)NC3CC3)cnn12,CHEMBL5958097,8.26,,True,JH2,,,,,,,,,,0,,True
CNc1cc(-n2cc(N3CCN(C)CC3)c3ncccc32)nc2c(C(=O)N[C@H]3C[C@H]3F)cnn12,CHEMBL5845872,8.26,,True,JH2,,,,,,,,,,0,,True
CNc1cc(-n2cc(N3CCOCC3)c3ncccc32)nc2c(C(=O)NC3CC3)cnn12,CHEMBL6031157,8.26,,True,JH2,,,,,,,,,,0,,True
CNc1cc(-n2cc(N3CCOCC3)c3ncccc32)nc2c(C(=O)N[C@H]3C[C@H]3F)cnn12,CHEMBL5791376,8.26,,True,JH2,,,,,,,,,,0,,True
CNc1cc(C2=CN(C(C)C)C3N=CC(F)=CC23)nc2c(C(=O)N[C@@H]3CC[C@@H]3O)cnn12,CHEMBL6050705,8.26,8.26,False,JH2,,,,,,,,,,0,,True
CNc1cc(C2=CN(C(C)C)C3N=CC(F)=CC23)nc2c(C(=O)N[C@H]3CC[C@H]3O)cnn12,CHEMBL6015938,8.26,8.26,False,JH2,,,,,,,,,,0,,True
CNc1cc(NC(=O)c2c(Cl)cccc2Cl)ccn1,CHEMBL2420820,5.82,5.82,False,Other,,,,,,,,,,0,,False
CNc1cc(Nc2c(F)c(F)cc(F)c2F)nn2c(C(=O)NC[C@](C)(O)CO)cnc12,CHEMBL4291200,6.52,6.52,False,JH2,,,,,,,,,,0,,True
CNc1cc(Nc2c(F)ccn(-c3nccs3)c2=O)nc2c(C(=O)NC3CC3)cnn12,CHEMBL5875599,8.26,,True,JH2,,,,,,,,,,0,,True
CNc1cc(Nc2c(F)ccn(-c3nccs3)c2=O)nc2c(C(=O)N[C@H]3C[C@H]3F)cnn12,CHEMBL5777333,9.22,,True,JH2,,,,,,,,,,0,,True
CNc1cc(Nc2c(F)ccn(C(C)C)c2=O)nc2c(C(=O)NC3CC3)cnn12,CHEMBL5920012,8.26,,True,JH2,,,,,,,,,,0,,True
CNc1cc(Nc2cc(C(F)(F)F)cn(-c3cnn(C)c3)c2=O)nc2c(C(=O)NC3CC3)cnn12,CHEMBL5964801,9.22,,True,JH2,,,,,,,,,,0,,True
CNc1cc(Nc2cc(C)c(=O)n(-c3cnn(C)c3)c2)nc2c(C(N)=O)cnn12,CHEMBL5742960,8.26,,True,JH2,,,,,,,,,,0,,True
CNc1cc(Nc2cc(C)cc(C)c2)nc2c(C(=O)NC3CC3)cnn12,CHEMBL5420172,8.98,8.98,False,Other,,,,,,,,,,0,,False
CNc1cc(Nc2cc(C)cc(C)c2)nn2c(C(=O)NC3CC3)cnc12,CHEMBL4293907,7.02,7.02,False,JH2,,,,,,,,,,0,,True
CNc1cc(Nc2cc(C)cc(C)c2)nn2c(C(=O)NCC(C)(C)CO)cnc12,CHEMBL4289426,6.96,6.96,False,JH2,,,,,,,,,,0,,True
CNc1cc(Nc2cc(C)cc(C)c2)nn2c(C(=O)NCC(C)(CO)CO)cnc12,CHEMBL4278757,6.48,6.48,False,JH2,,,,,,,,,,0,,True
CNc1cc(Nc2cc(C)cc(C)c2)nn2c(C(N)=O)cnc12,CHEMBL4279157,7.3,7.3,False,JH2,,,,,,,,,,0,,True
CNc1cc(Nc2cc(C)cn(-c3ccn(C)n3)c2=O)nc2c(C(=O)NC3CC3)cnn12,CHEMBL5985334,9.22,,True,JH2,,,,,,,,,,0,,True
CNc1cc(Nc2cc(C)cn(-c3ccnn3C)c2=O)nc2c(C(N)=O)cnn12,CHEMBL5936262,9.22,,True,JH2,,,,,,,,,,0,,True
CNc1cc(Nc2cc(C)cn(-c3cnn(C4CC4)c3C)c2=O)nc2c(C(=O)NC3CCC3)cnn12,CHEMBL5958289,9.22,,True,JH2,,,,,,,,,,0,,True
CNc1cc(Nc2cc(C)cn(-c3cnn(C4CC4)c3C)c2=O)nc2c(C(N)=O)cnn12,CHEMBL5846080,8.26,,True,JH2,,,,,,,,,,0,,True
CNc1cc(Nc2cc(C)cnc2OC(C)C)nc2c(C(=O)NC3CC3)cnn12,CHEMBL5867201,9.22,,True,JH2,,,,,,,,,,0,,True
CNc1cc(Nc2cc(C)cnc2OC(C)C)nc2c(C(=O)NC3CCC3)cnn12,CHEMBL6031496,8.26,,True,JH2,,,,,,,,,,0,,True
CNc1cc(Nc2cc(C)cnc2OC)nc2c(C(=O)NC3CCC3)cnn12,CHEMBL5826906,9.22,,True,JH2,,,,,,,,,,0,,True
CNc1cc(Nc2cc(C)cnc2OC)nc2c(C(=O)NCC(C)(C)CO)cnn12,CHEMBL5912252,9.22,,True,JH2,,,,,,,,,,0,,True
CNc1cc(Nc2cc(C)cnc2OC2CC2)nc2c(C(=O)NC3CC3)cnn12,CHEMBL5849018,9.22,,True,JH2,,,,,,,,,,0,,True
CNc1cc(Nc2cc(C)cnc2OC2CC2)nc2c(C(=O)NC3CCC3)cnn12,CHEMBL5895378,9.22,,True,JH2,,,,,,,,,,0,,True
CNc1cc(Nc2cc(C)cnc2OCCOC)nc2c(C(=O)NC3CC3)cnn12,CHEMBL5894297,9.22,,True,JH2,,,,,,,,,,0,,True
CNc1cc(Nc2cc(C)cnc2OCCOC)nc2c(C(=O)NC3CCC3)cnn12,CHEMBL5988629,9.22,,True,JH2,,,,,,,,,,0,,True
CNc1cc(Nc2cc(C)nc(C)c2)nc2c(C(N)=O)cnn12,CHEMBL5934614,8.26,,True,JH2,,,,,,,,,,0,,True
CNc1cc(Nc2cc(C)nc(N3CCCC3)c2)nc2c(C(N)=O)cnn12,CHEMBL6065062,8.26,,True,JH2,,,,,,,,,,0,,True
CNc1cc(Nc2cc(C)nc(N3CCCC3=O)c2)nc2c(C(N)=O)cnn12,CHEMBL5787050,8.26,,True,JH2,,,,,,,,,,0,,True
CNc1cc(Nc2cc(C)nc(N3CCC[C@@H](O)C3)c2)nc2c(C(N)=O)cnn12,CHEMBL5783126,9.22,,True,JH2,,,,,,,,,,0,,True
CNc1cc(Nc2cc(C)nc(N3CC[C@@H](O)C3)c2)nc2c(C(N)=O)cnn12,CHEMBL5980302,8.26,,True,JH2,,,,,,,,,,0,,True
CNc1cc(Nc2cc(C)nc(N3CC[C@@H](OC)C3)c2)nc2c(C(N)=O)cnn12,CHEMBL6021544,8.26,,True,JH2,,,,,,,,,,0,,True
CNc1cc(Nc2cc(C)nn(-c3cnn(C)c3)c2=O)nc2c(C(N)=O)cnn12,CHEMBL5880699,8.26,,True,JH2,,,,,,,,,,0,,True
CNc1cc(Nc2cc(Cl)cn(-c3cn(C4CC4)nc3C)c2=O)nc2c(C(=O)NC3CCC3)cnn12,CHEMBL6064226,9.22,,True,JH2,,,,,,,,,,0,,True
CNc1cc(Nc2cc(Cl)cn(-c3cn(C4CC4)nc3C)c2=O)nc2c(C(N)=O)cnn12,CHEMBL5809986,9.22,,True,JH2,,,,,,,,,,0,,True
CNc1cc(Nc2cc(Cl)cn(-c3cnn(C4CC4)c3C)c2=O)nc2c(C(=O)NC3CC3)cnn12,CHEMBL5992401,9.22,,True,JH2,,,,,,,,,,0,,True
CNc1cc(Nc2cc(Cl)cn(-c3cnn(C4CC4)c3C)c2=O)nc2c(C(=O)NC3CCC3)cnn12,CHEMBL5885204,9.22,,True,JH2,,,,,,,,,,0,,True
CNc1cc(Nc2cc(Cl)cn(-c3ncc(C)s3)c2=O)nc2c(C(=O)NC3CC3)cnn12,CHEMBL6018164,9.22,,True,JH2,,,,,,,,,,0,,True
CNc1cc(Nc2cc(Cl)cn(C3CCN(C)CC3)c2=O)nc2c(C(=O)N[C@@H]3CC[C@@H]3O)cnn12,CHEMBL5970463,9.22,,True,JH2,,,,,,,,,,0,,True
CNc1cc(Nc2cc(Cl)cn(C3CCOCC3)c2=O)nc2c(C(=O)N[C@@H]3CC[C@@H]3O)cnn12,CHEMBL6024363,9.22,,True,JH2,,,,,,,,,,0,,True
CNc1cc(Nc2cc(Cl)cn(C3CNC3)c2=O)nc2c(C(N)=O)cnn12,CHEMBL6050871,9.22,,True,JH2,,,,,,,,,,0,,True
CNc1cc(Nc2cc(Cl)cn([C@@H]3CCCOC3)c2=O)nc2c(C(=O)N[C@H]3[C@@H]4COC[C@@H]43)cnn12,CHEMBL5940457,9.22,,True,JH2,,,,,,,,,,0,,True
CNc1cc(Nc2cc(Cl)cn([C@H]3CCCOC3)c2=O)nc2c(C(=O)N[C@H]3[C@@H]4COC[C@@H]43)cnn12,CHEMBL6042509,9.22,,True,JH2,,,,,,,,,,0,,True
CNc1cc(Nc2cc(Cl)cnc2OC(C)C)nc2c(C(=O)NC3CC3)cnn12,CHEMBL5930991,9.22,,True,JH2,,,,,,,,,,0,,True
CNc1cc(Nc2cc(Cl)cnc2OC(C)C)nc2c(C(=O)NC3CCC3)cnn12,CHEMBL5973854,8.26,,True,JH2,,,,,,,,,,0,,True
CNc1cc(Nc2cc(Cl)cnc2OC(C)C)nc2c(C(=O)N[C@H]3C[C@H]3F)cnn12,CHEMBL5933428,9.22,,True,JH2,,,,,,,,,,0,,True
CNc1cc(Nc2cc(Cl)cnc2OC2CCC2)nc2c(C(N)=O)cnn12,CHEMBL6024976,9.22,,True,JH2,,,,,,,,,,0,,True
CNc1cc(Nc2cc(Cl)cnc2O[C@@H]2CCOC2)nc2c(C(N)=O)cnn12,CHEMBL5846285,9.22,,True,JH2,,,,,,,,,,0,,True
CNc1cc(Nc2cc(Cl)cnc2O[C@H]2C[C@@H](OC)C2)nc2c(C(N)=O)cnn12,CHEMBL5963500,9.22,,True,JH2,,,,,,,,,,0,,True
CNc1cc(Nc2cc(Cl)cnc2O[C@H]2C[C@H](OC)C2)nc2c(C(N)=O)cnn12,CHEMBL5783874,9.22,,True,JH2,,,,,,,,,,0,,True
CNc1cc(Nc2cc(F)cc(F)c2OC)nn2c(C(=O)NCC(C)(C)CO)cnc12,CHEMBL4287761,7.52,7.52,False,JH2,,,,,,,,,,0,,True
CNc1cc(Nc2cc(F)cc(F)c2OC)nn2c(C(=O)NC[C@](C)(O)CO)cnc12,CHEMBL4279883,6.71,6.71,False,JH2,,,,,,,,,,0,,True
CNc1cc(Nc2cc(F)cn(-c3ccccn3)c2=O)nc2c(C(=O)NC3CCC3)cnn12,CHEMBL5793565,9.22,,True,JH2,,,,,,,,,,0,,True
CNc1cc(Nc2cc(F)cn(C3CCCOC3)c2=O)nc2c(C(=O)NC3CC3)cnn12,CHEMBL5952341,9.22,,True,JH2,,,,,,,,,,0,,True
CNc1cc(Nc2cc(F)cn([C@H]3CCCOC3)c2=O)nc2c(C(=O)NC3CC3)cnn12,CHEMBL5985240,9.22,,True,JH2,,,,,,,,,,0,,True
CNc1cc(Nc2cc(F)cnc2OC(C)C)nc2c(C(=O)NC3CC3)cnn12,CHEMBL5893243,9.22,,True,JH2,,,,,,,,,,0,,True
CNc1cc(Nc2cc(F)cnc2OC(C)C)nc2c(C(=O)NC3CCC3)cnn12,CHEMBL5771798,9.22,,True,JH2,,,,,,,,,,0,,True
CNc1cc(Nc2cc(F)cnc2OC(C)C)nc2c(C(=O)N[C@H]3C[C@H]3F)cnn12,CHEMBL6044510,9.22,,True,JH2,,,,,,,,,,0,,True
CNc1cc(Nc2cc(F)cnc2OCCOC)nc2c(C(=O)NC3CC3)cnn12,CHEMBL5781113,9.22,,True,JH2,,,,,,,,,,0,,True
CNc1cc(Nc2cc(F)cnc2OCCOC)nc2c(C(=O)NC3CCC3)cnn12,CHEMBL5844241,9.22,,True,JH2,,,,,,,,,,0,,True
CNc1cc(Nc2cc(N3CCCC3)nc(C(F)(F)F)c2)nc2c(C(N)=O)cnn12,CHEMBL5794664,8.26,,True,JH2,,,,,,,,,,0,,True
CNc1cc(Nc2ccc(F)n(-c3ccccn3)c2=O)nc2c(C(=O)NC3CC[C@@H]3OC)cnn12,CHEMBL5981963,8.26,,True,JH2,,,,,,,,,,0,,True
CNc1cc(Nc2ccc(F)n(-c3ccccn3)c2=O)nc2c(C(=O)N[C@@H]3C[C@@H]3F)cnn12,CHEMBL5752764,8.26,,True,JH2,,,,,,,,,,0,,True
CNc1cc(Nc2ccc(F)n(-c3ccccn3)c2=O)nc2c(C(=O)N[C@H]3CC[C@@H]3OC)cnn12,CHEMBL5961488,9.22,,True,JH2,,,,,,,,,,0,,True
CNc1cc(Nc2ccc3c(n2)CCO3)nc2c(C(=O)NC3CC3)cnn12,CHEMBL5959255,9.22,,True,JH2,,,,,,,,,,0,,True
CNc1cc(Nc2ccc3c(n2)OCCO3)nc2c(C(=O)NC3CC3)cnn12,CHEMBL5879628,9.22,,True,JH2,,,,,,,,,,0,,True
CNc1cc(Nc2ccc3c(n2)OCCO3)nc2c(C(=O)N[C@H]3C[C@H]3F)cnn12,CHEMBL6044813,9.22,,True,JH2,,,,,,,,,,0,,True
CNc1cc(Nc2cccc(-c3ccccc3)c2)nn2c(C(N)=O)cnc12,CHEMBL4291611,6.7,6.7,False,JH2,,,,,,,,,,0,,True
CNc1cc(Nc2cccc(-c3cn(C)nc3F)n2)nc2c(C(=O)N[C@@H]3CC[C@@H]3O)cnn12,CHEMBL5878985,8.26,,True,JH2,,,,,,,,,,0,,True
CNc1cc(Nc2cccc(-c3nccs3)c2Cl)nc2c(C(N)=O)cnn12,CHEMBL5740202,9.22,,True,JH2,,,,,,,,,,0,,True
CNc1cc(Nc2cccc(C(C)(C)C)c2)nn2c(C(N)=O)cnc12,CHEMBL4283351,6.39,6.39,False,JH2,,,,,,,,,,0,,True
CNc1cc(Nc2cccc(C3CCCCO3)n2)nc2c(C(=O)NCC3(CO)CC3)cnn12,CHEMBL5906629,9.22,,True,JH2,,,,,,,,,,0,,True
CNc1cc(Nc2cccc(C3CCCOC3)n2)nc2c(C(=O)NC3CC3)cnn12,CHEMBL5918777,9.22,,True,JH2,,,,,,,,,,0,,True
CNc1cc(Nc2cccc(N3CC4(CCO4)C3)n2)nc2c(C(=O)N[C@@H]3CC[C@@H]3O)cnn12,CHEMBL5760363,8.26,,True,JH2,,,,,,,,,,0,,True
CNc1cc(Nc2cccc(N3CC4(CCO4)C3)n2)nc2c(C(=O)N[C@H]3CC[C@H]3O)cnn12,CHEMBL5843800,9.22,,True,JH2,,,,,,,,,,0,,True
CNc1cc(Nc2cccc(N3CCC4(CCCO4)CC3)n2)nc2c(C(=O)NC3CC3)cnn12,CHEMBL5982640,9.22,,True,JH2,,,,,,,,,,0,,True
CNc1cc(Nc2cccc(N3CCC4(CCCO4)CC3)n2)nc2c(C(=O)N[C@@H]3CC[C@@H]3O)cnn12,CHEMBL6015863,8.26,,True,JH2,,,,,,,,,,0,,True
CNc1cc(Nc2cccc(N3CCCC3)n2)nc2c(C(=O)NC3CC3)cnn12,CHEMBL6041799,9.22,,True,JH2,,,,,,,,,,0,,True
CNc1cc(Nc2cccc(N3CCCC3)n2)nc2c(C(=O)N[C@H]3C[C@H]3F)cnn12,CHEMBL5776156,9.22,,True,JH2,,,,,,,,,,0,,True
CNc1cc(Nc2cccc(N3CC[C@@H](OC)C3)n2)nc2c(C(=O)NC3CC3)cnn12,CHEMBL5972581,9.22,,True,JH2,,,,,,,,,,0,,True
CNc1cc(Nc2cccc([C@@H]3CCCCO3)n2)nc2c(C(=O)NC3CC3)cnn12,CHEMBL5928891,9.22,,True,JH2,,,,,,,,,,0,,True
CNc1cc(Nc2cccc([C@@H]3CCCCO3)n2)nc2c(C(=O)N[C@H]3CC[C@H]3O)cnn12,CHEMBL5835424,8.26,,True,JH2,,,,,,,,,,0,,True
CNc1cc(Nc2cccc([C@@H]3CCCOC3)n2)nc2c(C(=O)N[C@@H]3CC[C@@H]3O)cnn12,CHEMBL5927049,9.22,,True,JH2,,,,,,,,,,0,,True
CNc1cc(Nc2cccc([C@@H]3CCCOC3)n2)nc2c(C(=O)N[C@H]3CC[C@H]3O)cnn12,CHEMBL5942600,8.26,8.26,False,JH2,,,,,,,,,,0,,True
CNc1cc(Nc2cccc([C@H]3CCCCO3)n2)nc2c(C(=O)NC3CC3)cnn12,CHEMBL6034021,9.22,,True,JH2,,,,,,,,,,0,,True
CNc1cc(Nc2cccc([C@H]3CCCCO3)n2)nc2c(C(=O)N[C@@H]3CC[C@@H]3O)cnn12,CHEMBL5768668,9.22,,True,JH2,,,,,,,,,,0,,True
CNc1cc(Nc2cccc([C@H]3CCCOC3)n2)nc2c(C(=O)N[C@@H]3CC[C@@H]3O)cnn12,CHEMBL5843539,9.22,,True,JH2,,,,,,,,,,0,,True
CNc1cc(Nc2cccc([C@H]3CCCOC3)n2)nc2c(C(=O)N[C@@H]3COC[C@@H]3O)cnn12,CHEMBL5920625,8.26,,True,JH2,,,,,,,,,,0,,True
CNc1cc(Nc2cccc([C@H]3CCCOC3)n2)nc2c(C(=O)N[C@H]3COC[C@H]3O)cnn12,CHEMBL5893140,8.26,,True,JH2,,,,,,,,,,0,,True
CNc1cc(Nc2cccc3c2OCCC3)nc2c(C(=O)N[C@@H]3CCN(C)C3=O)cnn12,CHEMBL5405538,8.15,8.15,False,JH2,,,,,,,,,,0,,True
CNc1cc(Nc2cccc3c2OCCO3)nn2c(C(=O)NC3CC3)cnc12,CHEMBL4285841,8.0,8.0,False,JH2,,,,,,,,,,0,,True
CNc1cc(Nc2cccc3ocnc23)nc2c(C(=O)N[C@H]3CC[C@@H]3OC)cnn12,CHEMBL5779246,8.26,,True,JH2,,,,,,,,,,0,,True
CNc1cc(Nc2cccc3ocnc23)nc2c(C(=O)N[C@H]3CC[C@H]3O)cnn12,CHEMBL5855303,9.22,,True,JH2,,,,,,,,,,0,,True
CNc1cc(Nc2ccccc2OC)nc2c(C(=O)N[C@@H]3CCN(C)C3=O)cnn12,CHEMBL5433451,7.725,7.725,False,JH2,,,,,,,,,,0,,True
CNc1cc(Nc2ccccc2OC)nn2c(C(=O)NCC(C)(C)CO)cnc12,CHEMBL4295039,6.92,6.92,False,JH2,,,,,,,,,,0,,True
CNc1cc(Nc2cccn(-c3cc(C)n(C)n3)c2=O)nn2c(C(=O)NC3CC3)cnc12,CHEMBL4454109,6.87,6.87,False,JH2,,,,,,,,,,0,,True
CNc1cc(Nc2cccn(-c3cc(C)n(C)n3)c2=O)nn2c(C(=O)N[C@@H]3C[C@@H]3F)cnc12,CHEMBL4460368,7.66,7.66,False,JH2,,,,,,,,,,0,,True
CNc1cc(Nc2cccn(-c3cc(C)nn3C)c2=O)nc2c(C(=O)NC3CC3)cnn12,CHEMBL5810289,9.22,,True,JH2,,,,,,,,,,0,,True
CNc1cc(Nc2cccn(-c3cc(C)nn3C)c2=O)nc2c(C(=O)NC3CCC3)cnn12,CHEMBL5873097,9.22,,True,JH2,,,,,,,,,,0,,True
CNc1cc(Nc2cccn(-c3cc(C)nn3C)c2=O)nc2c(C(=O)N[C@H]3C[C@H]3F)cnn12,CHEMBL5817940,9.22,,True,JH2,,,,,,,,,,0,,True
CNc1cc(Nc2cccn(-c3cc(C)on3)c2=O)nc2c(C(=O)NC3COC3)cnn12,CHEMBL5949013,8.26,,True,JH2,,,,,,,,,,0,,True
CNc1cc(Nc2cccn(-c3ccc(C#N)cc3)c2=O)nn2c(C(=O)NC3CC3)cnc12,CHEMBL4453441,7.05,7.05,False,JH2,,,,,,,,,,0,,True
CNc1cc(Nc2cccn(-c3ccc(C(C)(C)O)cc3)c2=O)nn2c(C(=O)NC3CC3)cnc12,CHEMBL4434711,6.96,6.96,False,JH2,,,,,,,,,,0,,True
CNc1cc(Nc2cccn(-c3ccc(C)nc3)c2=O)nc2c(C(=O)NC3CC[C@]3(C)OC)cnn12,CHEMBL6022683,9.22,,True,JH2,,,,,,,,,,0,,True
CNc1cc(Nc2cccn(-c3ccc(C)nc3)c2=O)nc2c(C(=O)N[C@@H]3CCC3(F)F)cnn12,CHEMBL5748146,9.22,,True,JH2,,,,,,,,,,0,,True
CNc1cc(Nc2cccn(-c3ccc(C)nc3)c2=O)nc2c(C(=O)N[C@@H]3CC[C@@]3(C)OC)cnn12,CHEMBL5824010,9.22,,True,JH2,,,,,,,,,,0,,True
CNc1cc(Nc2cccn(-c3ccc(C)nc3)c2=O)nc2c(C(=O)N[C@@H]3CC[C@H]3OC)cnn12,CHEMBL5873329,9.22,,True,JH2,,,,,,,,,,0,,True
CNc1cc(Nc2cccn(-c3ccc(C)nc3)c2=O)nc2c(C(=O)N[C@H]3CCC[C@H](OC)C3)cnn12,CHEMBL5995370,8.26,,True,JH2,,,,,,,,,,0,,True
CNc1cc(Nc2cccn(-c3ccc(C)nc3)c2=O)nc2c(C(=O)N[C@H]3CC[C@@H]3OC)cnn12,CHEMBL5430689,8.66,9.565,False,Other,,,,,,,,,,0,,False
CNc1cc(Nc2cccn(-c3ccc(C)nc3)c2=O)nc2c(C(=O)N[C@H]3CC[C@]3(C)OC)cnn12,CHEMBL6020564,8.26,,True,JH2,,,,,,,,,,0,,True
CNc1cc(Nc2cccn(-c3ccc(C)nn3)c2=O)nn2c(C(=O)NC3CC3)cnc12,CHEMBL4443010,6.83,6.83,False,JH2,,,,,,,,,,0,,True
CNc1cc(Nc2cccn(-c3ccc(C)nn3)c2=O)nn2c(C(=O)N[C@@H]3C[C@@H]3F)cnc12,CHEMBL4442827,7.39,7.39,False,JH2,,,,,,,,,,0,,True
CNc1cc(Nc2cccn(-c3ccc(F)cc3)c2=O)nc2c(C(=O)NC3CC3)cnn12,CHEMBL5404091,8.774999999999999,8.774999999999999,False,Other,,,,,,,,,,0,,False
CNc1cc(Nc2cccn(-c3ccc(F)cn3)c2=O)nc2c(C(=O)N[C@@H]3CC[C@H]3OC)cnn12,CHEMBL5414602,8.655000000000001,8.09,False,Other,,,,,,,,,,0,,False
CNc1cc(Nc2cccn(-c3ccc(F)cn3)c2=O)nc2c(C(N)=O)cnn12,CHEMBL5792142,9.22,,True,JH2,,,,,,,,,,0,,True
CNc1cc(Nc2cccn(-c3ccc(F)cn3)c2=O)nn2c(C(=O)NC3CC3)cnc12,CHEMBL4561123,7.0,7.0,False,JH2,,,,,,,,,,0,,True
CNc1cc(Nc2cccn(-c3ccc(F)cn3)c2=O)nn2c(C(=O)N[C@@H]3C[C@@H]3F)cnc12,CHEMBL4439957,7.58,7.58,False,JH2,,,,,,,,,,0,,True
CNc1cc(Nc2cccn(-c3ccc(F)nc3)c2=O)nn2c(C(=O)NC3CC3)cnc12,CHEMBL4474801,6.85,6.85,False,JH2,,,,,,,,,,0,,True
CNc1cc(Nc2cccn(-c3ccc(N4CCOCC4)cn3)c2=O)nc2c(C(=O)NC3CCC3)cnn12,CHEMBL6015468,9.22,,True,JH2,,,,,,,,,,0,,True
CNc1cc(Nc2cccn(-c3ccc(OC)cn3)c2=O)nc2c(C(=O)NC3CC3)cnn12,CHEMBL6041420,9.22,,True,JH2,,,,,,,,,,0,,True
CNc1cc(Nc2cccn(-c3cccc(C)n3)c2=O)nc2c(C(=O)N[C@H]3C[C@H]3F)cnn12,CHEMBL5900515,8.26,,True,JH2,,,,,,,,,,0,,True
CNc1cc(Nc2cccn(-c3cccc(F)c3)c2=O)nc2c(C(=O)N[C@@H]3CC[C@@H]3O)cnn12,CHEMBL5964750,9.22,,True,JH2,,,,,,,,,,0,,True
CNc1cc(Nc2cccn(-c3cccc(F)c3)c2=O)nc2c(C(=O)N[C@@H]3COC[C@@H]3O)cnn12,CHEMBL5756759,8.26,,True,JH2,,,,,,,,,,0,,True
CNc1cc(Nc2cccn(-c3cccc(F)c3)c2=O)nc2c(C(=O)N[C@H]3COC[C@H]3O)cnn12,CHEMBL5986551,9.22,,True,JH2,,,,,,,,,,0,,True
CNc1cc(Nc2cccn(-c3cccc(F)n3)c2=O)nn2c(C(=O)NC3CC3)cnc12,CHEMBL4579439,7.16,7.16,False,JH2,,,,,,,,,,0,,True
CNc1cc(Nc2cccn(-c3cccc(F)n3)c2=O)nn2c(C(=O)N[C@@H]3C[C@@H]3F)cnc12,CHEMBL4571920,7.92,7.92,False,JH2,,,,,,,,,,0,,True
CNc1cc(Nc2cccn(-c3ccccc3F)c2=O)nc2c(C(=O)NC[C@H](C)CO)cnn12,CHEMBL5800873,9.22,,True,JH2,,,,,,,,,,0,,True
CNc1cc(Nc2cccn(-c3ccccc3F)c2=O)nc2c(C(=O)N[C@@H]3CC[C@@H]3O)cnn12,CHEMBL5848781,9.22,,True,JH2,,,,,,,,,,0,,True
CNc1cc(Nc2cccn(-c3ccccn3)c2=O)nc2c(C(=O)NC3CC[C@@]3(C)OC)cnn12,CHEMBL6020188,8.26,,True,JH2,,,,,,,,,,0,,True
CNc1cc(Nc2cccn(-c3ccccn3)c2=O)nc2c(C(=O)NCC(C)CO)cnn12,CHEMBL5929834,9.22,,True,JH2,,,,,,,,,,0,,True
CNc1cc(Nc2cccn(-c3ccccn3)c2=O)nc2c(C(=O)NCC3(CO)CC3)cnn12,CHEMBL5870303,9.22,,True,JH2,,,,,,,,,,0,,True
CNc1cc(Nc2cccn(-c3ccccn3)c2=O)nc2c(C(=O)NC[C@@H](C)CO)cnn12,CHEMBL5785492,9.22,,True,JH2,,,,,,,,,,0,,True
CNc1cc(Nc2cccn(-c3ccccn3)c2=O)nc2c(C(=O)N[C@@H]3CCN(C)C3=O)cnn12,CHEMBL5424441,6.95,6.95,False,JH2,,,,,,,,,,0,,True
CNc1cc(Nc2cccn(-c3ccccn3)c2=O)nc2c(C(=O)N[C@@H]3CC[C@@H](OC)C3)cnn12,CHEMBL5923427,8.26,,True,JH2,,,,,,,,,,0,,True
CNc1cc(Nc2cccn(-c3ccccn3)c2=O)nc2c(C(=O)N[C@@H]3CC[C@@H]3O)cnn12,CHEMBL5833224,9.22,,True,JH2,,,,,,,,,,0,,True
CNc1cc(Nc2cccn(-c3ccccn3)c2=O)nc2c(C(=O)N[C@@H]3CC[C@@]3(C)OC)cnn12,CHEMBL5853850,9.22,,True,JH2,,,,,,,,,,0,,True
CNc1cc(Nc2cccn(-c3ccccn3)c2=O)nc2c(C(=O)N[C@@H]3CC[C@H]3COC)cnn12,CHEMBL5783481,9.22,9.22,False,JH2,,,,,,,,,,0,,True
CNc1cc(Nc2cccn(-c3ccccn3)c2=O)nc2c(C(=O)N[C@@H]3CC[C@H]3F)cnn12,CHEMBL5923897,9.22,,True,JH2,,,,,,,,,,0,,True
CNc1cc(Nc2cccn(-c3ccccn3)c2=O)nc2c(C(=O)N[C@@H]3CC[C@H]3O)cnn12,CHEMBL5927946,9.22,,True,JH2,,,,,,,,,,0,,True
CNc1cc(Nc2cccn(-c3ccccn3)c2=O)nc2c(C(=O)N[C@H]3CCC3(F)F)cnn12,CHEMBL5995504,9.22,,True,JH2,,,,,,,,,,0,,True
CNc1cc(Nc2cccn(-c3ccccn3)c2=O)nc2c(C(=O)N[C@H]3CC[C@@H]3OC)cnn12,CHEMBL5422616,8.77,8.469999999999999,False,Other,5.3,5.3,3.169999999999999,4.64,4.64,3.829999999999999,,,,2,3.169999999999999,False
CNc1cc(Nc2cccn(-c3ccccn3)c2=O)nc2c(C(=O)N[C@H]3CC[C@H](OC)C3)cnn12,CHEMBL5875379,8.26,,True,JH2,,,,,,,,,,0,,True
CNc1cc(Nc2cccn(-c3ccccn3)c2=O)nc2c(C(=O)N[C@H]3CC[C@]3(C)OC)cnn12,CHEMBL5946577,8.26,,True,JH2,,,,,,,,,,0,,True
CNc1cc(Nc2cccn(-c3ccccn3)c2=O)nc2c(C(=O)N[C@H]3C[C@@H]3OC)cnn12,CHEMBL5813868,9.22,,True,JH2,,,,,,,,,,0,,True
CNc1cc(Nc2cccn(-c3ccccn3)c2=O)nc2c(C(=O)O)cnn12,CHEMBL5833231,8.26,,True,JH2,,,,,,,,,,0,,True
CNc1cc(Nc2cccn(-c3ccccn3)c2=O)nn2c(C(=O)NC(C)C)cnc12,CHEMBL4438107,6.82,6.82,False,JH2,,,,,,,,,,0,,True
CNc1cc(Nc2cccn(-c3ccccn3)c2=O)nn2c(C(=O)NC3CC3)cnc12,CHEMBL4466139,7.03,7.03,False,JH2,,,,,,,,,,0,,True
CNc1cc(Nc2cccn(-c3ccccn3)c2=O)nn2c(C(=O)NC3CCC3)cnc12,CHEMBL4438296,7.22,7.22,False,JH2,,,,,,,,,,0,,True
CNc1cc(Nc2cccn(-c3ccccn3)c2=O)nn2c(C(=O)NCC(C)(C)CO)cnc12,CHEMBL4543066,7.08,7.08,False,JH2,,,,,,,,,,0,,True
CNc1cc(Nc2cccn(-c3ccccn3)c2=O)nn2c(C(=O)N[C@@H]3C[C@@H]3F)cnc12,CHEMBL4532948,7.6,7.6,False,JH2,,,,,,,,,,0,,True
CNc1cc(Nc2cccn(-c3cccnc3)c2=O)nc2c(C(=O)N[C@@H]3CCC[C@@H](OC)C3)cnn12,CHEMBL5925373,8.26,,True,JH2,,,,,,,,,,0,,True
CNc1cc(Nc2cccn(-c3cccnc3)c2=O)nc2c(C(=O)N[C@@H]3CC[C@H]3OC)cnn12,CHEMBL5914536,9.22,,True,JH2,,,,,,,,,,0,,True
CNc1cc(Nc2cccn(-c3cccnc3)c2=O)nc2c(C(=O)N[C@H]3CC[C@@H]3OC)cnn12,CHEMBL5423859,7.89,7.89,False,Other,,,,,,,,,,0,,False
CNc1cc(Nc2cccn(-c3cccnc3C)c2=O)nc2c(C(=O)NC3CC3)cnn12,CHEMBL6060525,8.26,,True,JH2,,,,,,,,,,0,,True
CNc1cc(Nc2cccn(-c3cccnc3C)c2=O)nc2c(C(=O)NCC(C)(C)CO)cnn12,CHEMBL5767555,8.26,,True,JH2,,,,,,,,,,0,,True
CNc1cc(Nc2cccn(-c3cccnc3C)c2=O)nc2c(C(=O)N[C@@H]3CC[C@H]3OC)cnn12,CHEMBL5850456,8.26,,True,JH2,,,,,,,,,,0,,True
CNc1cc(Nc2cccn(-c3cccnc3C)c2=O)nc2c(C(=O)N[C@@H]3C[C@@H]3F)cnn12,CHEMBL5975472,9.22,,True,JH2,,,,,,,,,,0,,True
CNc1cc(Nc2cccn(-c3cccnc3C)c2=O)nc2c(C(=O)N[C@H]3CC[C@@H]3OC)cnn12,CHEMBL5401172,9.98,9.98,False,JH2,,,,,,,,,,0,,True
CNc1cc(Nc2cccn(-c3ccn(C)n3)c2=O)nc2c(C(=O)NC3CC3)cnn12,CHEMBL5839436,9.22,,True,JH2,,,,,,,,,,0,,True
CNc1cc(Nc2cccn(-c3ccnc(C)n3)c2=O)nc2c(C(N)=O)cnn12,CHEMBL6035629,9.22,,True,JH2,,,,,,,,,,0,,True
CNc1cc(Nc2cccn(-c3ccncc3)c2=O)nn2c(C(=O)NC3CC3)cnc12,CHEMBL4585272,6.83,6.83,False,JH2,,,,,,,,,,0,,True
CNc1cc(Nc2cccn(-c3ccnn3C)c2=O)nc2c(C(=O)NC3CC3)cnn12,CHEMBL5890562,9.22,,True,JH2,,,,,,,,,,0,,True
CNc1cc(Nc2cccn(-c3cnc(C)o3)c2=O)nc2c(C(=O)N[C@@H]3CC[C@H]3OC)cnn12,CHEMBL5440397,8.01,8.01,False,Other,,,,,,,,,,0,,False
CNc1cc(Nc2cccn(-c3cncc(C)c3)c2=O)nc2c(C(=O)NC3CC3)cnn12,CHEMBL5850020,9.22,,True,JH2,,,,,,,,,,0,,True
CNc1cc(Nc2cccn(-c3cncc(C)c3)c2=O)nc2c(C(=O)NC3CCC3)cnn12,CHEMBL5998347,9.22,9.22,False,JH2,,,,,,,,,,0,,True
CNc1cc(Nc2cccn(-c3cnco3)c2=O)nc2c(C(=O)N[C@@H]3CC[C@@H]3O)cnn12,CHEMBL5864340,8.26,,True,JH2,,,,,,,,,,0,,True
CNc1cc(Nc2cccn(-c3cnco3)c2=O)nc2c(C(=O)N[C@H]3CC[C@H]3O)cnn12,CHEMBL6052974,9.22,,True,JH2,,,,,,,,,,0,,True
CNc1cc(Nc2cccn(-c3nc(C)c(C)s3)c2=O)nc2c(C(=O)NC3CC3)cnn12,CHEMBL5883534,9.22,,True,JH2,,,,,,,,,,0,,True
CNc1cc(Nc2cccn(-c3nc(C)c(C)s3)c2=O)nc2c(C(=O)NC3CCC3)cnn12,CHEMBL5885750,9.22,,True,JH2,,,,,,,,,,0,,True
CNc1cc(Nc2cccn(-c3nc(C)c(C)s3)c2=O)nc2c(C(=O)N[C@H]3C[C@H]3F)cnn12,CHEMBL5843580,9.22,,True,JH2,,,,,,,,,,0,,True
CNc1cc(Nc2cccn(-c3nc(C)co3)c2=O)nc2c(C(=O)NC(C)(C)C#N)cnn12,CHEMBL6043417,9.22,,True,JH2,,,,,,,,,,0,,True
CNc1cc(Nc2cccn(-c3nc(C)co3)c2=O)nc2c(C(=O)N[C@@H]3CC[C@H]3OC)cnn12,CHEMBL6023436,9.22,,True,JH2,,,,,,,,,,0,,True
CNc1cc(Nc2cccn(-c3nc(C)co3)c2=O)nc2c(C(=O)N[C@H]3CC[C@@H]3OC)cnn12,CHEMBL5427850,8.7,8.7,False,Other,,,,,,,,,,0,,False
CNc1cc(Nc2cccn(-c3ncc(C)s3)c2=O)nc2c(C(=O)NC3CC3)cnn12,CHEMBL5880133,9.22,,True,JH2,,,,,,,,,,0,,True
CNc1cc(Nc2cccn(-c3ncc(C)s3)c2=O)nc2c(C(=O)N[C@H]3CC[C@@H]3O)cnn12,CHEMBL6013889,8.26,,True,JH2,,,,,,,,,,0,,True
CNc1cc(Nc2cccn(-c3ncc(F)cn3)c2=O)nn2c(C(=O)NC3CC3)cnc12,CHEMBL4437714,6.63,6.63,False,JH2,,,,,,,,,,0,,True
CNc1cc(Nc2cccn(-c3ncccc3F)c2=O)nc2c(C(=O)NC3CC3)cnn12,CHEMBL5399515,8.84,8.84,False,Other,,,,,,,,,,0,,False
CNc1cc(Nc2cccn(-c3ncccc3F)c2=O)nc2c(C(=O)NC3CC4(COC4)C3)cnn12,CHEMBL5419398,9.28,9.34,False,JH2,,,,,,,,,,0,,True
CNc1cc(Nc2cccn(-c3ncccc3F)c2=O)nc2c(C(=O)NC3CCC3(F)F)cnn12,CHEMBL6010655,9.22,,True,JH2,,,,,,,,,,0,,True
CNc1cc(Nc2cccn(-c3ncccc3F)c2=O)nc2c(C(=O)NCC3(CO)CC3)cnn12,CHEMBL5407138,8.625,8.625,False,Other,,,,,,,,,,0,,False
CNc1cc(Nc2cccn(-c3ncccc3F)c2=O)nc2c(C(=O)N[C@@H]3CCC3(F)F)cnn12,CHEMBL5427213,9.51,9.51,False,JH2,,,,,,,,,,0,,True
CNc1cc(Nc2cccn(-c3ncccc3F)c2=O)nc2c(C(=O)N[C@@H]3CC[C@@H](OC)C3)cnn12,CHEMBL5405274,9.32,9.42,False,JH2,,,,,,,,,,0,,True
CNc1cc(Nc2cccn(-c3ncccc3F)c2=O)nc2c(C(=O)N[C@@H]3CC[C@@H]3O)cnn12,CHEMBL5433700,10.72,10.72,False,JH2,,,,,,,,,,0,,True
CNc1cc(Nc2cccn(-c3ncccc3F)c2=O)nc2c(C(=O)N[C@@H]3CC[C@@]3(C)OC)cnn12,CHEMBL5396767,10.07,10.07,False,JH2,,,,,,,,,,0,,True
CNc1cc(Nc2cccn(-c3ncccc3F)c2=O)nc2c(C(=O)N[C@@H]3CC[C@H]3O)cnn12,CHEMBL5423799,8.195,8.195,False,Other,,,,,,,,,,0,,False
CNc1cc(Nc2cccn(-c3ncccc3F)c2=O)nc2c(C(=O)N[C@@H]3CC[C@H]3OC)cnn12,CHEMBL5418744,8.17,8.17,False,Other,,,,,,,,,,0,,False
CNc1cc(Nc2cccn(-c3ncccc3F)c2=O)nc2c(C(=O)N[C@@H]3C[C@@H]3F)cnn12,CHEMBL5405569,8.915,8.915,False,Other,,,,,,,,,,0,,False
CNc1cc(Nc2cccn(-c3ncccc3F)c2=O)nc2c(C(=O)N[C@@H]3C[C@H]3OC)cnn12,CHEMBL5424640,10.06,10.06,False,JH2,,,,,,,,,,0,,True
CNc1cc(Nc2cccn(-c3ncccc3F)c2=O)nc2c(C(=O)N[C@H]3CCC3(F)F)cnn12,CHEMBL5402351,8.05,8.05,False,Other,,,,,,,,,,0,,False
CNc1cc(Nc2cccn(-c3ncccc3F)c2=O)nc2c(C(=O)N[C@H]3CC[C@@H]3OC)cnn12,CHEMBL5432382,8.98,9.7,False,JH2,,,,,,,,,,0,,True
CNc1cc(Nc2cccn(-c3ncccc3F)c2=O)nc2c(C(=O)N[C@H]3CC[C@H](OC)C3)cnn12,CHEMBL5425044,8.415,8.57,False,JH2,,,,,,,,,,0,,True
CNc1cc(Nc2cccn(-c3ncccc3F)c2=O)nc2c(C(=O)N[C@H]3CC[C@H]3O)cnn12,CHEMBL5437915,9.27,9.32,False,JH2,,,,,,,,,,0,,True
CNc1cc(Nc2cccn(-c3ncccc3F)c2=O)nc2c(C(=O)N[C@H]3CC[C@]3(C)OC)cnn12,CHEMBL6056957,8.26,,True,JH2,,,,,,,,,,0,,True
CNc1cc(Nc2cccn(-c3ncccc3F)c2=O)nc2c(C(=O)N[C@H]3C[C@@H]3OC)cnn12,CHEMBL5398548,8.26,8.940000000000001,False,Other,,,,,,,,,,0,,False
CNc1cc(Nc2cccn(-c3ncccc3F)c2=O)nc2c(C(=O)N[C@H]3C[C@H]3F)cnn12,CHEMBL5422880,8.655000000000001,8.655000000000001,False,Other,,,,,,,,,,0,,False
CNc1cc(Nc2cccn(-c3ncccc3F)c2=O)nc2c(C(=O)O)cnn12,CHEMBL5909869,8.26,,True,JH2,,,,,,,,,,0,,True
CNc1cc(Nc2cccn(-c3ncccc3F)c2=O)nn2c(C(=O)NC3CC3)cnc12,CHEMBL4435047,7.21,7.21,False,JH2,,,,,,,,,,0,,True
CNc1cc(Nc2cccn(-c3ncco3)c2=O)nc2c(C(=O)NC3CCC[C@@H](OC)C3)cnn12,CHEMBL5960651,9.22,,True,JH2,,,,,,,,,,0,,True
CNc1cc(Nc2cccn(-c3ncco3)c2=O)nc2c(C(=O)NC3CC[C@@H](OC)C3)cnn12,CHEMBL5946829,9.22,,True,JH2,,,,,,,,,,0,,True
CNc1cc(Nc2cccn(-c3ncco3)c2=O)nc2c(C(=O)NC3CC[C@]3(C)OC)cnn12,CHEMBL5929546,9.22,,True,JH2,,,,,,,,,,0,,True
CNc1cc(Nc2cccn(-c3ncco3)c2=O)nc2c(C(=O)N[C@@H]3CCC[C@@H](OC)C3)cnn12,CHEMBL5766004,9.22,,True,JH2,,,,,,,,,,0,,True
CNc1cc(Nc2cccn(-c3ncco3)c2=O)nc2c(C(=O)N[C@@H]3CC[C@@H](OC)C3)cnn12,CHEMBL6033910,9.22,,True,JH2,,,,,,,,,,0,,True
CNc1cc(Nc2cccn(-c3ncco3)c2=O)nc2c(C(=O)N[C@@H]3CC[C@@]3(C)OC)cnn12,CHEMBL5868820,9.22,,True,JH2,,,,,,,,,,0,,True
CNc1cc(Nc2cccn(-c3ncco3)c2=O)nc2c(C(=O)N[C@@H]3CC[C@H]3OC)cnn12,CHEMBL5909376,8.74,,True,JH2,,,,,,,,,,0,,True
CNc1cc(Nc2cccn(-c3ncco3)c2=O)nc2c(C(=O)N[C@H]3CCC[C@H](OC)C3)cnn12,CHEMBL5996128,9.22,,True,JH2,,,,,,,,,,0,,True
CNc1cc(Nc2cccn(-c3ncco3)c2=O)nc2c(C(=O)N[C@H]3CC[C@@H]3OC)cnn12,CHEMBL5428288,8.705,8.19,False,Other,,,,,,,,,,0,,False
CNc1cc(Nc2cccn(-c3ncco3)c2=O)nc2c(C(=O)N[C@H]3CC[C@H](OC)C3)cnn12,CHEMBL5949298,9.22,,True,JH2,,,,,,,,,,0,,True
CNc1cc(Nc2cccn(-c3ncco3)c2=O)nc2c(C(=O)N[C@H]3CC[C@]3(C)OC)cnn12,CHEMBL5832401,8.26,,True,JH2,,,,,,,,,,0,,True
CNc1cc(Nc2cccn(-c3nccs3)c2=O)nc2c(C(=O)N[C@H]3C[C@H]3F)cnn12,CHEMBL6046719,9.22,,True,JH2,,,,,,,,,,0,,True
CNc1cc(Nc2cccn(-c3nccs3)c2=O)nc2c(C(N)=O)cnn12,CHEMBL5757345,9.22,,True,JH2,,,,,,,,,,0,,True
CNc1cc(Nc2cccn(-c3nn(C)c(C)c3C)c2=O)nc2c(C(=O)NC3CC3)cnn12,CHEMBL5790740,9.22,,True,JH2,,,,,,,,,,0,,True
CNc1cc(Nc2cccn(-c3nn(C)c(C)c3C)c2=O)nc2c(C(=O)N[C@@H]3C[C@@H]3F)cnn12,CHEMBL5792425,9.22,,True,JH2,,,,,,,,,,0,,True
CNc1cc(Nc2cccn(-c3nn(C)cc3C)c2=O)nc2c(C(=O)NC3CC3)cnn12,CHEMBL5964520,9.22,,True,JH2,,,,,,,,,,0,,True
CNc1cc(Nc2cccn(-c3nn(C)cc3C)c2=O)nc2c(C(=O)N[C@H]3C[C@H]3F)cnn12,CHEMBL5741714,9.22,,True,JH2,,,,,,,,,,0,,True
CNc1cc(Nc2cccn(-c3oc(C)nc3C)c2=O)nc2c(C(=O)NC3CC3)cnn12,CHEMBL5763943,8.26,,True,JH2,,,,,,,,,,0,,True
CNc1cc(Nc2cccn(-c3oc(C)nc3C)c2=O)nc2c(C(=O)N[C@@H]3C[C@@H]3F)cnn12,CHEMBL6037869,9.22,,True,JH2,,,,,,,,,,0,,True
CNc1cc(Nc2cccn(-c3ocnc3C)c2=O)nc2c(C(=O)NC3CCC[C@@H](OC)C3)cnn12,CHEMBL5898970,9.22,,True,JH2,,,,,,,,,,0,,True
CNc1cc(Nc2cccn(-c3ocnc3C)c2=O)nc2c(C(=O)NC3CC[C@@H](OC)C3)cnn12,CHEMBL5986288,8.26,,True,JH2,,,,,,,,,,0,,True
CNc1cc(Nc2cccn(-c3ocnc3C)c2=O)nc2c(C(=O)NC3CC[C@]3(C)OC)cnn12,CHEMBL5892548,9.22,,True,JH2,,,,,,,,,,0,,True
CNc1cc(Nc2cccn(-c3ocnc3C)c2=O)nc2c(C(=O)N[C@@H]3CCC[C@@H](OC)C3)cnn12,CHEMBL5892647,9.22,,True,JH2,,,,,,,,,,0,,True
CNc1cc(Nc2cccn(-c3ocnc3C)c2=O)nc2c(C(=O)N[C@@H]3CC[C@@H](OC)C3)cnn12,CHEMBL6064153,8.26,,True,JH2,,,,,,,,,,0,,True
CNc1cc(Nc2cccn(-c3ocnc3C)c2=O)nc2c(C(=O)N[C@@H]3CC[C@@]3(C)OC)cnn12,CHEMBL5895003,9.22,,True,JH2,,,,,,,,,,0,,True
CNc1cc(Nc2cccn(-c3ocnc3C)c2=O)nc2c(C(=O)N[C@@H]3CC[C@H]3OC)cnn12,CHEMBL5419281,8.5,8.74,False,Other,,,,,,,,,,0,,False
CNc1cc(Nc2cccn(-c3ocnc3C)c2=O)nc2c(C(=O)N[C@H]3CCC[C@H](OC)C3)cnn12,CHEMBL5971290,9.22,,True,JH2,,,,,,,,,,0,,True
CNc1cc(Nc2cccn(-c3ocnc3C)c2=O)nc2c(C(=O)N[C@H]3CC[C@@H]3OC)cnn12,CHEMBL5986260,8.26,,True,JH2,,,,,,,,,,0,,True
CNc1cc(Nc2cccn(-c3ocnc3C)c2=O)nc2c(C(=O)N[C@H]3CC[C@H](OC)C3)cnn12,CHEMBL5842651,9.22,,True,JH2,,,,,,,,,,0,,True
CNc1cc(Nc2cccn(-c3ocnc3C)c2=O)nc2c(C(=O)N[C@H]3CC[C@]3(C)OC)cnn12,CHEMBL5741691,8.26,,True,JH2,,,,,,,,,,0,,True
CNc1cc(Nc2cccn(C(C)C)c2=O)nc2c(C(=O)NC3CC3)cnn12,CHEMBL5964735,9.22,,True,JH2,,,,,,,,,,0,,True
CNc1cc(Nc2cccn(C(C)C)c2=O)nc2c(C(=O)NC3CC[C@@]3(O)C(F)(F)F)cnn12,CHEMBL5885855,9.22,,True,JH2,,,,,,,,,,0,,True
CNc1cc(Nc2cccn(C(C)C)c2=O)nc2c(C(=O)NC3CC[C@]3(C)OC)cnn12,CHEMBL6061039,9.22,,True,JH2,,,,,,,,,,0,,True
CNc1cc(Nc2cccn(C(C)C)c2=O)nc2c(C(=O)N[C@@H]3CCCC[C@@]3(C)O)cnn12,CHEMBL5922991,9.22,,True,JH2,,,,,,,,,,0,,True
CNc1cc(Nc2cccn(C(C)C)c2=O)nc2c(C(=O)N[C@@H]3CCC[C@@H](O)C3)cnn12,CHEMBL5753025,9.22,,True,JH2,,,,,,,,,,0,,True
CNc1cc(Nc2cccn(C(C)C)c2=O)nc2c(C(=O)N[C@@H]3CCC[C@@](C)(O)C3)cnn12,CHEMBL5877481,8.26,,True,JH2,,,,,,,,,,0,,True
CNc1cc(Nc2cccn(C(C)C)c2=O)nc2c(C(=O)N[C@@H]3CC[C@@H]3O)cnn12,CHEMBL5809566,9.22,,True,JH2,,,,,,,,,,0,,True
CNc1cc(Nc2cccn(C(C)C)c2=O)nc2c(C(=O)N[C@@H]3CC[C@@H]3OC)cnn12,CHEMBL6036252,9.22,9.22,False,JH2,,,,,,,,,,0,,True
CNc1cc(Nc2cccn(C(C)C)c2=O)nc2c(C(=O)N[C@@H]3CC[C@@]3(C)OC)cnn12,CHEMBL5906840,8.26,,True,JH2,,,,,,,,,,0,,True
CNc1cc(Nc2cccn(C(C)C)c2=O)nc2c(C(=O)N[C@@H]3CC[C@H]3OC)cnn12,CHEMBL5998312,9.22,,True,JH2,,,,,,,,,,0,,True
CNc1cc(Nc2cccn(C(C)C)c2=O)nc2c(C(=O)N[C@@H]3CC[C@]3(C)O)cnn12,CHEMBL5987293,8.26,,True,JH2,,,,,,,,,,0,,True
CNc1cc(Nc2cccn(C(C)C)c2=O)nc2c(C(=O)N[C@@H]3CC[C@]3(O)C(F)(F)F)cnn12,CHEMBL6032364,9.22,,True,JH2,,,,,,,,,,0,,True
CNc1cc(Nc2cccn(C(C)C)c2=O)nc2c(C(=O)N[C@@H]3COC[C@@H]3O)cnn12,CHEMBL6014177,9.22,,True,JH2,,,,,,,,,,0,,True
CNc1cc(Nc2cccn(C(C)C)c2=O)nc2c(C(=O)N[C@@H]3C[C@H]3OC)cnn12,CHEMBL6006411,9.22,,True,JH2,,,,,,,,,,0,,True
CNc1cc(Nc2cccn(C(C)C)c2=O)nc2c(C(=O)N[C@H]3CC[C@@H](O)C3)cnn12,CHEMBL5845856,8.26,,True,JH2,,,,,,,,,,0,,True
CNc1cc(Nc2cccn(C(C)C)c2=O)nc2c(C(=O)N[C@H]3CC[C@@H]3F)cnn12,CHEMBL5886945,9.22,,True,JH2,,,,,,,,,,0,,True
CNc1cc(Nc2cccn(C(C)C)c2=O)nc2c(C(=O)N[C@H]3CC[C@@H]3O)cnn12,CHEMBL6054720,9.22,,True,JH2,,,,,,,,,,0,,True
CNc1cc(Nc2cccn(C(C)C)c2=O)nc2c(C(=O)N[C@H]3CC[C@@H]3OC)cnn12,CHEMBL5397381,8.55,8.55,False,Other,,,,,,,,,,0,,False
CNc1cc(Nc2cccn(C(C)C)c2=O)nc2c(C(=O)N[C@H]3CC[C@]3(C)OC)cnn12,CHEMBL5864265,9.22,,True,JH2,,,,,,,,,,0,,True
CNc1cc(Nc2cccn(C(C)C)c2=O)nc2c(C(=O)N[C@H]3C[C@@H]3OC)cnn12,CHEMBL5841724,9.22,,True,JH2,,,,,,,,,,0,,True
CNc1cc(Nc2cccn(C)c2=O)nn2c(C(=O)NC3CC3)cnc12,CHEMBL4517542,7.67,7.67,False,JH2,,,,,,,,,,0,,True
CNc1cc(Nc2cccn(C3=NC(C)(C)CS3)c2=O)nc2c(C(=O)NC3CC3)cnn12,CHEMBL5935608,9.22,,True,JH2,,,,,,,,,,0,,True
CNc1cc(Nc2cccn(C3=NC(C)(C)CS3)c2=O)nc2c(C(=O)NC3CCC3)cnn12,CHEMBL5889588,9.22,,True,JH2,,,,,,,,,,0,,True
CNc1cc(Nc2cccn(C3=NC(C)(C)CS3)c2=O)nc2c(C(=O)N[C@@H]3C[C@@H]3F)cnn12,CHEMBL5881003,9.22,,True,JH2,,,,,,,,,,0,,True
CNc1cc(Nc2cccn(C3CC(F)(F)C3)c2=O)nc2c(C(=O)NC3CC[C@@](C)(O)C3)cnn12,CHEMBL5849333,9.22,,True,JH2,,,,,,,,,,0,,True
CNc1cc(Nc2cccn(C3CC(F)(F)C3)c2=O)nc2c(C(=O)NC3CC[C@]3(C)O)cnn12,CHEMBL5903767,9.22,,True,JH2,,,,,,,,,,0,,True
CNc1cc(Nc2cccn(C3CC(F)(F)C3)c2=O)nc2c(C(=O)NC3CC[C@]3(C)OC)cnn12,CHEMBL5892201,8.26,,True,JH2,,,,,,,,,,0,,True
CNc1cc(Nc2cccn(C3CC(F)(F)C3)c2=O)nc2c(C(=O)N[C@@H]3CCC[C@@](C)(O)C3)cnn12,CHEMBL5916388,8.26,,True,JH2,,,,,,,,,,0,,True
CNc1cc(Nc2cccn(C3CC(F)(F)C3)c2=O)nc2c(C(=O)N[C@@H]3CC[C@@H](O)C3)cnn12,CHEMBL5908688,9.22,,True,JH2,,,,,,,,,,0,,True
CNc1cc(Nc2cccn(C3CC(F)(F)C3)c2=O)nc2c(C(=O)N[C@@H]3CC[C@@H](OC)C3)cnn12,CHEMBL6030676,8.74,,True,JH2,,,,,,,,,,0,,True
CNc1cc(Nc2cccn(C3CC(F)(F)C3)c2=O)nc2c(C(=O)N[C@@H]3CC[C@@H]3O)cnn12,CHEMBL5949669,9.22,,True,JH2,,,,,,,,,,0,,True
CNc1cc(Nc2cccn(C3CC(F)(F)C3)c2=O)nc2c(C(=O)N[C@@H]3CC[C@@](C)(O)C3)cnn12,CHEMBL5808358,8.26,,True,JH2,,,,,,,,,,0,,True
CNc1cc(Nc2cccn(C3CC(F)(F)C3)c2=O)nc2c(C(=O)N[C@@H]3CC[C@@]3(C)O)cnn12,CHEMBL5809463,9.22,,True,JH2,,,,,,,,,,0,,True
CNc1cc(Nc2cccn(C3CC(F)(F)C3)c2=O)nc2c(C(=O)N[C@@H]3CC[C@H](O)C3)cnn12,CHEMBL5971926,9.22,,True,JH2,,,,,,,,,,0,,True
CNc1cc(Nc2cccn(C3CC(F)(F)C3)c2=O)nc2c(C(=O)N[C@@H]3COC[C@@H]3O)cnn12,CHEMBL6051285,8.26,,True,JH2,,,,,,,,,,0,,True
CNc1cc(Nc2cccn(C3CC(F)(F)C3)c2=O)nc2c(C(=O)N[C@H]3CCC[C@H](O)C3)cnn12,CHEMBL5827055,9.22,,True,JH2,,,,,,,,,,0,,True
CNc1cc(Nc2cccn(C3CC(F)(F)C3)c2=O)nc2c(C(=O)N[C@H]3CCC[C@](C)(O)C3)cnn12,CHEMBL6005754,9.22,,True,JH2,,,,,,,,,,0,,True
CNc1cc(Nc2cccn(C3CC(F)(F)C3)c2=O)nc2c(C(=O)N[C@H]3CC[C@@H](O)C3)cnn12,CHEMBL5879669,9.22,,True,JH2,,,,,,,,,,0,,True
CNc1cc(Nc2cccn(C3CC(F)(F)C3)c2=O)nc2c(C(=O)N[C@H]3CC[C@@H]3O)cnn12,CHEMBL5917072,8.74,,True,JH2,,,,,,,,,,0,,True
CNc1cc(Nc2cccn(C3CC(F)(F)C3)c2=O)nc2c(C(=O)N[C@H]3CC[C@@H]3OC)cnn12,CHEMBL5907032,9.22,,True,JH2,,,,,,,,,,0,,True
CNc1cc(Nc2cccn(C3CC(F)(F)C3)c2=O)nc2c(C(=O)N[C@H]3CC[C@H](O)C3)cnn12,CHEMBL5810694,9.22,,True,JH2,,,,,,,,,,0,,True
CNc1cc(Nc2cccn(C3CC(F)(F)C3)c2=O)nc2c(C(=O)N[C@H]3CC[C@H](OC)C3)cnn12,CHEMBL6065116,8.26,,True,JH2,,,,,,,,,,0,,True
CNc1cc(Nc2cccn(C3CC(F)(F)C3)c2=O)nc2c(C(=O)N[C@H]3CC[C@H]3O)cnn12,CHEMBL5979194,8.26,,True,JH2,,,,,,,,,,0,,True
CNc1cc(Nc2cccn(C3CC(F)(F)C3)c2=O)nc2c(C(=O)N[C@H]3CC[C@](C)(O)C3)cnn12,CHEMBL5835425,9.22,,True,JH2,,,,,,,,,,0,,True
CNc1cc(Nc2cccn(C3CC(F)(F)C3)c2=O)nc2c(C(=O)N[C@H]3CC[C@]3(C)O)cnn12,CHEMBL5795820,9.22,,True,JH2,,,,,,,,,,0,,True
CNc1cc(Nc2cccn(C3CC(F)(F)C3)c2=O)nc2c(C(=O)N[C@H]3CC[C@]3(C)OC)cnn12,CHEMBL5790682,9.22,,True,JH2,,,,,,,,,,0,,True
CNc1cc(Nc2cccn(C3CC(F)(F)C3)c2=O)nc2c(C(=O)N[C@H]3COC[C@H]3O)cnn12,CHEMBL5832353,8.74,,True,JH2,,,,,,,,,,0,,True
CNc1cc(Nc2cccn(C3CC(F)(F)C3)c2=O)nc2c(C(=O)N[C@H]3C[C@@H]3OC)cnn12,CHEMBL5821983,9.22,,True,JH2,,,,,,,,,,0,,True
CNc1cc(Nc2cccn(C3CC3)c2=O)nn2c(C(=O)NC3CC3)cnc12,CHEMBL4547009,6.88,6.88,False,JH2,,,,,,,,,,0,,True
CNc1cc(Nc2cccn(C3CC4(COC4)C3)c2=O)nc2c(C(=O)N[C@@H]3CC[C@@H]3O)cnn12,CHEMBL5854932,9.22,,True,JH2,,,,,,,,,,0,,True
CNc1cc(Nc2cccn(C3CCC(C)(O)CC3)c2=O)nc2c(C(=O)NC3CC3)cnn12,CHEMBL5827372,9.22,9.22,False,JH2,,,,,,,,,,0,,True
CNc1cc(Nc2cccn(C3CCC3)c2=O)nc2c(C(=O)N[C@@H]3CC[C@H]3OC)cnn12,CHEMBL6031906,9.22,,True,JH2,,,,,,,,,,0,,True
CNc1cc(Nc2cccn(C3CCCCC3)c2=O)nc2c(C(=O)NC[C@H](C)CO)cnn12,CHEMBL5822191,9.22,,True,JH2,,,,,,,,,,0,,True
CNc1cc(Nc2cccn(C3CCCCC3)c2=O)nc2c(C(=O)N[C@H]3CC[C@@H]3O)cnn12,CHEMBL5968529,9.22,,True,JH2,,,,,,,,,,0,,True
CNc1cc(Nc2cccn(C3CCCCC3)c2=O)nc2c(C(=O)N[C@H]3CC[C@H]3O)cnn12,CHEMBL5808242,8.26,,True,JH2,,,,,,,,,,0,,True
CNc1cc(Nc2cccn(C3CCCCC3)c2=O)nc2c(C(=O)N[C@H]3COC[C@H]3O)cnn12,CHEMBL6011405,8.74,,True,JH2,,,,,,,,,,0,,True
CNc1cc(Nc2cccn(C3CCCCC3)c2=O)nc2c(C(N)=O)cnn12,CHEMBL5903449,8.26,,True,JH2,,,,,,,,,,0,,True
CNc1cc(Nc2cccn(C3CCCC[C@@H]3OC)c2=O)nc2c(C(=O)NCC3(CO)CC3)cnn12,CHEMBL6042559,8.26,8.26,False,JH2,,,,,,,,,,0,,True
CNc1cc(Nc2cccn(C3CCCN(C)C3)c2=O)nc2c(C(=O)NC3CC3)cnn12,CHEMBL5930394,9.22,,True,JH2,,,,,,,,,,0,,True
CNc1cc(Nc2cccn(C3CCCN(CCC#N)C3)c2=O)nc2c(C(=O)NC3CC3)cnn12,CHEMBL6051552,9.22,,True,JH2,,,,,,,,,,0,,True
CNc1cc(Nc2cccn(C3CCCN(CCC#N)C3)c2=O)nc2c(C(=O)N[C@@H]3C[C@@H]3F)cnn12,CHEMBL5752828,9.22,,True,JH2,,,,,,,,,,0,,True
CNc1cc(Nc2cccn(C3CCC[C@@H](OC)C3)c2=O)nc2c(C(=O)NC3CC3)cnn12,CHEMBL5924202,9.22,,True,JH2,,,,,,,,,,0,,True
CNc1cc(Nc2cccn(C3CCC[C@@H](OC)C3)c2=O)nc2c(C(=O)NCC(C)(C)CO)cnn12,CHEMBL5941575,9.22,,True,JH2,,,,,,,,,,0,,True
CNc1cc(Nc2cccn(C3CCC[C@H](O)C3)c2=O)nc2c(C(=O)N[C@@H]3CC[C@H]3OC)cnn12,CHEMBL5742120,9.22,,True,JH2,,,,,,,,,,0,,True
CNc1cc(Nc2cccn(C3CCN(C)CC3(F)F)c2=O)nc2c(C(=O)NC3CC3)cnn12,CHEMBL5932671,9.22,,True,JH2,,,,,,,,,,0,,True
CNc1cc(Nc2cccn(C3CCN(C)CC3)c2=O)nc2c(C(=O)NC3CC3)cnn12,CHEMBL5773658,9.22,,True,JH2,,,,,,,,,,0,,True
CNc1cc(Nc2cccn(C3CCN(C)CC3)c2=O)nc2c(C(=O)NCC(C)(C)CO)cnn12,CHEMBL5858760,9.22,,True,JH2,,,,,,,,,,0,,True
CNc1cc(Nc2cccn(C3CCN(C)CC3)c2=O)nc2c(C(=O)NCC3(CO)CC3)cnn12,CHEMBL5773340,9.22,,True,JH2,,,,,,,,,,0,,True
CNc1cc(Nc2cccn(C3CCN(C)CC3)c2=O)nc2c(C(=O)N[C@@H]3CC[C@@H]3O)cnn12,CHEMBL5752535,8.26,,True,JH2,,,,,,,,,,0,,True
CNc1cc(Nc2cccn(C3CCN(C)CC3)c2=O)nc2c(C(=O)N[C@H]3CC[C@H]3O)cnn12,CHEMBL5754709,9.22,,True,JH2,,,,,,,,,,0,,True
CNc1cc(Nc2cccn(C3CCN(CC(F)F)CC3)c2=O)nc2c(C(=O)N[C@H]3C[C@H]3F)cnn12,CHEMBL5929539,9.22,,True,JH2,,,,,,,,,,0,,True
CNc1cc(Nc2cccn(C3CCN(CCF)CC3)c2=O)nc2c(C(=O)N[C@@H]3CC[C@@H]3O)cnn12,CHEMBL5978455,9.22,,True,JH2,,,,,,,,,,0,,True
CNc1cc(Nc2cccn(C3CCN(CCF)CC3)c2=O)nc2c(C(=O)N[C@@H]3CC[C@H]3F)cnn12,CHEMBL5800147,9.22,,True,JH2,,,,,,,,,,0,,True
CNc1cc(Nc2cccn(C3CCN(CCF)CC3)c2=O)nc2c(C(=O)N[C@@H]3CC[C@H]3OC)cnn12,CHEMBL5985447,9.22,,True,JH2,,,,,,,,,,0,,True
CNc1cc(Nc2cccn(C3CCN(CCF)CC3)c2=O)nc2c(C(=O)N[C@H]3CC[C@@H]3OC)cnn12,CHEMBL5403825,7.8,7.8,False,Other,,,,,,,,,,0,,False
CNc1cc(Nc2cccn(C3CCOC3)c2=O)nc2c(C(N)=O)cnn12,CHEMBL5787531,9.22,,True,JH2,,,,,,,,,,0,,True
CNc1cc(Nc2cccn(C3CCOCC3)c2=O)nc2c(C(=O)NC3CC[C@]3(O)C(F)(F)F)cnn12,CHEMBL5839492,9.22,,True,JH2,,,,,,,,,,0,,True
CNc1cc(Nc2cccn(C3CCOCC3)c2=O)nc2c(C(=O)NC[C@@H](C)CO)cnn12,CHEMBL5827021,9.22,,True,JH2,,,,,,,,,,0,,True
CNc1cc(Nc2cccn(C3CCOCC3)c2=O)nc2c(C(=O)N[C@@H]3CCCC[C@@]3(C)O)cnn12,CHEMBL5741892,9.22,,True,JH2,,,,,,,,,,0,,True
CNc1cc(Nc2cccn(C3CCOCC3)c2=O)nc2c(C(=O)N[C@@H]3CCC[C@@H](O)C3)cnn12,CHEMBL5839226,8.26,,True,JH2,,,,,,,,,,0,,True
CNc1cc(Nc2cccn(C3CCOCC3)c2=O)nc2c(C(=O)N[C@@H]3CCC[C@@H](OC)C3)cnn12,CHEMBL6051159,9.22,,True,JH2,,,,,,,,,,0,,True
CNc1cc(Nc2cccn(C3CCOCC3)c2=O)nc2c(C(=O)N[C@@H]3CCC[C@@](C)(OC)C3)cnn12,CHEMBL5901161,9.22,,True,JH2,,,,,,,,,,0,,True
CNc1cc(Nc2cccn(C3CCOCC3)c2=O)nc2c(C(=O)N[C@@H]3CC[C@@H](OC)C3)cnn12,CHEMBL6065219,8.26,,True,JH2,,,,,,,,,,0,,True
CNc1cc(Nc2cccn(C3CCOCC3)c2=O)nc2c(C(=O)N[C@@H]3CC[C@@]3(C)O)cnn12,CHEMBL5890040,9.22,,True,JH2,,,,,,,,,,0,,True
CNc1cc(Nc2cccn(C3CCOCC3)c2=O)nc2c(C(=O)N[C@@H]3CC[C@@]3(C)OC)cnn12,CHEMBL5846763,8.26,,True,JH2,,,,,,,,,,0,,True
CNc1cc(Nc2cccn(C3CCOCC3)c2=O)nc2c(C(=O)N[C@@H]3CC[C@H](O)C3)cnn12,CHEMBL5857833,8.26,,True,JH2,,,,,,,,,,0,,True
CNc1cc(Nc2cccn(C3CCOCC3)c2=O)nc2c(C(=O)N[C@@H]3CC[C@H]3O)cnn12,CHEMBL5943712,9.22,,True,JH2,,,,,,,,,,0,,True
CNc1cc(Nc2cccn(C3CCOCC3)c2=O)nc2c(C(=O)N[C@@H]3COC[C@@H]3O)cnn12,CHEMBL5900499,9.22,,True,JH2,,,,,,,,,,0,,True
CNc1cc(Nc2cccn(C3CCOCC3)c2=O)nc2c(C(=O)N[C@H]3CCC3(F)F)cnn12,CHEMBL5754226,9.22,,True,JH2,,,,,,,,,,0,,True
CNc1cc(Nc2cccn(C3CCOCC3)c2=O)nc2c(C(=O)N[C@H]3CCC[C@](C)(OC)C3)cnn12,CHEMBL5859316,9.22,,True,JH2,,,,,,,,,,0,,True
CNc1cc(Nc2cccn(C3CCOCC3)c2=O)nc2c(C(=O)N[C@H]3CCC[C@]3(C)O)cnn12,CHEMBL5898163,9.22,,True,JH2,,,,,,,,,,0,,True
CNc1cc(Nc2cccn(C3CCOCC3)c2=O)nc2c(C(=O)N[C@H]3CC[C@@H]3F)cnn12,CHEMBL5831726,9.22,,True,JH2,,,,,,,,,,0,,True
CNc1cc(Nc2cccn(C3CCOCC3)c2=O)nc2c(C(=O)N[C@H]3CC[C@@H]3OC)cnn12,CHEMBL5414946,7.835,7.41,False,Other,,,,,,,,,,0,,False
CNc1cc(Nc2cccn(C3CCOCC3)c2=O)nc2c(C(=O)N[C@H]3CC[C@@]3(O)C(F)(F)F)cnn12,CHEMBL5932749,8.26,,True,JH2,,,,,,,,,,0,,True
CNc1cc(Nc2cccn(C3CCOCC3)c2=O)nc2c(C(=O)N[C@H]3CC[C@H]3O)cnn12,CHEMBL5967338,9.22,,True,JH2,,,,,,,,,,0,,True
CNc1cc(Nc2cccn(C3CC[C@@H]3OC)c2=O)nc2c(C(=O)NC3CC3)cnn12,CHEMBL5953739,9.22,9.22,False,JH2,,,,,,,,,,0,,True
CNc1cc(Nc2cccn(C3CC[C@H]3O)c2=O)nc2c(C(=O)N[C@@H]3CCC3(F)F)cnn12,CHEMBL5889873,9.22,,True,JH2,,,,,,,,,,0,,True
CNc1cc(Nc2cccn(C3COC3)c2=O)nc2c(C(=O)NC3CC3)cnn12,CHEMBL5915057,9.22,,True,JH2,,,,,,,,,,0,,True
CNc1cc(Nc2cccn(C3COC3)c2=O)nc2c(C(=O)NC3CCC[C@H](OC)C3)cnn12,CHEMBL5871613,8.26,,True,JH2,,,,,,,,,,0,,True
CNc1cc(Nc2cccn(C3COC3)c2=O)nc2c(C(=O)NC3CC[C@@H](O)C3)cnn12,CHEMBL5765741,8.26,,True,JH2,,,,,,,,,,0,,True
CNc1cc(Nc2cccn(C3COC3)c2=O)nc2c(C(=O)NC3CC[C@@H](OC)C3)cnn12,CHEMBL5870792,8.26,,True,JH2,,,,,,,,,,0,,True
CNc1cc(Nc2cccn(C3COC3)c2=O)nc2c(C(=O)NC3CC[C@@](C)(O)C3)cnn12,CHEMBL5920950,9.22,,True,JH2,,,,,,,,,,0,,True
CNc1cc(Nc2cccn(C3COC3)c2=O)nc2c(C(=O)NC3CC[C@]3(C)OC)cnn12,CHEMBL5858722,9.22,,True,JH2,,,,,,,,,,0,,True
CNc1cc(Nc2cccn(C3COC3)c2=O)nc2c(C(=O)N[C@@H]3CCC[C@@H](OC)C3)cnn12,CHEMBL5894455,8.26,,True,JH2,,,,,,,,,,0,,True
CNc1cc(Nc2cccn(C3COC3)c2=O)nc2c(C(=O)N[C@@H]3CC[C@@H](O)C3)cnn12,CHEMBL5867192,9.22,,True,JH2,,,,,,,,,,0,,True
CNc1cc(Nc2cccn(C3COC3)c2=O)nc2c(C(=O)N[C@@H]3CC[C@@H](OC)C3)cnn12,CHEMBL5943673,8.26,,True,JH2,,,,,,,,,,0,,True
CNc1cc(Nc2cccn(C3COC3)c2=O)nc2c(C(=O)N[C@@H]3CC[C@@](C)(O)C3)cnn12,CHEMBL5877128,8.26,,True,JH2,,,,,,,,,,0,,True
CNc1cc(Nc2cccn(C3COC3)c2=O)nc2c(C(=O)N[C@@H]3CC[C@@]3(C)OC)cnn12,CHEMBL5928595,9.22,,True,JH2,,,,,,,,,,0,,True
CNc1cc(Nc2cccn(C3COC3)c2=O)nc2c(C(=O)N[C@H]3CCC3(F)F)cnn12,CHEMBL5810502,9.22,,True,JH2,,,,,,,,,,0,,True
CNc1cc(Nc2cccn(C3COC3)c2=O)nc2c(C(=O)N[C@H]3CCC[C@H](OC)C3)cnn12,CHEMBL5795703,8.26,,True,JH2,,,,,,,,,,0,,True
CNc1cc(Nc2cccn(C3COC3)c2=O)nc2c(C(=O)N[C@H]3CC[C@@H]3OC)cnn12,CHEMBL5431732,7.99,7.72,False,Other,,,,,,,,,,0,,False
CNc1cc(Nc2cccn(C3COC3)c2=O)nc2c(C(=O)N[C@H]3CC[C@H](O)C3)cnn12,CHEMBL5762537,9.22,,True,JH2,,,,,,,,,,0,,True
CNc1cc(Nc2cccn(C3COC3)c2=O)nc2c(C(=O)N[C@H]3CC[C@H](OC)C3)cnn12,CHEMBL5922816,8.26,,True,JH2,,,,,,,,,,0,,True
CNc1cc(Nc2cccn(C3COC3)c2=O)nc2c(C(=O)N[C@H]3CC[C@](C)(O)C3)cnn12,CHEMBL5791227,9.22,,True,JH2,,,,,,,,,,0,,True
CNc1cc(Nc2cccn(C3COC3)c2=O)nc2c(C(=O)N[C@H]3CC[C@]3(C)OC)cnn12,CHEMBL6012177,8.26,,True,JH2,,,,,,,,,,0,,True
CNc1cc(Nc2cccn(C3C[C@@H]3F)c2=O)nc2c(C(=O)NC3CC[C@]3(C)OC)cnn12,CHEMBL5904003,8.26,,True,JH2,,,,,,,,,,0,,True
CNc1cc(Nc2cccn(CCOC3CC3)c2=O)nc2c(C(=O)NC3CC3)cnn12,CHEMBL5968540,9.22,,True,JH2,,,,,,,,,,0,,True
CNc1cc(Nc2cccn(CCOC3CC3)c2=O)nc2c(C(=O)NC3CC4(COC4)C3)cnn12,CHEMBL6029785,8.26,,True,JH2,,,,,,,,,,0,,True
CNc1cc(Nc2cccn(CCOC3CC3)c2=O)nc2c(C(=O)NCC3(CO)CC3)cnn12,CHEMBL5900756,9.22,,True,JH2,,,,,,,,,,0,,True
CNc1cc(Nc2cccn(CCOC3CC3)c2=O)nc2c(C(=O)N[C@@H]3CC[C@@H]3O)cnn12,CHEMBL5824980,8.74,,True,JH2,,,,,,,,,,0,,True
CNc1cc(Nc2cccn(CCOC3CC3)c2=O)nc2c(C(=O)N[C@@H]3CC[C@H]3O)cnn12,CHEMBL6025989,9.22,,True,JH2,,,,,,,,,,0,,True
CNc1cc(Nc2cccn(CCOC3CC3)c2=O)nc2c(C(=O)N[C@H]3CC[C@@H]3O)cnn12,CHEMBL5754444,8.26,,True,JH2,,,,,,,,,,0,,True
CNc1cc(Nc2cccn(CCOC3CC3)c2=O)nc2c(C(=O)N[C@H]3CC[C@H]3O)cnn12,CHEMBL6020067,9.22,,True,JH2,,,,,,,,,,0,,True
CNc1cc(Nc2cccn(C[C@H]3CCCCO3)c2=O)nc2c(C(=O)NC3CC3)cnn12,CHEMBL6039370,9.22,,True,JH2,,,,,,,,,,0,,True
CNc1cc(Nc2cccn(C[C@H]3CCCCO3)c2=O)nc2c(C(=O)N[C@@H]3C[C@@H]3F)cnn12,CHEMBL5752126,9.22,,True,JH2,,,,,,,,,,0,,True
CNc1cc(Nc2cccn([C@@H]3CCCC[C@@H]3O)c2=O)nc2c(C(=O)NC3CC3)cnn12,CHEMBL5780455,8.26,,True,JH2,,,,,,,,,,0,,True
CNc1cc(Nc2cccn([C@@H]3CCCC[C@@H]3O)c2=O)nc2c(C(=O)NC3CC[C@]3(C)OC)cnn12,CHEMBL5893143,8.26,,True,JH2,,,,,,,,,,0,,True
CNc1cc(Nc2cccn([C@@H]3CCCC[C@@H]3O)c2=O)nc2c(C(=O)N[C@@H]3CC[C@H]3OC)cnn12,CHEMBL5938753,9.22,,True,JH2,,,,,,,,,,0,,True
CNc1cc(Nc2cccn([C@@H]3CCCC[C@@H]3O)c2=O)nc2c(C(=O)N[C@@H]3C[C@@H]3F)cnn12,CHEMBL5965134,8.26,,True,JH2,,,,,,,,,,0,,True
CNc1cc(Nc2cccn([C@@H]3CCCC[C@@H]3O)c2=O)nc2c(C(=O)N[C@H]3CC[C@@H]3OC)cnn12,CHEMBL6059595,9.22,,True,JH2,,,,,,,,,,0,,True
CNc1cc(Nc2cccn([C@@H]3CCCC[C@@H]3O)c2=O)nc2c(C(=O)N[C@H]3CC[C@]3(C)OC)cnn12,CHEMBL5880234,8.26,,True,JH2,,,,,,,,,,0,,True
CNc1cc(Nc2cccn([C@@H]3CCCC[C@@H]3OC)c2=O)nc2c(C(=O)NCC(C)(C)CO)cnn12,CHEMBL5785405,8.26,,True,JH2,,,,,,,,,,0,,True
CNc1cc(Nc2cccn([C@@H]3CCCC[C@@H]3OC)c2=O)nc2c(C(=O)NCC3(CO)CC3)cnn12,CHEMBL5983042,8.26,,True,JH2,,,,,,,,,,0,,True
CNc1cc(Nc2cccn([C@@H]3CCCC[C@@H]3OC)c2=O)nc2c(C(=O)N[C@@H]3CC[C@H]3OC)cnn12,CHEMBL5850188,8.26,,True,JH2,,,,,,,,,,0,,True
CNc1cc(Nc2cccn([C@@H]3CCCC[C@@H]3OC)c2=O)nc2c(C(=O)N[C@@H]3C[C@@H]3F)cnn12,CHEMBL6022070,8.26,,True,JH2,,,,,,,,,,0,,True
CNc1cc(Nc2cccn([C@@H]3CCCC[C@@H]3OC)c2=O)nc2c(C(=O)N[C@H]3CC[C@@H]3OC)cnn12,CHEMBL5862756,9.22,,True,JH2,,,,,,,,,,0,,True
CNc1cc(Nc2cccn([C@@H]3CCCN(C)C3)c2=O)nc2c(C(=O)N[C@@H]3C[C@@H]3F)cnn12,CHEMBL6053242,9.22,,True,JH2,,,,,,,,,,0,,True
CNc1cc(Nc2cccn([C@@H]3CCCN(CCC#N)C3)c2=O)nc2c(C(=O)N[C@@H]3C[C@@H]3F)cnn12,CHEMBL5781041,9.22,,True,JH2,,,,,,,,,,0,,True
CNc1cc(Nc2cccn([C@@H]3CCCN(CCF)C3)c2=O)nc2c(C(=O)NC3CC3)cnn12,CHEMBL5991897,9.22,,True,JH2,,,,,,,,,,0,,True
CNc1cc(Nc2cccn([C@@H]3CCCN(CCF)C3)c2=O)nc2c(C(=O)N[C@@H]3CC[C@H]3OC)cnn12,CHEMBL5768521,8.26,,True,JH2,,,,,,,,,,0,,True
CNc1cc(Nc2cccn([C@@H]3CCCN(CCF)C3)c2=O)nc2c(C(=O)N[C@@H]3C[C@@H]3F)cnn12,CHEMBL6047232,9.22,,True,JH2,,,,,,,,,,0,,True
CNc1cc(Nc2cccn([C@@H]3CCCOC3)c2=O)nc2c(C(=O)NC3CC[C@@]3(C)OC)cnn12,CHEMBL5882663,9.22,,True,JH2,,,,,,,,,,0,,True
CNc1cc(Nc2cccn([C@@H]3CCCOC3)c2=O)nc2c(C(=O)NCC3(CO)CC3)cnn12,CHEMBL5760957,9.22,,True,JH2,,,,,,,,,,0,,True
CNc1cc(Nc2cccn([C@@H]3CCCOC3)c2=O)nc2c(C(=O)N[C@@H]3CC[C@@H](O)C3)cnn12,CHEMBL6064399,9.22,,True,JH2,,,,,,,,,,0,,True
CNc1cc(Nc2cccn([C@@H]3CCCOC3)c2=O)nc2c(C(=O)N[C@@H]3CC[C@@H]3O)cnn12,CHEMBL6049879,9.22,,True,JH2,,,,,,,,,,0,,True
CNc1cc(Nc2cccn([C@@H]3CCCOC3)c2=O)nc2c(C(=O)N[C@@H]3CC[C@@]3(C)OC)cnn12,CHEMBL6048623,8.26,,True,JH2,,,,,,,,,,0,,True
CNc1cc(Nc2cccn([C@@H]3CCCOC3)c2=O)nc2c(C(=O)N[C@@H]3C[C@H]3OC)cnn12,CHEMBL5749524,9.22,,True,JH2,,,,,,,,,,0,,True
CNc1cc(Nc2cccn([C@@H]3CCCOC3)c2=O)nc2c(C(=O)N[C@H]3CCC3(F)F)cnn12,CHEMBL5871199,9.22,,True,JH2,,,,,,,,,,0,,True
CNc1cc(Nc2cccn([C@@H]3CCCOC3)c2=O)nc2c(C(=O)N[C@H]3CCC[C@H](O)C3)cnn12,CHEMBL5753342,9.22,,True,JH2,,,,,,,,,,0,,True
CNc1cc(Nc2cccn([C@@H]3CCCOC3)c2=O)nc2c(C(=O)N[C@H]3CC[C@@H]3F)cnn12,CHEMBL5796304,8.26,,True,JH2,,,,,,,,,,0,,True
CNc1cc(Nc2cccn([C@@H]3CCCOC3)c2=O)nc2c(C(=O)N[C@H]3CC[C@@H]3OC)cnn12,CHEMBL5440491,8.695,8.17,False,Other,,,,,,,,,,0,,False
CNc1cc(Nc2cccn([C@@H]3CCCOC3)c2=O)nc2c(C(=O)N[C@H]3CC[C@H](O)C3)cnn12,CHEMBL5786609,9.22,,True,JH2,,,,,,,,,,0,,True
CNc1cc(Nc2cccn([C@@H]3CCCOC3)c2=O)nc2c(C(=O)N[C@H]3C[C@@H]3OC)cnn12,CHEMBL5925726,8.26,,True,JH2,,,,,,,,,,0,,True
CNc1cc(Nc2cccn([C@@H]3CCCOC3)c2=O)nc2c(C(=O)N[C@H]3[C@@H]4COC[C@@H]43)cnn12,CHEMBL5849387,8.26,,True,JH2,,,,,,,,,,0,,True
CNc1cc(Nc2cccn([C@@H]3CCC[C@@H](O)C3)c2=O)nc2c(C(=O)N[C@H]3CC[C@@H]3OC)cnn12,CHEMBL5939860,8.26,,True,JH2,,,,,,,,,,0,,True
CNc1cc(Nc2cccn([C@@H]3CCC[C@@H](OC)C3)c2=O)nc2c(C(=O)NCC(C)(C)CO)cnn12,CHEMBL6025020,9.22,,True,JH2,,,,,,,,,,0,,True
CNc1cc(Nc2cccn([C@@H]3CCC[C@@H](OC)C3)c2=O)nc2c(C(=O)N[C@@H]3C[C@@H]3F)cnn12,CHEMBL5980127,9.22,,True,JH2,,,,,,,,,,0,,True
CNc1cc(Nc2cccn([C@@H]3CCC[C@@H](OC)C3)c2=O)nc2c(C(=O)N[C@H]3CC[C@@H]3OC)cnn12,CHEMBL5745641,8.26,,True,JH2,,,,,,,,,,0,,True
CNc1cc(Nc2cccn([C@@H]3CCC[C@@H]3O)c2=O)nc2c(C(=O)NC3CC(F)(F)C3)cnn12,CHEMBL5793314,8.26,,True,JH2,,,,,,,,,,0,,True
CNc1cc(Nc2cccn([C@@H]3CCC[C@@H]3O)c2=O)nc2c(C(=O)NC3CC3)cnn12,CHEMBL6011874,8.26,,True,JH2,,,,,,,,,,0,,True
CNc1cc(Nc2cccn([C@@H]3CCC[C@@H]3O)c2=O)nc2c(C(=O)NC3CC[C@]3(C)OC)cnn12,CHEMBL5769434,8.26,,True,JH2,,,,,,,,,,0,,True
CNc1cc(Nc2cccn([C@@H]3CCC[C@@H]3O)c2=O)nc2c(C(=O)N[C@@H]3CC[C@@H](OC)C3)cnn12,CHEMBL5936615,9.22,,True,JH2,,,,,,,,,,0,,True
CNc1cc(Nc2cccn([C@@H]3CCC[C@@H]3O)c2=O)nc2c(C(=O)N[C@@H]3CC[C@@]3(C)OC)cnn12,CHEMBL5941836,8.26,,True,JH2,,,,,,,,,,0,,True
CNc1cc(Nc2cccn([C@@H]3CCC[C@@H]3O)c2=O)nc2c(C(=O)N[C@@H]3C[C@@H]3F)cnn12,CHEMBL5823267,9.22,,True,JH2,,,,,,,,,,0,,True
CNc1cc(Nc2cccn([C@@H]3CCC[C@@H]3O)c2=O)nc2c(C(=O)N[C@H]3CCC3(F)F)cnn12,CHEMBL6058135,9.22,,True,JH2,,,,,,,,,,0,,True
CNc1cc(Nc2cccn([C@@H]3CCC[C@@H]3O)c2=O)nc2c(C(=O)N[C@H]3CC[C@@H]3OC)cnn12,CHEMBL5804755,9.22,,True,JH2,,,,,,,,,,0,,True
CNc1cc(Nc2cccn([C@@H]3CCC[C@@H]3O)c2=O)nc2c(C(=O)N[C@H]3CC[C@H](OC)C3)cnn12,CHEMBL5997658,9.22,,True,JH2,,,,,,,,,,0,,True
CNc1cc(Nc2cccn([C@@H]3CCC[C@@H]3OC)c2=O)nc2c(C(=O)NC3CC3)cnn12,CHEMBL5888648,8.26,,True,JH2,,,,,,,,,,0,,True
CNc1cc(Nc2cccn([C@@H]3CCC[C@@H]3OC)c2=O)nc2c(C(=O)N[C@@H]3C[C@@H]3F)cnn12,CHEMBL5831361,8.74,,True,JH2,,,,,,,,,,0,,True
CNc1cc(Nc2cccn([C@@H]3CCC[C@H](C#N)C3)c2=O)nc2c(C(=O)N[C@H]3CC[C@@H]3OC)cnn12,CHEMBL5838801,9.22,,True,JH2,,,,,,,,,,0,,True
CNc1cc(Nc2cccn([C@@H]3CCC[C@H](OC)C3)c2=O)nc2c(C(=O)N[C@H]3CC[C@@H]3O)cnn12,CHEMBL5860461,9.22,,True,JH2,,,,,,,,,,0,,True
CNc1cc(Nc2cccn([C@@H]3CCC[C@H](OC)C3)c2=O)nc2c(C(=O)N[C@H]3CC[C@@H]3OC)cnn12,CHEMBL5885718,8.26,,True,JH2,,,,,,,,,,0,,True
CNc1cc(Nc2cccn([C@@H]3CCC[C@H]3OC)c2=O)nc2c(C(=O)N[C@@H]3C[C@@H]3F)cnn12,CHEMBL5980897,9.22,,True,JH2,,,,,,,,,,0,,True
CNc1cc(Nc2cccn([C@@H]3CCC[C@](C)(O)C3)c2=O)nc2c(C(=O)N[C@@H]3C[C@@H]3F)cnn12,CHEMBL5870891,9.22,,True,JH2,,,,,,,,,,0,,True
CNc1cc(Nc2cccn([C@@H]3CCN(C)CC3(F)F)c2=O)nc2c(C(=O)NC3CC3)cnn12,CHEMBL5811838,9.22,,True,JH2,,,,,,,,,,0,,True
CNc1cc(Nc2cccn([C@@H]3CCN(C)C[C@H]3F)c2=O)nc2c(C(=O)NC3CC3)cnn12,CHEMBL5755687,9.22,,True,JH2,,,,,,,,,,0,,True
CNc1cc(Nc2cccn([C@@H]3CCN(CCC#N)C3)c2=O)nc2c(C(=O)NC3CC3)cnn12,CHEMBL5785208,9.22,,True,JH2,,,,,,,,,,0,,True
CNc1cc(Nc2cccn([C@@H]3CCN(CCF)C3)c2=O)nc2c(C(=O)N[C@@H]3CC[C@H]3OC)cnn12,CHEMBL6041284,8.26,,True,JH2,,,,,,,,,,0,,True
CNc1cc(Nc2cccn([C@@H]3CCN(CCF)C3)c2=O)nc2c(C(=O)N[C@H]3CC[C@@H]3OC)cnn12,CHEMBL6020961,8.26,,True,JH2,,,,,,,,,,0,,True
CNc1cc(Nc2cccn([C@@H]3CCOC3)c2=O)nc2c(C(=O)NC3CC3)cnn12,CHEMBL5803218,9.22,,True,JH2,,,,,,,,,,0,,True
CNc1cc(Nc2cccn([C@@H]3CCOC3)c2=O)nc2c(C(=O)NC3CCC3)cnn12,CHEMBL6017439,9.22,,True,JH2,,,,,,,,,,0,,True
CNc1cc(Nc2cccn([C@@H]3CCOC3)c2=O)nc2c(C(N)=O)cnn12,CHEMBL5818224,9.22,,True,JH2,,,,,,,,,,0,,True
CNc1cc(Nc2cccn([C@@H]3CCOC[C@@H]3OC)c2=O)nc2c(-c3cn(C(C)C)nn3)cnn12,CHEMBL5879360,8.26,,True,JH2,,,,,,,,,,0,,True
CNc1cc(Nc2cccn([C@@H]3CCOC[C@@H]3OC)c2=O)nc2c(C(=O)NC3CC3)cnn12,CHEMBL5877184,8.74,,True,JH2,,,,,,,,,,0,,True
CNc1cc(Nc2cccn([C@@H]3CCOC[C@@H]3OC)c2=O)nc2c(C(=O)N[C@H]3CCC3(F)F)cnn12,CHEMBL5936178,8.26,,True,JH2,,,,,,,,,,0,,True
CNc1cc(Nc2cccn([C@@H]3CCOC[C@@H]3OC)c2=O)nc2c(C(=O)N[C@H]3CC[C@@H]3F)cnn12,CHEMBL5944705,8.26,,True,JH2,,,,,,,,,,0,,True
CNc1cc(Nc2cccn([C@@H]3CCOC[C@@H]3OC)c2=O)nc2c(C(=O)N[C@H]3CC[C@H]3F)cnn12,CHEMBL5771010,9.22,,True,JH2,,,,,,,,,,0,,True
CNc1cc(Nc2cccn([C@@H]3CC[C@@H]3O)c2=O)nc2c(C(=O)NC3CCC3(F)F)cnn12,CHEMBL5992405,9.22,,True,JH2,,,,,,,,,,0,,True
CNc1cc(Nc2cccn([C@@H]3CC[C@@H]3O)c2=O)nc2c(C(=O)NC3CC[C@]3(C)OC)cnn12,CHEMBL5804811,9.22,,True,JH2,,,,,,,,,,0,,True
CNc1cc(Nc2cccn([C@@H]3CC[C@@H]3O)c2=O)nc2c(C(=O)N[C@@H]3CCC3(F)F)cnn12,CHEMBL5937032,8.26,,True,JH2,,,,,,,,,,0,,True
CNc1cc(Nc2cccn([C@@H]3CC[C@@H]3O)c2=O)nc2c(C(=O)N[C@@H]3CCC[C@@H](OC)C3)cnn12,CHEMBL6045439,9.22,,True,JH2,,,,,,,,,,0,,True
CNc1cc(Nc2cccn([C@@H]3CC[C@@H]3O)c2=O)nc2c(C(=O)N[C@@H]3CC[C@@H](OC)C3)cnn12,CHEMBL5798402,8.26,,True,JH2,,,,,,,,,,0,,True
CNc1cc(Nc2cccn([C@@H]3CC[C@@H]3O)c2=O)nc2c(C(=O)N[C@@H]3CC[C@@]3(C)OC)cnn12,CHEMBL5807010,8.26,,True,JH2,,,,,,,,,,0,,True
CNc1cc(Nc2cccn([C@@H]3CC[C@@H]3O)c2=O)nc2c(C(=O)N[C@H]3CCC[C@H](OC)C3)cnn12,CHEMBL5780111,9.22,,True,JH2,,,,,,,,,,0,,True
CNc1cc(Nc2cccn([C@@H]3CC[C@@H]3O)c2=O)nc2c(C(=O)N[C@H]3CC[C@@H]3F)cnn12,CHEMBL5997766,8.26,,True,JH2,,,,,,,,,,0,,True
CNc1cc(Nc2cccn([C@@H]3CC[C@@H]3O)c2=O)nc2c(C(=O)N[C@H]3CC[C@@H]3OC)cnn12,CHEMBL6007381,8.26,,True,JH2,,,,,,,,,,0,,True
CNc1cc(Nc2cccn([C@@H]3CC[C@@H]3O)c2=O)nc2c(C(=O)N[C@H]3CC[C@]3(C)OC)cnn12,CHEMBL5871530,9.22,,True,JH2,,,,,,,,,,0,,True
CNc1cc(Nc2cccn([C@@H]3CC[C@H]3O)c2=O)nc2c(C(=O)NC3CC[C@]3(C)OC)cnn12,CHEMBL5890897,9.22,,True,JH2,,,,,,,,,,0,,True
CNc1cc(Nc2cccn([C@@H]3CC[C@H]3O)c2=O)nc2c(C(=O)N[C@@H]3CC[C@@]3(C)OC)cnn12,CHEMBL5752308,9.22,,True,JH2,,,,,,,,,,0,,True
CNc1cc(Nc2cccn([C@@H]3CC[C@H]3OC)c2=O)nc2c(C(=O)NC3CC3)cnn12,CHEMBL6051063,9.22,,True,JH2,,,,,,,,,,0,,True
CNc1cc(Nc2cccn([C@@H]3CC[C@H]3OC)c2=O)nc2c(C(=O)NC3CC[C@H]3O)cnn12,CHEMBL5925741,9.22,,True,JH2,,,,,,,,,,0,,True
CNc1cc(Nc2cccn([C@@H]3CC[C@H]3OC)c2=O)nc2c(C(=O)N[C@@H]3CC[C@@H]3O)cnn12,CHEMBL5931277,8.26,,True,JH2,,,,,,,,,,0,,True
CNc1cc(Nc2cccn([C@@H]3CC[C@H]3OC)c2=O)nc2c(C(=O)N[C@@H]3CC[C@H]3O)cnn12,CHEMBL5996363,8.26,,True,JH2,,,,,,,,,,0,,True
CNc1cc(Nc2cccn([C@@H]3C[C@H]3F)c2=O)nc2c(C(=O)NC3CC[C@]3(C)OC)cnn12,CHEMBL5764988,9.22,,True,JH2,,,,,,,,,,0,,True
CNc1cc(Nc2cccn([C@@H]3C[C@H]3F)c2=O)nc2c(C(=O)NCC(C)(C)CO)cnn12,CHEMBL5919430,8.26,,True,JH2,,,,,,,,,,0,,True
CNc1cc(Nc2cccn([C@@H]3C[C@H]3F)c2=O)nc2c(C(=O)NCC3(CO)CC3)cnn12,CHEMBL5903007,9.22,,True,JH2,,,,,,,,,,0,,True
CNc1cc(Nc2cccn([C@@H]3C[C@H]3F)c2=O)nc2c(C(=O)N[C@@H]3CC[C@@H]3O)cnn12,CHEMBL5798139,9.22,,True,JH2,,,,,,,,,,0,,True
CNc1cc(Nc2cccn([C@@H]3C[C@H]3F)c2=O)nc2c(C(=O)N[C@@H]3CC[C@@]3(C)OC)cnn12,CHEMBL6001536,9.22,,True,JH2,,,,,,,,,,0,,True
CNc1cc(Nc2cccn([C@@H]3C[C@H]3F)c2=O)nc2c(C(=O)N[C@@H]3CC[C@H](O)C3)cnn12,CHEMBL5948543,9.22,,True,JH2,,,,,,,,,,0,,True
CNc1cc(Nc2cccn([C@@H]3C[C@H]3F)c2=O)nc2c(C(=O)N[C@@H]3CC[C@H]3F)cnn12,CHEMBL6051008,9.22,,True,JH2,,,,,,,,,,0,,True
CNc1cc(Nc2cccn([C@@H]3C[C@H]3F)c2=O)nc2c(C(=O)N[C@@H]3CC[C@H]3O)cnn12,CHEMBL5893507,8.26,,True,JH2,,,,,,,,,,0,,True
CNc1cc(Nc2cccn([C@@H]3C[C@H]3F)c2=O)nc2c(C(=O)N[C@H]3CCC3(F)F)cnn12,CHEMBL5789621,9.22,,True,JH2,,,,,,,,,,0,,True
CNc1cc(Nc2cccn([C@@H]3C[C@H]3F)c2=O)nc2c(C(=O)N[C@H]3CC[C@@H](O)C3)cnn12,CHEMBL5846158,9.22,,True,JH2,,,,,,,,,,0,,True
CNc1cc(Nc2cccn([C@@H]3C[C@H]3F)c2=O)nc2c(C(=O)N[C@H]3CC[C@@H]3OC)cnn12,CHEMBL5815473,9.22,,True,JH2,,,,,,,,,,0,,True
CNc1cc(Nc2cccn([C@@H]3C[C@H]3F)c2=O)nc2c(C(=O)N[C@H]3C[C@@H]3OC)cnn12,CHEMBL5743064,9.22,,True,JH2,,,,,,,,,,0,,True
CNc1cc(Nc2cccn([C@@H]3C[C@H]3OC)c2=O)nc2c(C(=O)N[C@@H]3CC[C@H]3F)cnn12,CHEMBL6055319,9.22,,True,JH2,,,,,,,,,,0,,True
CNc1cc(Nc2cccn([C@@H]3C[C@H]3OC)c2=O)nc2c(C(=O)N[C@H]3CC[C@@H]3OC)cnn12,CHEMBL5844330,8.26,,True,JH2,,,,,,,,,,0,,True
CNc1cc(Nc2cccn([C@H]3CCCC[C@H]3O)c2=O)nc2c(C(=O)N[C@@H]3CC[C@@]3(C)OC)cnn12,CHEMBL6057509,8.26,,True,JH2,,,,,,,,,,0,,True
CNc1cc(Nc2cccn([C@H]3CCCC[C@H]3O)c2=O)nc2c(C(=O)N[C@H]3CC[C@@H]3F)cnn12,CHEMBL5739564,9.22,,True,JH2,,,,,,,,,,0,,True
CNc1cc(Nc2cccn([C@H]3CCCC[C@H]3O)c2=O)nc2c(C(=O)N[C@H]3CC[C@@H]3OC)cnn12,CHEMBL5792131,9.22,,True,JH2,,,,,,,,,,0,,True
CNc1cc(Nc2cccn([C@H]3CCCC[C@H]3OC)c2=O)nc2c(C(=O)NC3CC3)cnn12,CHEMBL5887287,9.22,,True,JH2,,,,,,,,,,0,,True
CNc1cc(Nc2cccn([C@H]3CCCC[C@H]3OC)c2=O)nc2c(C(=O)NCC3(CO)CC3)cnn12,CHEMBL6058846,9.22,,True,JH2,,,,,,,,,,0,,True
CNc1cc(Nc2cccn([C@H]3CCCC[C@H]3OC)c2=O)nc2c(C(=O)N[C@@H]3C[C@@H]3F)cnn12,CHEMBL5912004,9.22,,True,JH2,,,,,,,,,,0,,True
CNc1cc(Nc2cccn([C@H]3CCCN(C)C3)c2=O)nc2c(C(=O)NC3CC3)cnn12,CHEMBL5926797,9.22,,True,JH2,,,,,,,,,,0,,True
CNc1cc(Nc2cccn([C@H]3CCCN(CCC#N)C3)c2=O)nc2c(C(=O)NC3CC3)cnn12,CHEMBL5850676,8.26,,True,JH2,,,,,,,,,,0,,True
CNc1cc(Nc2cccn([C@H]3CCCN(CCC#N)C3)c2=O)nc2c(C(=O)N[C@@H]3C[C@@H]3F)cnn12,CHEMBL5985835,9.22,,True,JH2,,,,,,,,,,0,,True
CNc1cc(Nc2cccn([C@H]3CCCN(CCF)C3)c2=O)nc2c(C(=O)N[C@@H]3CC[C@H]3OC)cnn12,CHEMBL5967889,9.22,,True,JH2,,,,,,,,,,0,,True
CNc1cc(Nc2cccn([C@H]3CCCOC3)c2=O)nc2c(C(=O)NC3CCC3)cnn12,CHEMBL5896372,9.22,9.22,False,JH2,,,,,,,,,,0,,True
CNc1cc(Nc2cccn([C@H]3CCCOC3)c2=O)nc2c(C(=O)NC3CC[C@@]3(C)OC)cnn12,CHEMBL5753716,9.22,,True,JH2,,,,,,,,,,0,,True
CNc1cc(Nc2cccn([C@H]3CCCOC3)c2=O)nc2c(C(=O)N[C@@H]3CCC[C@@](C)(OC)C3)cnn12,CHEMBL5868861,8.26,,True,JH2,,,,,,,,,,0,,True
CNc1cc(Nc2cccn([C@H]3CCCOC3)c2=O)nc2c(C(=O)N[C@@H]3CC[C@@H]3O)cnn12,CHEMBL5973639,9.22,,True,JH2,,,,,,,,,,0,,True
CNc1cc(Nc2cccn([C@H]3CCCOC3)c2=O)nc2c(C(=O)N[C@@H]3CC[C@@]3(C)OC)cnn12,CHEMBL5959016,8.26,,True,JH2,,,,,,,,,,0,,True
CNc1cc(Nc2cccn([C@H]3CCCOC3)c2=O)nc2c(C(=O)N[C@@H]3CC[C@H]3OC)cnn12,CHEMBL5947836,8.26,,True,JH2,,,,,,,,,,0,,True
CNc1cc(Nc2cccn([C@H]3CCCOC3)c2=O)nc2c(C(=O)N[C@H]3CCC3(F)F)cnn12,CHEMBL5833284,9.22,,True,JH2,,,,,,,,,,0,,True
CNc1cc(Nc2cccn([C@H]3CCCOC3)c2=O)nc2c(C(=O)N[C@H]3CCC[C@H](O)C3)cnn12,CHEMBL5903274,9.22,,True,JH2,,,,,,,,,,0,,True
CNc1cc(Nc2cccn([C@H]3CCCOC3)c2=O)nc2c(C(=O)N[C@H]3CCC[C@](C)(OC)C3)cnn12,CHEMBL5851934,8.26,,True,JH2,,,,,,,,,,0,,True
CNc1cc(Nc2cccn([C@H]3CCCOC3)c2=O)nc2c(C(=O)N[C@H]3CC[C@@H]3OC)cnn12,CHEMBL5411775,7.66,7.66,False,Other,,,,,,,,,,0,,False
CNc1cc(Nc2cccn([C@H]3CCCOC3)c2=O)nc2c(C(=O)N[C@H]3CC[C@H](O)C3)cnn12,CHEMBL5955078,9.22,,True,JH2,,,,,,,,,,0,,True
CNc1cc(Nc2cccn([C@H]3CCCOC3)c2=O)nc2c(C(=O)N[C@H]3CC[C@]3(C)OC)cnn12,CHEMBL6059743,9.22,,True,JH2,,,,,,,,,,0,,True
CNc1cc(Nc2cccn([C@H]3CCCOC3)c2=O)nc2c(C(=O)N[C@H]3COC[C@H]3O)cnn12,CHEMBL5905452,9.22,,True,JH2,,,,,,,,,,0,,True
CNc1cc(Nc2cccn([C@H]3CCCOC3)c2=O)nc2c(C(=O)N[C@H]3C[C@@H]3OC)cnn12,CHEMBL5964074,9.22,,True,JH2,,,,,,,,,,0,,True
CNc1cc(Nc2cccn([C@H]3CCC[C@@H](C#N)C3)c2=O)nc2c(C(=O)NC3CC3)cnn12,CHEMBL5929523,9.22,,True,JH2,,,,,,,,,,0,,True
CNc1cc(Nc2cccn([C@H]3CCC[C@@H](C#N)C3)c2=O)nc2c(C(=O)N[C@@H]3CCC3(F)F)cnn12,CHEMBL5817443,9.22,,True,JH2,,,,,,,,,,0,,True
CNc1cc(Nc2cccn([C@H]3CCC[C@@H](C#N)C3)c2=O)nc2c(C(=O)N[C@@H]3C[C@@H]3F)cnn12,CHEMBL5855141,9.22,,True,JH2,,,,,,,,,,0,,True
CNc1cc(Nc2cccn([C@H]3CCC[C@@H](C#N)C3)c2=O)nc2c(C(=O)N[C@H]3CC[C@@H]3OC)cnn12,CHEMBL5873341,9.22,,True,JH2,,,,,,,,,,0,,True
CNc1cc(Nc2cccn([C@H]3CCC[C@@H](OC)C3)c2=O)nc2c(C(=O)NC3CC3)cnn12,CHEMBL6050349,9.22,9.22,False,JH2,,,,,,,,,,0,,True
CNc1cc(Nc2cccn([C@H]3CCC[C@@H](OC)C3)c2=O)nc2c(C(=O)NCC(C)(C)CO)cnn12,CHEMBL5834129,9.22,9.22,False,JH2,,,,,,,,,,0,,True
CNc1cc(Nc2cccn([C@H]3CCC[C@@H](OC)C3)c2=O)nc2c(C(=O)NCC3(CO)CC3)cnn12,CHEMBL6048552,9.22,,True,JH2,,,,,,,,,,0,,True
CNc1cc(Nc2cccn([C@H]3CCC[C@@H]3OC)c2=O)nc2c(C(=O)NC3CC3)cnn12,CHEMBL5794069,9.22,,True,JH2,,,,,,,,,,0,,True
CNc1cc(Nc2cccn([C@H]3CCC[C@@H]3OC)c2=O)nc2c(C(=O)N[C@@H]3C[C@@H]3F)cnn12,CHEMBL5982276,9.22,,True,JH2,,,,,,,,,,0,,True
CNc1cc(Nc2cccn([C@H]3CCC[C@@](C)(O)C3)c2=O)nc2c(C(=O)NC3CC3)cnn12,CHEMBL5936287,9.22,,True,JH2,,,,,,,,,,0,,True
CNc1cc(Nc2cccn([C@H]3CCC[C@@](C)(OC)C3)c2=O)nc2c(C(=O)NC3CC3)cnn12,CHEMBL5862345,9.22,,True,JH2,,,,,,,,,,0,,True
CNc1cc(Nc2cccn([C@H]3CCC[C@@](C)(OC)C3)c2=O)nc2c(C(=O)N[C@@H]3C[C@@H]3F)cnn12,CHEMBL6036908,9.22,,True,JH2,,,,,,,,,,0,,True
CNc1cc(Nc2cccn([C@H]3CCC[C@H](O)C3)c2=O)nc2c(C(=O)N[C@@H]3CC[C@H]3OC)cnn12,CHEMBL5760025,9.22,9.22,False,JH2,,,,,,,,,,0,,True
CNc1cc(Nc2cccn([C@H]3CCC[C@H](O)C3)c2=O)nc2c(C(=O)N[C@H]3CC[C@@H]3OC)cnn12,CHEMBL5950760,9.22,,True,JH2,,,,,,,,,,0,,True
CNc1cc(Nc2cccn([C@H]3CCC[C@H](OC)C3)c2=O)nc2c(C(=O)N[C@@H]3CC[C@H]3F)cnn12,CHEMBL6011887,9.22,,True,JH2,,,,,,,,,,0,,True
CNc1cc(Nc2cccn([C@H]3CCC[C@H](OC)C3)c2=O)nc2c(C(=O)N[C@@H]3CC[C@H]3OC)cnn12,CHEMBL5920491,9.22,,True,JH2,,,,,,,,,,0,,True
CNc1cc(Nc2cccn([C@H]3CCC[C@H](OC)C3)c2=O)nc2c(C(=O)N[C@H]3CC[C@@H]3OC)cnn12,CHEMBL5780464,8.26,,True,JH2,,,,,,,,,,0,,True
CNc1cc(Nc2cccn([C@H]3CCC[C@H]3O)c2=O)nc2c(C(=O)NC3CC(F)(F)C3)cnn12,CHEMBL5946073,9.22,,True,JH2,,,,,,,,,,0,,True
CNc1cc(Nc2cccn([C@H]3CCC[C@H]3O)c2=O)nc2c(C(=O)NC3CCC3(F)F)cnn12,CHEMBL6033792,9.22,,True,JH2,,,,,,,,,,0,,True
CNc1cc(Nc2cccn([C@H]3CCC[C@H]3O)c2=O)nc2c(C(=O)NC3CC[C@@H]3F)cnn12,CHEMBL5790972,9.22,,True,JH2,,,,,,,,,,0,,True
CNc1cc(Nc2cccn([C@H]3CCC[C@H]3O)c2=O)nc2c(C(=O)N[C@@H]3CCC3(F)F)cnn12,CHEMBL5752609,9.22,,True,JH2,,,,,,,,,,0,,True
CNc1cc(Nc2cccn([C@H]3CCC[C@H]3O)c2=O)nc2c(C(=O)N[C@@H]3CC[C@@]3(C)OC)cnn12,CHEMBL5931827,8.26,,True,JH2,,,,,,,,,,0,,True
CNc1cc(Nc2cccn([C@H]3CCC[C@H]3O)c2=O)nc2c(C(=O)N[C@@H]3CC[C@H]3F)cnn12,CHEMBL5820026,9.22,,True,JH2,,,,,,,,,,0,,True
CNc1cc(Nc2cccn([C@H]3CCC[C@H]3O)c2=O)nc2c(C(=O)N[C@@H]3CC[C@H]3OC)cnn12,CHEMBL5886254,9.22,,True,JH2,,,,,,,,,,0,,True
CNc1cc(Nc2cccn([C@H]3CCC[C@H]3O)c2=O)nc2c(C(=O)N[C@H]3CCC3(F)F)cnn12,CHEMBL5776959,8.26,,True,JH2,,,,,,,,,,0,,True
CNc1cc(Nc2cccn([C@H]3CCC[C@H]3O)c2=O)nc2c(C(=O)N[C@H]3CC[C@@H]3F)cnn12,CHEMBL5866121,9.22,,True,JH2,,,,,,,,,,0,,True
CNc1cc(Nc2cccn([C@H]3CCC[C@H]3OC)c2=O)nc2c(C(=O)NC3CC3)cnn12,CHEMBL6024323,8.26,,True,JH2,,,,,,,,,,0,,True
CNc1cc(Nc2cccn([C@H]3CCC[C@H]3OC)c2=O)nc2c(C(=O)N[C@@H]3C[C@@H]3F)cnn12,CHEMBL5956510,8.26,,True,JH2,,,,,,,,,,0,,True
CNc1cc(Nc2cccn([C@H]3CCN(C)CC3(F)F)c2=O)nc2c(C(=O)NC3CC3)cnn12,CHEMBL5791211,9.22,,True,JH2,,,,,,,,,,0,,True
CNc1cc(Nc2cccn([C@H]3CCN(C)C[C@H]3F)c2=O)nc2c(C(=O)NC3CC3)cnn12,CHEMBL5914037,9.22,,True,JH2,,,,,,,,,,0,,True
CNc1cc(Nc2cccn([C@H]3CCN(CCC#N)C3)c2=O)nc2c(C(=O)NC3CC3)cnn12,CHEMBL5881579,9.22,,True,JH2,,,,,,,,,,0,,True
CNc1cc(Nc2cccn([C@H]3CCN(CCF)C3)c2=O)nc2c(C(=O)NC3CC3)cnn12,CHEMBL5973443,9.22,,True,JH2,,,,,,,,,,0,,True
CNc1cc(Nc2cccn([C@H]3CCN(CCF)C3)c2=O)nc2c(C(=O)N[C@H]3CC[C@@H]3OC)cnn12,CHEMBL5858859,9.22,,True,JH2,,,,,,,,,,0,,True
CNc1cc(Nc2cccn([C@H]3CCOC3)c2=O)nc2c(C(N)=O)cnn12,CHEMBL5788686,9.22,,True,JH2,,,,,,,,,,0,,True
CNc1cc(Nc2cccn([C@H]3CCOC[C@H]3OC)c2=O)nc2c(C(=O)NC3CC3)cnn12,CHEMBL5906408,8.26,,True,JH2,,,,,,,,,,0,,True
CNc1cc(Nc2cccn([C@H]3CCOC[C@H]3OC)c2=O)nc2c(C(=O)NC3CCC3(F)F)cnn12,CHEMBL5820243,9.22,,True,JH2,,,,,,,,,,0,,True
CNc1cc(Nc2cccn([C@H]3CCOC[C@H]3OC)c2=O)nc2c(C(=O)NC3CC[C@@H]3F)cnn12,CHEMBL5916349,8.26,,True,JH2,,,,,,,,,,0,,True
CNc1cc(Nc2cccn([C@H]3CCOC[C@H]3OC)c2=O)nc2c(C(=O)NC3CC[C@H]3F)cnn12,CHEMBL5902500,8.26,,True,JH2,,,,,,,,,,0,,True
CNc1cc(Nc2cccn([C@H]3CCOC[C@H]3OC)c2=O)nc2c(C(=O)N[C@@H]3CCC3(F)F)cnn12,CHEMBL5947424,9.22,,True,JH2,,,,,,,,,,0,,True
CNc1cc(Nc2cccn([C@H]3CCOC[C@H]3OC)c2=O)nc2c(C(=O)N[C@@H]3CC[C@@H]3F)cnn12,CHEMBL5971362,8.26,,True,JH2,,,,,,,,,,0,,True
CNc1cc(Nc2cccn([C@H]3CCOC[C@H]3OC)c2=O)nc2c(C(=O)N[C@@H]3CC[C@H]3F)cnn12,CHEMBL5787451,9.22,,True,JH2,,,,,,,,,,0,,True
CNc1cc(Nc2cccn([C@H]3CCOC[C@H]3OC)c2=O)nc2c(C(=O)N[C@H]3CCC3(F)F)cnn12,CHEMBL5926809,8.26,,True,JH2,,,,,,,,,,0,,True
CNc1cc(Nc2cccn([C@H]3CCOC[C@H]3OC)c2=O)nc2c(C(=O)N[C@H]3CC[C@@H]3F)cnn12,CHEMBL5955792,8.26,,True,JH2,,,,,,,,,,0,,True
CNc1cc(Nc2cccn([C@H]3CCOC[C@H]3OC)c2=O)nc2c(C(=O)N[C@H]3CC[C@H]3F)cnn12,CHEMBL5898363,8.26,,True,JH2,,,,,,,,,,0,,True
CNc1cc(Nc2cccn([C@H]3CC[C@@H](N4CCOCC4)CC3)c2=O)nc2c(C(N)=O)cnn12,CHEMBL6010516,9.22,,True,JH2,,,,,,,,,,0,,True
CNc1cc(Nc2cccn([C@H]3CC[C@@H](OC)CC3)c2=O)nc2c(C(=O)NC3CC[C@]3(C)OC)cnn12,CHEMBL5952096,9.22,,True,JH2,,,,,,,,,,0,,True
CNc1cc(Nc2cccn([C@H]3CC[C@@H](OC)CC3)c2=O)nc2c(C(=O)N[C@@H]3CC[C@H]3OC)cnn12,CHEMBL5438635,8.02,8.02,False,Other,,,,,,,,,,0,,False
CNc1cc(Nc2cccn([C@H]3CC[C@@H](OC)CC3)c2=O)nc2c(C(=O)N[C@H]3CC[C@@H]3O)cnn12,CHEMBL5982915,8.26,,True,JH2,,,,,,,,,,0,,True
CNc1cc(Nc2cccn([C@H]3CC[C@@H](OC)CC3)c2=O)nc2c(C(=O)N[C@H]3CC[C@]3(C)OC)cnn12,CHEMBL5943951,8.26,,True,JH2,,,,,,,,,,0,,True
CNc1cc(Nc2cccn([C@H]3CC[C@@H]3O)c2=O)nc2c(C(=O)NC3CC3)cnn12,CHEMBL5774216,9.22,,True,JH2,,,,,,,,,,0,,True
CNc1cc(Nc2cccn([C@H]3CC[C@@H]3O)c2=O)nc2c(C(=O)NC3CC[C@]3(C)OC)cnn12,CHEMBL6053863,9.22,,True,JH2,,,,,,,,,,0,,True
CNc1cc(Nc2cccn([C@H]3CC[C@@H]3O)c2=O)nc2c(C(=O)N[C@@H]3CCC[C@@H](OC)C3)cnn12,CHEMBL5832965,8.26,,True,JH2,,,,,,,,,,0,,True
CNc1cc(Nc2cccn([C@H]3CC[C@@H]3O)c2=O)nc2c(C(=O)N[C@@H]3CC[C@H]3OC)cnn12,CHEMBL5770070,9.22,,True,JH2,,,,,,,,,,0,,True
CNc1cc(Nc2cccn([C@H]3CC[C@@H]3O)c2=O)nc2c(C(=O)N[C@H]3CCC[C@H](OC)C3)cnn12,CHEMBL5803693,8.26,,True,JH2,,,,,,,,,,0,,True
CNc1cc(Nc2cccn([C@H]3CC[C@@H]3O)c2=O)nc2c(C(=O)N[C@H]3CC[C@@H]3OC)cnn12,CHEMBL5818321,9.22,,True,JH2,,,,,,,,,,0,,True
CNc1cc(Nc2cccn([C@H]3CC[C@@H]3O)c2=O)nc2c(C(=O)N[C@H]3CC[C@]3(C)OC)cnn12,CHEMBL5801563,8.26,,True,JH2,,,,,,,,,,0,,True
CNc1cc(Nc2cccn([C@H]3CC[C@@H]3OC)c2=O)nc2c(C(=O)NC3CC3)cnn12,CHEMBL5767170,9.22,,True,JH2,,,,,,,,,,0,,True
CNc1cc(Nc2cccn([C@H]3CC[C@@H]3OC)c2=O)nc2c(C(=O)N[C@@H]3CC[C@@H]3O)cnn12,CHEMBL5785061,9.22,,True,JH2,,,,,,,,,,0,,True
CNc1cc(Nc2cccn([C@H]3CC[C@@H]3OC)c2=O)nc2c(C(=O)N[C@H]3CC[C@@H]3O)cnn12,CHEMBL5913861,9.22,,True,JH2,,,,,,,,,,0,,True
CNc1cc(Nc2cccn([C@H]3CC[C@@](C)(O)CC3)c2=O)nc2c(C(=O)NC3CC3)cnn12,CHEMBL5969810,9.22,,True,JH2,,,,,,,,,,0,,True
CNc1cc(Nc2cccn([C@H]3CC[C@H](OC)CC3)c2=O)nc2c(C(=O)NC3CC[C@]3(C)OC)cnn12,CHEMBL5768793,9.22,,True,JH2,,,,,,,,,,0,,True
CNc1cc(Nc2cccn([C@H]3CC[C@H](OC)CC3)c2=O)nc2c(C(=O)N[C@@H]3CC[C@@H](OC)C3)cnn12,CHEMBL5747426,9.22,,True,JH2,,,,,,,,,,0,,True
CNc1cc(Nc2cccn([C@H]3CC[C@H](OC)CC3)c2=O)nc2c(C(=O)N[C@@H]3CC[C@H]3F)cnn12,CHEMBL5983255,9.22,,True,JH2,,,,,,,,,,0,,True
CNc1cc(Nc2cccn([C@H]3CC[C@H](OC)CC3)c2=O)nc2c(C(=O)N[C@@H]3CC[C@H]3OC)cnn12,CHEMBL6041158,8.26,,True,JH2,,,,,,,,,,0,,True
CNc1cc(Nc2cccn([C@H]3CC[C@H](OC)CC3)c2=O)nc2c(C(=O)N[C@H]3CC[C@@H]3OC)cnn12,CHEMBL5965634,8.74,,True,JH2,,,,,,,,,,0,,True
CNc1cc(Nc2cccn([C@H]3CC[C@H](OC)CC3)c2=O)nc2c(C(=O)N[C@H]3CC[C@H](OC)C3)cnn12,CHEMBL6007800,8.26,,True,JH2,,,,,,,,,,0,,True
CNc1cc(Nc2cccn([C@H]3CC[C@H](OC)CC3)c2=O)nc2c(C(=O)N[C@H]3CC[C@H]3O)cnn12,CHEMBL5787309,9.22,,True,JH2,,,,,,,,,,0,,True
CNc1cc(Nc2cccn([C@H]3CC[C@H](OC)CC3)c2=O)nc2c(C(=O)N[C@H]3CC[C@]3(C)OC)cnn12,CHEMBL5990433,8.26,,True,JH2,,,,,,,,,,0,,True
CNc1cc(Nc2cccn([C@H]3CC[C@H](OC)CC3)c2=O)nc2c(C(=O)N[C@H]3COC[C@H]3O)cnn12,CHEMBL6026098,8.74,,True,JH2,,,,,,,,,,0,,True
CNc1cc(Nc2cccn([C@H]3CC[C@H]3O)c2=O)nc2c(C(=O)NC3CC3)cnn12,CHEMBL5972768,8.26,,True,JH2,,,,,,,,,,0,,True
CNc1cc(Nc2cccn([C@H]3CC[C@H]3O)c2=O)nc2c(C(=O)NC3CCC[C@@H](OC)C3)cnn12,CHEMBL6016097,8.26,,True,JH2,,,,,,,,,,0,,True
CNc1cc(Nc2cccn([C@H]3CC[C@H]3O)c2=O)nc2c(C(=O)NC3CC[C@]3(C)OC)cnn12,CHEMBL5928629,8.26,,True,JH2,,,,,,,,,,0,,True
CNc1cc(Nc2cccn([C@H]3CC[C@H]3O)c2=O)nc2c(C(=O)N[C@@H]3CCC[C@@H](OC)C3)cnn12,CHEMBL5973222,8.26,,True,JH2,,,,,,,,,,0,,True
CNc1cc(Nc2cccn([C@H]3CC[C@H]3O)c2=O)nc2c(C(=O)N[C@@H]3CC[C@@H](OC)C3)cnn12,CHEMBL5996652,8.26,,True,JH2,,,,,,,,,,0,,True
CNc1cc(Nc2cccn([C@H]3CC[C@H]3O)c2=O)nc2c(C(=O)N[C@@H]3CC[C@@]3(C)OC)cnn12,CHEMBL5992374,8.26,,True,JH2,,,,,,,,,,0,,True
CNc1cc(Nc2cccn([C@H]3CC[C@H]3O)c2=O)nc2c(C(=O)N[C@@H]3CC[C@H]3OC)cnn12,CHEMBL5814809,9.22,9.22,False,JH2,,,,,,,,,,0,,True
CNc1cc(Nc2cccn([C@H]3CC[C@H]3O)c2=O)nc2c(C(=O)N[C@@H]3C[C@@H]3F)cnn12,CHEMBL5957438,9.22,,True,JH2,,,,,,,,,,0,,True
CNc1cc(Nc2cccn([C@H]3CC[C@H]3O)c2=O)nc2c(C(=O)N[C@H]3CCC[C@H](OC)C3)cnn12,CHEMBL5864299,8.26,,True,JH2,,,,,,,,,,0,,True
CNc1cc(Nc2cccn([C@H]3CC[C@H]3O)c2=O)nc2c(C(=O)N[C@H]3CC[C@@H]3F)cnn12,CHEMBL5862542,9.22,,True,JH2,,,,,,,,,,0,,True
CNc1cc(Nc2cccn([C@H]3CC[C@H]3O)c2=O)nc2c(C(=O)N[C@H]3CC[C@H](OC)C3)cnn12,CHEMBL5963495,8.26,,True,JH2,,,,,,,,,,0,,True
CNc1cc(Nc2cccn([C@H]3CC[C@](C)(OC)CC3)c2=O)nc2c(C(=O)N[C@@H]3CC[C@H]3OC)cnn12,CHEMBL5879447,8.26,,True,JH2,,,,,,,,,,0,,True
CNc1cc(Nc2cccn([C@H]3CC[C@](C)(OC)CC3)c2=O)nc2c(C(=O)N[C@H]3CC[C@H]3O)cnn12,CHEMBL5897779,9.22,,True,JH2,,,,,,,,,,0,,True
CNc1cc(Nc2cccn([C@H]3C[C@@H](OC)C3)c2=O)nc2c(C(=O)NC3CC[C@@H](OC)C3)cnn12,CHEMBL5807094,8.26,,True,JH2,,,,,,,,,,0,,True
CNc1cc(Nc2cccn([C@H]3C[C@@H](OC)C3)c2=O)nc2c(C(=O)NC3CC[C@]3(C)OC)cnn12,CHEMBL6035621,9.22,,True,JH2,,,,,,,,,,0,,True
CNc1cc(Nc2cccn([C@H]3C[C@@H](OC)C3)c2=O)nc2c(C(=O)N[C@@H]3CCC[C@@H](OC)C3)cnn12,CHEMBL5892331,8.26,,True,JH2,,,,,,,,,,0,,True
CNc1cc(Nc2cccn([C@H]3C[C@@H](OC)C3)c2=O)nc2c(C(=O)N[C@@H]3CC[C@@H](OC)C3)cnn12,CHEMBL5964403,8.26,,True,JH2,,,,,,,,,,0,,True
CNc1cc(Nc2cccn([C@H]3C[C@@H](OC)C3)c2=O)nc2c(C(=O)N[C@@H]3CC[C@H]3F)cnn12,CHEMBL5924800,9.22,,True,JH2,,,,,,,,,,0,,True
CNc1cc(Nc2cccn([C@H]3C[C@@H](OC)C3)c2=O)nc2c(C(=O)N[C@@H]3CC[C@H]3OC)cnn12,CHEMBL5925348,9.22,,True,JH2,,,,,,,,,,0,,True
CNc1cc(Nc2cccn([C@H]3C[C@@H](OC)C3)c2=O)nc2c(C(=O)N[C@H]3CCC[C@H](OC)C3)cnn12,CHEMBL5790137,8.26,,True,JH2,,,,,,,,,,0,,True
CNc1cc(Nc2cccn([C@H]3C[C@@H](OC)C3)c2=O)nc2c(C(=O)N[C@H]3CC[C@H](OC)C3)cnn12,CHEMBL5795367,9.22,,True,JH2,,,,,,,,,,0,,True
CNc1cc(Nc2cccn([C@H]3C[C@@H](OC)C3)c2=O)nc2c(C(=O)N[C@H]3CC[C@]3(C)OC)cnn12,CHEMBL5756319,8.26,,True,JH2,,,,,,,,,,0,,True
CNc1cc(Nc2cccn([C@H]3C[C@@H]3F)c2=O)nc2c(C(=O)N[C@@H]3CC[C@@H]3O)cnn12,CHEMBL5967553,9.22,,True,JH2,,,,,,,,,,0,,True
CNc1cc(Nc2cccn([C@H]3C[C@@H]3F)c2=O)nc2c(C(=O)N[C@@H]3CC[C@@]3(C)OC)cnn12,CHEMBL5794744,9.22,,True,JH2,,,,,,,,,,0,,True
CNc1cc(Nc2cccn([C@H]3C[C@@H]3F)c2=O)nc2c(C(=O)N[C@@H]3CC[C@H](O)C3)cnn12,CHEMBL5864722,8.74,,True,JH2,,,,,,,,,,0,,True
CNc1cc(Nc2cccn([C@H]3C[C@@H]3F)c2=O)nc2c(C(=O)N[C@@H]3CC[C@H]3F)cnn12,CHEMBL5993405,9.22,,True,JH2,,,,,,,,,,0,,True
CNc1cc(Nc2cccn([C@H]3C[C@@H]3F)c2=O)nc2c(C(=O)N[C@@H]3CC[C@H]3O)cnn12,CHEMBL5752202,9.22,,True,JH2,,,,,,,,,,0,,True
CNc1cc(Nc2cccn([C@H]3C[C@@H]3F)c2=O)nc2c(C(=O)N[C@@H]3CC[C@H]3OC)cnn12,CHEMBL5937616,8.26,,True,JH2,,,,,,,,,,0,,True
CNc1cc(Nc2cccn([C@H]3C[C@@H]3F)c2=O)nc2c(C(=O)N[C@H]3CCC3(F)F)cnn12,CHEMBL5963772,8.26,,True,JH2,,,,,,,,,,0,,True
CNc1cc(Nc2cccn([C@H]3C[C@@H]3F)c2=O)nc2c(C(=O)N[C@H]3CC[C@@H](O)C3)cnn12,CHEMBL5791856,9.22,,True,JH2,,,,,,,,,,0,,True
CNc1cc(Nc2cccn([C@H]3C[C@@H]3F)c2=O)nc2c(C(=O)N[C@H]3CC[C@@H]3O)cnn12,CHEMBL5990971,9.22,,True,JH2,,,,,,,,,,0,,True
CNc1cc(Nc2cccn([C@H]3C[C@@H]3F)c2=O)nc2c(C(=O)N[C@H]3CC[C@]3(C)OC)cnn12,CHEMBL5740129,8.26,,True,JH2,,,,,,,,,,0,,True
CNc1cc(Nc2cccn([C@H]3C[C@@H]3F)c2=O)nc2c(C(=O)N[C@H]3C[C@@H]3OC)cnn12,CHEMBL5923145,9.22,,True,JH2,,,,,,,,,,0,,True
CNc1cc(Nc2cccn([C@H]3C[C@@H]3OC)c2=O)nc2c(C(=O)NC3CC3)cnn12,CHEMBL5942419,8.26,,True,JH2,,,,,,,,,,0,,True
CNc1cc(Nc2cccn([C@H]3C[C@@H]3OC)c2=O)nc2c(C(=O)N[C@@H]3CC[C@H]3F)cnn12,CHEMBL5847599,8.26,,True,JH2,,,,,,,,,,0,,True
CNc1cc(Nc2cccn([C@H]3C[C@@H]3OC)c2=O)nc2c(C(=O)N[C@@H]3C[C@@H]3F)cnn12,CHEMBL5981674,8.26,,True,JH2,,,,,,,,,,0,,True
CNc1cc(Nc2cccn([C@H]3C[C@@H]3OC)c2=O)nc2c(C(=O)N[C@H]3CC[C@@H]3OC)cnn12,CHEMBL5875722,9.22,,True,JH2,,,,,,,,,,0,,True
CNc1cc(Nc2cccn([C@H]3C[C@H](F)C3)c2=O)nc2c(C(=O)NC3CCC[C@]3(C)O)cnn12,CHEMBL5883181,9.22,,True,JH2,,,,,,,,,,0,,True
CNc1cc(Nc2cccn([C@H]3C[C@H](F)C3)c2=O)nc2c(C(=O)NC3CC[C@@H](O)C3)cnn12,CHEMBL5936390,9.22,,True,JH2,,,,,,,,,,0,,True
CNc1cc(Nc2cccn([C@H]3C[C@H](F)C3)c2=O)nc2c(C(=O)NC3CC[C@@](C)(O)C3)cnn12,CHEMBL5938406,9.22,,True,JH2,,,,,,,,,,0,,True
CNc1cc(Nc2cccn([C@H]3C[C@H](F)C3)c2=O)nc2c(C(=O)NC3CC[C@H](O)C3)cnn12,CHEMBL5913200,9.22,,True,JH2,,,,,,,,,,0,,True
CNc1cc(Nc2cccn([C@H]3C[C@H](F)C3)c2=O)nc2c(C(=O)NC3CC[C@]3(C)OC)cnn12,CHEMBL5847489,9.22,,True,JH2,,,,,,,,,,0,,True
CNc1cc(Nc2cccn([C@H]3C[C@H](F)C3)c2=O)nc2c(C(=O)N[C@@H]3CC[C@@H](OC)C3)cnn12,CHEMBL5824724,8.74,,True,JH2,,,,,,,,,,0,,True
CNc1cc(Nc2cccn([C@H]3C[C@H](F)C3)c2=O)nc2c(C(=O)N[C@@H]3CC[C@@H]3O)cnn12,CHEMBL5743437,8.26,,True,JH2,,,,,,,,,,0,,True
CNc1cc(Nc2cccn([C@H]3C[C@H](F)C3)c2=O)nc2c(C(=O)N[C@@H]3CC[C@@](C)(O)C3)cnn12,CHEMBL5933854,8.26,,True,JH2,,,,,,,,,,0,,True
CNc1cc(Nc2cccn([C@H]3C[C@H](F)C3)c2=O)nc2c(C(=O)N[C@@H]3CC[C@@]3(C)O)cnn12,CHEMBL5932389,9.22,,True,JH2,,,,,,,,,,0,,True
CNc1cc(Nc2cccn([C@H]3C[C@H](F)C3)c2=O)nc2c(C(=O)N[C@@H]3CC[C@@]3(C)OC)cnn12,CHEMBL6058509,9.22,,True,JH2,,,,,,,,,,0,,True
CNc1cc(Nc2cccn([C@H]3C[C@H](F)C3)c2=O)nc2c(C(=O)N[C@@H]3CC[C@H](O)C3)cnn12,CHEMBL5892823,9.22,,True,JH2,,,,,,,,,,0,,True
CNc1cc(Nc2cccn([C@H]3C[C@H](F)C3)c2=O)nc2c(C(=O)N[C@@H]3CC[C@H]3F)cnn12,CHEMBL6010264,9.22,,True,JH2,,,,,,,,,,0,,True
CNc1cc(Nc2cccn([C@H]3C[C@H](F)C3)c2=O)nc2c(C(=O)N[C@H]3CCC3(F)F)cnn12,CHEMBL6008101,9.22,,True,JH2,,,,,,,,,,0,,True
CNc1cc(Nc2cccn([C@H]3C[C@H](F)C3)c2=O)nc2c(C(=O)N[C@H]3CCC[C@]3(C)O)cnn12,CHEMBL5825364,8.26,,True,JH2,,,,,,,,,,0,,True
CNc1cc(Nc2cccn([C@H]3C[C@H](F)C3)c2=O)nc2c(C(=O)N[C@H]3CC[C@@H]3O)cnn12,CHEMBL6044883,9.22,,True,JH2,,,,,,,,,,0,,True
CNc1cc(Nc2cccn([C@H]3C[C@H](F)C3)c2=O)nc2c(C(=O)N[C@H]3CC[C@@H]3OC)cnn12,CHEMBL5809414,8.26,,True,JH2,,,,,,,,,,0,,True
CNc1cc(Nc2cccn([C@H]3C[C@H](F)C3)c2=O)nc2c(C(=O)N[C@H]3CC[C@H](OC)C3)cnn12,CHEMBL5899304,8.26,,True,JH2,,,,,,,,,,0,,True
CNc1cc(Nc2cccn([C@H]3C[C@H](F)C3)c2=O)nc2c(C(=O)N[C@H]3CC[C@](C)(O)C3)cnn12,CHEMBL5889529,9.22,,True,JH2,,,,,,,,,,0,,True
CNc1cc(Nc2cccn([C@H]3C[C@H](F)C3)c2=O)nc2c(C(=O)N[C@H]3CC[C@]3(C)O)cnn12,CHEMBL5986008,9.22,,True,JH2,,,,,,,,,,0,,True
CNc1cc(Nc2cccn([C@H]3C[C@H](OC)C3)c2=O)nc2c(C(=O)NC3CCC[C@@H](OC)C3)cnn12,CHEMBL5806987,9.22,,True,JH2,,,,,,,,,,0,,True
CNc1cc(Nc2cccn([C@H]3C[C@H](OC)C3)c2=O)nc2c(C(=O)NC3CC[C@@H](OC)C3)cnn12,CHEMBL6015739,9.22,,True,JH2,,,,,,,,,,0,,True
CNc1cc(Nc2cccn([C@H]3C[C@H](OC)C3)c2=O)nc2c(C(=O)NC3CC[C@]3(C)OC)cnn12,CHEMBL5905093,9.22,,True,JH2,,,,,,,,,,0,,True
CNc1cc(Nc2cccn([C@H]3C[C@H](OC)C3)c2=O)nc2c(C(=O)N[C@@H]3CCC3(F)F)cnn12,CHEMBL5795954,9.22,,True,JH2,,,,,,,,,,0,,True
CNc1cc(Nc2cccn([C@H]3C[C@H](OC)C3)c2=O)nc2c(C(=O)N[C@@H]3CCC[C@@H](OC)C3)cnn12,CHEMBL6020432,9.22,,True,JH2,,,,,,,,,,0,,True
CNc1cc(Nc2cccn([C@H]3C[C@H](OC)C3)c2=O)nc2c(C(=O)N[C@@H]3CC[C@@H](OC)C3)cnn12,CHEMBL5803316,8.26,,True,JH2,,,,,,,,,,0,,True
CNc1cc(Nc2cccn([C@H]3C[C@H](OC)C3)c2=O)nc2c(C(=O)N[C@@H]3CC[C@@]3(C)OC)cnn12,CHEMBL6001096,9.22,,True,JH2,,,,,,,,,,0,,True
CNc1cc(Nc2cccn([C@H]3C[C@H](OC)C3)c2=O)nc2c(C(=O)N[C@@H]3CC[C@H]3OC)cnn12,CHEMBL5894594,9.22,,True,JH2,,,,,,,,,,0,,True
CNc1cc(Nc2cccn([C@H]3C[C@H](OC)C3)c2=O)nc2c(C(=O)N[C@H]3CCC[C@H](OC)C3)cnn12,CHEMBL5977887,9.22,,True,JH2,,,,,,,,,,0,,True
CNc1cc(Nc2cccn([C@H]3C[C@H](OC)C3)c2=O)nc2c(C(=O)N[C@H]3CC[C@@H]3F)cnn12,CHEMBL5981114,9.22,,True,JH2,,,,,,,,,,0,,True
CNc1cc(Nc2cccn([C@H]3C[C@H](OC)C3)c2=O)nc2c(C(=O)N[C@H]3CC[C@H](OC)C3)cnn12,CHEMBL5791368,8.26,,True,JH2,,,,,,,,,,0,,True
CNc1cc(Nc2cccn([C@H]3[C@@H]4COC[C@@H]43)c2=O)nc2c(C(=O)NC3CC[C@]3(C)OC)cnn12,CHEMBL5999518,9.22,,True,JH2,,,,,,,,,,0,,True
CNc1cc(Nc2cccn([C@H]3[C@@H]4COC[C@@H]43)c2=O)nc2c(C(=O)N[C@@H]3CC[C@@H](OC)C3)cnn12,CHEMBL5795816,9.22,,True,JH2,,,,,,,,,,0,,True
CNc1cc(Nc2cccn([C@H]3[C@@H]4COC[C@@H]43)c2=O)nc2c(C(=O)N[C@@H]3CC[C@H]3OC)cnn12,CHEMBL5814805,9.22,,True,JH2,,,,,,,,,,0,,True
CNc1cc(Nc2cccn([C@H]3[C@@H]4COC[C@@H]43)c2=O)nc2c(C(=O)N[C@H]3CC[C@@H]3F)cnn12,CHEMBL5910769,9.22,,True,JH2,,,,,,,,,,0,,True
CNc1cc(Nc2cccn([C@H]3[C@@H]4COC[C@@H]43)c2=O)nc2c(C(=O)N[C@H]3CC[C@@H]3OC)cnn12,CHEMBL5870532,8.26,,True,JH2,,,,,,,,,,0,,True
CNc1cc(Nc2cccn([C@H]3[C@@H]4COC[C@@H]43)c2=O)nc2c(C(=O)N[C@H]3CC[C@H](OC)C3)cnn12,CHEMBL5885581,8.26,,True,JH2,,,,,,,,,,0,,True
CNc1cc(Nc2cccn([C@H]3[C@@H]4COC[C@@H]43)c2=O)nc2c(C(=O)N[C@H]3CC[C@]3(C)OC)cnn12,CHEMBL5886209,8.26,,True,JH2,,,,,,,,,,0,,True
CNc1cc(Nc2cccn([C@H]3[C@@H]4COC[C@@H]43)c2=O)nc2c(C(=O)N[C@H]3C[C@@H]3OC)cnn12,CHEMBL5751108,9.22,,True,JH2,,,,,,,,,,0,,True
CNc1cc(Nc2cccn3ccnc23)nc2c(C(=O)N[C@@H]3CC[C@H]3OC)cnn12,CHEMBL5940010,8.26,,True,JH2,,,,,,,,,,0,,True
CNc1cc(Nc2cccn3ccnc23)nc2c(C(=O)N[C@@H]3COC[C@@H]3O)cnn12,CHEMBL6037616,9.22,,True,JH2,,,,,,,,,,0,,True
CNc1cc(Nc2cccn3ccnc23)nc2c(C(=O)N[C@H]3CCC[C@]3(C)O)cnn12,CHEMBL5869780,8.26,,True,JH2,,,,,,,,,,0,,True
CNc1cc(Nc2cccn3ccnc23)nc2c(C(=O)N[C@H]3COC[C@H]3O)cnn12,CHEMBL6026379,8.26,,True,JH2,,,,,,,,,,0,,True
CNc1cc(Nc2cccnc2C(C)(C)O)nc2c(C(=O)NC3CC3)cnn12,CHEMBL6006216,8.26,,True,JH2,,,,,,,,,,0,,True
CNc1cc(Nc2cccnc2C(C)(C)O)nc2c(C(=O)N[C@H]3C[C@H]3F)cnn12,CHEMBL6004856,9.22,,True,JH2,,,,,,,,,,0,,True
CNc1cc(Nc2cccnc2C(C)(F)F)nc2c(C(=O)NC3CC3)cnn12,CHEMBL6061738,9.22,,True,JH2,,,,,,,,,,0,,True
CNc1cc(Nc2cccnc2C(C)(F)F)nc2c(C(=O)NC3CCC3)cnn12,CHEMBL6003905,9.22,,True,JH2,,,,,,,,,,0,,True
CNc1cc(Nc2cccnc2C(C)(F)F)nc2c(C(=O)NCC(C)(C)CO)cnn12,CHEMBL5864047,9.22,,True,JH2,,,,,,,,,,0,,True
CNc1cc(Nc2cccnc2C(C)(F)F)nc2c(C(=O)N[C@H]3C[C@H]3F)cnn12,CHEMBL5773877,9.22,,True,JH2,,,,,,,,,,0,,True
CNc1cc(Nc2cccnc2OC(C)C)nc2c(C(=O)NC3CC3)cnn12,CHEMBL5741281,9.22,,True,JH2,,,,,,,,,,0,,True
CNc1cc(Nc2cccnc2OC(CO)CO)nc2c(C(=O)NC3CC3)cnn12,CHEMBL5744873,9.22,,True,JH2,,,,,,,,,,0,,True
CNc1cc(Nc2cccnc2OC(CO)CO)nc2c(C(=O)N[C@H]3C[C@H]3F)cnn12,CHEMBL5784527,9.22,,True,JH2,,,,,,,,,,0,,True
CNc1cc(Nc2cccnc2OC(F)(F)F)nc2c(C(=O)NC3CC3)cnn12,CHEMBL5815528,9.22,,True,JH2,,,,,,,,,,0,,True
CNc1cc(Nc2cccnc2OC(F)F)nc2c(C(=O)NC3CC3)cnn12,CHEMBL5923037,9.22,,True,JH2,,,,,,,,,,0,,True
CNc1cc(Nc2cccnc2OC(F)F)nc2c(C(N)=O)cnn12,CHEMBL5868825,9.22,,True,JH2,,,,,,,,,,0,,True
CNc1cc(Nc2cccnc2OC)nc2c(C(=O)NC(C)(C)C#N)cnn12,CHEMBL5907572,9.22,,True,JH2,,,,,,,,,,0,,True
CNc1cc(Nc2cccnc2OC)nc2c(C(=O)NC3CC3)cnn12,CHEMBL5415951,8.995000000000001,8.995000000000001,False,Other,,,,,,,,,,0,,False
CNc1cc(Nc2cccnc2OC)nc2c(C(=O)NCCC(C)(C)O)cnn12,CHEMBL5844273,9.22,,True,JH2,,,,,,,,,,0,,True
CNc1cc(Nc2cccnc2OC)nc2c(C(=O)NCCC3(O)CC3)cnn12,CHEMBL5981348,9.22,,True,JH2,,,,,,,,,,0,,True
CNc1cc(Nc2cccnc2OC)nc2c(C(=O)NCCC3CCCO3)cnn12,CHEMBL5996368,8.26,,True,JH2,,,,,,,,,,0,,True
CNc1cc(Nc2cccnc2OC)nc2c(C(=O)N[C@@H]3CC[C@@H]3O)cnn12,CHEMBL5908161,9.22,,True,JH2,,,,,,,,,,0,,True
CNc1cc(Nc2cccnc2OC)nc2c(C(=O)N[C@@H]3CC[C@]3(C)O)cnn12,CHEMBL5921566,8.26,,True,JH2,,,,,,,,,,0,,True
CNc1cc(Nc2cccnc2OC)nc2c(C(=O)N[C@@H]3COC[C@@H]3O)cnn12,CHEMBL5977164,8.26,,True,JH2,,,,,,,,,,0,,True
CNc1cc(Nc2cccnc2OC)nc2c(C(=O)N[C@H]3CCC[C@@H]3O)cnn12,CHEMBL5877797,9.22,,True,JH2,,,,,,,,,,0,,True
CNc1cc(Nc2cccnc2OC)nc2c(C(=O)N[C@H]3CC[C@@]3(C)O)cnn12,CHEMBL5766204,8.26,,True,JH2,,,,,,,,,,0,,True
CNc1cc(Nc2cccnc2OC)nc2c(C(=O)N[C@H]3CC[C@H](O)C3)cnn12,CHEMBL5904911,9.22,,True,JH2,,,,,,,,,,0,,True
CNc1cc(Nc2cccnc2OC)nc2c(C(=O)N[C@H]3CC[C@H]3O)cnn12,CHEMBL5768786,9.22,,True,JH2,,,,,,,,,,0,,True
CNc1cc(Nc2cccnc2OC)nc2c(C(=O)N[C@H]3[C@@H]4COC[C@@H]43)cnn12,CHEMBL5999215,9.22,,True,JH2,,,,,,,,,,0,,True
CNc1cc(Nc2cccnc2OC2CC2)nc2c(-c3cn(C(C)C)nn3)cnn12,CHEMBL5972825,9.22,,True,JH2,,,,,,,,,,0,,True
CNc1cc(Nc2cccnc2OC2CC2)nc2c(C(=O)NC3CC(F)(F)C3)cnn12,CHEMBL5813697,9.22,,True,JH2,,,,,,,,,,0,,True
CNc1cc(Nc2cccnc2OC2CC2)nc2c(C(=O)NCCC(C)(C)O)cnn12,CHEMBL5793307,8.26,,True,JH2,,,,,,,,,,0,,True
CNc1cc(Nc2cccnc2OC2CC2)nc2c(C(=O)NCCC3(O)CC3)cnn12,CHEMBL5787370,8.26,,True,JH2,,,,,,,,,,0,,True
CNc1cc(Nc2cccnc2OC2CC2)nc2c(C(=O)N[C@@H]3CCC[C@H]3O)cnn12,CHEMBL6030963,9.22,,True,JH2,,,,,,,,,,0,,True
CNc1cc(Nc2cccnc2OC2CC2)nc2c(C(=O)N[C@@H]3CC[C@H]3O)cnn12,CHEMBL5833184,9.22,,True,JH2,,,,,,,,,,0,,True
CNc1cc(Nc2cccnc2OC2CC2)nc2c(C(=O)N[C@@H]3COC[C@@H]3O)cnn12,CHEMBL5905033,8.26,,True,JH2,,,,,,,,,,0,,True
CNc1cc(Nc2cccnc2OC2CC2)nc2c(C(=O)N[C@H]3CCC[C@@H]3O)cnn12,CHEMBL5945320,9.22,,True,JH2,,,,,,,,,,0,,True
CNc1cc(Nc2cccnc2OC2CC2)nc2c(C(=O)N[C@H]3CC[C@H]3O)cnn12,CHEMBL6044988,9.22,,True,JH2,,,,,,,,,,0,,True
CNc1cc(Nc2cccnc2OC2CC2)nc2c(C(=O)N[C@H]3COC[C@H]3O)cnn12,CHEMBL5856667,9.22,,True,JH2,,,,,,,,,,0,,True
CNc1cc(Nc2cccnc2OC2CC2)nc2c(C(=O)N[C@H]3C[C@@H]3O)cnn12,CHEMBL6064277,9.22,,True,JH2,,,,,,,,,,0,,True
CNc1cc(Nc2cccnc2OC2CC2)nc2c(C(=O)N[C@H]3[C@@H]4COC[C@@H]43)cnn12,CHEMBL5991536,9.22,,True,JH2,,,,,,,,,,0,,True
CNc1cc(Nc2cccnc2OC2CCC2)nc2c(C(=O)NC3CC3)cnn12,CHEMBL6005025,9.22,,True,JH2,,,,,,,,,,0,,True
CNc1cc(Nc2cccnc2OC2CCC2)nc2c(C(=O)NC3CCC3)cnn12,CHEMBL5980891,9.22,,True,JH2,,,,,,,,,,0,,True
CNc1cc(Nc2cccnc2OC2CCCCC2)nc2c(C(=O)NC3CC3)cnn12,CHEMBL5959177,8.26,,True,JH2,,,,,,,,,,0,,True
CNc1cc(Nc2cccnc2OC2CCCCC2)nc2c(C(=O)NC3CCC3)cnn12,CHEMBL5866241,8.26,,True,JH2,,,,,,,,,,0,,True
CNc1cc(Nc2cccnc2OC2CCCCC2)nc2c(C(=O)N[C@H]3C[C@H]3F)cnn12,CHEMBL5787435,9.22,,True,JH2,,,,,,,,,,0,,True
CNc1cc(Nc2cccnc2OC2CCOCC2)nc2c(C(=O)NC3CC3)cnn12,CHEMBL5921393,9.22,,True,JH2,,,,,,,,,,0,,True
CNc1cc(Nc2cccnc2OC2CCOCC2)nc2c(C(=O)NC3CCC3)cnn12,CHEMBL6015011,9.22,,True,JH2,,,,,,,,,,0,,True
CNc1cc(Nc2cccnc2OC2CN(CC(F)(F)F)C2)nc2c(C(=O)NC3CC3)cnn12,CHEMBL5983475,9.22,,True,JH2,,,,,,,,,,0,,True
CNc1cc(Nc2cccnc2OC2COC2)nc2c(C(=O)NC3CC3)cnn12,CHEMBL5797423,8.26,,True,JH2,,,,,,,,,,0,,True
CNc1cc(Nc2cccnc2OC2COC2)nc2c(C(=O)NC3CCC3)cnn12,CHEMBL5809903,8.26,,True,JH2,,,,,,,,,,0,,True
CNc1cc(Nc2cccnc2OC2COC2)nc2c(C(=O)N[C@H]3C[C@H]3F)cnn12,CHEMBL5826861,9.22,,True,JH2,,,,,,,,,,0,,True
CNc1cc(Nc2cccnc2O[C@@H]2CCOC2)nc2c(C(=O)NC3CC3)cnn12,CHEMBL5763456,9.22,,True,JH2,,,,,,,,,,0,,True
CNc1cc(Nc2cccnc2O[C@@H]2CCOC2)nc2c(C(=O)NC3CCC3)cnn12,CHEMBL5938718,9.22,,True,JH2,,,,,,,,,,0,,True
CNc1cc(Nc2cccnc2O[C@H]2CC[C@H](O)CC2)nc2c(C(=O)NC3CC3)cnn12,CHEMBL5841369,9.22,,True,JH2,,,,,,,,,,0,,True
CNc1cc(Nc2cccnc2O[C@H]2CC[C@H](OC)CC2)nc2c(C(=O)NC3CC3)cnn12,CHEMBL5937821,9.22,,True,JH2,,,,,,,,,,0,,True
CNc1cc(Nc2cccnc2O[C@H]2CC[C@H](OC)CC2)nc2c(C(=O)NC3CCC3)cnn12,CHEMBL5935008,9.22,,True,JH2,,,,,,,,,,0,,True
CNc1cc(Nc2cccnc2O[C@H]2C[C@@H](OC)C2)nc2c(C(=O)NC3CC3)cnn12,CHEMBL5751771,9.22,,True,JH2,,,,,,,,,,0,,True
CNc1cc(Nc2ccnn(-c3ccc(F)cc3)c2=O)nc2c(C(=O)N[C@H]3C[C@H]3F)cnn12,CHEMBL6015541,9.22,,True,JH2,,,,,,,,,,0,,True
CNc1cc(Nc2ccnn(-c3ccc(F)cc3)c2=O)nc2c(C(N)=O)cnn12,CHEMBL5765707,9.22,,True,JH2,,,,,,,,,,0,,True
CNc1cc(Nc2cnn(C)c2)nc2c(C(N)=O)cnn12,CHEMBL5828014,8.26,,True,JH2,,,,,,,,,,0,,True
CNc1cc(Nc2nccc3nc(-c4c(Cl)cc(C#N)cc4Cl)[nH]c23)ncn1,CHEMBL4062680,9.22,9.22,False,Other,,,,7.44,7.44,1.7800000000000002,,,,1,1.7800000000000002,False
CNc1cc(Nc2nccc3nc(-c4c(Cl)cccc4Cl)[nH]c23)ncn1,CHEMBL4071399,9.3,9.3,False,Other,,,,7.58,7.58,1.7200000000000006,,,,1,1.7200000000000006,False
CNc1cc([N+](=[N-])c2cccn([C@H]3CCC[C@@H]3OC)c2=O)nc2c(C(=O)NC3CC3)cnn12,CHEMBL5753192,9.22,,True,JH2,,,,,,,,,,0,,True
CNc1cc2nn3c(cnc13)C(=O)N[C@H](C)COCc1ccc(OC)c(c1)N2,CHEMBL5424894,10.64,10.64,False,Other,6.37,6.37,4.2700000000000005,5.14,5.14,5.500000000000001,,,,2,4.2700000000000005,False
CNc1ccc(-c2cc(NC)n3ncc(C(=O)NC4CC4)c3n2)n2ccnc12,CHEMBL5835447,9.22,,True,JH2,,,,,,,,,,0,,True
CNc1ccc(-c2cc(NC)n3ncc(C(=O)NC4CC[C@@H]4O)c3n2)n2ccnc12,CHEMBL5821904,9.22,,True,JH2,,,,,,,,,,0,,True
CNc1ccc(-c2cc(NC)n3ncc(C(=O)N[C@@H]4CC[C@@H]4O)c3n2)n2ccnc12,CHEMBL5755107,8.26,,True,JH2,,,,,,,,,,0,,True
CNc1ccc(-c2cc(NC)n3ncc(C(=O)N[C@@H]4CC[C@H]4F)c3n2)n2ccnc12,CHEMBL5881335,9.22,,True,JH2,,,,,,,,,,0,,True
CNc1nc(-c2cccc(-c3nnn(C)n3)c2OC)n2cc(NC(=O)C3CC3)ncc12,CHEMBL5932823,8.26,,True,JH2,,,,,,,,,,0,,True
CNc1nc2sc(-c3cccc([C@@H](C)NC(=O)c4ccccc4S(C)(=O)=O)c3)nc2c2c1ncn2C,CHEMBL4287153,6.79,6.79,False,JH2,,,,,,,,,,0,,True
CNc1ncc2cc(-c3cc(C(=O)Nc4cc(C(F)(F)F)ccc4OC4CCN(C)CC4)ccc3C)ccc2n1,CHEMBL386661,5.56,5.56,False,Other,,,,,,,6.06,6.06,-0.5,1,-0.5,False
CNc1nccc(-c2nc3cnc4[nH]ccc4c3n2[C@H]2CC[C@H](CC#N)CC2)n1,CHEMBL5746077,7.75,7.75,False,JH2,9.4,9.4,-1.6500000000000004,8.47,8.47,-0.7200000000000006,7.22,7.22,0.5300000000000002,3,-1.6500000000000004,True
CNc1ncnc2cc(-c3ccc(F)cc3)sc12,CHEMBL5417888,6.89,6.89,False,JH2,,,,,,,,,,0,,True
CNc1nn(-c2cccc(-c3ncn(C)n3)c2OC)c2cc(NC(=O)C3CC3)ncc12,CHEMBL5872657,8.19,,True,JH2,,,,,,,,,,0,,True
CNc1nn(-c2cccc(-c3nnn(C)n3)c2OC)c2cc(NC(=O)C3CC3)ncc12,CHEMBL5853516,8.26,,True,JH2,,,,,,,,,,0,,True
COC(=O)/C=C/CN1CCc2cc(Nc3ncc(C)c(-c4cnn(C(C)C)c4)n3)ccc2C1,CHEMBL4754856,7.06,7.06,False,Other,7.58,7.58,-0.5200000000000005,8.28,8.28,-1.2199999999999998,7.11,7.11,-0.05000000000000071,3,-1.2199999999999998,False
COC(=O)C1(C(=O)N2[C@@H]3CCC[C@H]2C[C@H](Nc2nc(Nc4cc(C)[nH]n4)cc4ncccc24)C3)CC1,CHEMBL6050767,7.3,,True,Other,9.26,,,9.26,,,7.3,,,0,,False
COC(=O)C1(C(=O)N2[C@@H]3CC[C@H]2C[C@H](Nc2nc(Nc4cc(C)[nH]n4)cc4ncccc24)C3)CC1,CHEMBL6038546,7.3,,True,Other,7.3,,,7.3,,,7.3,,,0,,False
COC(=O)C1CCc2[nH]c(-c3c(N[C@H]4CC[C@@H](N)CC4)cc[nH]c3=O)nc2C1,CHEMBL3780467,8.15,8.15,False,Other,8.23,8.23,-0.08000000000000007,6.585,6.585,1.5650000000000004,7.77,7.77,0.3800000000000008,3,-0.08000000000000007,False
COC(=O)CCCN1[C@@H]2CCC[C@H]1C[C@H](Nc1nc(Nc3cc(C)[nH]n3)cc3ncccc13)C2,CHEMBL5985330,7.3,,True,Other,9.26,,,7.3,,,7.3,,,0,,False
COC(=O)CCCN1[C@@H]2CC[C@H]1C[C@H](Nc1nc(Nc3cc(C)[nH]n3)cc3ncccc13)C2,CHEMBL5795188,7.3,,True,Other,7.3,,,7.3,,,7.3,,,0,,False
COC(=O)CCN1[C@@H]2CCC[C@H]1C[C@H](Nc1nc(Nc3cc(C)[nH]n3)cc3ncccc13)C2,CHEMBL5785185,7.3,,True,Other,9.26,,,9.26,,,7.3,,,0,,False
COC(=O)CCN1[C@@H]2CC[C@H]1C[C@H](Nc1nc(Nc3cc(C)[nH]n3)cc3ncccc13)C2,CHEMBL5974419,7.3,,True,Other,7.3,,,7.3,,,7.3,,,0,,False
COC(=O)CN1[C@@H]2CCC[C@H]1C[C@H](Nc1nc(Nc3cc(C)[nH]n3)cc3ncccc13)C2,CHEMBL5837867,9.26,,True,Other,9.26,,,,,,9.26,,,0,,False
COC(=O)CN1[C@@H]2CC[C@H]1C[C@H](Nc1nc(Nc3cc(C)[nH]n3)cc3ncccc13)C2,CHEMBL5923620,7.3,,True,Other,9.26,,,9.26,,,7.3,,,0,,False
COC(=O)Cc1ccc(Nc2cc(Nc3ccccc3Cl)c(C(N)=O)cn2)nc1,CHEMBL5409953,8.0,8.0,False,Other,8.05,8.05,-0.05000000000000071,8.0,8.0,0.0,7.89,7.89,0.11000000000000032,3,-0.05000000000000071,False
COC(=O)Cc1ccc(Nc2nc(-c3c(F)cccc3F)nc3c2C(=O)NC3)cn1,CHEMBL5778367,6.26,,True,Other,,,,,,,,,,0,,False
COC(=O)Cc1ncc(Nc2nc(-c3c(F)cccc3F)nc3c2C(=O)NC3)cn1,CHEMBL5769035,6.26,,True,Other,,,,,,,,,,0,,False
COC(=O)Cn1c(=O)c2cc(OC)c(OC)cc2c2cnc3[nH]ccc3c21,CHEMBL4278842,7.74,7.74,False,Other,8.01,8.01,-0.2699999999999996,7.75,7.75,-0.009999999999999787,8.18,8.18,-0.4399999999999995,3,-0.4399999999999995,False
COC(=O)N1[C@@H]2CCC[C@H]1C[C@H](N(C)c1nc(Nc3cc(C)[nH]n3)cc(C3CCCO3)n1)C2,CHEMBL5993342,9.26,9.26,False,Other,,,,9.26,9.26,0.0,8.26,,,1,0.0,False
COC(=O)N1[C@@H]2CCC[C@H]1C[C@H](N(C)c1nc(Nc3cc(C)[nH]n3)cc(O[C@@H]3CCOC3)n1)C2,CHEMBL5879603,9.26,9.26,False,Other,9.26,9.26,0.0,,,,9.26,,,1,0.0,False
COC(=O)N1[C@@H]2CCC[C@H]1C[C@H](N(C)c1nc(Nc3cc(CO)[nH]n3)cc(OC)n1)C2,CHEMBL5823140,8.26,,True,Other,9.26,,,9.26,9.26,,,,,0,,False
COC(=O)Nc1cc(NC(=O)c2c(Cl)cccc2Cl)ccn1,CHEMBL2420813,6.77,6.77,False,Other,5.58,5.58,1.1899999999999995,6.21,6.21,0.5599999999999996,,,,2,0.5599999999999996,False
COC(=O)Nc1nccc2nc(-c3c(Cl)cccc3Cl)sc12,CHEMBL3675686,8.85,8.85,False,Other,,,,,,,,,,0,,False
COC(=O)[C@@H](C(C)C)n1c(=O)c2cc(OC)c(OC)cc2c2cnc3[nH]ccc3c21,CHEMBL4281492,6.59,6.59,False,Other,7.24,7.24,-0.6500000000000004,7.2,7.2,-0.6100000000000003,7.54,7.54,-0.9500000000000002,3,-0.9500000000000002,False
COC(=O)[C@@H]1COCCN1C(=O)Cc1ccc(Nc2nc(-c3c(F)cccc3F)nc3c2C(=O)NC3)cc1,CHEMBL5790387,7.26,,True,Other,,,,,,,,,,0,,False
COC(=O)[C@H](C(C)C)n1c(=O)c2cc(OC)c(OC)cc2c2cnc3[nH]ccc3c21,CHEMBL4289375,5.82,5.82,False,Other,6.52,6.52,-0.6999999999999993,6.66,6.66,-0.8399999999999999,7.02,7.02,-1.1999999999999993,3,-1.1999999999999993,False
COC(=O)c1ccc(Nc2nc(N)n(C(=O)c3c(F)cccc3F)n2)cc1,CHEMBL1287940,6.12,6.12,False,Other,6.3,6.3,-0.17999999999999972,,,,,,,1,-0.17999999999999972,False
COC(=O)c1ccc2c(c1)NC(=O)/C2=C(\Nc1ccc(N(C)C(=O)CN2CCN(C)CC2)cc1)c1ccccc1,CHEMBL502835,6.865,6.865,False,Other,6.96,6.96,-0.09499999999999975,7.415,7.415,-0.5499999999999998,8.09,8.09,-1.2249999999999996,3,-1.2249999999999996,False
COC(=O)c1cnc2cc(Nc3cc(C)[nH]n3)nc(N[C@@H]3C[C@H]4CCC[C@@H](C3)N4C3CCOC(=O)C3)c2c1,CHEMBL5997656,7.3,,True,Other,9.26,,,9.26,,,7.3,,,0,,False
COC(=O)c1cnc2cc(Nc3cc(C)[nH]n3)nc(N[C@@H]3C[C@H]4CCC[C@@H](C3)N4CCC#N)c2c1,CHEMBL5914818,9.26,,True,Other,,,,,,,9.26,,,0,,False
COC(=O)c1cnc2cc(Nc3cc(C)[nH]n3)nc(N[C@@H]3C[C@H]4CCC[C@@H](C3)N4C[C@H]3CCC(=O)O3)c2c1,CHEMBL6030363,7.3,,True,Other,9.26,,,9.26,,,7.3,,,0,,False
COC(=O)c1cnc2cc(Nc3cc(C)[nH]n3)nc(N[C@@H]3C[C@H]4CC[C@@H](C3)N4C(=O)C(C)C(O)=S)c2c1,CHEMBL5756021,7.3,,True,Other,9.26,,,9.26,,,7.3,,,0,,False
COC(=O)c1cnc2cc(Nc3cc(C)[nH]n3)nc(N[C@@H]3C[C@H]4CC[C@@H](C3)N4C(=O)CC(F)F)c2c1,CHEMBL5830377,7.3,,True,Other,9.26,,,9.26,,,7.3,,,0,,False
COC(=O)c1cnc2cc(Nc3cc(C)[nH]n3)nc(N[C@@H]3C[C@H]4CC[C@@H](C3)N4C(=O)CF)c2c1,CHEMBL5740619,7.3,,True,Other,9.26,,,9.26,,,7.3,,,0,,False
COC(=O)c1cnc2cc(Nc3cc(C)[nH]n3)nc(N[C@@H]3C[C@H]4CC[C@@H](C3)N4C(=O)CN(C)C)c2c1,CHEMBL5885588,7.3,,True,Other,9.26,,,7.3,,,7.3,,,0,,False
COC(=O)c1cnc2cc(Nc3cc(C)[nH]n3)nc(N[C@@H]3C[C@H]4CC[C@@H](C3)N4C3CCCOC3=O)c2c1,CHEMBL6012897,7.3,,True,Other,9.26,,,8.28,,,7.3,,,0,,False
COC(=O)c1cnc2cc(Nc3cc(C)[nH]n3)nc(N[C@@H]3C[C@H]4CC[C@@H](C3)N4C3CCOC3=O)c2c1,CHEMBL5941466,9.26,,True,Other,9.26,,,,,,7.3,,,0,,False
COC(=O)c1cnc2cc(Nc3cc(C)[nH]n3)nc(N[C@@H]3C[C@H]4CC[C@@H](C3)N4CC(=O)OC(C)C)c2c1,CHEMBL5803097,7.3,,True,Other,,,,9.26,,,7.3,,,0,,False
COC(=O)c1cnc2cc(Nc3cc(C)[nH]n3)nc(N[C@@H]3C[C@H]4CC[C@@H](C3)N4CCC#N)c2c1,CHEMBL5935548,9.26,,True,Other,,,,,,,8.28,,,0,,False
COC(=O)c1cnc2cc(Nc3cc(C)[nH]n3)nc(N[C@@H]3C[C@H]4CC[C@@H](C3)N4CCC(F)(F)F)c2c1,CHEMBL5858870,7.3,,True,Other,9.26,,,9.26,,,7.3,,,0,,False
COC(=O)c1cnc2cc(Nc3cc(C)[nH]n3)nc(N[C@@H]3C[C@H]4CC[C@@H](C3)N4CCCF)c2c1,CHEMBL6042110,7.3,,True,Other,9.26,,,7.3,,,7.3,,,0,,False
COC(=O)c1cnc2cc(Nc3cc(C)[nH]n3)nc(N[C@@H]3C[C@H]4CC[C@@H](C3)N4CCF)c2c1,CHEMBL5787759,7.3,,True,Other,9.26,,,9.26,,,7.3,,,0,,False
COC(=O)c1cnc2cc(Nc3cc(C)[nH]n3)nc(N[C@@H]3C[C@H]4CC[C@@H](C3)N4C[C@H]3CCC(=O)O3)c2c1,CHEMBL5858641,7.3,,True,Other,9.26,,,9.26,,,7.3,,,0,,False
COC(=O)c1cnc2cc(Nc3cc(C)[nH]n3)nc(N[C@@H]3C[C@H]4CC[C@@H](C3)N4S(C)(=O)=O)c2c1,CHEMBL5765248,9.26,,True,Other,,,,,,,7.3,,,0,,False
COC(=O)c1nnc(-c2cnc(NC(=O)C3CC3)cc2Nc2cccc(-c3ncn(C)n3)c2OC)o1,CHEMBL6034947,8.89,,True,JH2,,,,,,,,,,0,,True
COC(C)(C)CNC(=O)Cc1nc2cnc3[nH]ccc3c2n1[C@H]1CC[C@H](CC#N)CC1,CHEMBL6017986,8.48,8.48,False,JH2,9.7,9.7,-1.2199999999999989,8.47,8.47,0.009999999999999787,7.27,7.27,1.2100000000000009,3,-1.2199999999999989,True
COC(C)C1CCN(S(=O)(=O)C[C@H]2C[C@@H](N(C)c3ncnc4[nH]ccc34)C2)CC1,CHEMBL5942656,8.73,8.73,False,Other,10.96,10.96,-2.2300000000000004,8.92,8.92,-0.1899999999999995,8.0,8.0,0.7300000000000004,3,-2.2300000000000004,False
COC(C)c1ccc(Nc2cc(NC(=O)C3CC3)nc3[nH]c(C(F)F)nc23)c(S(C)(=O)=O)c1,CHEMBL5798256,9.12,,True,JH2,,,,,,,,,,0,,True
COC(C)c1ccc(Nc2cc(NC(=O)C3CC3)nc3[nH]c(C)nc23)c(S(C)(=O)=O)c1,CHEMBL5897222,9.52,,True,JH2,,,,,,,,,,0,,True
COC(C)c1ccc(S(=O)(=O)C[C@H]2C[C@@H](N(C)c3ncnc4[nH]ccc34)C2)cc1,CHEMBL5921959,9.04,9.04,False,Other,,,,9.77,9.77,-0.7300000000000004,8.04,8.04,1.0,2,-0.7300000000000004,False
COC1(C)CN(S(=O)(=O)C[C@H]2C[C@@H](N(C)c3ncnc4[nH]ccc34)C2)C1,CHEMBL6063008,5.21,5.21,False,Other,7.02,7.02,-1.8099999999999996,5.69,5.69,-0.4800000000000004,5.0,5.0,0.20999999999999996,3,-1.8099999999999996,False
COC1CC(CC#N)(n2cc(-c3cc(-c4c[nH]nc4CO)cc4nccn34)cn2)C1,CHEMBL5904104,5.5,5.5,False,Other,,,,,,,,,,0,,False
COC1CC(CC#N)(n2cc(-c3cc(-c4c[nH]nc4N)cc4ncccc34)cn2)C1,CHEMBL5811581,6.46,6.46,False,Other,5.05,5.05,1.4100000000000001,5.43,5.43,1.0300000000000002,,,,2,1.0300000000000002,False
COC1CC(CC#N)(n2cc(-c3cc(-c4cnn(C)c4)cc4nccn34)cn2)C1,CHEMBL6017550,6.4,6.4,False,Other,,,,5.27,5.27,1.1300000000000008,,,,1,1.1300000000000008,False
COC1CC(CC#N)(n2cc(-c3nc(-c4cc(CO)n[nH]4)cc4ncccc34)cn2)C1,CHEMBL5792266,7.29,7.29,False,Other,6.484999999999999,6.484999999999999,0.8050000000000006,7.045,7.045,0.2450000000000001,,,,2,0.2450000000000001,False
COC1CC(CC#N)(n2cc(-c3nc(-c4cnn(CCO)c4)cc4ncccc34)cn2)C1,CHEMBL6037977,7.0,7.0,False,Other,6.23,6.23,0.7699999999999996,6.9350000000000005,6.9350000000000005,0.0649999999999995,,,,2,0.0649999999999995,False
COC1CC(CC#N)(n2ccc(-c3nc(-c4c[nH]nc4N)cc4ncccc34)n2)C1,CHEMBL5809511,7.585,7.585,False,Other,6.05,6.05,1.5350000000000001,6.53,6.53,1.0549999999999997,,,,2,1.0549999999999997,False
COC1CC(CC#N)(n2ccc(-c3nc(-c4cc(CO)n[nH]4)cc4ncccc34)n2)C1,CHEMBL5882994,7.29,7.29,False,Other,5.64,5.64,1.6500000000000004,6.18,6.18,1.1100000000000003,,,,2,1.1100000000000003,False
COC1CC(CC#N)(n2ccc(-c3nc(-c4cc(N)[nH]n4)cc4ncccc34)n2)C1,CHEMBL5845437,7.65,7.65,False,Other,6.3,6.3,1.3500000000000005,6.515000000000001,6.515000000000001,1.1349999999999998,,,,2,1.1349999999999998,False
COC1CC(CC#N)(n2ccc(-c3nc(-c4ccc(=O)[nH]c4)cc4ncccc34)n2)C1,CHEMBL6000027,7.31,7.31,False,Other,5.87,5.87,1.4399999999999995,6.11,6.11,1.1999999999999993,,,,2,1.1999999999999993,False
COC1CC(CC#N)(n2ccc(-c3nc(-c4ccn[nH]4)cc4ncccc34)n2)C1,CHEMBL5876896,7.2,7.2,False,Other,5.725,5.725,1.4750000000000005,5.885,5.885,1.3150000000000004,,,,2,1.3150000000000004,False
COC1CC(CC#N)(n2ccc(-c3nc(-c4cn[nH]c4)cc4ncccc34)n2)C1,CHEMBL5896459,7.165,7.165,False,Other,5.74,5.74,1.4249999999999998,5.845000000000001,5.845000000000001,1.3199999999999994,,,,2,1.3199999999999994,False
COC1CC(CC#N)(n2ccc(-c3nc(-c4cnn(C)c4)cc4ncccc34)n2)C1,CHEMBL5904839,7.21,7.21,False,Other,5.39,5.39,1.8200000000000003,6.25,6.25,0.96,,,,2,0.96,False
COC1CC(CC#N)(n2ccc(-c3nc(-c4cnn(C5COC5)c4)cc4ncccc34)n2)C1,CHEMBL5778149,6.96,6.96,False,Other,5.18,5.18,1.7800000000000002,6.41,6.41,0.5499999999999998,,,,2,0.5499999999999998,False
COC1CC(CC#N)(n2ccc(-c3nc(-c4cnn(CCO)c4)cc4ncccc34)n2)C1,CHEMBL5830149,6.91,6.91,False,Other,5.34,5.34,1.5700000000000003,6.0600000000000005,6.0600000000000005,0.8499999999999996,,,,2,0.8499999999999996,False
COC1CC(CC#N)(n2ncc(-c3cc(-c4cc[nH]n4)cc4ncccc34)n2)C1,CHEMBL5999913,7.45,7.45,False,Other,5.615,5.615,1.835,6.04,6.04,1.4100000000000001,,,,2,1.4100000000000001,False
COC1CC12CCN(S(=O)(=O)C[C@H]1C[C@@H](N(C)c3ncnc4[nH]ccc34)C1)CC2,CHEMBL5894264,8.01,8.01,False,Other,10.09,10.09,-2.08,8.64,8.64,-0.6300000000000008,8.0,8.0,0.009999999999999787,3,-2.08,False
COC1CCCN(S(=O)(=O)C[C@H]2C[C@@H](N(C)c3ncnc4[nH]ccc34)C2)C1,CHEMBL5973654,5.32,5.32,False,Other,7.25,7.25,-1.9299999999999997,5.67,5.67,-0.34999999999999964,5.0,5.0,0.3200000000000003,3,-1.9299999999999997,False
COC1CCN(C(=O)Cc2nc3cnc4[nH]ccc4c3n2[C@H]2CC[C@H](CC#N)CC2)CC1,CHEMBL5818462,8.21,8.21,False,JH2,,,,7.81,7.81,0.40000000000000124,6.88,6.88,1.330000000000001,2,0.40000000000000124,True
COC1CCN(C(=O)c2nc3cnc4[nH]ccc4c3n2[C@H]2CC[C@H](CC#N)CC2)CC1,CHEMBL5821953,6.9,6.9,False,JH2,8.59,8.59,-1.6899999999999995,6.8,6.8,0.10000000000000053,5.49,5.49,1.4100000000000001,3,-1.6899999999999995,True
COC1CCN(S(=O)(=O)C[C@H]2C[C@@H](N(C)c3ncnc4[nH]ccc34)C2)CC1,CHEMBL5914319,5.23,5.23,False,Other,7.07,7.07,-1.8399999999999999,5.6,5.6,-0.3699999999999992,5.0,5.0,0.23000000000000043,3,-1.8399999999999999,False
COC1CCN(c2nccc(Nc3cc(NC(=O)c4c(Cl)cccc4Cl)ccn3)n2)CC1,CHEMBL3352835,7.8,7.8,False,Other,,,,7.36,7.36,0.4399999999999995,,,,1,0.4399999999999995,False
COC1CCN(c2nccc(Nc3cc4[nH]c(-c5cn[nH]c5)cc4cn3)n2)CC1,CHEMBL3354186,7.44,7.44,False,Other,,,,7.02,7.02,0.4200000000000008,,,,1,0.4200000000000008,False
COC1CCN(c2nccc(Nc3cc4[nH]c(-c5cn[nH]c5)nc4cn3)n2)CC1,CHEMBL3354185,5.51,5.51,False,Other,,,,,,,,,,0,,False
COC1CN(S(=O)(=O)C[C@H]2C[C@@H](N(C)c3ncnc4[nH]ccc34)C2)C1,CHEMBL5807378,5.32,5.32,False,Other,7.11,7.11,-1.79,5.78,5.78,-0.45999999999999996,5.0,5.0,0.3200000000000003,3,-1.79,False
COC1CN(c2ccc(Nc3cc(NC(=O)C4CC4)nc4[nH]c(C(F)F)nc34)c(N(C)S(C)(=O)=O)c2)C1,CHEMBL5784995,8.26,,True,JH2,,,,,,,,,,0,,True
COC1CN(c2ccc(Nc3cc(NC(=O)C4CC4)nc4[nH]c(C)nc34)c(N(C)S(C)(=O)=O)c2)C1,CHEMBL5916046,8.26,,True,JH2,,,,,,,,,,0,,True
COC1CN(c2ccc(Nc3cc(NC(=O)C4CC4)nc4[nH]n(C)c(=O)c34)c(N(C)S(C)(=O)=O)c2)C1,CHEMBL5815684,9.52,,True,JH2,,,,,,,,,,0,,True
COC1CN(c2cccc(Nc3cc(Nc4ccccc4S(C)(=O)=O)c4c(=O)n(C)[nH]c4n3)n2)C1,CHEMBL5925437,8.26,,True,JH2,,,,,,,,,,0,,True
COCC(C)NC(=O)c1nc2cnc3[nH]ccc3c2n1[C@H]1CC[C@H](CC#N)CC1,CHEMBL5873451,7.52,7.52,False,JH2,8.85,8.85,-1.33,7.68,7.68,-0.16000000000000014,6.19,6.19,1.3299999999999992,3,-1.33,True
COCC/C(=N/O)NCc1nc2cnc3[nH]ccc3c2n1[C@H]1CC[C@H](CC#N)CC1,CHEMBL5804973,7.83,7.83,False,JH2,9.15,9.15,-1.3200000000000003,7.57,7.57,0.2599999999999998,6.21,6.21,1.62,3,-1.3200000000000003,True
COCC/C(N)=N/OCc1nc2cnc3[nH]ccc3c2n1[C@H]1CC[C@H](CC#N)CC1,CHEMBL6020680,7.57,7.57,False,JH2,9.4,9.4,-1.83,8.28,8.28,-0.7099999999999991,6.74,6.74,0.8300000000000001,3,-1.83,True
COCC1(NC[C@H]2CC[C@H](c3nnn4cnc5[nH]ccc5c34)CC2)CC1,CHEMBL3978189,6.51,6.51,False,Other,7.62,7.62,-1.1100000000000003,7.0,7.0,-0.4900000000000002,6.03,6.03,0.47999999999999954,3,-1.1100000000000003,False
COCC1CCCN(S(=O)(=O)C[C@H]2C[C@@H](N(C)c3ncnc4[nH]ccc34)C2)C1,CHEMBL6055465,5.93,5.93,False,Other,7.55,7.55,-1.62,6.0,6.0,-0.07000000000000028,5.0,5.0,0.9299999999999997,3,-1.62,False
COCC1CCCN1S(=O)(=O)N1[C@@H]2CCC[C@H]1C[C@H](Nc1nc(Nc3cc(C)[nH]n3)cc3ncccc13)C2,CHEMBL5973994,9.26,,True,Other,9.26,,,9.26,,,7.3,,,0,,False
COCC1CCCN1S(=O)(=O)N1[C@@H]2CC[C@H]1C[C@H](Nc1nc(Nc3cc(C)[nH]n3)cc3ncccc13)C2,CHEMBL6019702,7.3,,True,Other,9.26,,,7.3,,,7.3,,,0,,False
COCC1CCN(S(=O)(=O)C[C@H]2C[C@@H](N(C)c3ncnc4[nH]ccc34)C2)C1,CHEMBL5878280,5.27,5.27,False,Other,7.04,7.04,-1.7700000000000005,5.63,5.63,-0.3600000000000003,5.0,5.0,0.2699999999999996,3,-1.7700000000000005,False
COCC1CCN(S(=O)(=O)C[C@H]2C[C@@H](N(C)c3ncnc4[nH]ccc34)C2)CC1,CHEMBL5862596,5.57,5.57,False,Other,8.05,8.05,-2.4800000000000004,5.98,5.98,-0.41000000000000014,,,,2,-2.4800000000000004,False
COCC1CN(S(=O)(=O)C[C@H]2C[C@@H](N(C)c3ncnc4[nH]ccc34)C2)CCO1,CHEMBL5800194,5.55,5.55,False,Other,7.19,7.19,-1.6400000000000006,5.83,5.83,-0.28000000000000025,5.0,5.0,0.5499999999999998,3,-1.6400000000000006,False
COCCC(=O)N1[C@@H]2CCC[C@H]1C[C@H](N(C)c1nc(Nc3cc(C)[nH]n3)cc(O[C@@H]3CCOC3)n1)C2,CHEMBL5856145,9.26,9.26,False,Other,9.26,9.26,0.0,,,,9.26,,,1,0.0,False
COCCCN1[C@@H]2CCC[C@H]1C[C@H](Nc1nc(Nc3cc(C)[nH]n3)cc3ncccc13)C2,CHEMBL5987058,7.3,,True,Other,9.26,,,7.3,,,7.3,,,0,,False
COCCCN1[C@@H]2CC[C@H]1C[C@H](Nc1nc(Nc3cc(C)[nH]n3)cc3ncccc13)C2,CHEMBL6059171,7.3,,True,Other,7.3,,,7.3,,,6.68,,,0,,False
COCCCNC(=O)c1nc2cnc3[nH]ccc3c2n1[C@H]1CC[C@H](CC#N)CC1,CHEMBL5865789,7.25,7.25,False,JH2,8.89,8.89,-1.6400000000000006,7.55,7.55,-0.2999999999999998,6.13,6.13,1.12,3,-1.6400000000000006,True
COCCCS(=O)(=O)C[C@H]1C[C@@H](N(C)c2ncnc3[nH]ccc23)C1,CHEMBL5801494,5.17,5.17,False,Other,7.28,7.28,-2.1100000000000003,5.88,5.88,-0.71,5.0,5.0,0.16999999999999993,3,-2.1100000000000003,False
COCCCc1cnc(-c2ccc(Nc3cc(NC(=O)C4CC4)nc4[nH]c(C(F)F)nc34)c(S(C)(=O)=O)c2)s1,CHEMBL5845781,9.52,,True,JH2,,,,,,,,,,0,,True
COCCCc1csc(-c2ccc(Nc3cc(NC(=O)C4CC4)nc4[nH]c(C(F)F)nc34)c(S(C)(=O)=O)c2)n1,CHEMBL5793707,9.12,,True,JH2,,,,,,,,,,0,,True
COCCCn1ccc(-c2ccc(Nc3cc(NC(=O)C4CC4)nc4[nH]c(C(F)F)nc34)c(S(C)(=O)=O)c2)n1,CHEMBL6053636,9.52,,True,JH2,,,,,,,,,,0,,True
COCCCn1ccc(-c2ccc(Nc3cc(NC(=O)C4CC4)nc4[nH]c(C)nc34)c(S(C)(=O)=O)c2)n1,CHEMBL5988450,9.52,,True,JH2,,,,,,,,,,0,,True
COCCN(C)C[C@H]1CC[C@H](c2nnn3cnc4[nH]ccc4c23)CC1,CHEMBL3980992,6.06,6.06,False,Other,7.96,7.96,-1.9000000000000004,7.24,7.24,-1.1800000000000006,,,,2,-1.9000000000000004,False
COCCN(C)S(=O)(=O)C[C@H]1C[C@@H](N(C)c2ncnc3[nH]ccc23)C1,CHEMBL5822969,5.29,5.29,False,Other,7.03,7.03,-1.7400000000000002,5.74,5.74,-0.4500000000000002,5.0,5.0,0.29000000000000004,3,-1.7400000000000002,False
COCCN1CN([C@H]2CC[C@H](CNCC(F)(F)F)CC2)c2c(cnc3[nH]ccc23)C1=O,CHEMBL3981038,7.22,7.22,False,Other,8.3,8.3,-1.080000000000001,7.8,7.8,-0.5800000000000001,7.37,7.37,-0.15000000000000036,3,-1.080000000000001,False
COCCNC(=O)Cc1nc2cnc3[nH]ccc3c2n1[C@H]1CC[C@H](CC#N)CC1,CHEMBL6032035,7.72,7.72,False,JH2,9.15,9.15,-1.4300000000000006,7.8,7.8,-0.08000000000000007,6.64,6.64,1.08,3,-1.4300000000000006,True
COCCNC(=O)OCc1nc2cnc3[nH]ccc3c2n1[C@H]1CC[C@H](CC#N)CC1,CHEMBL5810078,7.7,7.7,False,JH2,8.8,8.8,-1.1000000000000005,7.7,7.7,0.0,6.58,6.58,1.12,3,-1.1000000000000005,True
COCCNC(=O)c1cnc(N)c2cc(-c3ccc(S(=O)(=O)NC(C)(C)C)cc3)sc12,CHEMBL1938656,5.83,5.83,False,Other,6.035,6.035,-0.20500000000000007,6.445,6.445,-0.6150000000000002,5.89,5.89,-0.05999999999999961,3,-0.6150000000000002,False
COCCNC(=O)c1nc2cnc3[nH]ccc3c2n1[C@H]1CC[C@H](CC#N)CC1,CHEMBL5770024,7.71,7.71,False,JH2,8.96,8.96,-1.2500000000000009,8.02,8.02,-0.3099999999999996,6.76,6.76,0.9500000000000002,3,-1.2500000000000009,True
COCCNc1ccc(Nc2cc(Nc3ccccc3N(C)S(C)(=O)=O)c3nc(C(F)F)[nH]c3n2)nc1C#N,CHEMBL5920147,9.52,,True,JH2,,,,,,,,,,0,,True
COCCOC(=O)Cc1ccc(Nc2cc(Nc3ccccc3OC)c(C(N)=O)cn2)nc1,CHEMBL5422886,8.7,8.7,False,Other,8.22,8.22,0.47999999999999865,8.22,8.22,0.47999999999999865,8.4,8.4,0.29999999999999893,3,0.29999999999999893,False
COCCOC(=O)N1[C@@H]2CCC[C@H]1C[C@H](N(C)c1nc(Nc3cc(C)[nH]n3)cc(C3CCCO3)n1)C2,CHEMBL5787478,9.26,9.26,False,Other,,,,,,,8.26,,,0,,False
COCCOC(=O)N1[C@@H]2CCC[C@H]1C[C@H](N(C)c1nc(Nc3cc(C)[nH]n3)cc(O[C@@H]3CCOC3)n1)C2,CHEMBL5982946,9.26,9.26,False,Other,,,,,,,9.26,,,0,,False
COCCOC(=O)N1[C@@H]2CCC[C@H]1C[C@H](Nc1nc(Nc3cc(C)[nH]n3)cc3ncccc13)C2,CHEMBL5857330,7.3,,True,Other,9.26,,,9.26,,,7.3,,,0,,False
COCCOC(=O)N1[C@@H]2CC[C@H]1C[C@H](Nc1nc(Nc3cc(C)[nH]n3)cc3ncccc13)C2,CHEMBL5943970,7.3,,True,Other,9.26,,,7.3,,,7.3,,,0,,False
COCCOC1CCC(n2nc(-c3ccc(Nc4nc5cc(C)cc(C)c5o4)cc3)c3c(N)ncnc32)CC1,CHEMBL1984162,6.2,6.2,False,Other,,,,7.4,7.4,-1.2000000000000002,8.0,8.0,-1.7999999999999998,2,-1.7999999999999998,False
COCCOC1CCC(n2nc(-c3ccc(Nc4nc5cc(C)cc(Cl)c5o4)cc3)c3c(N)ncnc32)CC1,CHEMBL1987054,6.0,6.0,False,Other,,,,7.5,7.5,-1.5,7.2,7.2,-1.2000000000000002,2,-1.5,False
COCCOC1CCN(S(=O)(=O)C[C@H]2C[C@@H](N(C)c3ncnc4[nH]ccc34)C2)CC1,CHEMBL5824854,5.9,5.9,False,Other,7.55,7.55,-1.6499999999999995,6.02,6.02,-0.11999999999999922,5.0,5.0,0.9000000000000004,3,-1.6499999999999995,False
COCCOCCOCCOCCc1nc2cnc3[nH]ccc3c2n1[C@H]1CC[C@H](CC#N)CC1,CHEMBL5903964,7.59,7.59,False,JH2,9.0,9.0,-1.4100000000000001,7.16,7.16,0.4299999999999997,5.95,5.95,1.6399999999999997,3,-1.4100000000000001,True
COCCOCCOCc1nc2cnc3[nH]ccc3c2n1[C@H]1CC[C@H](CC#N)CC1,CHEMBL5752448,7.14,7.14,False,JH2,8.03,8.03,-0.8899999999999997,6.88,6.88,0.2599999999999998,5.83,5.83,1.3099999999999996,3,-0.8899999999999997,True
COCCOc1cc(Nc2cc(NC(C)=O)ncc2-c2ccccn2)nc(S(C)(=O)=O)c1,CHEMBL5422022,10.74,10.74,False,JH2,8.92,8.92,1.8200000000000003,,,,,,,1,1.8200000000000003,True
COCCOc1cc2c(-n3nc(-c4ccccn4)nc3N)ncnc2cc1OC,CHEMBL3763358,7.39,7.39,False,JH2,,,,,,,,,,0,,True
COCCOc1ccc(Nc2cc(Nc3ccc(F)cc3S(C)(=O)=O)c3nc(C(F)F)[nH]c3n2)nc1C#N,CHEMBL5952557,9.52,,True,JH2,,,,,,,,,,0,,True
COCCOc1ccc2cc1CN(C)C/C=C/COCC1=CC=C(O1)c1ccnc(n1)N2,CHEMBL2035056,6.23,6.23,False,Other,5.5,5.5,0.7300000000000004,5.96,5.96,0.27000000000000046,,,,2,0.27000000000000046,False
COCCOc1ccc2cc1CN(C)C/C=C/COCC1=CC=C(S1)c1ccnc(n1)N2,CHEMBL2035182,7.48,7.48,False,Other,6.41,6.41,1.0700000000000003,6.77,6.77,0.7100000000000009,,,,2,0.7100000000000009,False
COCCS(=O)(=O)N1[C@@H]2CCC[C@H]1C[C@H](N(C)c1nc(Nc3cc(CO)[nH]n3)cc(OC)n1)C2,CHEMBL5991655,9.26,,True,Other,9.26,,,,,,8.26,8.26,,0,,False
COCCS(=O)(=O)N1[C@@H]2CCC[C@H]1C[C@H](Nc1nc(Nc3cc(C)[nH]n3)cc3nc(CN4CCOCC4)ccc13)C2,CHEMBL5986994,9.26,,True,Other,9.26,,,9.26,,,9.26,,,0,,False
COCCS(=O)(=O)N1[C@@H]2CCC[C@H]1C[C@H](Nc1nc(Nc3cc(C)[nH]n3)cc3ncccc13)C2,CHEMBL5872812,9.26,,True,Other,,,,,,,7.3,,,0,,False
COCCS(=O)(=O)N1[C@@H]2CC[C@H]1C[C@H](Nc1nc(Nc3cc(C)[nH]n3)cc3ncccc13)C2,CHEMBL5983748,8.28,,True,Other,9.26,,,9.26,,,8.28,,,0,,False
COCCn1cc(-c2nn(C3CCCN(C(=O)CC#N)C3)c3ncnc(N)c23)cn1,CHEMBL4238190,5.49,5.49,False,JH1,6.3,6.3,-0.8099999999999996,6.16,6.16,-0.6699999999999999,7.24,7.24,-1.75,3,-1.75,False
COCCn1cc(Nc2cc(-c3ccc(NC(=O)CC#N)cc3)ncn2)cn1,CHEMBL4755671,5.73,5.73,False,Other,5.57,5.57,0.16000000000000014,5.84,5.84,-0.10999999999999943,7.07,7.07,-1.3399999999999999,3,-1.3399999999999999,False
COCCn1cc(Nc2cc(-c3cccc(NC(=O)CC#N)c3)ncn2)cn1,CHEMBL4741588,5.64,5.64,False,Other,6.49,6.49,-0.8500000000000005,6.23,6.23,-0.5900000000000007,7.19,7.19,-1.5500000000000007,3,-1.5500000000000007,False
COCCn1cc(Nc2cc(NCc3cccc(NC(=O)CC#N)c3)ncn2)cn1,CHEMBL4563864,5.76,5.76,False,Other,5.9,5.9,-0.14000000000000057,,,,8.14,8.14,-2.380000000000001,2,-2.380000000000001,False
COCCn1cc(Nc2nccc(-c3ccc(NC(=O)CC#N)cc3)n2)cn1,CHEMBL4744519,5.6,5.6,False,Other,6.74,6.74,-1.1400000000000006,,,,7.62,7.62,-2.0200000000000005,2,-2.0200000000000005,False
COCN1CN([C@H]2CC[C@H](CN(C)CC(F)(F)F)CC2)c2c(cnc3[nH]ccc23)C1=O,CHEMBL3961430,7.14,7.14,False,Other,8.49,8.49,-1.3500000000000005,8.19,8.19,-1.0499999999999998,7.66,7.66,-0.5200000000000005,3,-1.3500000000000005,False
COCN1CN([C@H]2CC[C@H](CNCC(F)(F)F)CC2)c2c(cnc3[nH]ccc23)C1=O,CHEMBL3963389,7.13,7.13,False,Other,8.42,8.42,-1.29,8.0,8.0,-0.8700000000000001,7.43,7.43,-0.2999999999999998,3,-1.29,False
COCN1CN([C@H]2CC[C@H](CNCC(F)F)CC2)c2c(cnc3[nH]ccc23)C1=O,CHEMBL3894490,6.64,6.64,False,Other,7.75,7.75,-1.1100000000000003,7.75,7.75,-1.1100000000000003,7.25,7.25,-0.6100000000000003,3,-1.1100000000000003,False
COC[C@@H](C)OC(=O)Cc1ccc(Nc2cc(Nc3ccccc3OC)c(C(N)=O)cn2)nc1,CHEMBL5404574,8.7,8.7,False,Other,8.3,8.3,0.3999999999999986,8.3,8.3,0.3999999999999986,8.4,8.4,0.29999999999999893,3,0.29999999999999893,False
COC[C@H](C(=O)Nc1cccc2c(-c3nc(Nc4cccc(S(C)(=O)=O)c4F)ncc3F)c[nH]c12)N1CCN(C)CC1,CHEMBL4447181,6.18,6.18,False,Other,9.27,9.27,-3.09,6.035,6.035,0.14499999999999957,,,,2,-3.09,False
COC[C@H](C)OC(=O)Cc1ccc(Nc2cc(Nc3ccccc3OC)c(C(N)=O)cn2)nc1,CHEMBL5412967,9.0,9.0,False,Other,9.0,9.0,0.0,8.7,8.7,0.3000000000000007,9.0,9.0,0.0,3,0.0,False
COC[C@H]1CC[C@H](S(=O)(=O)C[C@H]2C[C@@H](N(C)c3ncnc4[nH]ccc34)C2)CC1,CHEMBL6033114,8.27,8.27,False,Other,,,,9.47,9.47,-1.200000000000001,8.0,8.0,0.2699999999999996,2,-1.200000000000001,False
COC[C@H]1CC[C@H](c2nnn3cnc4[nH]ccc4c23)CC1,CHEMBL3975158,6.85,6.85,False,Other,7.635,7.635,-0.7850000000000001,6.975,6.975,-0.125,6.33,6.33,0.5199999999999996,3,-0.7850000000000001,False
COCc1ccc(Nc2cc(NC(=O)C3CC3)nc3[nH]c(C(F)F)nc23)c(N(C)S(C)(=O)=O)c1,CHEMBL5963192,9.52,,True,JH2,,,,,,,,,,0,,True
COCc1ccc(Nc2cc(NC(=O)C3CC3)nc3[nH]c(C(F)F)nc23)c(S(C)(=O)=O)c1,CHEMBL6047057,9.52,,True,JH2,,,,,,,,,,0,,True
COCc1ccc(Nc2cc(NC(=O)C3CC3)nc3[nH]c(C)nc23)c(N(C)S(C)(=O)=O)c1,CHEMBL6062028,9.52,,True,JH2,,,,,,,,,,0,,True
COCc1ccc(Nc2cc(NC(=O)C3CC3)nc3[nH]c(C)nc23)c(S(C)(=O)=O)c1,CHEMBL6007694,9.52,,True,JH2,,,,,,,,,,0,,True
COCc1ccc(Nc2cc(NC(=O)C3CC3)nc3[nH]n(C)c(=O)c23)c(OC)c1,CHEMBL5776792,8.26,,True,JH2,,,,,,,,,,0,,True
COCc1ccc(Nc2cc(Nc3ccc(C(=O)N4CCCC4)c(C(F)(F)F)n3)nc3[nH]n(C)c(=O)c23)c(OC)c1,CHEMBL5868141,9.52,,True,JH2,,,,,,,,,,0,,True
COCc1ccc(Nc2cc(Nc3ccc(C)c(C(F)(F)F)n3)nc3[nH]n(C)c(=O)c23)c(OC)c1,CHEMBL5915056,8.26,,True,JH2,,,,,,,,,,0,,True
COCc1ccc(Nc2cc(Nc3ccc(F)cc3S(C)(=O)=O)c3nc(C(F)F)[nH]c3n2)nn1,CHEMBL5770625,9.52,,True,JH2,,,,,,,,,,0,,True
COCc1ccc(Nc2cc(Nc3ccc(F)cc3S(C)(=O)=O)c3nc(C)[nH]c3n2)nn1,CHEMBL5963272,9.52,,True,JH2,,,,,,,,,,0,,True
COCc1ccc(Nc2cc(Nc3cccc(C#N)n3)nc3[nH]n(C)c(=O)c23)c(OC)c1,CHEMBL6054191,9.52,,True,JH2,,,,,,,,,,0,,True
COCc1ccc(Nc2cc(Nc3cccc(C(F)(F)F)n3)nc3[nH]n(C)c(=O)c23)c(OC)c1,CHEMBL5830873,8.26,,True,JH2,,,,,,,,,,0,,True
COCc1ccc(Nc2cc(Nc3ccccc3S(C)(=O)=O)c3nc(C(F)F)[nH]c3n2)nn1,CHEMBL5958415,9.52,,True,JH2,,,,,,,,,,0,,True
COCc1cccc(S(=O)(=O)C[C@H]2C[C@@H](N(C)c3ncnc4[nH]ccc34)C2)c1,CHEMBL6015718,8.93,8.93,False,Other,10.42,10.42,-1.4900000000000002,9.11,9.11,-0.17999999999999972,8.0,8.0,0.9299999999999997,3,-1.4900000000000002,False
COCc1ccnc(Nc2cc(Nc3ccc(C4CC4)cc3S(C)(=O)=O)c3c(=O)n(C)[nH]c3n2)c1,CHEMBL5781353,9.52,,True,JH2,,,,,,,,,,0,,True
COCc1ccnc(Nc2cc(Nc3cccc(-c4ncn(C)n4)c3OC)c3c(=O)n(C)[nH]c3n2)c1,CHEMBL6037653,9.52,,True,JH2,,,,,,,,,,0,,True
COCc1ccnc(Nc2cc(Nc3cccc(-c4nnn(C)n4)c3OC)c(-c3ncc(Cl)s3)cn2)c1,CHEMBL5943582,9.22,,True,JH2,,,,,,,,,,0,,True
COCc1ccnc(Nc2cc(Nc3cccc(-c4nnn(C)n4)c3OC)c3c(=O)n(C)[nH]c3n2)c1,CHEMBL5778947,9.52,,True,JH2,,,,,,,,,,0,,True
COCc1ccnc(Nc2cc(Nc3cccc(Cl)c3OC)c3c(=O)n(C)[nH]c3n2)c1,CHEMBL5886471,9.12,,True,JH2,,,,,,,,,,0,,True
COCc1ccnc(Nc2cc(Nc3cccc(F)c3OC)c3c(=O)n(C)[nH]c3n2)c1,CHEMBL6001941,8.26,,True,JH2,,,,,,,,,,0,,True
COCc1ccnc(Nc2cc(Nc3ccccc3S(C)(=O)=O)c3c(=O)n(C)[nH]c3n2)c1,CHEMBL5854981,8.26,,True,JH2,,,,,,,,,,0,,True
COCc1nc(-c2ccc(Nc3cc(NC(=O)C4CC4)nc4[nH]c(C(F)F)nc34)c(S(C)(=O)=O)c2)sc1C,CHEMBL5990135,9.52,,True,JH2,,,,,,,,,,0,,True
COCc1nc2cnc3[nH]ccc3c2n1[C@H]1CC[C@H](CC#N)CC1,CHEMBL5926923,7.95,7.95,False,JH2,9.22,9.22,-1.2700000000000005,7.99,7.99,-0.040000000000000036,6.49,6.49,1.46,3,-1.2700000000000005,True
COCc1nnn(-c2nonc2N)c1C(=O)NN=C(C)c1ccc(O)cc1O,CHEMBL1991180,5.8,5.8,False,Other,,,,,,,6.1,6.1,-0.2999999999999998,1,-0.2999999999999998,False
CO[C@@H](C)C1CCN(S(=O)(=O)C[C@H]2C[C@@H](N(C)c3ncnc4[nH]ccc34)C2)CC1,CHEMBL6052552,8.99,8.99,False,Other,,,,9.09,9.09,-0.09999999999999964,8.0,8.0,0.9900000000000002,2,-0.09999999999999964,False
CO[C@@H](C)c1ccc(Nc2cc(NC(=O)C3CC3)nc3[nH]c(C(F)F)nc23)c(S(C)(=O)=O)c1,CHEMBL5924264,8.26,,True,JH2,,,,,,,,,,0,,True
CO[C@@H]1CCCN(S(=O)(=O)C[C@H]2C[C@@H](N(C)c3ncnc4[nH]ccc34)C2)C1,CHEMBL5751135,5.54,5.54,False,Other,7.33,7.33,-1.79,5.88,5.88,-0.33999999999999986,5.0,5.0,0.54,3,-1.79,False
CO[C@@H]1CCN(S(=O)(=O)C[C@H]2C[C@@H](N(C)c3ncnc4[nH]ccc34)C2)C1,CHEMBL6007798,5.6,5.6,False,Other,7.27,7.27,-1.67,5.83,5.83,-0.23000000000000043,5.0,5.0,0.5999999999999996,3,-1.67,False
CO[C@@H]1CCN(c2cc(Nc3cc(N)n4ncc(C(N)=O)c4n3)cc(C)n2)C1,CHEMBL5947346,8.26,,True,JH2,,,,,,,,,,0,,True
CO[C@@H]1CCN(c2ccn(-c3cc(-c4c(F)cccc4C#N)nc4c3C(=O)NC4)n2)C[C@H]1O,CHEMBL5877177,8.3,,True,Other,,,,7.78,,,,,,0,,False
CO[C@@H]1CCN(c2ccn(-c3cc(-c4c(F)cccc4C#N)nc4c3C(=O)NC4)n2)C[C@]1(C)O,CHEMBL6021065,9.3,,True,Other,,,,7.26,,,,,,0,,False
CO[C@@H]1CN(S(=O)(=O)C[C@H]2C[C@@H](N(C)c3ncnc4[nH]ccc34)C2)C[C@H]1F,CHEMBL6053312,5.87,5.87,False,Other,7.41,7.41,-1.54,6.25,6.25,-0.3799999999999999,5.0,5.0,0.8700000000000001,3,-1.54,False
CO[C@@H]1CN(c2ccn(-c3cc(-c4c(F)cccc4C#N)nc4c3C(=O)NC4)n2)CC[C@H]1O,CHEMBL5906739,8.3,,True,Other,,,,7.78,,,,,,0,,False
CO[C@@H]1CN(c2ccn(-c3cc(-c4c(F)cccc4C#N)nc4c3C(=O)NC4)n2)C[C@@H]1O,CHEMBL5956547,8.3,,True,Other,,,,7.78,,,,,,0,,False
CO[C@@H]1COC[C@H]1n1cccc2c(-c3cc(N)n4ncc(C(=O)N[C@@H]5CC[C@H]5OC)c4n3)cnc1-2,CHEMBL5930350,8.26,,True,JH2,,,,,,,,,,0,,True
CO[C@@H]1C[C@H]2CC[C@@H](C1)N2S(=O)(=O)C[C@H]1C[C@@H](N(C)c2ncnc3[nH]ccc23)C1,CHEMBL6059717,5.05,5.05,False,Other,7.19,7.19,-2.1400000000000006,5.68,5.68,-0.6299999999999999,5.0,5.0,0.04999999999999982,3,-2.1400000000000006,False
CO[C@@H]1[C@H](N(C)C(=O)c2ccccc2)C[C@H]2O[C@]1(C)n1c3ccccc3c3c4c(c5c6ccccc6n2c5c31)C(=O)NC4,CHEMBL608533,6.6,6.6,False,JH1,6.17,6.17,0.4299999999999997,7.03,7.03,-0.4300000000000006,7.92,7.92,-1.3200000000000003,3,-1.3200000000000003,False
CO[C@@H]1[C@H](N(C)CCOCCOCCOCCNC(=O)CCC2=[N+]3C(=Cc4c(C)cc(C)n4[B-]3(F)F)C=C2)C[C@H]2O[C@]1(C)n1c3ccccc3c3c4c(c5c6ccccc6n2c5c31)C(=O)NC4,CHEMBL4576489,7.31,7.31,False,Other,,,,,,,7.89,7.89,-0.5800000000000001,1,-0.5800000000000001,False
CO[C@@H]1[C@H](NCCOCCOCCOCCNC(=O)CCC2=[N+]3C(=Cc4c(C)cc(C)n4[B-]3(F)F)C=C2)C[C@H]2O[C@]1(C)n1c3ccccc3c3c4c(c5c6ccccc6n2c5c31)C(=O)NC4,CHEMBL4465866,8.1,8.1,False,Other,,,,7.85,7.85,0.25,7.85,7.85,0.25,2,0.25,False
CO[C@@]1(c2cc(C)cc(-c3cc(C)n4cnc(NC(N)=O)cc34)n2)CCOC1,CHEMBL5397906,8.7,8.7,False,JH2,,,,,,,,,,0,,True
CO[C@@]1(c2cc(C)cc(-n3cc(C4CC4)c4cnc(NC(C)=O)cc43)n2)CCOC1,CHEMBL5409126,9.22,9.22,False,JH2,,,,,,,,,,0,,True
CO[C@@]1(c2cc(C)cc(-n3cc(C4CCN(C)CC4)c4cnc(NC(N)=O)cc43)n2)CCOC1,CHEMBL5439751,8.68,8.68,False,JH2,,,,,,,,,,0,,True
CO[C@@]1(c2cc(C)cc(-n3nc(-c4cnn(C)c4)c4cnc(NC(N)=O)cc43)n2)CCOC1,CHEMBL5441067,8.7,8.7,False,JH2,,,,,,,,,,0,,True
CO[C@@]1(c2cccc(-c3cn(C)c4cnc(NC(C)=O)cc34)n2)CCOC1,CHEMBL5415406,7.52,7.52,False,JH2,,,,,,,,,,0,,True
CO[C@@]1(c2cccc(-c3cn(C)c4cnc(NC(N)=O)cc34)n2)CCOC1,CHEMBL5401070,8.3,8.3,False,JH2,,,,,,,,,,0,,True
CO[C@H](C)C1CCN(S(=O)(=O)C[C@H]2C[C@@H](N(C)c3ncnc4[nH]ccc34)C2)CC1,CHEMBL5901936,8.21,8.21,False,Other,10.29,10.29,-2.0799999999999983,8.56,8.56,-0.34999999999999964,8.0,8.0,0.21000000000000085,3,-2.0799999999999983,False
CO[C@H](C)c1ccc(Nc2cc(NC(=O)C3CC3)nc3[nH]c(C(F)F)nc23)c(S(C)(=O)=O)c1,CHEMBL5918649,9.12,,True,JH2,,,,,,,,,,0,,True
CO[C@H]1CCN(c2ccn(-c3cc(-c4c(F)cccc4C#N)nc4c3C(=O)NC4)n2)C[C@@H]1O,CHEMBL5945611,8.3,,True,Other,,,,7.26,,,,,,0,,False
CO[C@H]1CCN(c2ccn(-c3cc(-c4c(F)cccc4C#N)nc4c3C(=O)NC4)n2)C[C@@]1(C)O,CHEMBL5794881,10.3,,True,Other,,,,7.26,,,,,,0,,False
CO[C@H]1CC[C@@H]1NC(=O)c1cnn2c3c(c(Nc4cccn(C(C)C)c4=O)nc12)OCCN3,CHEMBL5967175,9.22,,True,JH2,,,,,,,,,,0,,True
CO[C@H]1CC[C@H](c2nnn3cnc4[nH]ccc4c23)CC1,CHEMBL3951060,6.7,6.7,False,Other,7.439999999999999,7.439999999999999,-0.7399999999999984,7.4,7.4,-0.7000000000000002,6.11,6.11,0.5899999999999999,3,-0.7399999999999984,False
CO[C@H]1CN(c2ccn(-c3cc(-c4c(F)cccc4C#N)nc4c3C(=O)NC4)n2)CC[C@@H]1O,CHEMBL5881144,8.3,,True,Other,,,,7.26,,,,,,0,,False
CO[C@H]1CN(c2ccn(-c3cc(-c4c(F)cccc4C#N)nc4c3C(=O)NC4)n2)CC[C@H]1O,CHEMBL5920654,8.3,,True,Other,,,,7.26,,,,,,0,,False
CO[C@H]1CN(c2ccn(-c3cc(-c4c(F)cccc4C#N)nc4c3C(=O)NC4)n2)CC[C@H]1OC,CHEMBL5995216,8.3,,True,Other,,,,7.26,,,,,,0,,False
CO[C@H]1CN(c2ccn(-c3cc(-c4c(F)cccc4C#N)nc4c3C(=O)NC4)n2)C[C@@]1(C)O,CHEMBL5966837,8.3,,True,Other,,,,8.3,,,,,,0,,False
CO[C@H]1CN(c2ccn(-c3cc(-c4c(F)cccc4C#N)nc4c3C(=O)NC4)n2)C[C@@]1(C)OC,CHEMBL6005044,8.3,,True,Other,,,,8.3,,,,,,0,,False
CO[C@H]1CN(c2ccn(-c3cc(-c4c(F)cccc4C#N)nc4c3C(=O)NC4)n2)C[C@H]1O,CHEMBL5892997,8.3,,True,Other,,,,7.78,,,,,,0,,False
CO[C@H]1C[C@@H](Oc2ncc(Cl)cc2Nc2cc(N)n3ncc(C(N)=O)c3n2)C1,CHEMBL5996749,8.26,,True,JH2,,,,,,,,,,0,,True
CO[C@H]1C[C@@](CC#N)(n2cc(-c3nc(-c4cc(C(N)=O)n[nH]4)cn4nccc34)cn2)C1,CHEMBL5786582,7.77,7.77,False,Other,5.65,5.65,2.119999999999999,6.47,6.47,1.2999999999999998,,,,2,1.2999999999999998,False
CO[C@H]1C[C@@](CC#N)(n2cc(-c3nc(-c4cc(CO)[nH]n4)cn4nccc34)cn2)C1,CHEMBL5815526,7.62,7.62,False,Other,6.13,6.13,1.4900000000000002,6.77,6.77,0.8500000000000005,,,,2,0.8500000000000005,False
CO[C@H]1C[C@@](CC#N)(n2cc(-c3nc(-c4cnn(C)c4)cn4nccc34)cn2)C1,CHEMBL4764176,7.8,7.8,False,Other,6.18,6.18,1.62,7.0,7.0,0.7999999999999998,5.0,5.0,2.8,3,0.7999999999999998,False
CO[C@H]1C[C@H](N2CC(S(=O)(=O)C[C@H]3C[C@@H](N(C)c4ncnc5[nH]ccc45)C3)C2)C1,CHEMBL5950866,5.09,5.09,False,Other,8.15,8.15,-3.0600000000000005,6.63,6.63,-1.54,5.0,5.0,0.08999999999999986,3,-3.0600000000000005,False
CO[C@H]1C[C@H](Oc2ncc(Cl)cc2Nc2cc(N)n3ncc(C(N)=O)c3n2)C1,CHEMBL5787538,8.26,,True,JH2,,,,,,,,,,0,,True
CO[C@H]1C[C@](CC#N)(n2cc(-c3nc(-c4cc(CO)[nH]n4)cn4nccc34)cn2)C1,CHEMBL5880001,7.57,7.57,False,Other,5.87,5.87,1.7000000000000002,6.6,6.6,0.9700000000000006,,,,2,0.9700000000000006,False
CO[C@H]1C[C@](CC#N)(n2cc(-c3nc(-c4cc(N)[nH]n4)cn4nccc34)cn2)C1,CHEMBL5938224,8.15,8.15,False,Other,6.76,6.76,1.3900000000000006,7.15,7.15,1.0,,,,2,1.0,False
CO[C@H]1C[C@](CC#N)(n2cc(-c3nc(-c4cc(N)n(C)n4)cn4nccc34)cn2)C1,CHEMBL5787292,7.6,7.6,False,Other,5.45,5.45,2.1499999999999995,6.37,6.37,1.2299999999999995,,,,2,1.2299999999999995,False
CO[C@H]1C[C@](CC#N)(n2cc(-c3nc(-c4cc(NC(C)=O)[nH]n4)cn4nccc34)cn2)C1,CHEMBL5890917,7.46,7.46,False,Other,5.72,5.72,1.7400000000000002,6.33,6.33,1.13,,,,2,1.13,False
CO[C@H]1C[C@](CC#N)(n2cc(-c3nc(-c4cn(C)nc4CO)cn4nccc34)cn2)C1,CHEMBL5812915,7.42,7.42,False,Other,,,,6.49,6.49,0.9299999999999997,,,,1,0.9299999999999997,False
CO[C@H]1C[C@](CC#N)(n2cc(-c3nc(-c4cnn(C)c4)cn4nccc34)cn2)C1,CHEMBL4758753,7.66,7.66,False,Other,5.83,5.83,1.83,6.64,6.64,1.0200000000000005,,,,2,1.0200000000000005,False
CO[C@]1(c2cccc(-c3cn(C)c4cnc(NC(C)=O)cc34)n2)CCOC1,CHEMBL5434751,7.22,7.22,False,JH2,,,,,,,,,,0,,True
COc1c(Br)cccc1Nc1cc(NC(=O)C2CC2)nc2[nH]n(C)c(=O)c12,CHEMBL5872163,8.26,,True,JH2,,,,,,,,,,0,,True
COc1c(Cl)cc2c([nH]c3cnccc32)c1NC(=O)c1cccnc1C,CHEMBL608154,6.3,6.3,False,JH2,,,,,,,,,,0,,True
COc1c(Cl)cccc1Nc1cc(NC(=O)C2CC2)nc2[nH]n(C)c(=O)c12,CHEMBL5891214,9.12,,True,JH2,,,,,,,,,,0,,True
COc1c(Cl)cccc1Nc1cc(Nc2cc(C)c(F)cn2)nc2[nH]n(C)c(=O)c12,CHEMBL5766629,8.26,,True,JH2,,,,,,,,,,0,,True
COc1c(Cl)cccc1Nc1cc(Nc2cc(C)nc(C)n2)nc2[nH]n(C)c(=O)c12,CHEMBL5874779,9.52,,True,JH2,,,,,,,,,,0,,True
COc1c(Cl)cccc1Nc1cc(Nc2cc(CO)ccn2)nc2[nH]n(C)c(=O)c12,CHEMBL5930326,8.26,,True,JH2,,,,,,,,,,0,,True
COc1c(Cl)cccc1Nc1cc(Nc2cc3n(n2)CCCC3)nc2[nH]n(C)c(=O)c12,CHEMBL5996619,8.26,,True,JH2,,,,,,,,,,0,,True
COc1c(Cl)cccc1Nc1cc(Nc2cc3n(n2)CCOC3)nc2[nH]n(C)c(=O)c12,CHEMBL5975688,9.52,,True,JH2,,,,,,,,,,0,,True
COc1c(Cl)cccc1Nc1cc(Nc2ccc(C#N)cn2)nc2[nH]n(C)c(=O)c12,CHEMBL5885153,9.12,,True,JH2,,,,,,,,,,0,,True
COc1c(Cl)cccc1Nc1cc(Nc2ccc(C(=O)N3CCCC3)c(C(F)(F)F)n2)nc2[nH]n(C)c(=O)c12,CHEMBL5785831,9.52,,True,JH2,,,,,,,,,,0,,True
COc1c(Cl)cccc1Nc1cc(Nc2ccc(C(=O)N3CCOCC3)c(C(F)(F)F)n2)nc2[nH]n(C)c(=O)c12,CHEMBL5929505,9.52,,True,JH2,,,,,,,,,,0,,True
COc1c(Cl)cccc1Nc1cc(Nc2ccc(C)c(C#N)n2)nc2[nH]n(C)c(=O)c12,CHEMBL6021966,9.52,,True,JH2,,,,,,,,,,0,,True
COc1c(Cl)cccc1Nc1cc(Nc2ccc(C)nn2)nc2[nH]n(C)c(=O)c12,CHEMBL5837088,8.26,,True,JH2,,,,,,,,,,0,,True
COc1c(Cl)cccc1Nc1cc(Nc2ccc(N3CCC3)c(C#N)n2)nc2[nH]n(C)c(=O)c12,CHEMBL6008964,9.52,,True,JH2,,,,,,,,,,0,,True
COc1c(Cl)cccc1Nc1cc(Nc2ccc(N3CCCC3=O)c(C#N)n2)nc2[nH]n(C)c(=O)c12,CHEMBL5758340,9.52,,True,JH2,,,,,,,,,,0,,True
COc1c(Cl)cccc1Nc1cc(Nc2ccc(N3CCOCC3)cn2)nc2[nH]n(C)c(=O)c12,CHEMBL5746525,8.26,,True,JH2,,,,,,,,,,0,,True
COc1c(Cl)cccc1Nc1cc(Nc2ccc(N3CC[C@H](OC)C3)c(C#N)n2)nc2[nH]n(C)c(=O)c12,CHEMBL5864227,9.52,,True,JH2,,,,,,,,,,0,,True
COc1c(Cl)cccc1Nc1cc(Nc2cccc(C#N)n2)nc2[nH]n(C)c(=O)c12,CHEMBL5784916,9.12,,True,JH2,,,,,,,,,,0,,True
COc1c(Cl)cccc1Nc1cc(Nc2ccn(C)n2)nc2[nH]n(C)c(=O)c12,CHEMBL5769524,8.26,,True,JH2,,,,,,,,,,0,,True
COc1c(Cl)cccc1Nc1cc(Nc2cnc(C(C)(C)OC)c(C#N)n2)nc2[nH]n(C)c(=O)c12,CHEMBL5753686,9.12,,True,JH2,,,,,,,,,,0,,True
COc1c(Cl)cccc1Nc1cc(Nc2cnc(C)c(C#N)n2)nc2[nH]n(C)c(=O)c12,CHEMBL5823859,8.26,,True,JH2,,,,,,,,,,0,,True
COc1c(F)cccc1Nc1cc(NC(=O)C2CC2)nc2[nH]n(C)c(=O)c12,CHEMBL5831685,9.12,,True,JH2,,,,,,,,,,0,,True
COc1c(F)cccc1Nc1cc(Nc2cc(C)c(F)cn2)nc2[nH]n(C)c(=O)c12,CHEMBL6065236,8.26,,True,JH2,,,,,,,,,,0,,True
COc1c(F)cccc1Nc1cc(Nc2cc(C)ccn2)nc2[nH]n(C)c(=O)c12,CHEMBL5791343,8.26,,True,JH2,,,,,,,,,,0,,True
COc1c(F)cccc1Nc1cc(Nc2cc(C)nc(C)n2)nc2[nH]n(C)c(=O)c12,CHEMBL5987701,9.52,,True,JH2,,,,,,,,,,0,,True
COc1c(F)cccc1Nc1cc(Nc2ccc(C#N)cn2)nc2[nH]n(C)c(=O)c12,CHEMBL5974876,8.26,,True,JH2,,,,,,,,,,0,,True
COc1c(F)cccc1Nc1cc(Nc2ccc(C)cn2)nc2[nH]n(C)c(=O)c12,CHEMBL5983040,8.26,,True,JH2,,,,,,,,,,0,,True
COc1c(F)cccc1Nc1cc(Nc2ccc(C)nn2)nc2[nH]n(C)c(=O)c12,CHEMBL5740481,9.52,,True,JH2,,,,,,,,,,0,,True
COc1c(F)cccc1Nc1cc(Nc2ccc(C3CC3)cn2)nc2[nH]n(C)c(=O)c12,CHEMBL5804179,8.26,,True,JH2,,,,,,,,,,0,,True
COc1c(F)cccc1Nc1cc(Nc2ccc(N3CCCCC3)cn2)nc2[nH]n(C)c(=O)c12,CHEMBL5959104,8.26,,True,JH2,,,,,,,,,,0,,True
COc1c(F)cccc1Nc1cc(Nc2ccc(N3CCOCC3)cn2)nc2[nH]n(C)c(=O)c12,CHEMBL5842471,8.26,,True,JH2,,,,,,,,,,0,,True
COc1c(F)cccc1Nc1cc(Nc2cccc(C#N)n2)nc2[nH]n(C)c(=O)c12,CHEMBL5835901,9.52,,True,JH2,,,,,,,,,,0,,True
COc1c(F)cccc1Nc1cc(Nc2cccc(C(F)(F)F)n2)nc2[nH]n(C)c(=O)c12,CHEMBL6002759,8.26,,True,JH2,,,,,,,,,,0,,True
COc1c(F)cccc1Nc1cc(Nc2cccc(C3CC3)n2)nc2[nH]n(C)c(=O)c12,CHEMBL5873889,8.26,,True,JH2,,,,,,,,,,0,,True
COc1c(F)cccc1Nc1cc(Nc2cccc(N3CC(OC)C3)n2)nc2[nH]n(C)c(=O)c12,CHEMBL5787969,8.26,,True,JH2,,,,,,,,,,0,,True
COc1c(F)cccc1Nc1cc(Nc2ccccn2)nc2[nH]n(C)c(=O)c12,CHEMBL5741220,8.26,,True,JH2,,,,,,,,,,0,,True
COc1c(F)cccc1Nc1cc(Nc2ccn(C)n2)nc2[nH]n(C)c(=O)c12,CHEMBL5839918,8.26,,True,JH2,,,,,,,,,,0,,True
COc1c(F)cccc1Nc1cc(Nc2cnc(C(C)(C)OC)c(C#N)n2)nc2[nH]n(C)c(=O)c12,CHEMBL5957441,9.12,,True,JH2,,,,,,,,,,0,,True
COc1c(F)cccc1Nc1cc(Nc2cncc(C#N)n2)nc2[nH]n(C)c(=O)c12,CHEMBL5989088,9.12,,True,JH2,,,,,,,,,,0,,True
COc1c(Nc2cc(NC(=O)C3CC3)nc3[nH]c(C(F)F)nc23)cccc1-c1c(C)nnn1C,CHEMBL5767466,8.26,,True,JH2,,,,,,,,,,0,,True
COc1c(Nc2cc(NC(=O)C3CC3)nc3[nH]c(C(F)F)nc23)cccc1-c1nc(C)cs1,CHEMBL5938140,8.26,,True,JH2,,,,,,,,,,0,,True
COc1c(Nc2cc(NC(=O)C3CC3)nc3[nH]c(C(F)F)nc23)cccc1-c1ncn(C)n1,CHEMBL5839325,9.52,,True,JH2,,,,,,,,,,0,,True
COc1c(Nc2cc(NC(=O)C3CC3)nc3[nH]c(C(F)F)nc23)cccc1-c1nnn(C)c1C,CHEMBL5927399,8.26,,True,JH2,,,,,,,,,,0,,True
COc1c(Nc2cc(NC(=O)C3CC3)nc3[nH]c(C(F)F)nc23)cccc1-c1nnn(C)n1,CHEMBL5949915,9.52,,True,JH2,,,,,,,,,,0,,True
COc1c(Nc2cc(NC(=O)C3CC3)nc3[nH]c(C(F)F)nc23)cccc1C(=O)O,CHEMBL5797715,8.26,,True,JH2,,,,,,,,,,0,,True
COc1c(Nc2cc(NC(=O)C3CC3)nc3[nH]c(C)nc23)cccc1-c1c(C)nnn1C,CHEMBL5825645,8.26,,True,JH2,,,,,,,,,,0,,True
COc1c(Nc2cc(NC(=O)C3CC3)nc3[nH]c(C)nc23)cccc1-c1cnn(C)c1,CHEMBL5767313,8.26,,True,JH2,,,,,,,,,,0,,True
COc1c(Nc2cc(NC(=O)C3CC3)nc3[nH]c(C)nc23)cccc1-c1nc(C)cs1,CHEMBL5884466,8.26,,True,JH2,,,,,,,,,,0,,True
COc1c(Nc2cc(NC(=O)C3CC3)nc3[nH]c(C)nc23)cccc1-c1nc(C)nn1C,CHEMBL5965991,8.26,,True,JH2,,,,,,,,,,0,,True
COc1c(Nc2cc(NC(=O)C3CC3)nc3[nH]c(C)nc23)cccc1-c1nn(C)nc1C,CHEMBL5781366,8.26,,True,JH2,,,,,,,,,,0,,True
COc1c(Nc2cc(NC(=O)C3CC3)nc3[nH]c(C)nc23)cccc1-c1nnn(C)n1,CHEMBL5832080,9.12,,True,JH2,,,,,,,,,,0,,True
COc1c(Nc2cc(NC(=O)C3CC3)nc3[nH]c(C)nc23)cccc1-n1cnc(C)n1,CHEMBL5892845,8.26,,True,JH2,,,,,,,,,,0,,True
COc1c(Nc2cc(NC(=O)C3CC3)nc3[nH]c(CO)nc23)cccc1-c1ncn(C)n1,CHEMBL5885405,8.26,,True,JH2,,,,,,,,,,0,,True
COc1c(Nc2cc(NC(=O)C3CC3)nc3[nH]cnc23)cccc1-c1ncn(C)n1,CHEMBL5815004,9.52,,True,JH2,,,,,,,,,,0,,True
COc1c(Nc2cc(NC(=O)C3CC3)nc3[nH]n(C)c(=O)c23)ccc(C(=O)N2CCCC2)c1F,CHEMBL5973056,8.26,,True,JH2,,,,,,,,,,0,,True
COc1c(Nc2cc(NC(=O)C3CC3)nc3[nH]n(C)c(=O)c23)cccc1-c1cnn(C)c1,CHEMBL5775575,9.12,,True,JH2,,,,,,,,,,0,,True
COc1c(Nc2cc(NC(=O)C3CC3)nc3[nH]n(C)c(=O)c23)cccc1-c1nc(C)n(C)n1,CHEMBL6009957,9.52,,True,JH2,,,,,,,,,,0,,True
COc1c(Nc2cc(NC(=O)C3CC3)nc3[nH]n(C)c(=O)c23)cccc1-c1nc(C)nn1C,CHEMBL5955277,9.12,,True,JH2,,,,,,,,,,0,,True
COc1c(Nc2cc(NC(=O)C3CC3)nc3[nH]n(C)c(=O)c23)cccc1-c1ncn(C)n1,CHEMBL6062086,9.52,,True,JH2,,,,,,,,,,0,,True
COc1c(Nc2cc(NC(=O)C3CC3)nc3[nH]n(C)c(=O)c23)cccc1-c1ncnn1C,CHEMBL6008912,9.12,,True,JH2,,,,,,,,,,0,,True
COc1c(Nc2cc(NC(=O)C3CC3)nc3[nH]n(C)c(=O)c23)cccc1-c1nnnn1C,CHEMBL5899307,8.26,,True,JH2,,,,,,,,,,0,,True
COc1c(Nc2cc(NC(=O)C3CC3)nc3[nH]n(C)c(=O)c23)cccc1-c1noc(C)n1,CHEMBL5954292,9.52,,True,JH2,,,,,,,,,,0,,True
COc1c(Nc2cc(NC(=O)C3CC3)nc3[nH]n(C)c(=O)c23)cccc1-n1cccn1,CHEMBL6008589,9.12,,True,JH2,,,,,,,,,,0,,True
COc1c(Nc2cc(NC(=O)C3CC3)nc3[nH]n(C)c(=O)c23)cccc1C(=O)O,CHEMBL5791738,8.26,,True,JH2,,,,,,,,,,0,,True
COc1c(Nc2cc(NC(=O)C3CC3)nc3[nH]n(C)c(=O)c23)cccc1N1CCCC1=O,CHEMBL5868554,8.26,,True,JH2,,,,,,,,,,0,,True
COc1c(Nc2cc(NC(=O)C3CC3)nc3c2C(=O)NC3)cccc1-c1ncn(C)n1,CHEMBL5893365,8.12,,True,JH2,,,,,,,,,,0,,True
COc1c(Nc2cc(NC(=O)C3CC3)nc3c2C2=NC(=O)CN2C3)cccc1-c1ncn(C)n1,CHEMBL5891419,8.52,,True,JH2,,,,,,,,,,0,,True
COc1c(Nc2cc(NC(=O)C3CC3)nc3cn(C)nc23)cccc1-c1ncn(C)n1,CHEMBL6027742,8.52,,True,JH2,,,,,,,,,,0,,True
COc1c(Nc2cc(NC(=O)C3CC3)nc3ncn(C)c(=O)c23)cccc1-c1ncn(C)n1,CHEMBL5884608,8.12,,True,JH2,,,,,,,,,,0,,True
COc1c(Nc2cc(NC(=O)C3CC3)ncc2-c2cccnn2)cccc1-c1ncn(C)n1,CHEMBL5863535,8.19,,True,JH2,,,,,,,,,,0,,True
COc1c(Nc2cc(NC(=O)C3CC3)ncc2-c2ccon2)cccc1-c1nnn(C)n1,CHEMBL5821097,8.26,,True,JH2,,,,,,,,,,0,,True
COc1c(Nc2cc(NC(=O)C3CC3)ncc2-c2ncc(CO)s2)cccc1-c1ncn(C)n1,CHEMBL5817144,8.19,,True,JH2,,,,,,,,,,0,,True
COc1c(Nc2cc(NC(=O)C3CC3)ncc2-c2ncc(Cl)s2)cccc1-c1nnn(C)n1,CHEMBL5812542,8.89,,True,JH2,,,,,,,,,,0,,True
COc1c(Nc2cc(NC(=O)C3CC3)ncc2-c2ncc(F)s2)cccc1-c1nnn(C)n1,CHEMBL5816696,8.19,,True,JH2,,,,,,,,,,0,,True
COc1c(Nc2cc(NC(=O)C3CC3)ncc2-c2nnc(C(F)(F)F)o2)cccc1-c1ncn(C)n1,CHEMBL5765941,8.26,,True,JH2,,,,,,,,,,0,,True
COc1c(Nc2cc(NC(=O)C3CC3)ncc2-c2nnc(C)s2)cccc1-c1ncn(C)n1,CHEMBL5786101,8.89,,True,JH2,,,,,,,,,,0,,True
COc1c(Nc2cc(NC(=O)C3CC3)ncc2-c2nnc(CO)o2)cccc1-c1ncn(C)n1,CHEMBL6048759,8.89,,True,JH2,,,,,,,,,,0,,True
COc1c(Nc2cc(NC(=O)C3CC3)ncc2-c2noc(CO)n2)cccc1-c1ncn(C)n1,CHEMBL5798784,8.26,,True,JH2,,,,,,,,,,0,,True
COc1c(Nc2cc(NC(=O)C3CC3)ncc2-n2cc(CO)cn2)cccc1-c1ncn(C)n1,CHEMBL5807746,8.26,,True,JH2,,,,,,,,,,0,,True
COc1c(Nc2cc(NC(=O)C3CC3)nnc2C(=O)C(F)F)cccc1-c1ncn(C)n1,CHEMBL5863894,8.52,,True,JH2,,,,,,,,,,0,,True
COc1c(Nc2cc(NC(=O)C3CC3)nnc2C(C)=O)cccc1-c1ncn(C)n1,CHEMBL5892475,8.52,,True,JH2,,,,,,,,,,0,,True
COc1c(Nc2cc(NC(=O)C3C[C@@H]3F)nc3[nH]c(C(F)F)nc23)cccc1-c1ncn(C)n1,CHEMBL5940282,8.26,,True,JH2,,,,,,,,,,0,,True
COc1c(Nc2cc(NC(=O)C3C[C@@H]3F)nc3[nH]c(C)nc23)cccc1-c1ncn(C)n1,CHEMBL6023402,8.69,,True,JH2,,,,,,,,,,0,,True
COc1c(Nc2cc(NC(=O)[C@@H]3C[C@@H]3F)nc3[nH]c(C(F)F)nc23)cccc1-c1ncn(C)n1,CHEMBL5986175,9.32,,True,JH2,,,,,,,,,,0,,True
COc1c(Nc2cc(NC(=O)[C@@H]3C[C@@H]3F)nc3[nH]c(C)nc23)cccc1-c1ncn(C)n1,CHEMBL5965076,9.12,,True,JH2,,,,,,,,,,0,,True
COc1c(Nc2cc(NC(=O)[C@H]3C[C@H]3F)nc3[nH]c(C(F)F)nc23)cccc1-c1ncn(C)n1,CHEMBL5930571,9.52,,True,JH2,,,,,,,,,,0,,True
COc1c(Nc2cc(NC(=O)[C@H]3C[C@H]3F)nc3[nH]c(C)nc23)cccc1-c1ncn(C)n1,CHEMBL5851881,8.26,,True,JH2,,,,,,,,,,0,,True
COc1c(Nc2cc(Nc3cc(C#N)ncn3)nc3[nH]n(C)c(=O)c23)cccc1-c1nnn(C)n1,CHEMBL5821530,9.52,,True,JH2,,,,,,,,,,0,,True
COc1c(Nc2cc(Nc3cc(C(F)(F)F)n(C)n3)nc3[nH]c(C(F)F)nc23)cccc1-c1ncn(C)n1,CHEMBL5924036,8.26,,True,JH2,,,,,,,,,,0,,True
COc1c(Nc2cc(Nc3cc(C)c(F)cn3)nc3[nH]cnc23)cccc1-c1ncn(C)n1,CHEMBL5906301,9.12,,True,JH2,,,,,,,,,,0,,True
COc1c(Nc2cc(Nc3cc(C)c(F)cn3)nc3[nH]n(C)c(=O)c23)cccc1-c1ccn(C)n1,CHEMBL5922721,8.26,,True,JH2,,,,,,,,,,0,,True
COc1c(Nc2cc(Nc3cc(C)c(F)cn3)nc3[nH]n(C)c(=O)c23)cccc1-c1cnc[nH]1,CHEMBL5969276,9.52,,True,JH2,,,,,,,,,,0,,True
COc1c(Nc2cc(Nc3cc(C)c(F)cn3)nc3[nH]n(C)c(=O)c23)cccc1-c1ncn(C)n1,CHEMBL5952829,9.52,,True,JH2,,,,,,,,,,0,,True
COc1c(Nc2cc(Nc3cc(C)c(F)cn3)nc3[nH]n(C)c(=O)c23)cccc1C(N)=O,CHEMBL5931577,8.26,,True,JH2,,,,,,,,,,0,,True
COc1c(Nc2cc(Nc3cc(C)cc(C#N)n3)nc3[nH]c(C(F)F)nc23)cccc1-c1ccn(C)n1,CHEMBL5795886,9.12,,True,JH2,,,,,,,,,,0,,True
COc1c(Nc2cc(Nc3cc(C)cc(C#N)n3)nc3[nH]c(C(F)F)nc23)cccc1-c1nnn(C)n1,CHEMBL5977113,9.12,,True,JH2,,,,,,,,,,0,,True
COc1c(Nc2cc(Nc3cc(C)ccn3)nc3[nH]n(C)c(=O)c23)cccc1-c1ncn(C)n1,CHEMBL6017103,9.52,,True,JH2,,,,,,,,,,0,,True
COc1c(Nc2cc(Nc3cc(C)nc(C)n3)nc3[nH]cnc23)cccc1-c1ncn(C)n1,CHEMBL5860137,9.52,,True,JH2,,,,,,,,,,0,,True
COc1c(Nc2cc(Nc3cc(C)nc(C)n3)nc3[nH]n(C)c(=O)c23)cccc1-c1ccn(C)n1,CHEMBL5934256,9.52,,True,JH2,,,,,,,,,,0,,True
COc1c(Nc2cc(Nc3cc(C)nc(C)n3)nc3[nH]n(C)c(=O)c23)cccc1-c1ncn(C)n1,CHEMBL5914075,9.12,,True,JH2,,,,,,,,,,0,,True
COc1c(Nc2cc(Nc3cc(C)nc(C)n3)ncc2-c2nnc(CO)o2)cccc1-c1ncn(C)n1,CHEMBL6004958,9.22,,True,JH2,,,,,,,,,,0,,True
COc1c(Nc2cc(Nc3cc(CO)ccn3)nc3[nH]cnc23)cccc1-c1ncn(C)n1,CHEMBL5788602,9.12,,True,JH2,,,,,,,,,,0,,True
COc1c(Nc2cc(Nc3cc(CO)ccn3)nc3[nH]n(C)c(=O)c23)cccc1-c1ncn(C)n1,CHEMBL5990764,8.26,,True,JH2,,,,,,,,,,0,,True
COc1c(Nc2cc(Nc3cc4c(nn3)CCC4)nc3[nH]c(C(F)F)nc23)cccc1-c1cnn(C)n1,CHEMBL5849197,9.52,,True,JH2,,,,,,,,,,0,,True
COc1c(Nc2cc(Nc3cc4c(nn3)CCC4)nc3[nH]c(C(F)F)nc23)cccc1-c1ncnn1C,CHEMBL5909740,9.12,,True,JH2,,,,,,,,,,0,,True
COc1c(Nc2cc(Nc3ccc(C#N)cn3)nc3[nH]n(C)c(=O)c23)cccc1-c1ncn(C)n1,CHEMBL5798437,9.52,,True,JH2,,,,,,,,,,0,,True
COc1c(Nc2cc(Nc3ccc(C(=O)N4CCCC4)c(C(F)(F)F)n3)nc3[nH]c(C(F)F)nc23)cccc1-c1nnn(C)n1,CHEMBL5786135,9.52,,True,JH2,,,,,,,,,,0,,True
COc1c(Nc2cc(Nc3ccc(C(=O)N4CCCC4)c(C(F)(F)F)n3)nc3[nH]c(C)nc23)cccc1-c1nnn(C)n1,CHEMBL5896295,9.52,,True,JH2,,,,,,,,,,0,,True
COc1c(Nc2cc(Nc3ccc(C(C)C)c(C#N)n3)nc3[nH]c(C(F)F)nc23)cccc1-c1nnn(C)n1,CHEMBL5862298,8.26,,True,JH2,,,,,,,,,,0,,True
COc1c(Nc2cc(Nc3ccc(C(C)C)c(C#N)n3)nc3[nH]c(C)nc23)cccc1-c1nnn(C)n1,CHEMBL5945240,8.26,,True,JH2,,,,,,,,,,0,,True
COc1c(Nc2cc(Nc3ccc(C)cn3)nc3[nH]c(C)nc23)cccc1-c1nnn(C)n1,CHEMBL5913713,8.26,,True,JH2,,,,,,,,,,0,,True
COc1c(Nc2cc(Nc3ccc(C)cn3)nc3[nH]n(C)c(=O)c23)cccc1-c1ncn(C)n1,CHEMBL5872014,9.52,,True,JH2,,,,,,,,,,0,,True
COc1c(Nc2cc(Nc3ccc(C)cn3)nc3[nH]n(C)c(=O)c23)cccc1-c1nnn(C)n1,CHEMBL5761167,9.52,,True,JH2,,,,,,,,,,0,,True
COc1c(Nc2cc(Nc3ccc(C)nn3)nc3[nH]c(C(F)F)nc23)cccc1-c1ccn(C)n1,CHEMBL5741635,9.52,,True,JH2,,,,,,,,,,0,,True
COc1c(Nc2cc(Nc3ccc(C)nn3)nc3[nH]c(C)nc23)cccc1-c1nnn(C)n1,CHEMBL6062030,9.52,,True,JH2,,,,,,,,,,0,,True
COc1c(Nc2cc(Nc3ccc(C)nn3)nc3[nH]cnc23)cccc1-c1ncn(C)n1,CHEMBL6033027,9.52,,True,JH2,,,,,,,,,,0,,True
COc1c(Nc2cc(Nc3ccc(C)nn3)nc3[nH]n(C)c(=O)c23)cccc1-c1ccn(C)n1,CHEMBL6042631,9.12,,True,JH2,,,,,,,,,,0,,True
COc1c(Nc2cc(Nc3ccc(C)nn3)ncc2-c2ncc(Cl)s2)cccc1-c1nnn(C)n1,CHEMBL5822259,9.22,,True,JH2,,,,,,,,,,0,,True
COc1c(Nc2cc(Nc3ccc(C)nn3)ncc2-c2nnc(CO)o2)cccc1-c1ncn(C)n1,CHEMBL5935923,9.22,,True,JH2,,,,,,,,,,0,,True
COc1c(Nc2cc(Nc3ccc(C4CC4)cn3)nc3[nH]n(C)c(=O)c23)cccc1-c1nnn(C)n1,CHEMBL5848284,9.52,,True,JH2,,,,,,,,,,0,,True
COc1c(Nc2cc(Nc3ccc(N4CC(O)C4)cn3)nc3[nH]c(C(F)F)nc23)cccc1-c1nnn(C)n1,CHEMBL6019553,8.26,,True,JH2,,,,,,,,,,0,,True
COc1c(Nc2cc(Nc3ccc(N4CCC4)c(C#N)c3)nc3[nH]c(C)nc23)cccc1-c1nnn(C)n1,CHEMBL5822405,9.52,,True,JH2,,,,,,,,,,0,,True
COc1c(Nc2cc(Nc3ccc(N4CCC4)c(C#N)n3)nc3[nH]c(C(F)F)nc23)cccc1-c1nnn(C)n1,CHEMBL5895963,9.52,,True,JH2,,,,,,,,,,0,,True
COc1c(Nc2cc(Nc3ccc(N4CCC4)cn3)nc3[nH]c(C(F)F)nc23)cccc1-c1ccn(C)n1,CHEMBL5810472,8.26,,True,JH2,,,,,,,,,,0,,True
COc1c(Nc2cc(Nc3ccc(N4CCC4)cn3)nc3[nH]c(C(F)F)nc23)cccc1-c1nnn(C)n1,CHEMBL6010927,8.26,,True,JH2,,,,,,,,,,0,,True
COc1c(Nc2cc(Nc3ccc(N4CCCC4=O)c(C#N)n3)nc3[nH]c(C(F)F)nc23)cccc1-c1nnn(C)n1,CHEMBL5963859,9.52,,True,JH2,,,,,,,,,,0,,True
COc1c(Nc2cc(Nc3ccc(N4CCCC4=O)c(C#N)n3)nc3[nH]c(C)nc23)cccc1-c1nnn(C)n1,CHEMBL6047480,9.52,,True,JH2,,,,,,,,,,0,,True
COc1c(Nc2cc(Nc3ccc(N4CCCCC4)cn3)nc3[nH]cnc23)cccc1-c1ncn(C)n1,CHEMBL6017588,9.12,,True,JH2,,,,,,,,,,0,,True
COc1c(Nc2cc(Nc3ccc(N4CCCCC4)cn3)nc3[nH]n(C)c(=O)c23)cccc1-c1ccn(C)n1,CHEMBL6009120,8.26,,True,JH2,,,,,,,,,,0,,True
COc1c(Nc2cc(Nc3ccc(N4CCCCC4)cn3)nc3[nH]n(C)c(=O)c23)cccc1-c1ncn(C)n1,CHEMBL5890594,9.52,,True,JH2,,,,,,,,,,0,,True
COc1c(Nc2cc(Nc3ccc(N4CCOCC4)cn3)nc3[nH]cnc23)cccc1-c1ncn(C)n1,CHEMBL6022110,9.52,,True,JH2,,,,,,,,,,0,,True
COc1c(Nc2cc(Nc3ccc(N4CCOCC4)cn3)nc3[nH]n(C)c(=O)c23)cccc1-c1ncn(C)n1,CHEMBL5887432,9.52,,True,JH2,,,,,,,,,,0,,True
COc1c(Nc2cc(Nc3ccc(N4CCOCC4)cn3)nc3[nH]n(C)c(=O)c23)cccc1-c1nnn(C)n1,CHEMBL5761472,8.26,,True,JH2,,,,,,,,,,0,,True
COc1c(Nc2cc(Nc3ccc(N4CC[C@H](OC)C4)c(C#N)n3)nc3[nH]c(C(F)F)nc23)cccc1-c1nnn(C)n1,CHEMBL5972503,9.52,,True,JH2,,,,,,,,,,0,,True
COc1c(Nc2cc(Nc3ccc(N4CC[C@H](OC)C4)c(C#N)n3)nc3[nH]c(C)nc23)cccc1-c1nnn(C)n1,CHEMBL5912113,9.52,,True,JH2,,,,,,,,,,0,,True
COc1c(Nc2cc(Nc3ccc(NCCCCl)c(C#N)n3)nc3[nH]c(C(F)F)nc23)cccc1-c1nnn(C)n1,CHEMBL5879859,9.12,,True,JH2,,,,,,,,,,0,,True
COc1c(Nc2cc(Nc3ccc(NCCCCl)c(C#N)n3)nc3[nH]c(C)nc23)cccc1-c1nnn(C)n1,CHEMBL5960569,9.12,,True,JH2,,,,,,,,,,0,,True
COc1c(Nc2cc(Nc3ccc4c(n3)C(F)(F)CC4)nc3[nH]c(C)nc23)cccc1-c1cnn(C)n1,CHEMBL5885443,9.12,,True,JH2,,,,,,,,,,0,,True
COc1c(Nc2cc(Nc3ccc4c(n3)C(F)(F)CC4)nc3[nH]c(C)nc23)cccc1-c1ncnn1C,CHEMBL6046206,9.12,,True,JH2,,,,,,,,,,0,,True
COc1c(Nc2cc(Nc3ccc4c(n3)CCOC4)nc3[nH]c(C(F)F)nc23)cccc1-c1cnn(C)n1,CHEMBL5898742,9.12,,True,JH2,,,,,,,,,,0,,True
COc1c(Nc2cc(Nc3ccc4c(n3)CCOC4)nc3[nH]c(C(F)F)nc23)cccc1-c1ncnn1C,CHEMBL5787232,8.26,,True,JH2,,,,,,,,,,0,,True
COc1c(Nc2cc(Nc3cccc(C#N)n3)nc3[nH]c(C(F)F)nc23)cccc1-c1ccn(C)n1,CHEMBL6052857,9.52,,True,JH2,,,,,,,,,,0,,True
COc1c(Nc2cc(Nc3cccc(C#N)n3)nc3[nH]c(C(F)F)nc23)cccc1-c1cnn(C)n1,CHEMBL5900371,9.52,,True,JH2,,,,,,,,,,0,,True
COc1c(Nc2cc(Nc3cccc(C#N)n3)nc3[nH]c(C(F)F)nc23)cccc1-c1nc(C)cs1,CHEMBL6065960,8.26,,True,JH2,,,,,,,,,,0,,True
COc1c(Nc2cc(Nc3cccc(C#N)n3)nc3[nH]c(C(F)F)nc23)cccc1-c1nc(C)nn1C,CHEMBL5785777,9.12,,True,JH2,,,,,,,,,,0,,True
COc1c(Nc2cc(Nc3cccc(C#N)n3)nc3[nH]c(C(F)F)nc23)cccc1-c1nccs1,CHEMBL5792388,8.26,,True,JH2,,,,,,,,,,0,,True
COc1c(Nc2cc(Nc3cccc(C#N)n3)nc3[nH]c(C(F)F)nc23)cccc1-c1ncnn1C,CHEMBL6054019,9.12,,True,JH2,,,,,,,,,,0,,True
COc1c(Nc2cc(Nc3cccc(C#N)n3)nc3[nH]c(C(F)F)nc23)cccc1-c1nnn(C)n1,CHEMBL5779209,9.52,,True,JH2,,,,,,,,,,0,,True
COc1c(Nc2cc(Nc3cccc(C#N)n3)nc3[nH]c(C(F)F)nc23)cccc1-c1noc(C)n1,CHEMBL6031533,9.12,,True,JH2,,,,,,,,,,0,,True
COc1c(Nc2cc(Nc3cccc(C#N)n3)nc3[nH]c(C)nc23)cccc1-c1cnn(C)n1,CHEMBL5758654,9.52,,True,JH2,,,,,,,,,,0,,True
COc1c(Nc2cc(Nc3cccc(C#N)n3)nc3[nH]c(C)nc23)cccc1-c1nc(C)cs1,CHEMBL6006396,8.26,,True,JH2,,,,,,,,,,0,,True
COc1c(Nc2cc(Nc3cccc(C#N)n3)nc3[nH]c(C)nc23)cccc1-c1nc(C)nn1C,CHEMBL5936525,9.12,,True,JH2,,,,,,,,,,0,,True
COc1c(Nc2cc(Nc3cccc(C#N)n3)nc3[nH]c(C)nc23)cccc1-c1nccs1,CHEMBL5748200,8.26,,True,JH2,,,,,,,,,,0,,True
COc1c(Nc2cc(Nc3cccc(C#N)n3)nc3[nH]c(C)nc23)cccc1-c1ncnn1C,CHEMBL5751037,9.12,,True,JH2,,,,,,,,,,0,,True
COc1c(Nc2cc(Nc3cccc(C#N)n3)nc3[nH]n(C)c(=O)c23)cccc1-c1ccn(C)n1,CHEMBL5828773,9.52,,True,JH2,,,,,,,,,,0,,True
COc1c(Nc2cc(Nc3cccc(C#N)n3)nc3[nH]n(C)c(=O)c23)cccc1-c1nnn(C)n1,CHEMBL6019625,8.26,,True,JH2,,,,,,,,,,0,,True
COc1c(Nc2cc(Nc3cccc(C#N)n3)ncc2-c2ncc(Cl)s2)cccc1-c1nnn(C)n1,CHEMBL5868724,8.89,,True,JH2,,,,,,,,,,0,,True
COc1c(Nc2cc(Nc3cccc(C#N)n3)ncc2-c2nnc(CO)o2)cccc1-c1ncn(C)n1,CHEMBL5763816,9.22,,True,JH2,,,,,,,,,,0,,True
COc1c(Nc2cc(Nc3cccc(C(F)(F)F)n3)nc3[nH]c(C)nc23)cccc1-c1cnn(C)n1,CHEMBL5946136,8.26,,True,JH2,,,,,,,,,,0,,True
COc1c(Nc2cc(Nc3cccc(C(F)(F)F)n3)nc3[nH]c(C)nc23)cccc1-c1ncnn1C,CHEMBL5811032,8.26,,True,JH2,,,,,,,,,,0,,True
COc1c(Nc2cc(Nc3cccc(C(F)(F)F)n3)nc3[nH]n(C)c(=O)c23)cccc1-c1nnn(C)n1,CHEMBL5899843,9.52,,True,JH2,,,,,,,,,,0,,True
COc1c(Nc2cc(Nc3cccc(C4CC4)n3)nc3[nH]n(C)c(=O)c23)cccc1-c1nnn(C)n1,CHEMBL5947077,9.52,,True,JH2,,,,,,,,,,0,,True
COc1c(Nc2cc(Nc3cccc(N4CC(OC)C4)n3)nc3[nH]n(C)c(=O)c23)cccc1-c1nnn(C)n1,CHEMBL6038202,9.52,,True,JH2,,,,,,,,,,0,,True
COc1c(Nc2cc(Nc3ccccn3)nc3[nH]n(C)c(=O)c23)cccc1-c1nnn(C)n1,CHEMBL5926088,9.52,,True,JH2,,,,,,,,,,0,,True
COc1c(Nc2cc(Nc3ccn(C)n3)nc3[nH]cnc23)cccc1-c1ncn(C)n1,CHEMBL5946461,8.26,,True,JH2,,,,,,,,,,0,,True
COc1c(Nc2cc(Nc3cnc(C(C)(C)OC)c(C#N)n3)nc3[nH]c(C(F)F)nc23)cccc1-c1nnn(C)n1,CHEMBL6033683,8.26,,True,JH2,,,,,,,,,,0,,True
COc1c(Nc2cc(Nc3cnc(C(C)(C)OC)c(C#N)n3)nc3[nH]c(C)nc23)cccc1-c1nnn(C)n1,CHEMBL5850763,9.12,,True,JH2,,,,,,,,,,0,,True
COc1c(Nc2cc(Nc3cnc(C(C)(C)OC)c(C)n3)nc3[nH]c(C(F)F)nc23)cccc1-c1nnn(C)n1,CHEMBL5835897,8.26,,True,JH2,,,,,,,,,,0,,True
COc1c(Nc2cc(Nc3cnc(C(C)(C)OC)c(C)n3)nc3[nH]c(C)nc23)cccc1-c1nnn(C)n1,CHEMBL5971848,8.26,,True,JH2,,,,,,,,,,0,,True
COc1c(Nc2cc(Nc3cnc(C)c(C#N)n3)nc3[nH]c(C(F)F)nc23)cccc1-c1nnn(C)n1,CHEMBL6037633,8.26,,True,JH2,,,,,,,,,,0,,True
COc1c(Nc2cc(Nc3cnc(C)c(C#N)n3)nc3[nH]c(C)nc23)cccc1-c1nnn(C)n1,CHEMBL5932435,8.26,,True,JH2,,,,,,,,,,0,,True
COc1c(Nc2cc(Nc3cnc(C)c(C)n3)nc3[nH]c(C(F)F)nc23)cccc1-c1ccn(C)n1,CHEMBL5777215,8.26,,True,JH2,,,,,,,,,,0,,True
COc1c(Nc2cc(Nc3cnc(C)c(C)n3)nc3[nH]c(C(F)F)nc23)cccc1-c1nnn(C)n1,CHEMBL5921923,9.12,,True,JH2,,,,,,,,,,0,,True
COc1c(Nc2cc(Nc3cnc(N4CCOCC4)c(C#N)n3)nc3[nH]c(C(F)F)nc23)cccc1-c1nnn(C)n1,CHEMBL6064989,8.26,,True,JH2,,,,,,,,,,0,,True
COc1c(Nc2cc(Nc3cnc(N4CCOCC4)c(C#N)n3)nc3[nH]c(C)nc23)cccc1-c1nnn(C)n1,CHEMBL5948418,8.26,,True,JH2,,,,,,,,,,0,,True
COc1c(Nc2cc(Nc3cnc(N4CC[C@@H](OC)C4)c(C#N)n3)nc3[nH]c(C(F)F)nc23)cccc1-c1nnn(C)n1,CHEMBL5868818,8.26,,True,JH2,,,,,,,,,,0,,True
COc1c(Nc2cc(Nc3cnc(N4CC[C@@H](OC)C4)c(C#N)n3)nc3[nH]c(C)nc23)cccc1-c1nnn(C)n1,CHEMBL5957960,8.26,,True,JH2,,,,,,,,,,0,,True
COc1c(Nc2cc(Nc3cncc(C#N)n3)nc3[nH]c(C(F)F)nc23)cccc1-c1ccn(C)n1,CHEMBL6030574,8.26,,True,JH2,,,,,,,,,,0,,True
COc1c(Nc2cc(Nc3cncc(C#N)n3)nc3[nH]c(C(F)F)nc23)cccc1-c1nnn(C)n1,CHEMBL6052727,8.26,,True,JH2,,,,,,,,,,0,,True
COc1cc(-c2cc(C)n(C)n2)ccc1Nc1cc(NC(=O)C2CC2)nc2[nH]c(C(F)F)nc12,CHEMBL5796579,8.26,,True,JH2,,,,,,,,,,0,,True
COc1cc(-c2cc(C)n(C)n2)ccc1Nc1cc(NC(=O)C2CC2)nc2[nH]c(C)nc12,CHEMBL6004833,8.26,,True,JH2,,,,,,,,,,0,,True
COc1cc(-c2cc3c(N4CC5CCC(C4)N5[C@H]4C[C@H](C#N)C4)ccnc3[nH]2)ccn1,CHEMBL6163850,8.67,8.67,False,JH1,,,,,,,,,,0,,False
COc1cc(-c2cc3c(N[C@@H]4CC[C@](C)(N)C4(C)C)c(C(N)=O)cnn3c2)ccn1,CHEMBL4069127,7.44,7.44,False,Other,8.64,8.64,-1.2000000000000002,7.44,7.44,0.0,8.55,8.55,-1.1100000000000003,3,-1.2000000000000002,False
COc1cc(-c2cc3ncccc3c(-c3ccn(C4(CC#N)CN(S(C)(=O)=O)C4)n3)n2)ccn1,CHEMBL5908962,7.08,7.08,False,Other,5.08,5.08,2.0,6.14,6.14,0.9400000000000004,,,,2,0.9400000000000004,False
COc1cc(-c2ccc(O)cc2)cc2cnc(N)nc12,CHEMBL5088804,6.1,6.1,False,Other,7.5,7.5,-1.4000000000000004,7.5,7.5,-1.4000000000000004,7.4,7.4,-1.3000000000000007,3,-1.4000000000000004,False
COc1cc(-c2ccc(O)cc2)cc2cnc(Nc3cnn(C)c3)nc12,CHEMBL5084861,8.5,8.5,False,Other,9.3,9.3,-0.8000000000000007,,,,9.5,9.5,-1.0,2,-1.0,False
COc1cc(-c2cnc3cccc(-c4ccc(C(=O)N5CCOCC5)c(C)c4)c3n2)cc(OC)c1OC,CHEMBL1088856,5.85,5.85,False,Other,6.34,6.34,-0.4900000000000002,7.7,7.7,-1.8500000000000005,5.82,5.82,0.02999999999999936,3,-1.8500000000000005,False
COc1cc(-c2cnc3cccc(-c4ccc(C(=O)N5CCOCC5)cc4)c3n2)cc(OC)c1OC,CHEMBL1091565,5.54,5.54,False,Other,6.41,6.41,-0.8700000000000001,7.14,7.14,-1.5999999999999996,5.6,5.6,-0.05999999999999961,3,-1.5999999999999996,False
COc1cc(-c2cnc3cccc(-c4ccc(CC(=O)N5CCOCC5)cc4)c3n2)cc(OC)c1OC,CHEMBL1093191,6.19,6.19,False,Other,7.04,7.04,-0.8499999999999996,7.89,7.89,-1.6999999999999993,5.89,5.89,0.3000000000000007,3,-1.6999999999999993,False
COc1cc(-c2cnc3cccc(-c4ccc(CC(=O)N5CCS(=O)(=O)CC5)cc4)c3n2)cc(OC)c1OC,CHEMBL1093468,6.47,6.47,False,Other,7.46,7.46,-0.9900000000000002,8.29,8.29,-1.8199999999999994,6.55,6.55,-0.08000000000000007,3,-1.8199999999999994,False
COc1cc(-c2cnc3cccc(-c4ccc(CN5CCOCC5)c(C)c4)c3n2)cc(OC)c1OC,CHEMBL1093454,5.15,5.15,False,Other,5.73,5.73,-0.5800000000000001,6.71,6.71,-1.5599999999999996,5.08,5.08,0.07000000000000028,3,-1.5599999999999996,False
COc1cc(-c2cnc3cccc(-c4ccc(CN5CCOCC5)c(F)c4)c3n2)cc(OC)c1OC,CHEMBL1088857,5.66,5.66,False,Other,6.6,6.6,-0.9399999999999995,7.7,7.7,-2.04,5.31,5.31,0.35000000000000053,3,-2.04,False
COc1cc(-c2cnc3cccc(-c4ccc(CN5CCOCC5)cc4C)c3n2)cc(OC)c1OC,CHEMBL1089813,5.38,5.38,False,Other,5.92,5.92,-0.54,6.16,6.16,-0.7800000000000002,5.57,5.57,-0.1900000000000004,3,-0.7800000000000002,False
COc1cc(-c2cnc3cccc(-c4ccc(CN5CCOCC5)cc4F)c3n2)cc(OC)c1OC,CHEMBL1089814,5.03,5.03,False,Other,5.33,5.33,-0.2999999999999998,6.3,6.3,-1.2699999999999996,5.0,5.0,0.03000000000000025,3,-1.2699999999999996,False
COc1cc(-c2cnc3cccc(-c4ccc(CN5CCS(=O)(=O)CC5)cc4)c3n2)cc(OC)c1OC,CHEMBL1089833,6.28,6.28,False,Other,7.01,7.01,-0.7299999999999995,7.85,7.85,-1.5699999999999994,6.44,6.44,-0.16000000000000014,3,-1.5699999999999994,False
COc1cc(-c2cncn2C)ccc1Nc1cc(NC(=O)C2CC2)nc2[nH]c(C(F)F)nc12,CHEMBL6062031,8.26,,True,JH2,,,,,,,,,,0,,True
COc1cc(-c2cncn2C)ccc1Nc1cc(NC(=O)C2CC2)nc2[nH]c(C)nc12,CHEMBL5772982,8.26,,True,JH2,,,,,,,,,,0,,True
COc1cc(-c2cncn2C)ccc1Nc1cc(Nc2cccc(C#N)n2)nc2[nH]c(C(F)F)nc12,CHEMBL5808139,8.26,,True,JH2,,,,,,,,,,0,,True
COc1cc(-c2cncn2C)ccc1Nc1cc(Nc2cccc(C#N)n2)nc2[nH]c(C)nc12,CHEMBL6049728,8.26,,True,JH2,,,,,,,,,,0,,True
COc1cc(-c2cncn2C)ccc1Nc1cc(Nc2cnc(C)c(C)n2)nc2[nH]c(C)nc12,CHEMBL5764481,8.26,,True,JH2,,,,,,,,,,0,,True
COc1cc(-c2nc(C)c(C)s2)ccc1Nc1cc(NC(=O)C2CC2)nc2[nH]c(C)nc12,CHEMBL6012943,8.26,,True,JH2,,,,,,,,,,0,,True
COc1cc(-c2nc(C)nn2C)ccc1Nc1cc(NC(=O)C2CC2)nc2[nH]c(C(F)F)nc12,CHEMBL5792060,8.26,,True,JH2,,,,,,,,,,0,,True
COc1cc(-c2nc(C)nn2C)ccc1Nc1cc(NC(=O)C2CC2)nc2[nH]c(C)nc12,CHEMBL5787347,9.12,,True,JH2,,,,,,,,,,0,,True
COc1cc(-c2nn(C)cc2C)ccc1Nc1cc(NC(=O)C2CC2)nc2[nH]c(C(F)F)nc12,CHEMBL5896235,8.26,,True,JH2,,,,,,,,,,0,,True
COc1cc(-c2nn(C)cc2C)ccc1Nc1cc(NC(=O)C2CC2)nc2[nH]c(C)nc12,CHEMBL5747148,9.12,,True,JH2,,,,,,,,,,0,,True
COc1cc(C(=O)N2CCC2)ccc1Nc1cc(NC(=O)C2CC2)nc2[nH]c(C(F)F)nc12,CHEMBL5792719,9.12,,True,JH2,,,,,,,,,,0,,True
COc1cc(C(=O)N2CCC2)ccc1Nc1cc(NC(=O)C2CC2)nc2[nH]n(C)c(=O)c12,CHEMBL5867837,9.52,,True,JH2,,,,,,,,,,0,,True
COc1cc(C(=O)N2CCCC2)ccc1Nc1cc(NC(=O)C2CC2)nc2[nH]c(C(F)F)nc12,CHEMBL5794435,8.26,,True,JH2,,,,,,,,,,0,,True
COc1cc(C(=O)N2CCCC2)ccc1Nc1cc(NC(=O)C2CC2)nc2[nH]c(C)nc12,CHEMBL5811539,8.26,,True,JH2,,,,,,,,,,0,,True
COc1cc(C(=O)N2CCCC2)ccc1Nc1cc(NC(=O)C2CC2)nc2[nH]n(C)c(=O)c12,CHEMBL6062717,9.52,,True,JH2,,,,,,,,,,0,,True
COc1cc(C(=O)N2CCOCC2)ccc1Nc1cc(NC(=O)C2CC2)nc2[nH]c(C(F)F)nc12,CHEMBL5879277,8.26,,True,JH2,,,,,,,,,,0,,True
COc1cc(C(=O)N2CCOCC2)ccc1Nc1cc(NC(=O)C2CC2)nc2[nH]n(C)c(=O)c12,CHEMBL5996645,9.12,,True,JH2,,,,,,,,,,0,,True
COc1cc(C(F)(F)F)c(S(=O)(=O)C[C@H]2C[C@@H](N(C)c3ncnc4[nH]ccc34)C2)cn1,CHEMBL5970131,8.76,8.76,False,Other,10.35,10.35,-1.5899999999999999,9.28,9.28,-0.5199999999999996,8.0,8.0,0.7599999999999998,3,-1.5899999999999999,False
COc1cc(C)c(S(=O)(=O)C[C@H]2C[C@@H](N(C)c3ncnc4[nH]ccc34)C2)cn1,CHEMBL6054549,8.94,8.94,False,Other,,,,9.95,9.95,-1.0099999999999998,8.12,8.12,0.8200000000000003,2,-1.0099999999999998,False
COc1cc(C2CC2)ccc1Nc1cc(NC(=O)C2CC2)nc2[nH]n(C)c(=O)c12,CHEMBL5964492,8.26,,True,JH2,,,,,,,,,,0,,True
COc1cc(C=C(C#N)c2n[nH]c(N)c2C#N)ccc1O,CHEMBL2002407,6.1,6.1,False,Other,,,,,,,5.8,5.8,0.2999999999999998,1,0.2999999999999998,False
COc1cc(C=C(C#N)c2nc3cc(C)ccc3[nH]2)c(Br)cc1O,CHEMBL2000345,6.0,6.0,False,Other,,,,,,,6.1,6.1,-0.09999999999999964,1,-0.09999999999999964,False
COc1cc(C=C(C#N)c2nc3ccccc3[nH]2)c(Br)cc1O,CHEMBL1994241,6.4,6.4,False,Other,,,,,,,6.4,6.4,0.0,1,0.0,False
COc1cc(CO)ccc1Nc1cc(NC(=O)C2CC2)nc2[nH]n(C)c(=O)c12,CHEMBL5773241,8.26,,True,JH2,,,,,,,,,,0,,True
COc1cc(CO)ccc1Nc1cc(Nc2cccc(C(F)(F)F)n2)nc2[nH]n(C)c(=O)c12,CHEMBL5962739,8.26,,True,JH2,,,,,,,,,,0,,True
COc1cc(Cl)c(C(=O)Nc2ccnc(NC(=O)C3CC3)c2)c(Cl)c1,CHEMBL2387113,8.11,8.11,False,Other,,,,,,,,,,0,,False
COc1cc(Cl)ccc1S(=O)(=O)C[C@H]1C[C@@H](N(C)c2ncnc3[nH]ccc23)C1,CHEMBL5822067,8.68,8.68,False,Other,10.49,10.49,-1.8100000000000005,9.38,9.38,-0.7000000000000011,8.0,8.0,0.6799999999999997,3,-1.8100000000000005,False
COc1cc(F)c(-c2nc3c(NCC4CCNCC4)c(Cl)cnc3[nH]2)cc1OC,CHEMBL3746463,4.55,4.55,False,Other,7.535,7.535,-2.9850000000000003,,,,5.08,5.08,-0.5300000000000002,2,-2.9850000000000003,False
COc1cc(N2CCC(N3CCN(C)CC3)CC2)ccc1Nc1ncc(Cl)c(Nc2ccccc2S(=O)(=O)C(C)C)n1,CHEMBL509032,6.21,6.21,False,Other,6.455,6.455,-0.2450000000000001,6.8,6.8,-0.5899999999999999,7.234999999999999,7.234999999999999,-1.0249999999999995,3,-1.0249999999999995,False
COc1cc(N2CCCC2=O)ccc1Nc1cc(NC(=O)C2CC2)nc2[nH]c(C(F)F)nc12,CHEMBL5750487,8.26,,True,JH2,,,,,,,,,,0,,True
COc1cc(Nc2c(C#N)cnc3cc(OCCCN4CCN(C)CC4)c(OC)cc23)c(Cl)cc1Cl,CHEMBL288441,5.27,5.27,False,Other,,,,5.96,5.96,-0.6900000000000004,5.92,5.92,-0.6500000000000004,2,-0.6900000000000004,False
COc1cc(Nc2cc(CO)[nH]n2)nc(N(C)C2C[C@H]3CCC[C@@H](C2)N3C(=O)C(F)F)n1,CHEMBL6025940,9.26,,True,Other,9.26,,,9.26,9.26,,7.18,7.18,,0,,False
COc1cc(Nc2cc(CO)[nH]n2)nc(N(C)[C@@H]2C[C@H]3CCC[C@@H](C2)N3C(=O)C(F)F)n1,CHEMBL5915221,9.26,9.26,False,Other,9.26,9.26,0.0,9.26,9.26,0.0,7.43,7.43,1.83,3,0.0,False
COc1cc(Nc2cc(CO)[nH]n2)nc(N(C)[C@@H]2C[C@H]3CCC[C@@H](C2)N3C(=O)C2CC2)n1,CHEMBL5845505,9.26,9.26,False,Other,9.26,9.26,0.0,9.26,9.26,0.0,,,,2,0.0,False
COc1cc(Nc2cc(CO)[nH]n2)nc(N(C)[C@@H]2C[C@H]3CCC[C@@H](C2)N3C(=O)C2CCC2)n1,CHEMBL5895088,9.26,,True,Other,9.26,,,9.26,9.26,,,,,0,,False
COc1cc(Nc2cc(CO)[nH]n2)nc(N(C)[C@@H]2C[C@H]3CCC[C@@H](C2)N3C(=O)C2CCCC2)n1,CHEMBL5753236,8.76,8.26,False,Other,9.26,,,9.26,9.26,-1.0,,,,1,-1.0,False
COc1cc(Nc2cc(CO)[nH]n2)nc(N(C)[C@@H]2C[C@H]3CCC[C@@H](C2)N3C(=O)CC(C)C)n1,CHEMBL5787533,9.26,,True,Other,9.26,,,9.26,9.26,,,,,0,,False
COc1cc(Nc2cc(CO)[nH]n2)nc(N(C)[C@@H]2C[C@H]3CCC[C@@H](C2)N3C(=O)CC2CC2)n1,CHEMBL5750757,9.26,,True,Other,9.26,,,9.26,9.26,,,,,0,,False
COc1cc(Nc2cc(CO)[nH]n2)nc(N(C)[C@@H]2C[C@H]3CCC[C@@H](C2)N3C(=O)N2CCOCC2)n1,CHEMBL5895600,9.26,,True,Other,9.26,,,9.26,9.26,,,,,0,,False
COc1cc(Nc2cc(CO)[nH]n2)nc(N(C)[C@@H]2C[C@H]3CCC[C@@H](C2)N3C(=O)OCC(C)C)n1,CHEMBL5765954,9.26,,True,Other,9.26,,,9.26,9.26,,8.26,8.26,,0,,False
COc1cc(Nc2cc(CO)[nH]n2)nc(N(C)[C@@H]2C[C@H]3CCC[C@@H](C2)N3C(C)=O)n1,CHEMBL6062393,8.26,,True,Other,9.26,,,9.26,9.26,,,,,0,,False
COc1cc(Nc2cc(CO)[nH]n2)nc(N(C)[C@@H]2C[C@H]3CCC[C@@H](C2)N3C)n1,CHEMBL6009005,8.26,8.26,False,Other,9.26,9.26,-1.0,9.26,9.26,-1.0,,,,2,-1.0,False
COc1cc(Nc2cc(CO)[nH]n2)nc(N(C)[C@@H]2C[C@H]3CCC[C@@H](C2)N3C2CCC2)n1,CHEMBL6061440,9.26,9.26,False,Other,9.26,9.26,0.0,9.26,9.26,0.0,,,,2,0.0,False
COc1cc(Nc2cc(CO)[nH]n2)nc(N(C)[C@@H]2C[C@H]3CCC[C@@H](C2)N3C2CCCC2)n1,CHEMBL5750311,9.26,9.26,False,Other,9.26,9.26,0.0,9.26,9.26,0.0,,,,2,0.0,False
COc1cc(Nc2cc(CO)[nH]n2)nc(N(C)[C@@H]2C[C@H]3CCC[C@@H](C2)N3CC2(C#N)CC2)n1,CHEMBL5913288,9.26,,True,Other,9.26,,,9.26,9.26,,8.26,8.26,,0,,False
COc1cc(Nc2cc(CO)[nH]n2)nc(N(C)[C@@H]2C[C@H]3CCC[C@@H](C2)N3CC2CC2C#N)n1,CHEMBL5996190,9.26,9.26,False,Other,9.26,9.26,0.0,9.26,9.26,0.0,8.26,8.26,1.0,3,0.0,False
COc1cc(Nc2cc(CO)[nH]n2)nc(N(C)[C@@H]2C[C@H]3CCC[C@@H](C2)N3CCC#N)n1,CHEMBL5766579,8.26,,True,Other,9.26,,,9.26,9.26,,7.43,7.43,,0,,False
COc1cc(Nc2cc(CO)[nH]n2)nc(N(C)[C@@H]2C[C@H]3CCC[C@@H](C2)N3Cc2cncc(C#N)c2)n1,CHEMBL5945609,9.26,,True,Other,,,,,,,9.26,9.26,,0,,False
COc1cc(Nc2cc(CO)[nH]n2)nc(N(C)[C@@H]2C[C@H]3CCC[C@@H](C2)N3S(=O)(=O)C2CC2)n1,CHEMBL5817564,9.26,,True,Other,9.26,,,,,,8.26,8.26,,0,,False
COc1cc(Nc2cc(CO)[nH]n2)nc(N(C)[C@@H]2C[C@H]3CCC[C@@H](C2)N3S(=O)(=O)CCC#N)n1,CHEMBL5916191,9.26,,True,Other,9.26,,,9.26,9.26,,8.26,8.26,,0,,False
COc1cc(Nc2cc(CO)[nH]n2)nc(N(C)[C@@H]2C[C@H]3CCC[C@@H](C2)N3S(=O)(=O)N2CC(C#N)C2)n1,CHEMBL5924111,9.26,,True,Other,,,,,,,8.76,8.76,,0,,False
COc1cc(Nc2cc(CO)[nH]n2)nc(N(C)[C@@H]2C[C@H]3CCC[C@@H](C2)N3S(=O)(=O)N2CCC2)n1,CHEMBL5822035,9.26,,True,Other,9.26,,,,,,8.26,8.26,,0,,False
COc1cc(Nc2cc(CO)[nH]n2)nc(N(C)[C@@H]2C[C@H]3CCC[C@@H](C2)N3S(=O)(=O)N2CCCC2)n1,CHEMBL5770432,9.26,,True,Other,,,,,,,9.26,9.26,,0,,False
COc1cc(Nc2cc(CO)[nH]n2)nc(N(C)[C@@H]2C[C@H]3CCC[C@@H](C2)N3S(=O)(=O)c2ccccc2)n1,CHEMBL5825135,9.26,,True,Other,9.26,,,9.26,9.26,,8.26,8.26,,0,,False
COc1cc(Nc2cc(CO)[nH]n2)nc(N(C)[C@@H]2C[C@H]3CCC[C@@H](C2)N3S(=O)(=O)c2cccnc2)n1,CHEMBL5775207,9.26,,True,Other,9.26,,,,,,8.26,8.26,,0,,False
COc1cc(Nc2cc(CO)[nH]n2)nc(N(C)[C@@H]2C[C@H]3CCC[C@@H](C2)N3S(C)(=O)=O)n1,CHEMBL5783275,9.26,,True,Other,9.26,,,,,,8.26,8.26,,0,,False
COc1cc(Nc2cc(CO)[nH]n2)nc(N(C)[C@@H]2C[C@H]3CC[C@@H](C2)N3CCC#N)n1,CHEMBL5832163,8.26,,True,Other,9.26,,,9.26,9.26,,7.43,7.43,,0,,False
COc1cc(Nc2cc(CO)[nH]n2)nc(N(C)[C@@H]2C[C@H]3CC[C@@H](C2)N3S(=O)(=O)N2CC(C#N)C2)n1,CHEMBL5944873,9.26,,True,Other,9.26,,,,,,8.26,8.26,,0,,False
COc1cc(Nc2cc(NC(C)=O)ncc2-c2ccc(C(C)(C)O)cn2)nc(S(C)(=O)=O)c1,CHEMBL5420349,10.57,10.57,False,JH2,,,,,,,,,,0,,True
COc1cc(Nc2cc(NC(C)=O)ncc2-c2ccc(F)cn2)nc(S(C)(=O)=O)c1,CHEMBL5416227,10.59,10.59,False,JH2,,,,,,,,,,0,,True
COc1cc(Nc2cc(NC(C)=O)ncc2-c2ccc3c(n2)OCC(C)(C)O3)nc(S(C)(=O)=O)c1,CHEMBL5418288,8.165,8.165,False,Other,,,,,,,,,,0,,False
COc1cc(Nc2nc3cccc(-c4ccc(C(=O)N5CCOCC5)c(F)c4)c3o2)cc(OC)c1OC,CHEMBL1081484,7.2,7.2,False,Other,7.66,7.66,-0.45999999999999996,,,,,,,1,-0.45999999999999996,False
COc1cc(Nc2nc3cccc(-c4ccc(C(=O)N5CCOCC5)cc4)c3o2)cc(OC)c1OC,CHEMBL1081978,6.96,6.96,False,Other,7.56,7.56,-0.5999999999999996,8.1,8.1,-1.1399999999999997,6.4,6.4,0.5599999999999996,3,-1.1399999999999997,False
COc1cc(Nc2nc3cccc(-c4ccc(CN5CCOCC5)cc4)c3o2)cc(OC)c1OC,CHEMBL1081485,6.51,6.51,False,Other,7.09,7.09,-0.5800000000000001,7.85,7.85,-1.3399999999999999,6.52,6.52,-0.009999999999999787,3,-1.3399999999999999,False
COc1cc(Nc2nc3cccc(-c4ccc(NS(C)(=O)=O)cc4)c3o2)cc(OC)c1OC,CHEMBL1081977,6.82,6.82,False,Other,7.33,7.33,-0.5099999999999998,8.3,8.3,-1.4800000000000004,6.89,6.89,-0.0699999999999994,3,-1.4800000000000004,False
COc1cc(Nc2nc3cccc(-c4ccc5ncccc5c4)c3o2)cc(OC)c1OC,CHEMBL1081975,5.85,5.85,False,Other,6.68,6.68,-0.8300000000000001,8.1,8.1,-2.25,6.17,6.17,-0.3200000000000003,3,-2.25,False
COc1cc(Nc2nc3cccc(-c4cccc(NS(C)(=O)=O)c4)c3o2)cc(OC)c1OC,CHEMBL1081976,5.44,5.44,False,Other,6.17,6.17,-0.7299999999999995,6.82,6.82,-1.38,5.7,5.7,-0.2599999999999998,3,-1.38,False
COc1cc(Nc2nc3cccc(-c4ccccc4)c3o2)cc(OC)c1OC,CHEMBL1081290,5.47,5.47,False,Other,6.15,6.15,-0.6800000000000006,7.82,7.82,-2.3500000000000005,,,,2,-2.3500000000000005,False
COc1cc(Nc2nc3cccc(-c4ccccn4)c3o2)cc(OC)c1OC,CHEMBL1081443,6.19,6.19,False,Other,6.12,6.12,0.07000000000000028,6.96,6.96,-0.7699999999999996,6.35,6.35,-0.15999999999999925,3,-0.7699999999999996,False
COc1cc(Nc2ncc(C)c(N3CCC4(CCNC4=O)CC3)n2)cc(OC)c1OC,CHEMBL5078528,8.1,8.1,False,Other,7.75,7.75,0.34999999999999964,8.22,8.22,-0.120000000000001,7.06,7.06,1.04,3,-0.120000000000001,False
COc1cc(Nc2ncc(C)c(Nc3ccc4oc(=O)[nH]c4c3)n2)cc(C)c1F,CHEMBL4594441,7.92,7.92,False,Other,8.68,8.68,-0.7599999999999998,6.31,6.31,1.6100000000000003,6.04,6.04,1.88,3,-0.7599999999999998,False
COc1cc(Nc2ncc(F)c(Nc3ccc4c(n3)NC(=O)C(C)(C)O4)n2)cc(OC)c1OC,CHEMBL475251,7.26,7.26,False,Other,7.68,7.68,-0.41999999999999993,8.34,8.34,-1.08,6.77,6.77,0.4900000000000002,3,-1.08,False
COc1cc(Nc2ncc([N+](=O)[O-])c(Nc3ccccc3C(N)=O)n2)cc(OC)c1OC,CHEMBL1241473,6.8,6.8,False,Other,,,,7.6,7.6,-0.7999999999999998,7.2,7.2,-0.40000000000000036,2,-0.7999999999999998,False
COc1cc(Nc2nccc3nc(-c4c(Cl)cccc4Cl)[nH]c23)ncn1,CHEMBL4099854,9.15,9.15,False,Other,,,,6.96,6.96,2.1900000000000004,,,,1,2.1900000000000004,False
COc1cc(Nc2nn([C@H]3COCC[C@@H]3C#N)cc2C(N)=O)cc(F)n1,CHEMBL4066193,7.89,7.89,False,JH1,8.405000000000001,8.405000000000001,-0.5150000000000015,7.220000000000001,7.220000000000001,0.669999999999999,5.95,5.95,1.9399999999999995,3,-0.5150000000000015,False
COc1cc(Nc2nn([C@H]3COCC[C@@H]3C#N)cc2C(N)=O)ccc1C#N,CHEMBL4072848,8.05,8.05,False,JH1,8.935,8.935,-0.8849999999999998,7.43,7.43,0.620000000000001,6.41,6.41,1.6400000000000006,3,-0.8849999999999998,False
COc1cc(Nc2nn([C@H]3COCC[C@@H]3C#N)cc2C(N)=O)ccc1Cl,CHEMBL4071005,7.92,7.92,False,JH1,8.905,8.905,-0.9849999999999994,7.455,7.455,0.46499999999999986,6.4,6.4,1.5199999999999996,3,-0.9849999999999994,False
COc1cc(O)c2c(c1)CCC[C@H](O)CC(=O)/C=C\C[C@H](C)OC2=O,CHEMBL1651521,5.36,5.36,False,Other,,,,,,,,,,0,,False
COc1cc(O)c2c(c1)CCC[C@H](O)[C@H](O)C(=O)/C=C\C[C@H](C)OC2=O,CHEMBL2012519,5.39,5.39,False,Other,,,,,,,,,,0,,False
COc1cc(O)ccc1-c1ccc2c(-c3nc4ccccc4[nH]3)n[nH]c2c1,CHEMBL3914503,6.99,6.99,False,Other,8.21,8.21,-1.2200000000000006,8.27,8.27,-1.2799999999999994,7.36,7.36,-0.3700000000000001,3,-1.2799999999999994,False
COc1cc(S(=O)(=O)C[C@H]2C[C@@H](N(C)c3ncnc4[nH]ccc34)C2)c(C)cn1,CHEMBL5876263,8.52,8.52,False,Other,10.72,10.72,-2.200000000000001,9.5,9.5,-0.9800000000000004,8.0,8.0,0.5199999999999996,3,-2.200000000000001,False
COc1cc(S(=O)(=O)C[C@H]2C[C@@H](N(C)c3ncnc4[nH]ccc34)C2)ccn1,CHEMBL5857992,8.62,8.62,False,Other,,,,9.94,9.94,-1.3200000000000003,8.0,8.0,0.6199999999999992,2,-1.3200000000000003,False
COc1cc(S(=O)(=O)C[C@H]2C[C@@H](N(C)c3ncnc4[nH]ccc34)C2)cnc1C,CHEMBL5919594,8.52,8.52,False,Other,,,,9.74,9.74,-1.2200000000000006,8.0,8.0,0.5199999999999996,2,-1.2200000000000006,False
COc1cc(S(=O)(=O)C[C@H]2C[C@@H](N(C)c3ncnc4[nH]ccc34)C2)cnc1OC,CHEMBL6064726,9.42,9.42,False,Other,10.92,10.92,-1.5,9.65,9.65,-0.23000000000000043,8.0,8.0,1.42,3,-1.5,False
COc1cc2c(-c3cnc(-c4ccc[nH]4)o3)c[nH]c2cc1Br,CHEMBL4564337,5.75,5.75,False,JH2,6.0,6.0,-0.25,,,,,,,1,-0.25,True
COc1cc2c(=O)n(C(C(=O)NCC(F)(F)F)C(C)C)c3c4cc[nH]c4ncc3c2cc1OC,CHEMBL6046503,6.56,6.56,False,Other,7.52,7.52,-0.96,6.96,6.96,-0.40000000000000036,7.12,7.12,-0.5600000000000005,3,-0.96,False
COc1cc2c(=O)n(C3CCCCC3)c3c4cc[nH]c4ncc3c2cc1OC,CHEMBL4295151,8.71,8.71,False,Other,8.37,8.37,0.34000000000000163,8.97,8.97,-0.2599999999999998,7.18,7.18,1.5300000000000011,3,-0.2599999999999998,False
COc1cc2c(=O)n(C3CCCCCC3)c3c4cc[nH]c4ncc3c2cc1OC,CHEMBL4291720,8.65,8.65,False,Other,8.18,8.18,0.47000000000000064,9.05,9.05,-0.40000000000000036,6.8500000000000005,6.8500000000000005,1.7999999999999998,3,-0.40000000000000036,False
COc1cc2c(=O)n(C3CCCCCCC3)c3c4cc[nH]c4ncc3c2cc1OC,CHEMBL4281080,8.08,8.08,False,Other,7.75,7.75,0.33000000000000007,8.74,8.74,-0.6600000000000001,6.77,6.77,1.3100000000000005,3,-0.6600000000000001,False
COc1cc2c(=O)n(C3CCCNC3)c3c4cc[nH]c4ncc3c2cc1OC,CHEMBL5834923,7.35,7.35,False,Other,8.28,8.28,-0.9299999999999997,8.05,8.05,-0.7000000000000011,7.63,7.63,-0.28000000000000025,3,-0.9299999999999997,False
COc1cc2c(=O)n(C3CCN(C)CC3)c3c4cc[nH]c4ncc3c2cc1OC,CHEMBL4283458,6.78,6.78,False,Other,7.43,7.43,-0.6499999999999995,7.43,7.43,-0.6499999999999995,5.5600000000000005,5.5600000000000005,1.2199999999999998,3,-0.6499999999999995,False
COc1cc2c(=O)n(C3CCNCC3)c3c4cc[nH]c4ncc3c2cc1OC,CHEMBL4291298,7.49,7.49,False,Other,7.94,7.94,-0.4500000000000002,7.83,7.83,-0.33999999999999986,7.74,7.74,-0.25,3,-0.4500000000000002,False
COc1cc2c(=O)n(CC3CCCCC3)c3c4cc[nH]c4ncc3c2cc1OC,CHEMBL4284499,7.4,7.4,False,Other,6.9,6.9,0.5,8.45,8.45,-1.049999999999999,6.445,6.445,0.9550000000000001,3,-1.049999999999999,False
COc1cc2c(=O)n(CCCN(C)C)c3c4cc[nH]c4ncc3c2cc1OC,CHEMBL4280783,6.37,6.37,False,Other,7.02,7.02,-0.6499999999999995,7.43,7.43,-1.0599999999999996,7.295,7.295,-0.9249999999999998,3,-1.0599999999999996,False
COc1cc2c(=O)n([C@@H](C(=O)N3CC(C#N)C3)C(C)C)c3c4cc[nH]c4ncc3c2cc1OC,CHEMBL4282720,5.24,5.24,False,Other,6.21,6.21,-0.9699999999999998,5.93,5.93,-0.6899999999999995,6.09,6.09,-0.8499999999999996,3,-0.9699999999999998,False
COc1cc2c(=O)n([C@@H](C(=O)NCC(F)(F)F)C(C)C)c3c4cc[nH]c4ncc3c2cc1OC,CHEMBL4294002,5.93,5.93,False,Other,6.86,6.86,-0.9300000000000006,,,,7.58,7.58,-1.6500000000000004,2,-1.6500000000000004,False
COc1cc2c(=O)n([C@@H]3CCCN(C(=O)CC#N)C3)c3c4cc[nH]c4ncc3c2cc1OC,CHEMBL4290597,8.36,8.36,False,Other,8.955,8.955,-0.5950000000000006,8.51,8.51,-0.15000000000000036,7.82,7.82,0.5399999999999991,3,-0.5950000000000006,False
COc1cc2c(=O)n([C@@H]3CCCNC3)c3c4cc[nH]c4ncc3c2cc1OC,CHEMBL4287893,7.35,7.35,False,Other,8.28,8.28,-0.9299999999999997,8.05,8.05,-0.7000000000000011,7.63,7.63,-0.28000000000000025,3,-0.9299999999999997,False
COc1cc2c(=O)n([C@@H]3CCNC3)c3c4cc[nH]c4ncc3c2cc1OC,CHEMBL4279991,6.75,6.75,False,Other,7.97,7.97,-1.2199999999999998,7.42,7.42,-0.6699999999999999,6.84,6.84,-0.08999999999999986,3,-1.2199999999999998,False
COc1cc2c(Oc3ccc(NC(=O)C4(C(=O)Nc5ccc(F)cc5)CC4)cc3F)ccnc2cc1OCCCN1CCOCC1,CHEMBL1230609,5.3,5.3,False,JH1,,,,5.82,5.82,-0.5200000000000005,,,,1,-0.5200000000000005,False
COc1cc2c(cc1F)C(c1ccccc1Cl)=Nc1c(n[nH]c1C)N2,CHEMBL1980391,7.3,7.3,False,Other,,,,6.9,6.9,0.39999999999999947,7.1,7.1,0.20000000000000018,2,0.20000000000000018,False
COc1cc2cc(c1OCCN1CCCC1)COCC=CCOCc1cccc(c1)-c1ccnc(n1)N2,CHEMBL2181087,6.77,6.77,False,Other,5.77,5.77,1.0,7.44,7.44,-0.6700000000000008,,,,2,-0.6700000000000008,False
COc1ccc(-c2cc(C(N)=O)c3[nH]c4cc(C(=O)N5CCOCC5)ccc4c3c2)cc1F,CHEMBL3589176,6.7,6.7,False,Other,7.17,7.17,-0.46999999999999975,8.15,8.15,-1.4500000000000002,6.51,6.51,0.1900000000000004,3,-1.4500000000000002,False
COc1ccc(-c2cc3c(NC(CO)CO)c(C(N)=O)cnn3c2)cn1,CHEMBL4568896,6.48,6.48,False,Other,6.7,6.7,-0.21999999999999975,6.62,6.62,-0.13999999999999968,7.42,7.42,-0.9399999999999995,3,-0.9399999999999995,False
COc1ccc(-c2cc3c(NC(CO)[C@H](O)C4CC4)c(C(N)=O)cnn3c2)cn1,CHEMBL4440767,6.295,6.295,False,Other,6.945,6.945,-0.6500000000000004,6.6,6.6,-0.3049999999999997,7.85,7.85,-1.5549999999999997,3,-1.5549999999999997,False
COc1ccc(-c2cc3c(N[C@@H]4CC[C@](C)(N)C4(C)C)c(C(N)=O)cnn3c2)cc1,CHEMBL4078773,8.04,8.04,False,Other,9.22,9.22,-1.1800000000000015,7.82,7.82,0.21999999999999886,8.82,8.82,-0.7800000000000011,3,-1.1800000000000015,False
COc1ccc(-c2cc3c(N[C@@H]4CC[C@](C)(N)C4(C)C)c(C(N)=O)cnn3c2)cn1,CHEMBL4080797,7.6,7.6,False,Other,8.72,8.72,-1.120000000000001,7.82,7.82,-0.22000000000000064,9.05,9.05,-1.450000000000001,3,-1.450000000000001,False
COc1ccc(-c2cc3c(N[C@H](CO)CC(C)C)c(C(N)=O)cnn3c2)cn1,CHEMBL4467881,6.75,6.75,False,Other,7.64,7.64,-0.8899999999999997,7.52,7.52,-0.7699999999999996,8.52,8.52,-1.7699999999999996,3,-1.7699999999999996,False
COc1ccc(-c2cc3c(N[C@H](CO)CC4CC4)c(C(N)=O)cnn3c2)cn1,CHEMBL4549451,6.92,6.92,False,Other,7.5,7.5,-0.5800000000000001,7.6,7.6,-0.6799999999999997,9.0,9.0,-2.08,3,-2.08,False
COc1ccc(-c2cc3c(N[C@H](CO)[C@@H](C)O)c(C(N)=O)cnn3c2)cn1,CHEMBL4547761,7.57,7.57,False,Other,8.22,8.22,-0.6500000000000004,7.24,7.24,0.33000000000000007,8.7,8.7,-1.129999999999999,3,-1.129999999999999,False
COc1ccc(-c2cc3ncccc3c(-c3ccn(C4(CC#N)CN(CC(F)(F)F)C4)n3)n2)cn1,CHEMBL5910291,7.1,7.1,False,Other,5.57,5.57,1.5299999999999994,6.04,6.04,1.0599999999999996,,,,2,1.0599999999999996,False
COc1ccc(-c2cccc3nc(NC(=O)C4CC4)nn23)cc1,CHEMBL3360318,6.29,6.29,False,Other,7.16,7.16,-0.8700000000000001,6.86,6.86,-0.5700000000000003,6.28,6.28,0.009999999999999787,3,-0.8700000000000001,False
COc1ccc(-c2nc3c(NCC4CCNCC4)c(Cl)cnc3[nH]2)cc1OC,CHEMBL3747305,5.89,5.89,False,Other,7.685,7.685,-1.795,5.64,5.64,0.25,5.92,5.92,-0.03000000000000025,3,-1.795,False
COc1ccc(C#N)cc1-c1nn(CC2(O)CCCC2)cc1NC(=O)c1cnn2cccnc12,CHEMBL3667524,7.34,7.34,False,JH1,9.0,9.0,-1.6600000000000001,8.38,8.38,-1.040000000000001,6.16,6.16,1.1799999999999997,3,-1.6600000000000001,False
COc1ccc(C#N)cc1-c1nn(Cc2nncn2C)cc1NC(=O)c1cnn2cccnc12,CHEMBL3667517,7.19,7.19,False,JH1,8.38,8.38,-1.1900000000000004,8.59,8.59,-1.3999999999999995,6.68,6.68,0.5100000000000007,3,-1.3999999999999995,False
COc1ccc(C(=O)Nc2ccncc2)c(Cl)c1,CHEMBL2420857,5.5,5.5,False,Other,,,,5.51,5.51,-0.009999999999999787,,,,1,-0.009999999999999787,False
COc1ccc(C(=O)Nc2n[nH]c3ccc(-c4cn(Cc5ccccc5)nn4)cc23)cc1OC,CHEMBL1991078,7.7,7.7,False,Other,,,,6.9,6.9,0.7999999999999998,6.0,6.0,1.7000000000000002,2,0.7999999999999998,False
COc1ccc(C(O)(CN[C@H]2CC[C@H](c3nnn4cnc5[nH]ccc5c34)CC2)C(F)(F)F)cc1,CHEMBL3953381,6.68,6.68,False,Other,8.92,8.92,-2.24,7.6,7.6,-0.9199999999999999,6.58,6.58,0.09999999999999964,3,-2.24,False
COc1ccc(C(O)(CN[C@H]2CC[C@H](c3nnn4cnc5[nH]ccc5c34)CC2)C(F)(F)F)cc1OC,CHEMBL3949248,6.44,6.44,False,Other,8.62,8.62,-2.179999999999999,7.05,7.05,-0.6099999999999994,6.28,6.28,0.16000000000000014,3,-2.179999999999999,False
COc1ccc(C(O)(CN[C@H]2CC[C@H](c3nnn4cnc5[nH]ccc5c34)CC2)C(F)(F)F)cn1,CHEMBL3985391,6.75,6.75,False,Other,8.72,8.72,-1.9700000000000006,7.5,7.5,-0.75,6.92,6.92,-0.16999999999999993,3,-1.9700000000000006,False
COc1ccc(C=NNc2ncnc3c2[nH]c2ccccc23)cc1OC,CHEMBL1974664,6.5,6.5,False,Other,,,,,,,,,,0,,False
COc1ccc(CNC[C@H]2CC[C@H](c3nnn4cnc5[nH]ccc5c34)CC2)cc1,CHEMBL3919050,8.32,8.32,False,Other,7.92,7.92,0.40000000000000036,7.0,7.0,1.3200000000000003,6.12,6.12,2.2,3,0.40000000000000036,False
COc1ccc(CNc2nc(-c3c(F)cccc3F)nc3c2C(=O)NC3)cc1,CHEMBL5944161,7.26,7.26,False,Other,,,,6.26,,,,,,0,,False
COc1ccc(Cl)c(C(=O)Nc2ccncc2)c1,CHEMBL2420853,5.55,5.55,False,Other,,,,,,,,,,0,,False
COc1ccc(Cl)c(S(=O)(=O)C[C@H]2C[C@@H](N(C)c3ncnc4[nH]ccc34)C2)c1,CHEMBL5860840,8.49,8.49,False,Other,10.11,10.11,-1.6199999999999992,9.19,9.19,-0.6999999999999993,8.0,8.0,0.4900000000000002,3,-1.6199999999999992,False
COc1ccc(Cl)cc1-c1c(NC(=O)c2c(N)nn3cccnc23)cnn1CC(N)=O,CHEMBL3667521,8.64,8.64,False,JH1,8.68,8.68,-0.03999999999999915,9.3,9.3,-0.6600000000000001,8.26,8.26,0.3800000000000008,3,-0.6600000000000001,False
COc1ccc(Cl)cc1-c1c(NC(=O)c2cnn3cccnc23)cnn1CCO,CHEMBL3667515,8.25,8.25,False,JH1,8.36,8.36,-0.10999999999999943,9.0,9.0,-0.75,7.75,7.75,0.5,3,-0.75,False
COc1ccc(Cl)cc1-c1nc(C)sc1NC(=O)c1cnn2cccnc12,CHEMBL3667519,8.68,8.68,False,JH1,9.075,9.075,-0.3949999999999996,9.375,9.375,-0.6950000000000003,7.89,7.89,0.79,3,-0.6950000000000003,False
COc1ccc(Cl)cc1-c1nn(CC(=O)N2CC=CCC2)cc1NC(=O)c1cnn2cccnc12,CHEMBL3667523,8.0,8.0,False,JH1,9.3,9.3,-1.3000000000000007,8.6,8.6,-0.5999999999999996,6.77,6.77,1.2300000000000004,3,-1.3000000000000007,False
COc1ccc(Cl)cc1-c1nn(CC(=O)N2CCCC2C)cc1NC(=O)c1cnn2cccnc12,CHEMBL3667522,8.04,8.04,False,JH1,9.15,9.15,-1.1100000000000012,8.51,8.51,-0.47000000000000064,6.57,6.57,1.4699999999999989,3,-1.1100000000000012,False
COc1ccc(Cl)cc1-c1nn(CC(O)(C(F)(F)F)C(F)(F)F)cc1NC(=O)c1cnn2cccnc12,CHEMBL3639663,7.51,7.51,False,JH1,8.82,8.82,-1.3100000000000005,8.24,8.24,-0.7300000000000004,6.24,6.24,1.2699999999999996,3,-1.3100000000000005,False
COc1ccc(F)c(-c2nc3c(NCC4CCNCC4)c(Cl)cnc3[nH]2)c1,CHEMBL3745954,4.94,4.94,False,Other,7.215,7.215,-2.2749999999999995,4.88,4.88,0.0600000000000005,5.21,5.21,-0.2699999999999996,3,-2.2749999999999995,False
COc1ccc(F)c(Cl)c1C(C)Oc1cc(-c2cnn(C3CCNCC3)c2)cnc1N,CHEMBL4461078,6.11,6.11,False,Other,5.91,5.91,0.20000000000000018,7.58,7.58,-1.4699999999999998,5.75,5.75,0.3600000000000003,3,-1.4699999999999998,False
COc1ccc(F)cc1-c1nn(CC2(O)CCOCC2)cc1NC(=O)c1cnn2cccnc12,CHEMBL3667525,7.33,7.33,False,JH1,8.64,8.64,-1.3100000000000005,8.21,8.21,-0.8800000000000008,6.15,6.15,1.1799999999999997,3,-1.3100000000000005,False
COc1ccc(F)cc1C(C)Oc1cc(-c2cnn(C3CCNCC3)c2)cnc1N,CHEMBL4465076,6.1,6.1,False,Other,5.75,5.75,0.34999999999999964,8.52,8.52,-2.42,5.8,5.8,0.2999999999999998,3,-2.42,False
COc1ccc(F)cc1S(=O)(=O)C[C@H]1C[C@@H](N(C)c2ncnc3[nH]ccc23)C1,CHEMBL5780479,8.94,8.94,False,Other,10.49,10.49,-1.5500000000000007,9.51,9.51,-0.5700000000000003,8.0,8.0,0.9399999999999995,3,-1.5500000000000007,False
COc1ccc(Nc2cc(-c3c(F)cccc3F)nc3c2C(=O)N[C@H]3C)nc1,CHEMBL6019573,6.26,,True,Other,,,,,,,,,,0,,False
COc1ccc(Nc2nc(-c3c(F)cccc3F)nc3c2C(=O)NC3)cc1,CHEMBL5207378,8.07,8.07,False,JH1,,,,,,,,,,0,,False
COc1ccc(Nc2ncc(C)c(N3CCC4(CCNC4=O)CC3)n2)cc1,CHEMBL5075516,7.04,7.04,False,Other,6.69,6.69,0.34999999999999964,,,,,,,1,0.34999999999999964,False
COc1ccc(Nc2ncc(C)c(N3CCC4(CCNC4=O)CC3)n2)cc1F,CHEMBL5087106,7.77,7.77,False,Other,7.32,7.32,0.4499999999999993,6.78,6.78,0.9899999999999993,6.48,6.48,1.2899999999999991,3,0.4499999999999993,False
COc1ccc(Nc2ncc(C)c(N3CCC4(CCNC4=O)CC3)n2)cc1N,CHEMBL5075281,7.92,7.92,False,Other,7.82,7.82,0.09999999999999964,6.45,6.45,1.4699999999999998,6.32,6.32,1.5999999999999996,3,0.09999999999999964,False
COc1ccc(Nc2ncc(C)c(N3CCC4(CCNC4=O)CC3)n2)cc1OC,CHEMBL5076178,7.05,7.05,False,Other,6.56,6.56,0.4900000000000002,6.44,6.44,0.6099999999999994,,,,2,0.4900000000000002,False
COc1ccc(S(=O)(=O)C[C@H]2C[C@@H](N(C)c3ncnc4[nH]ccc34)C2)c(C(F)(F)F)n1,CHEMBL6031741,9.39,9.39,False,Other,10.96,10.96,-1.5700000000000003,9.72,9.72,-0.33000000000000007,8.0,8.0,1.3900000000000006,3,-1.5700000000000003,False
COc1ccc(S(=O)(=O)C[C@H]2C[C@@H](N(C)c3ncnc4[nH]ccc34)C2)c(C)n1,CHEMBL6065435,9.41,9.41,False,Other,10.85,10.85,-1.4399999999999995,9.59,9.59,-0.17999999999999972,8.0,8.0,1.4100000000000001,3,-1.4399999999999995,False
COc1ccc(S(=O)(=O)C[C@H]2C[C@@H](N(C)c3ncnc4[nH]ccc34)C2)c(F)c1,CHEMBL6052369,9.07,9.07,False,Other,10.74,10.74,-1.67,9.4,9.4,-0.33000000000000007,8.0,8.0,1.0700000000000003,3,-1.67,False
COc1ccc(S(=O)(=O)C[C@H]2C[C@@H](N(C)c3ncnc4[nH]ccc34)C2)cc1,CHEMBL5784853,9.22,9.22,False,Other,10.82,10.82,-1.5999999999999996,9.64,9.64,-0.41999999999999993,8.0,8.0,1.2200000000000006,3,-1.5999999999999996,False
COc1ccc(S(=O)(=O)C[C@H]2C[C@@H](N(C)c3ncnc4[nH]ccc34)C2)cn1,CHEMBL5778505,9.66,9.66,False,Other,,,,10.09,10.09,-0.4299999999999997,8.22,8.22,1.4399999999999995,2,-0.4299999999999997,False
COc1ccc(S(=O)(=O)N2CCc3cc(Nc4ncc(C)c(-c5cnn(C(C)C)c5)n4)ccc32)cc1,CHEMBL4876729,8.11,8.11,False,Other,,,,7.62,7.62,0.4899999999999993,,,,1,0.4899999999999993,False
COc1ccc2c(N[C@@H]3C[C@H]4CCC[C@@H](C3)N4CCC#N)nc(Nc3cc(C)[nH]n3)cc2n1,CHEMBL5948142,9.26,,True,Other,,,,,,,9.26,,,0,,False
COc1ccc2c(N[C@@H]3C[C@H]4CC[C@@H](C3)N4C(=O)C3(C(F)(F)F)CC3)nc(Nc3cc(C)[nH]n3)cc2n1,CHEMBL5814737,7.3,,True,Other,9.26,,,9.26,,,7.3,,,0,,False
COc1ccc2c(N[C@@H]3C[C@H]4CC[C@@H](C3)N4CC(C)C)nc(Nc3cc(C)[nH]n3)cc2n1,CHEMBL6055176,7.3,,True,Other,9.26,,,7.3,,,7.3,,,0,,False
COc1ccc2c(N[C@@H]3C[C@H]4CC[C@@H](C3)N4CC(F)(F)F)nc(Nc3cc(C)[nH]n3)cc2n1,CHEMBL5854861,9.26,,True,Other,9.26,,,9.26,,,7.3,,,0,,False
COc1ccc2c(N[C@@H]3C[C@H]4CC[C@@H](C3)N4CCC#N)nc(Nc3cc(C)[nH]n3)cc2n1,CHEMBL5964616,9.26,,True,Other,9.26,,,9.26,,,7.3,,,0,,False
COc1ccc2c(N[C@@H]3C[C@H]4CC[C@@H](C3)N4CCCC#N)nc(Nc3cc(C)[nH]n3)cc2n1,CHEMBL5760639,7.3,,True,Other,9.26,,,7.3,,,7.3,,,0,,False
COc1ccc2c(N[C@@H]3C[C@H]4CC[C@@H](C3)N4CCCF)nc(Nc3cc(C)[nH]n3)cc2n1,CHEMBL5848296,7.3,,True,Other,9.26,,,7.3,,,7.3,,,0,,False
COc1ccc2c(N[C@@H]3C[C@H]4CC[C@@H](C3)N4CCF)nc(Nc3cc(C)[nH]n3)cc2n1,CHEMBL5754992,7.3,,True,Other,9.26,,,7.3,,,7.3,,,0,,False
COc1ccc2c(N[C@@H]3C[C@H]4CC[C@@H](C3)N4S(C)(=O)=O)nc(Nc3cc(C)[nH]n3)cc2n1,CHEMBL5928345,9.26,,True,Other,9.26,,,9.26,,,7.3,,,0,,False
COc1ccc2c(c1)/C(=C1/Nc3ccccc3/C1=N\OCC(O)CO)C(=O)N2,CHEMBL4065365,8.56,8.56,False,Other,7.97,7.97,0.5900000000000007,7.55,7.55,1.0100000000000007,,,,2,0.5900000000000007,False
COc1ccc2c(c1)C(=Cc1c[nH]cn1)C(=O)N2,CHEMBL2002649,5.7,5.7,False,Other,,,,6.3,6.3,-0.5999999999999996,6.3,6.3,-0.5999999999999996,2,-0.5999999999999996,False
COc1ccc2c(c1)CN(S(=O)(=O)C[C@H]1C[C@@H](N(C)c3ncnc4[nH]ccc34)C1)C2,CHEMBL5881628,9.1,9.1,False,Other,,,,9.89,9.89,-0.7900000000000009,,,,1,-0.7900000000000009,False
COc1ccc2c(n1)CCN(S(=O)(=O)C[C@H]1C[C@@H](N(C)c3ncnc4[nH]ccc34)C1)C2,CHEMBL5938470,8.86,8.86,False,Other,10.77,10.77,-1.9100000000000001,9.3,9.3,-0.4400000000000013,,,,2,-1.9100000000000001,False
COc1ccc2cc1-c1ccnc(n1)Nc1ccc(OCCN3CCCC3)c(c1)COCC=CCOC2,CHEMBL2181311,6.21,6.21,False,Other,5.31,5.31,0.9000000000000004,6.48,6.48,-0.27000000000000046,5.14,5.14,1.0700000000000003,3,-0.27000000000000046,False
COc1ccc2cc1COC/C=C/COCc1cc(ccc1OCCN1CCCC1)Nc1nccc-2n1,CHEMBL5429085,6.75,6.75,False,Other,,,,7.72,7.72,-0.9699999999999998,6.05,6.05,0.7000000000000002,2,-0.9699999999999998,False
COc1ccc2cc1COC/C=C/COCc1cccc(c1)-c1ccnc(n1)N2,CHEMBL5416999,6.68,6.68,False,Other,5.72,5.72,0.96,7.16,7.16,-0.4800000000000004,5.92,5.92,0.7599999999999998,3,-0.4800000000000004,False
COc1ccc2cc1COCC=CCCOc1cccc(c1)-c1ccnc(n1)N2,CHEMBL2181317,6.82,6.82,False,Other,5.52,5.52,1.3000000000000007,6.89,6.89,-0.0699999999999994,,,,2,-0.0699999999999994,False
COc1ccc2cc1COCC=CCOCc1cc(ccc1OCCN1CCCC1)Nc1nccc-2n1,CHEMBL2181313,6.75,6.75,False,Other,,,,7.72,7.72,-0.9699999999999998,6.05,6.05,0.7000000000000002,2,-0.9699999999999998,False
COc1ccc2cc1COCC=CCOCc1cccc(c1)-c1ccnc(n1)N2,CHEMBL2181319,6.68,6.68,False,Other,5.72,5.72,0.96,7.16,7.16,-0.4800000000000004,5.92,5.92,0.7599999999999998,3,-0.4800000000000004,False
COc1ccc2cc1COCC=CCOc1cccc(c1)-c1ccnc(n1)N2,CHEMBL2181318,6.92,6.92,False,Other,5.24,5.24,1.6799999999999997,6.58,6.58,0.33999999999999986,,,,2,0.33999999999999986,False
COc1cccc(-c2cc(C(N)=O)c3[nH]c4cc(C(=O)N5CCOCC5)ccc4c3c2)c1,CHEMBL3589175,6.77,6.77,False,Other,7.31,7.31,-0.54,7.46,7.46,-0.6900000000000004,6.71,6.71,0.05999999999999961,3,-0.6900000000000004,False
COc1cccc(-c2cc(C(N)=O)c3[nH]c4cc(C(=O)N5CC[C@H](N(C)C)C5)ccc4c3c2)c1,CHEMBL3589177,6.61,6.61,False,Other,6.8,6.8,-0.1899999999999995,7.78,7.78,-1.17,6.65,6.65,-0.040000000000000036,3,-1.17,False
COc1cccc(-c2cc(C(N)=O)c3[nH]c4cc(NC(=O)C5CCOCC5)ccc4c3c2)c1,CHEMBL3589178,7.06,7.06,False,Other,7.11,7.11,-0.05000000000000071,7.495,7.495,-0.4350000000000005,7.23,7.23,-0.17000000000000082,3,-0.4350000000000005,False
COc1cccc(-c2cc(C(N)=O)c3[nH]c4ccc(C(=O)N5CCN(C)CC5)cc4c3c2)c1,CHEMBL3589171,7.41,7.41,False,Other,7.35,7.35,0.0600000000000005,7.505000000000001,7.505000000000001,-0.09500000000000064,7.18,7.18,0.23000000000000043,3,-0.09500000000000064,False
COc1cccc(-c2cc(C(N)=O)c3[nH]c4ccc(C(=O)N5CCOCC5)cc4c3c2)c1,CHEMBL3589166,7.5,7.5,False,Other,7.54,7.54,-0.040000000000000036,8.175,8.175,-0.6750000000000007,7.18,7.18,0.3200000000000003,3,-0.6750000000000007,False
COc1cccc(-c2cc3c(N[C@@H]4CC[C@](C)(N)C4(C)C)c(C(N)=O)cnn3c2)c1,CHEMBL4076794,7.92,7.92,False,Other,9.0,9.0,-1.08,7.82,7.82,0.09999999999999964,9.4,9.4,-1.4800000000000004,3,-1.4800000000000004,False
COc1cccc(CN2CCC(Nc3c(-c4cc[nH]c4)cnc4[nH]ccc34)CC2)c1,CHEMBL5568368,6.3,6.3,False,Other,7.41,7.41,-1.1100000000000003,,,,5.93,5.93,0.3700000000000001,2,-1.1100000000000003,False
COc1cccc(CN2CC[C@@H](Nc3c(C(N)=O)cnc4[nH]ccc34)C[C@H]2C)c1,CHEMBL4787731,6.8,6.8,False,Other,7.76,7.76,-0.96,7.24,7.24,-0.4400000000000004,8.05,8.05,-1.2500000000000009,3,-1.2500000000000009,False
COc1cccc(F)c1CNc1nc(Cc2cnn(C)c2)ncc1C(N)=O,CHEMBL5914130,9.19,9.19,False,Other,8.55,8.55,0.6399999999999988,9.24,9.24,-0.05000000000000071,9.52,9.52,-0.33000000000000007,3,-0.33000000000000007,False
COc1cccc(F)c1CNc1nc(Nc2cnn(C(C)C)c2)ncc1C(N)=O,CHEMBL5796829,9.05,9.05,False,Other,8.56,8.56,0.4900000000000002,9.21,9.21,-0.16000000000000014,9.38,9.38,-0.33000000000000007,3,-0.33000000000000007,False
COc1cccc(F)c1CNc1nc(Nc2cnn(C3CC3)c2)ncc1C(N)=O,CHEMBL5875500,9.21,9.21,False,Other,8.0,8.0,1.2100000000000009,9.24,9.24,-0.02999999999999936,9.28,9.28,-0.06999999999999851,3,-0.06999999999999851,False
COc1cccc(F)c1CNc1nc(Nc2cnn(CCN(C)C)c2)ncc1C(N)=O,CHEMBL5799804,9.09,9.09,False,Other,7.75,7.75,1.3399999999999999,9.02,9.02,0.07000000000000028,9.25,9.25,-0.16000000000000014,3,-0.16000000000000014,False
COc1cccc(F)c1Nc1nc(Nc2cnn(C(C)(C)C)c2)ncc1C(N)=O,CHEMBL5783050,8.67,8.67,False,Other,8.4,8.4,0.2699999999999996,9.0,9.0,-0.33000000000000007,8.05,8.05,0.6199999999999992,3,-0.33000000000000007,False
COc1cccc(Nc2cc(Nc3ccccc3Cl)c(C(N)=O)cn2)n1,CHEMBL5269603,7.11,7.11,False,Other,6.99,6.99,0.1200000000000001,7.12,7.12,-0.009999999999999787,7.05,7.05,0.0600000000000005,3,-0.009999999999999787,False
COc1cccc2cnc(Nc3cnn(C)c3)nc12,CHEMBL5073925,6.2,6.2,False,Other,6.2,6.2,0.0,6.4,6.4,-0.20000000000000018,6.3,6.3,-0.09999999999999964,3,-0.20000000000000018,False
COc1ccccc1-c1cc2c(N[C@@H]3CC[C@](C)(N)C3(C)C)c(C(N)=O)cnn2c1,CHEMBL4071255,7.68,7.68,False,Other,9.3,9.3,-1.620000000000001,7.7,7.7,-0.020000000000000462,8.89,8.89,-1.2100000000000009,3,-1.620000000000001,False
COc1ccccc1CNc1nc(Cc2cnn(C)c2)ncc1C(N)=O,CHEMBL5750612,8.78,8.78,False,Other,8.6,8.6,0.17999999999999972,8.66,8.66,0.11999999999999922,9.17,9.17,-0.39000000000000057,3,-0.39000000000000057,False
COc1ccccc1Nc1cc(NC(=O)C2CC2)nc2[nH]n(C)c(=O)c12,CHEMBL6044579,8.26,,True,JH2,,,,,,,,,,0,,True
COc1ccccc1Nc1cc(Nc2ccc(CC(=O)O)cn2)ncc1C(N)=O,CHEMBL5407329,8.15,8.15,False,Other,8.3,8.3,-0.15000000000000036,7.96,7.96,0.1900000000000004,8.0,8.0,0.15000000000000036,3,-0.15000000000000036,False
COc1ccccc1Nc1cc(Nc2ccc(CC(=O)O[C@@H]3CCOC3)cn2)ncc1C(N)=O,CHEMBL5407260,8.7,8.7,False,Other,8.52,8.52,0.17999999999999972,8.4,8.4,0.29999999999999893,8.52,8.52,0.17999999999999972,3,0.17999999999999972,False
COc1ccccc1Nc1cc(Nc2ccc(CC(=O)O[C@H]3CCOC3)cn2)ncc1C(N)=O,CHEMBL5396554,8.7,8.7,False,Other,8.3,8.3,0.3999999999999986,8.3,8.3,0.3999999999999986,8.3,8.3,0.3999999999999986,3,0.3999999999999986,False
COc1ccccc1Nc1cc(Nc2cccc(C)n2)ncc1C(N)=O,CHEMBL5415586,7.82,7.82,False,Other,7.85,7.85,-0.02999999999999936,7.85,7.85,-0.02999999999999936,7.75,7.75,0.07000000000000028,3,-0.02999999999999936,False
COc1ccccc1Nc1cc(Nc2ccccn2)ncc1C(N)=O,CHEMBL5409666,8.22,8.22,False,Other,8.05,8.05,0.16999999999999993,8.1,8.1,0.120000000000001,7.96,7.96,0.2600000000000007,3,0.120000000000001,False
COc1ccccc1Nc1cc(Nc2cccnn2)ncc1C(N)=O,CHEMBL5433426,7.72,7.72,False,Other,7.54,7.54,0.17999999999999972,7.54,7.54,0.17999999999999972,7.41,7.41,0.3099999999999996,3,0.17999999999999972,False
COc1ccccc1Nc1nc(Nc2cnn(C(C)(C)C)c2)ncc1C(N)=O,CHEMBL5913189,8.41,8.41,False,Other,8.31,8.31,0.09999999999999964,9.08,9.08,-0.6699999999999999,8.84,8.84,-0.4299999999999997,3,-0.6699999999999999,False
COc1cccnc1Nc1cc(NC(=O)C2CC2)nc2[nH]n(C)c(=O)c12,CHEMBL5938189,8.26,,True,JH2,,,,,,,,,,0,,True
COc1ccnc2c(F)cc(Nc3nn([C@H]4COCC[C@@H]4C#N)cc3C(N)=O)cc12,CHEMBL4088262,8.1,8.1,False,JH1,8.67,8.67,-0.5700000000000003,6.835,6.835,1.2649999999999997,,,,2,-0.5700000000000003,False
COc1ccnc2cc(Nc3cc(C)[nH]n3)nc(N[C@@H]3C[C@H]4CC[C@@H](C3)N4C(=O)C(F)F)c12,CHEMBL5761865,7.3,,True,Other,9.26,,,7.3,,,7.3,,,0,,False
COc1ccnc2cc(Nc3cc(C)[nH]n3)nc(N[C@@H]3C[C@H]4CC[C@@H](C3)N4C(=O)CN(C)C)c12,CHEMBL5815827,7.3,,True,Other,7.3,,,7.3,,,7.3,,,0,,False
COc1ccnc2cc(Nc3cc(C)[nH]n3)nc(N[C@@H]3C[C@H]4CC[C@@H](C3)N4C(=O)OCC(C)C)c12,CHEMBL6045109,7.3,,True,Other,9.26,,,7.3,,,7.3,,,0,,False
COc1ccnc2cc(Nc3cc(C)[nH]n3)nc(N[C@@H]3C[C@H]4CC[C@@H](C3)N4C3(C#N)COC3)c12,CHEMBL5842828,9.26,,True,Other,9.26,,,9.26,,,7.3,,,0,,False
COc1ccnc2cc(Nc3cc(C)[nH]n3)nc(N[C@@H]3C[C@H]4CC[C@@H](C3)N4CC(F)(F)F)c12,CHEMBL5954283,7.3,,True,Other,9.26,,,9.26,,,7.3,,,0,,False
COc1ccnc2cc(Nc3cc(C)[nH]n3)nc(N[C@@H]3C[C@H]4CC[C@@H](C3)N4CC(F)F)c12,CHEMBL5879753,7.3,,True,Other,9.26,,,9.26,,,7.3,,,0,,False
COc1ccnc2cc(Nc3cc(C)[nH]n3)nc(N[C@@H]3C[C@H]4CC[C@@H](C3)N4CCC#N)c12,CHEMBL5848780,7.3,,True,Other,9.26,,,9.26,,,7.3,,,0,,False
COc1ccnc2cc(Nc3cc(C)[nH]n3)nc(N[C@@H]3C[C@H]4CC[C@@H](C3)N4CCF)c12,CHEMBL5785991,7.3,,True,Other,7.3,,,7.3,,,7.3,,,0,,False
COc1ccncc1S(=O)(=O)C[C@H]1C[C@@H](N(C)c2ncnc3[nH]ccc23)C1,CHEMBL6013368,8.54,8.54,False,Other,10.12,10.12,-1.58,9.05,9.05,-0.5100000000000016,8.0,8.0,0.5399999999999991,3,-1.58,False
COc1cnc(C(F)(F)F)cc1-c1nn(CC(C)(C)O)cc1NC(=O)c1cnn2cccnc12,CHEMBL3667516,6.46,6.46,False,JH1,7.92,7.92,-1.46,7.42,7.42,-0.96,5.82,5.82,0.6399999999999997,3,-1.46,False
COc1cnc(C)c(S(=O)(=O)C[C@H]2C[C@@H](N(C)c3ncnc4[nH]ccc34)C2)c1,CHEMBL5897041,8.41,8.41,False,Other,10.43,10.43,-2.0199999999999996,9.19,9.19,-0.7799999999999994,8.0,8.0,0.41000000000000014,3,-2.0199999999999996,False
COc1cnc2cc(Nc3cc(C)[nH]n3)nc(N[C@@H]3C[C@H]4CCC[C@@H](C3)N4C(=O)C(C)SO)c2c1,CHEMBL5939385,7.3,,True,Other,9.26,,,9.26,,,7.3,,,0,,False
COc1cnc2cc(Nc3cc(C)[nH]n3)nc(N[C@@H]3C[C@H]4CCC[C@@H](C3)N4C(=O)CN(C)C)c2c1,CHEMBL5857646,9.26,,True,Other,9.26,,,9.26,,,7.3,,,0,,False
COc1cnc2cc(Nc3cc(C)[nH]n3)nc(N[C@@H]3C[C@H]4CCC[C@@H](C3)N4C(=O)OC(C)SO)c2c1,CHEMBL5839828,7.3,,True,Other,9.26,,,9.26,,,7.3,,,0,,False
COc1cnc2cc(Nc3cc(C)[nH]n3)nc(N[C@@H]3C[C@H]4CCC[C@@H](C3)N4CCC#N)c2c1,CHEMBL5993634,9.26,,True,Other,9.26,,,9.26,,,7.3,,,0,,False
COc1cnc2cc(Nc3cc(C)[nH]n3)nc(N[C@@H]3C[C@H]4CCC[C@@H](C3)N4CCCF)c2c1,CHEMBL6012138,7.3,,True,Other,9.26,,,7.3,,,7.3,,,0,,False
COc1cnc2cc(Nc3cc(C)[nH]n3)nc(N[C@@H]3C[C@H]4CCC[C@@H](C3)N4Cc3ccncc3)c2c1,CHEMBL5847416,7.3,,True,Other,9.26,,,9.26,,,7.3,,,0,,False
COc1cnc2cc(Nc3cc(C)[nH]n3)nc(N[C@@H]3C[C@H]4CCC[C@@H](C3)N4S(C)(=O)=O)c2c1,CHEMBL5867893,9.26,,True,Other,9.26,,,9.26,,,7.3,,,0,,False
COc1cnc2cc(Nc3cc(C)[nH]n3)nc(N[C@@H]3C[C@H]4CC[C@@H](C3)N4C(=O)OC(C)C)c2c1,CHEMBL5871165,7.3,,True,Other,7.3,,,7.3,,,7.3,,,0,,False
COc1cnc2cc(Nc3cc(C)[nH]n3)nc(N[C@@H]3C[C@H]4CC[C@@H](C3)N4C(=O)OCC(C)C)c2c1,CHEMBL6060519,7.3,,True,Other,7.3,,,7.3,,,7.3,,,0,,False
COc1cnc2cc(Nc3cc(C)[nH]n3)nc(N[C@@H]3C[C@H]4CC[C@@H](C3)N4CC(C)C)c2c1,CHEMBL5925950,7.3,,True,Other,9.26,,,7.3,,,7.3,,,0,,False
COc1cnc2cc(Nc3cc(C)[nH]n3)nc(N[C@@H]3C[C@H]4CC[C@@H](C3)N4CC(F)(F)F)c2c1,CHEMBL5990313,7.3,,True,Other,9.26,,,7.3,,,7.3,,,0,,False
COc1cnc2cc(Nc3cc(C)[nH]n3)nc(N[C@@H]3C[C@H]4CC[C@@H](C3)N4CCC#N)c2c1,CHEMBL5963197,9.26,,True,Other,9.26,,,9.26,,,7.3,,,0,,False
COc1cnc2cc(Nc3cc(C)[nH]n3)nc(N[C@@H]3C[C@H]4CC[C@@H](C3)N4CCC(F)(F)F)c2c1,CHEMBL5811874,7.3,,True,Other,9.26,,,9.26,,,7.3,,,0,,False
COc1cnc2cc(Nc3cc(C)[nH]n3)nc(N[C@@H]3C[C@H]4CC[C@@H](C3)N4CCCC#N)c2c1,CHEMBL6061112,7.3,,True,Other,9.26,,,9.26,,,7.3,,,0,,False
COc1cnc2cc(Nc3cc(C)[nH]n3)nc(N[C@@H]3C[C@H]4CC[C@@H](C3)N4CCCF)c2c1,CHEMBL5741454,7.3,,True,Other,9.26,,,7.3,,,7.3,,,0,,False
COc1cnc2cc(Nc3cc(C)[nH]n3)nc(N[C@@H]3C[C@H]4CC[C@@H](C3)N4CCF)c2c1,CHEMBL5761749,7.3,,True,Other,9.26,,,7.3,,,7.3,,,0,,False
COc1cnc2cc(Nc3cc(C)[nH]n3)nc(N[C@@H]3C[C@H]4CC[C@@H](C3)N4Cc3ccncc3)c2c1,CHEMBL5938591,7.3,,True,Other,9.26,,,9.26,,,7.3,,,0,,False
COc1cnc2cc(Nc3cc(C)[nH]n3)nc(N[C@@H]3C[C@H]4CC[C@@H](C3)N4S(=O)(=O)CC3(C#N)CC3)c2c1,CHEMBL5840570,9.26,,True,Other,9.26,,,,,,7.3,,,0,,False
COc1cnc2cc(Nc3cc(C)[nH]n3)nc(N[C@@H]3C[C@H]4CC[C@@H](C3)N4S(=O)(=O)CCC#N)c2c1,CHEMBL5916497,9.26,,True,Other,9.26,,,9.26,,,7.3,,,0,,False
COc1cnc2cc(Nc3cc(C)[nH]n3)nc(N[C@@H]3C[C@H]4CC[C@@H](C3)N4S(=O)(=O)CCCC#N)c2c1,CHEMBL5761377,9.26,,True,Other,9.26,,,9.26,,,7.3,,,0,,False
COc1cnc2cc(Nc3cc(C)[nH]n3)nc(N[C@@H]3C[C@H]4CC[C@@H](C3)N4S(=O)(=O)N3CC(C#N)C3)c2c1,CHEMBL6057341,9.26,,True,Other,9.26,,,9.26,,,7.3,,,0,,False
COc1cnc2cc(Nc3cc(C)[nH]n3)nc(N[C@@H]3C[C@H]4CC[C@@H](C3)N4S(=O)(=O)c3ccncc3)c2c1,CHEMBL5825687,7.3,,True,Other,9.26,,,9.26,,,7.3,,,0,,False
COc1cnc2cc(Nc3cc(C)[nH]n3)nc(N[C@@H]3C[C@H]4CC[C@@H](C3)N4S(C)(=O)=O)c2c1,CHEMBL5740879,9.26,,True,Other,,,,,,,7.3,,,0,,False
COc1cncc(S(=O)(=O)C[C@H]2C[C@@H](N(C)c3ncnc4[nH]ccc34)C2)c1,CHEMBL5991514,9.565,9.565,False,Other,,,,9.915,9.915,-0.34999999999999964,8.04,8.04,1.5250000000000004,2,-0.34999999999999964,False
COc1nc(-c2cc(-c3cnn(C4(CC#N)CC(C#N)C4)c3)n3ccnc3c2)ccc1N,CHEMBL5884275,7.48,7.48,False,Other,6.2,6.2,1.2800000000000002,6.46,6.46,1.0200000000000005,,,,2,1.0200000000000005,False
COc1nc(-c2cc(-c3cnn(C4(CC#N)CC(C#N)C4)n3)c3cccnc3c2)ccc1N,CHEMBL5845756,7.815,7.815,False,Other,6.67,6.67,1.1450000000000005,7.025,7.025,0.79,5.37,5.37,2.4450000000000003,3,0.79,False
COc1nc(-c2cc(-c3cnn(C4(CC#N)CC(C#N)C4)n3)c3cccnc3c2)cnc1N,CHEMBL5960628,6.59,6.59,False,Other,5.92,5.92,0.6699999999999999,5.99,5.99,0.5999999999999996,,,,2,0.5999999999999996,False
COc1nc(-c2cc3ncccc3c(-c3ccn(C4(CC#N)CC(C#N)C4)n3)n2)ccc1N,CHEMBL5851045,7.82,7.82,False,Other,6.44,6.44,1.38,6.64,6.64,1.1800000000000006,,,,2,1.1800000000000006,False
COc1nc2c(Nc3cccc(-c4ncn(C)n4)c3OC)cc(NC(=O)C3CC3)nc2[nH]1,CHEMBL6040341,8.26,,True,JH2,,,,,,,,,,0,,True
COc1ncc(-c2cc(-c3cnn(C4(CC#N)CN(S(C)(=O)=O)C4)n3)c3cccnc3c2)cn1,CHEMBL5813184,5.51,5.51,False,Other,,,,,,,,,,0,,False
COc1ncc(-c2cc3ncccc3c(-c3ccn(C4(CC#N)CN(CC(F)(F)F)C4)n3)n2)cn1,CHEMBL5970906,5.63,5.63,False,Other,,,,,,,,,,0,,False
COc1ncc(-c2cc3ncccc3c(-c3ccn(C4(CC#N)CN(S(C)(=O)=O)C4)n3)n2)cn1,CHEMBL5835610,5.69,5.69,False,Other,,,,,,,,,,0,,False
COc1ncc(C#N)cc1-c1n[nH]cc1NC(=O)c1cnn2cccnc12,CHEMBL3667518,8.18,8.18,False,JH1,8.32,8.32,-0.14000000000000057,8.82,8.82,-0.6400000000000006,7.28,7.28,0.8999999999999995,3,-0.6400000000000006,False
COc1ncc(Cl)cc1-c1nn(CC(=O)N(C)C)cc1NC(=O)c1cnn2cccnc12,CHEMBL3667529,7.85,7.85,False,JH1,8.8,8.8,-0.9500000000000011,8.24,8.24,-0.39000000000000057,6.11,6.11,1.7399999999999993,3,-0.9500000000000011,False
COc1ncc(S(=O)(=O)C[C@H]2C[C@@H](N(C)c3ncnc4[nH]ccc34)C2)c(C)n1,CHEMBL6017191,9.22,9.22,False,Other,10.96,10.96,-1.7400000000000002,9.73,9.73,-0.5099999999999998,8.09,8.09,1.1300000000000008,3,-1.7400000000000002,False
COc1ncc(S(=O)(=O)C[C@H]2C[C@@H](N(C)c3ncnc4[nH]ccc34)C2)cn1,CHEMBL5956808,9.18,9.18,False,Other,10.92,10.92,-1.7400000000000002,9.81,9.81,-0.6300000000000008,8.11,8.11,1.0700000000000003,3,-1.7400000000000002,False
COc1ncccc1-c1cc2ncccc2c(-c2ccn(C3(CC#N)CN(S(C)(=O)=O)C3)n2)n1,CHEMBL5874161,6.11,6.11,False,Other,,,,,,,,,,0,,False
COc1ncccc1Nc1cc(NC2CC2)n2ncc(C(=O)NC3CC3)c2n1,CHEMBL5871393,9.22,,True,JH2,,,,,,,,,,0,,True
COc1ncccc1Nc1cc(NC2CC2)n2ncc(C(=O)N[C@@H]3C[C@@H]3F)c2n1,CHEMBL5811196,9.22,,True,JH2,,,,,,,,,,0,,True
COc1ncccc1Nc1cc(NCCCN2CCOCC2)n2ncc(C(=O)NC3CC3)c2n1,CHEMBL5939262,9.22,,True,JH2,,,,,,,,,,0,,True
COc1ncccc1Nc1cc(NCCCN2CCOCC2)n2ncc(C(=O)N[C@H]3C[C@H]3F)c2n1,CHEMBL6058724,9.22,,True,JH2,,,,,,,,,,0,,True
COc1ncccc1Nc1cc(NCCN2CCOCC2)n2ncc(C(=O)NC3CC3)c2n1,CHEMBL5796237,8.26,,True,JH2,,,,,,,,,,0,,True
COc1ncccc1Nc1cc(NCCN2CCOCC2)n2ncc(C(=O)N[C@H]3C[C@H]3F)c2n1,CHEMBL6003867,9.22,,True,JH2,,,,,,,,,,0,,True
COc1nn(C)cc1Nc1nccc(-c2c[nH]c3c(NC(=O)[C@@H](C)N4CCN(C)CC4)cccc23)n1,CHEMBL4577523,5.55,5.55,False,Other,7.115,7.115,-1.5650000000000004,5.52,5.52,0.03000000000000025,5.119999999999999,5.119999999999999,0.4300000000000006,3,-1.5650000000000004,False
CP(C)(=O)c1cc(C2CC2)ccc1Nc1cc(NC(=O)C2CC2)nc2[nH]c(C(F)F)nc12,CHEMBL5848945,9.52,,True,JH2,,,,,,,,,,0,,True
CP(C)(=O)c1cc(C2CCC2)ccc1Nc1cc(NC(=O)C2CC2)nc2[nH]c(C(F)F)nc12,CHEMBL5815165,9.52,,True,JH2,,,,,,,,,,0,,True
CP(C)(=O)c1cc(C2CCOCC2)ccc1Nc1cc(NC(=O)C2CC2)nc2[nH]c(C(F)F)nc12,CHEMBL5916739,9.12,,True,JH2,,,,,,,,,,0,,True
CP(C)(=O)c1ccccc1Nc1cc(NC(=O)C2CC2)nc2[nH]c(C(F)F)nc12,CHEMBL5948965,9.12,,True,JH2,,,,,,,,,,0,,True
CS(=O)(=O)C[C@H]1CC[C@H](c2nnn3cnc4[nH]ccc4c23)CC1,CHEMBL3934580,7.36,7.36,False,Other,8.495000000000001,8.495000000000001,-1.1350000000000007,7.689999999999999,7.689999999999999,-0.3299999999999983,6.640000000000001,6.640000000000001,0.7199999999999998,3,-1.1350000000000007,False
CS(=O)(=O)N(CCO)c1ccccc1CNc1nc(-c2cc(F)c(O)cc2CC(F)(F)F)cc(N)c1C(=N)C(N)=O,CHEMBL6061532,7.31,7.31,False,Other,8.54,8.54,-1.2299999999999995,7.83,7.83,-0.5200000000000005,7.27,7.27,0.040000000000000036,3,-1.2299999999999995,False
CS(=O)(=O)N(CCO)c1ccccc1CNc1nc(-c2cc(F)c(O)cc2CC(F)(F)F)cc2[nH]nc(C(N)=O)c12,CHEMBL5952977,7.31,7.31,False,Other,8.54,8.54,-1.2299999999999995,7.83,7.83,-0.5200000000000005,7.27,7.27,0.040000000000000036,3,-1.2299999999999995,False
CS(=O)(=O)N(CCO)c1ccccc1CNc1nc(-c2cc(F)c(O)cc2CC(F)(F)F)nc2[nH]nc(C(N)=O)c12,CHEMBL5858610,5.71,5.71,False,Other,7.98,7.98,-2.2700000000000005,7.38,7.38,-1.67,7.29,7.29,-1.58,3,-2.2700000000000005,False
CS(=O)(=O)N(c1ccccc1Nc1cc(Nc2cccc(C#N)n2)nc2[nH]c(C(F)F)nc12)C(F)F,CHEMBL5829596,8.26,,True,JH2,,,,,,,,,,0,,True
CS(=O)(=O)N1CC(CC#N)(n2cc(-c3cc(-c4cc[nH]n4)cc4ncccc34)cn2)C1,CHEMBL5967380,6.95,6.95,False,Other,6.1,6.1,0.8500000000000005,6.47,6.47,0.4800000000000004,,,,2,0.4800000000000004,False
CS(=O)(=O)N1CC(CC#N)(n2cc(-c3cc(-c4ccc(=O)[nH]c4)cc4ncccc34)nn2)C1,CHEMBL5822182,6.81,6.81,False,Other,5.11,5.11,1.6999999999999993,5.59,5.59,1.2199999999999998,,,,2,1.2199999999999998,False
CS(=O)(=O)N1CC(CC#N)(n2cc(-c3cc(-c4cn[nH]c4)cc4ncccc34)cn2)C1,CHEMBL6054614,6.71,6.71,False,Other,5.82,5.82,0.8899999999999997,6.28,6.28,0.4299999999999997,,,,2,0.4299999999999997,False
CS(=O)(=O)N1CC(CC#N)(n2ccc(-c3cc(-c4cc[nH]n4)cc4ncccc34)n2)C1,CHEMBL5906308,6.75,6.75,False,Other,5.25,5.25,1.5,5.7,5.7,1.0499999999999998,,,,2,1.0499999999999998,False
CS(=O)(=O)N1CC(CC#N)(n2ccc(-c3cc(-c4ccc(=O)[nH]c4)cc4ncccc34)n2)C1,CHEMBL5768725,6.7,6.7,False,Other,,,,5.27,5.27,1.4300000000000006,,,,1,1.4300000000000006,False
CS(=O)(=O)N1CC(CC#N)(n2ccc(-c3cc(-c4cn[nH]c4)cc4ncccc34)n2)C1,CHEMBL6062880,6.77,6.77,False,Other,5.17,5.17,1.5999999999999996,5.6,5.6,1.17,,,,2,1.17,False
CS(=O)(=O)N1CC(CC#N)(n2ccc(-c3nc(-c4c[nH]c5cccnc45)cc4ncccc34)n2)C1,CHEMBL5835526,6.1,6.1,False,Other,,,,5.25,5.25,0.8499999999999996,,,,1,0.8499999999999996,False
CS(=O)(=O)N1CC(CC#N)(n2ccc(-c3nc(-c4c[nH]c5nccc-5c4)cc4ncccc34)n2)C1,CHEMBL5961685,6.83,6.83,False,Other,5.77,5.77,1.0600000000000005,6.07,6.07,0.7599999999999998,,,,2,0.7599999999999998,False
CS(=O)(=O)N1CC(CC#N)(n2ccc(-c3nc(-c4c[nH]c5ncccc45)cc4ncccc34)n2)C1,CHEMBL5773142,8.15,8.15,False,Other,6.92,6.92,1.2300000000000004,6.94,6.94,1.21,,,,2,1.21,False
CS(=O)(=O)N1CC(CC#N)(n2ccc(-c3nc(-c4c[nH]nc4N)cc4ncccc34)n2)C1,CHEMBL5914178,8.15,8.15,False,Other,6.92,6.92,1.2300000000000004,7.34,7.34,0.8100000000000005,5.3,5.3,2.8500000000000005,3,0.8100000000000005,False
CS(=O)(=O)N1CC(CC#N)(n2ccc(-c3nc(-c4cc(F)ccc4O)cc4ncccc34)n2)C1,CHEMBL5792417,6.62,6.62,False,Other,,,,,,,,,,0,,False
CS(=O)(=O)N1CC(CC#N)(n2ccc(-c3nc(-c4cc(O)cc(F)c4)cc4ncccc34)n2)C1,CHEMBL5742393,6.93,6.93,False,Other,,,,,,,,,,0,,False
CS(=O)(=O)N1CC(CC#N)(n2ccc(-c3nc(-c4ccc(=O)[nH]c4)cc4ncccc34)n2)C1,CHEMBL5787116,7.96,7.96,False,Other,6.66,6.66,1.2999999999999998,6.88,6.88,1.08,,,,2,1.08,False
CS(=O)(=O)N1CC(CC#N)(n2ccc(-c3nc(-c4ccc(F)cc4O)cc4ncccc34)n2)C1,CHEMBL5874254,7.72,7.72,False,Other,,,,6.25,6.25,1.4699999999999998,,,,1,1.4699999999999998,False
CS(=O)(=O)N1CC(CC#N)(n2ccc(-c3nc(-c4ccc(N)nc4)cc4ncccc34)n2)C1,CHEMBL5828164,7.35,7.35,False,Other,6.07,6.07,1.2799999999999994,6.36,6.36,0.9899999999999993,,,,2,0.9899999999999993,False
CS(=O)(=O)N1CC(CC#N)(n2ccc(-c3nc(-c4ccc(N)nc4N)cc4ncccc34)n2)C1,CHEMBL6024891,7.48,7.48,False,Other,5.95,5.95,1.5300000000000002,6.35,6.35,1.1300000000000008,,,,2,1.1300000000000008,False
CS(=O)(=O)N1CC(CC#N)(n2ccc(-c3nc(-c4ccc(O)c(F)c4)cc4ncccc34)n2)C1,CHEMBL5884352,7.57,7.57,False,Other,6.7,6.7,0.8700000000000001,6.49,6.49,1.08,,,,2,0.8700000000000001,False
CS(=O)(=O)N1CC(CC#N)(n2ccc(-c3nc(-c4ccc(O)cc4)cc4ncccc34)n2)C1,CHEMBL5942026,7.96,7.96,False,Other,6.62,6.62,1.3399999999999999,6.69,6.69,1.2699999999999996,,,,2,1.2699999999999996,False
CS(=O)(=O)N1CC(CC#N)(n2ccc(-c3nc(-c4ccc(S(N)(=O)=O)nc4)cc4ncccc34)n2)C1,CHEMBL5856821,7.29,7.29,False,Other,5.71,5.71,1.58,6.36,6.36,0.9299999999999997,,,,2,0.9299999999999997,False
CS(=O)(=O)N1CC(CC#N)(n2ccc(-c3nc(-c4ccc5nccn5c4)cc4ncccc34)n2)C1,CHEMBL5998687,7.17,7.17,False,Other,6.1,6.1,1.0700000000000003,6.26,6.26,0.9100000000000001,,,,2,0.9100000000000001,False
CS(=O)(=O)N1CC(CC#N)(n2ccc(-c3nc(-c4cccc(O)n4)cc4ncccc34)n2)C1,CHEMBL6016823,7.38,7.38,False,Other,5.43,5.43,1.9500000000000002,6.43,6.43,0.9500000000000002,,,,2,0.9500000000000002,False
CS(=O)(=O)N1CC(CC#N)(n2ccc(-c3nc(-c4ccccc4CO)cc4ncccc34)n2)C1,CHEMBL6029790,5.5,5.5,False,Other,,,,,,,,,,0,,False
CS(=O)(=O)N1CC(CC#N)(n2ccc(-c3nc(-c4ccccc4F)cc4ncccc34)n2)C1,CHEMBL5800848,6.59,6.59,False,Other,,,,,,,,,,0,,False
CS(=O)(=O)N1CC(CC#N)(n2ccc(-c3nc(-c4ccccc4O)cc4ncccc34)n2)C1,CHEMBL6031466,7.82,7.82,False,Other,6.18,6.18,1.6400000000000006,6.93,6.93,0.8900000000000006,,,,2,0.8900000000000006,False
CS(=O)(=O)N1CC(CC#N)(n2ccc(-c3nc(-c4cccnc4N)cc4ncccc34)n2)C1,CHEMBL6011153,7.12,7.12,False,Other,5.3,5.3,1.8200000000000003,6.03,6.03,1.0899999999999999,,,,2,1.0899999999999999,False
CS(=O)(=O)N1CC(CC#N)(n2ccc(-c3nc(-c4ccn(C5COC5)n4)cc4ncccc34)n2)C1,CHEMBL5946625,6.65,6.65,False,Other,,,,5.83,5.83,0.8200000000000003,,,,1,0.8200000000000003,False
CS(=O)(=O)N1CC(CC#N)(n2ccc(-c3nc(-c4ccn5ccnc5c4)cc4ncccc34)n2)C1,CHEMBL5753698,7.38,7.38,False,Other,5.39,5.39,1.9900000000000002,6.53,6.53,0.8499999999999996,,,,2,0.8499999999999996,False
CS(=O)(=O)N1CC(CC#N)(n2ccc(-c3nc(-c4ccn[nH]4)cc4ncccc34)n2)C1,CHEMBL6044941,7.36,7.36,False,Other,5.99,5.99,1.37,6.33,6.33,1.0300000000000002,,,,2,1.0300000000000002,False
CS(=O)(=O)N1CC(CC#N)(n2ccc(-c3nc(-c4ccnc(O)c4)cc4ncccc34)n2)C1,CHEMBL5877543,7.13,7.13,False,Other,5.31,5.31,1.8200000000000003,6.21,6.21,0.9199999999999999,,,,2,0.9199999999999999,False
CS(=O)(=O)N1CC(CC#N)(n2ccc(-c3nc(-c4cn[nH]c4)cc4ncccc34)n2)C1,CHEMBL5829370,7.34,7.34,False,Other,6.17,6.17,1.17,6.35,6.35,0.9900000000000002,,,,2,0.9900000000000002,False
CS(=O)(=O)N1CC(CC#N)(n2ccc(-c3nc(-c4cnc(N)c(N)c4)cc4ncccc34)n2)C1,CHEMBL5918918,7.09,7.09,False,Other,5.61,5.61,1.4799999999999995,6.0,6.0,1.0899999999999999,,,,2,1.0899999999999999,False
CS(=O)(=O)N1CC(CC#N)(n2ccc(-c3nc(-c4cnc(N)nc4)cc4ncccc34)n2)C1,CHEMBL5784803,5.72,5.72,False,Other,,,,5.05,5.05,0.6699999999999999,,,,1,0.6699999999999999,False
CS(=O)(=O)N1CC(CC#N)(n2ccc(-c3nc(-c4cnc5[nH]c(=O)[nH]c5c4)cc4ncccc34)n2)C1,CHEMBL5774006,7.66,7.66,False,Other,,,,6.62,6.62,1.04,,,,1,1.04,False
CS(=O)(=O)N1CC(CC#N)(n2ccc(-c3nc(-c4cnc5c(c4)NCCN5)cc4ncccc34)n2)C1,CHEMBL5753804,7.25,7.25,False,Other,5.84,5.84,1.4100000000000001,6.4,6.4,0.8499999999999996,,,,2,0.8499999999999996,False
CS(=O)(=O)N1CC(CC#N)(n2ccc(-c3nc(-c4cnc5cn[nH]c5c4)cc4ncccc34)n2)C1,CHEMBL5748549,7.36,7.36,False,Other,5.13,5.13,2.2300000000000004,6.14,6.14,1.2200000000000006,,,,2,1.2200000000000006,False
CS(=O)(=O)N1CC(CC#N)(n2ccc(-c3nc(-c4cnc5nccn5c4)cc4ncccc34)n2)C1,CHEMBL6045160,5.86,5.86,False,Other,,,,5.03,5.03,0.8300000000000001,,,,1,0.8300000000000001,False
CS(=O)(=O)N1CC(CC#N)(n2ccc(-c3nc(-c4cncc(N)c4)cc4ncccc34)n2)C1,CHEMBL5950056,6.83,6.83,False,Other,5.25,5.25,1.58,5.78,5.78,1.0499999999999998,,,,2,1.0499999999999998,False
CS(=O)(=O)N1CC(CC#N)(n2ccc(-c3nc(-c4cncnc4)cc4ncccc34)n2)C1,CHEMBL6027356,5.26,5.26,False,Other,,,,,,,,,,0,,False
CS(=O)(=O)N1CC(CC#N)(n2ccc(-c3nc(-c4cnco4)cc4ncccc34)n2)C1,CHEMBL5842551,6.76,6.76,False,Other,5.48,5.48,1.2799999999999994,5.75,5.75,1.0099999999999998,,,,2,1.0099999999999998,False
CS(=O)(=O)N1CC(CC#N)(n2ccc(-c3nc(-c4cnn(C(CO)CCl)c4)cc4ncccc34)n2)C1,CHEMBL5790287,7.5,7.5,False,Other,6.63,6.63,0.8700000000000001,7.2,7.2,0.2999999999999998,5.02,5.02,2.4800000000000004,3,0.2999999999999998,False
CS(=O)(=O)N1CC(CC#N)(n2ccc(-c3nc(-c4cnn(C(F)(F)F)c4)cc4ncccc34)n2)C1,CHEMBL5981694,6.07,6.07,False,Other,5.04,5.04,1.0300000000000002,5.38,5.38,0.6900000000000004,,,,2,0.6900000000000004,False
CS(=O)(=O)N1CC(CC#N)(n2ccc(-c3nc(-c4cnn(C5COC5)c4)cc4ncccc34)n2)C1,CHEMBL5904962,7.7,7.7,False,Other,5.76,5.76,1.9400000000000004,7.0,7.0,0.7000000000000002,5.02,5.02,2.6800000000000006,3,0.7000000000000002,False
CS(=O)(=O)N1CC(CC#N)(n2ccc(-c3nc(-c4cnn(CC5(O)COC5)c4)cc4ncccc34)n2)C1,CHEMBL5744950,7.12,7.12,False,Other,5.78,5.78,1.3399999999999999,6.64,6.64,0.4800000000000004,,,,2,0.4800000000000004,False
CS(=O)(=O)N1CC(CC#N)(n2ccc(-c3nc(-c4cnn(CC5COC5)c4)cc4ncccc34)n2)C1,CHEMBL5893166,7.66,7.66,False,Other,6.21,6.21,1.4500000000000002,7.16,7.16,0.5,5.04,5.04,2.62,3,0.5,False
CS(=O)(=O)N1CC(CC#N)(n2ccc(-c3nc(-c4cnn(CCO)c4)cc4ncccc34)n2)C1,CHEMBL5931705,7.48,7.48,False,Other,6.01,6.01,1.4700000000000006,6.79,6.79,0.6900000000000004,,,,2,0.6900000000000004,False
CS(=O)(=O)N1CC(CC#N)(n2ccc(-c3nc(-c4cnn([C@@H]5CCOC5)c4)cc4ncccc34)n2)C1,CHEMBL5751067,7.57,7.57,False,Other,6.15,6.15,1.42,7.17,7.17,0.40000000000000036,5.0,5.0,2.5700000000000003,3,0.40000000000000036,False
CS(=O)(=O)N1CC(CC#N)(n2ccc(-c3nc(-c4cnn([C@H]5CCOC5)c4)cc4ncccc34)n2)C1,CHEMBL5750995,7.68,7.68,False,Other,6.13,6.13,1.5499999999999998,7.27,7.27,0.41000000000000014,5.01,5.01,2.67,3,0.41000000000000014,False
CS(=O)(=O)N1CC(CC#N)(n2ccc(-c3nc(-c4cnn5ccccc45)cc4ncccc34)n2)C1,CHEMBL5922891,7.46,7.46,False,Other,6.39,6.39,1.0700000000000003,6.43,6.43,1.0300000000000002,,,,2,1.0300000000000002,False
CS(=O)(=O)N1CC(CC#N)(n2ccc(-c3nc(-c4cnn5cccnc45)cc4ncccc34)n2)C1,CHEMBL5997950,6.23,6.23,False,Other,5.05,5.05,1.1800000000000006,5.18,5.18,1.0500000000000007,,,,2,1.0500000000000007,False
CS(=O)(=O)N1CC(CC#N)(n2cnc(-c3cc(-c4ccc(=O)[nH]c4)cc4ncccc34)n2)C1,CHEMBL5796335,6.55,6.55,False,Other,,,,5.14,5.14,1.4100000000000001,,,,1,1.4100000000000001,False
CS(=O)(=O)N1CC(CC#N)(n2cnc(-c3cc(-c4ccn[nH]4)cc4ncccc34)n2)C1,CHEMBL5831908,6.49,6.49,False,Other,5.14,5.14,1.3500000000000005,5.17,5.17,1.3200000000000003,,,,2,1.3200000000000003,False
CS(=O)(=O)N1CC(CC#N)(n2cnc(-c3cc(-c4cn[nH]c4)cc4ncccc34)n2)C1,CHEMBL5980572,6.59,6.59,False,Other,5.08,5.08,1.5099999999999998,5.5,5.5,1.0899999999999999,,,,2,1.0899999999999999,False
CS(=O)(=O)N1CC(CC#N)(n2ncc(-c3cc(-c4c[nH]c(=O)[nH]c4=O)cc4ncccc34)n2)C1,CHEMBL5868108,6.56,6.56,False,Other,,,,5.21,5.21,1.3499999999999996,,,,1,1.3499999999999996,False
CS(=O)(=O)N1CC(CC#N)(n2ncc(-c3cc(-c4c[nH]c5nccc-5c4)cc4ncccc34)n2)C1,CHEMBL5764436,5.96,5.96,False,Other,,,,5.26,5.26,0.7000000000000002,,,,1,0.7000000000000002,False
CS(=O)(=O)N1CC(CC#N)(n2ncc(-c3cc(-c4cc(O)cc(F)c4)cc4ncccc34)n2)C1,CHEMBL5876412,6.2,6.2,False,Other,,,,5.19,5.19,1.0099999999999998,,,,1,1.0099999999999998,False
CS(=O)(=O)N1CC(CC#N)(n2ncc(-c3cc(-c4cc[nH]n4)cc4ncccc34)n2)C1,CHEMBL5896282,7.64,7.64,False,Other,6.23,6.23,1.4099999999999993,6.62,6.62,1.0199999999999996,,,,2,1.0199999999999996,False
CS(=O)(=O)N1CC(CC#N)(n2ncc(-c3cc(-c4ccc(=O)[nH]c4)cc4ncccc34)n2)C1,CHEMBL5966590,7.28,7.28,False,Other,5.58,5.58,1.7000000000000002,6.01,6.01,1.2700000000000005,,,,2,1.2700000000000005,False
CS(=O)(=O)N1CC(CC#N)(n2ncc(-c3cc(-c4ccc(F)c(CO)c4)cc4ncccc34)n2)C1,CHEMBL5741078,7.0,7.0,False,Other,5.33,5.33,1.67,6.02,6.02,0.9800000000000004,,,,2,0.9800000000000004,False
CS(=O)(=O)N1CC(CC#N)(n2ncc(-c3cc(-c4ccc(F)cc4O)cc4ncccc34)n2)C1,CHEMBL5985525,5.96,5.96,False,Other,,,,,,,,,,0,,False
CS(=O)(=O)N1CC(CC#N)(n2ncc(-c3cc(-c4ccc(N)nc4)cc4ncccc34)n2)C1,CHEMBL5929587,7.17,7.17,False,Other,5.53,5.53,1.6399999999999997,6.08,6.08,1.0899999999999999,,,,2,1.0899999999999999,False
CS(=O)(=O)N1CC(CC#N)(n2ncc(-c3cc(-c4ccc(O)c(F)c4)cc4ncccc34)n2)C1,CHEMBL6029613,7.11,7.11,False,Other,5.91,5.91,1.2000000000000002,5.93,5.93,1.1800000000000006,,,,2,1.1800000000000006,False
CS(=O)(=O)N1CC(CC#N)(n2ncc(-c3cc(-c4ccc(O)cc4)cc4ncccc34)n2)C1,CHEMBL5861522,7.52,7.52,False,Other,5.92,5.92,1.5999999999999996,6.21,6.21,1.3099999999999996,,,,2,1.3099999999999996,False
CS(=O)(=O)N1CC(CC#N)(n2ncc(-c3cc(-c4ccc5c(c4)C(=O)NC5)cc4ncccc34)n2)C1,CHEMBL5974066,6.59,6.59,False,Other,,,,5.57,5.57,1.0199999999999996,,,,1,1.0199999999999996,False
CS(=O)(=O)N1CC(CC#N)(n2ncc(-c3cc(-c4cccc(C(N)=O)c4)cc4ncccc34)n2)C1,CHEMBL5765519,7.03,7.03,False,Other,5.5,5.5,1.5300000000000002,6.04,6.04,0.9900000000000002,,,,2,0.9900000000000002,False
CS(=O)(=O)N1CC(CC#N)(n2ncc(-c3cc(-c4cccc(CN)c4)cc4ncccc34)n2)C1,CHEMBL5881134,6.52,6.52,False,Other,5.03,5.03,1.4899999999999993,5.765000000000001,5.765000000000001,0.754999999999999,,,,2,0.754999999999999,False
CS(=O)(=O)N1CC(CC#N)(n2ncc(-c3cc(-c4cccc(CO)c4)cc4ncccc34)n2)C1,CHEMBL5997386,6.95,6.95,False,Other,5.4,5.4,1.5499999999999998,5.95,5.95,1.0,,,,2,1.0,False
CS(=O)(=O)N1CC(CC#N)(n2ncc(-c3cc(-c4cccc(CO)c4F)cc4ncccc34)n2)C1,CHEMBL5920292,6.48,6.48,False,Other,,,,5.25,5.25,1.2300000000000004,,,,1,1.2300000000000004,False
CS(=O)(=O)N1CC(CC#N)(n2ncc(-c3cc(-c4cccc(O)c4)cc4ncccc34)n2)C1,CHEMBL5980264,6.97,6.97,False,Other,5.25,5.25,1.7199999999999998,5.71,5.71,1.2599999999999998,,,,2,1.2599999999999998,False
CS(=O)(=O)N1CC(CC#N)(n2ncc(-c3cc(-c4ccccc4O)cc4ncccc34)n2)C1,CHEMBL5781160,5.52,5.52,False,Other,,,,,,,,,,0,,False
CS(=O)(=O)N1CC(CC#N)(n2ncc(-c3cc(-c4cn[nH]c4)cc4ncccc34)n2)C1,CHEMBL5871515,7.5,7.5,False,Other,5.94,5.94,1.5599999999999996,6.41,6.41,1.0899999999999999,,,,2,1.0899999999999999,False
CS(=O)(=O)N1CC(CC#N)(n2ncc(-c3cc(-c4cnc(N)nc4)cc4ncccc34)n2)C1,CHEMBL5820503,5.46,5.46,False,Other,,,,,,,,,,0,,False
CS(=O)(=O)N1CC(CC#N)(n2ncc(-c3cc(-c4cncnc4)cc4ncccc34)n2)C1,CHEMBL5914597,5.3,5.3,False,Other,,,,,,,,,,0,,False
CS(=O)(=O)N1CC(CC#N)(n2ncc(-c3nc(-c4cc[nH]n4)cc4ncccc34)n2)C1,CHEMBL6012382,7.8,7.8,False,Other,6.75,6.75,1.0499999999999998,7.05,7.05,0.75,,,,2,0.75,False
CS(=O)(=O)N1CC(c2nc3cnc4[nH]ccc4c3n2[C@H]2CC[C@H](CC#N)CC2)C1,CHEMBL5825122,7.04,7.04,False,JH2,9.1,9.1,-2.0599999999999996,6.93,6.93,0.11000000000000032,5.89,5.89,1.1500000000000004,3,-2.0599999999999996,True
CS(=O)(=O)N1CCN(Cc2cc3nc(-c4cccc5[nH]ncc45)nc(N4CCOCC4)c3s2)CC1,CHEMBL521851,5.75,5.75,False,JH2,6.37,6.37,-0.6200000000000001,,,,,,,1,-0.6200000000000001,True
CS(=O)(=O)N1CC[C@H](C#CC(=O)N2CCC[C@@H](c3ccc(Cl)c(Cl)c3)C2)C1,CHEMBL5426374,7.42,7.42,False,Other,7.5,7.5,-0.08000000000000007,,,,,,,1,-0.08000000000000007,False
CS(=O)(=O)NC1CCN(c2ccn(-c3cc(-c4c(F)cccc4C#N)nc4c3C(=O)NC4)n2)C1,CHEMBL5807063,8.3,,True,Other,,,,8.3,,,,,,0,,False
CS(=O)(=O)NC[C@H]1CC[C@H](N2CN(C3CC3)C(=O)c3cnc4[nH]ccc4c32)CC1,CHEMBL3975691,7.04,7.04,False,Other,8.74,8.74,-1.7000000000000002,8.31,8.31,-1.2700000000000005,7.75,7.75,-0.71,3,-1.7000000000000002,False
CS(=O)(=O)NC[C@H]1CC[C@H](N2CN(CC(F)(F)F)C(=O)c3cnc4[nH]ccc4c32)CC1,CHEMBL3967370,6.96,6.96,False,Other,9.06,9.06,-2.1000000000000005,7.92,7.92,-0.96,7.43,7.43,-0.46999999999999975,3,-2.1000000000000005,False
CS(=O)(=O)NC[C@H]1CC[C@H](c2nnn3cnc4[nH]ccc4c23)CC1,CHEMBL3984562,7.8,7.8,False,Other,9.8,9.8,-2.000000000000001,8.92,8.92,-1.12,7.52,7.52,0.28000000000000025,3,-2.000000000000001,False
CS(=O)(=O)NCc1nc2cnc3[nH]ccc3c2n1[C@@H]1C[C@H]2CC[C@@H]1C2,CHEMBL2206059,6.85,6.85,False,Other,9.35,9.35,-2.5,6.72,6.72,0.1299999999999999,6.02,6.02,0.8300000000000001,3,-2.5,False
CS(=O)(=O)N[C@@H]1CCN(c2ccn(-c3cc(-c4c(F)cccc4C#N)nc4c3C(=O)NC4)n2)C1,CHEMBL5883624,8.3,,True,Other,,,,8.3,,,,,,0,,False
CS(=O)(=O)N[C@H]1CCN(c2ccn(-c3cc(-c4c(F)cccc4C#N)nc4c3C(=O)NC4)n2)C1,CHEMBL5780946,8.3,,True,Other,,,,8.3,,,,,,0,,False
CS(=O)(=O)Nc1cc(Cl)c(C(=O)Nc2ccnc(NC(=O)C3CC3)c2)c(Cl)c1,CHEMBL2387111,7.87,7.87,False,Other,,,,,,,,,,0,,False
CS(=O)(=O)Nc1ccc(-c2cc(-c3cnn(C4(CC#N)CC(C#N)C4)n3)c3cccnc3c2)nc1,CHEMBL5902901,7.785,7.785,False,Other,6.8100000000000005,6.8100000000000005,0.9749999999999996,7.215,7.215,0.5700000000000003,5.54,5.54,2.245,3,0.5700000000000003,False
CS(=O)(=O)Nc1ccc(-c2cc3ncccc3c(-c3ccn(C4(CC#N)CC(C#N)C4)n3)n2)cc1,CHEMBL5780695,7.83,7.83,False,Other,7.439999999999999,7.439999999999999,0.39000000000000146,7.525,7.525,0.3049999999999997,5.765000000000001,5.765000000000001,2.0649999999999995,3,0.3049999999999997,False
CS(=O)(=O)Nc1ccc(-c2cc3ncccc3c(-c3ccn(C4(CC#N)CN(S(C)(=O)=O)C4)n3)n2)cn1,CHEMBL6040314,7.77,7.77,False,Other,6.92,6.92,0.8499999999999996,6.83,6.83,0.9399999999999995,,,,2,0.8499999999999996,False
CS(=O)(=O)Nc1ccc(-c2ccc3[nH]nc(N)c3c2)cc1,CHEMBL2004892,6.7,6.7,False,Other,,,,7.1,7.1,-0.39999999999999947,6.7,6.7,0.0,2,-0.39999999999999947,False
CS(=O)(=O)Nc1ccc(-c2ccnc(Nc3ccc(N4CCC(C(=O)NCCCCCCCC(=O)NO)CC4)cc3)n2)cc1,CHEMBL4159366,7.13,7.13,False,Other,7.12,7.12,0.009999999999999787,8.7,8.7,-1.5699999999999994,6.84,6.84,0.29000000000000004,3,-1.5699999999999994,False
CS(=O)(=O)Nc1ccc(-c2ccnc(Nc3ccc(N4CCC(C(=O)Nc5ccc(/C=C/C(=O)NO)cc5)CC4)cc3)n2)cc1,CHEMBL4175555,7.34,7.34,False,Other,6.45,6.45,0.8899999999999997,8.1,8.1,-0.7599999999999998,6.92,6.92,0.41999999999999993,3,-0.7599999999999998,False
CS(=O)(=O)Nc1ccc(-c2ccnc(Nc3ccc(N4CCN(CC(=O)Nc5ccc(/C=C/C(=O)NO)cc5)CC4)cc3)n2)cc1,CHEMBL6134634,8.36,8.36,False,Other,7.85,7.85,0.5099999999999998,9.14,9.14,-0.7800000000000011,8.1,8.1,0.2599999999999998,3,-0.7800000000000011,False
CS(=O)(=O)Nc1ccc(-c2ccnc(Nc3ccc(N4CCN(CC(=O)Nc5ccc(C(=O)NO)cc5)CC4)cc3)n2)cc1,CHEMBL6150030,8.59,8.59,False,Other,8.08,8.08,0.5099999999999998,9.31,9.31,-0.7200000000000006,8.25,8.25,0.33999999999999986,3,-0.7200000000000006,False
CS(=O)(=O)Nc1cccc(-c2cc(-c3cnn(C4(CC#N)CC(C#N)C4)n3)c3cccnc3c2)n1,CHEMBL5919420,7.42,7.42,False,Other,5.805,5.805,1.6150000000000002,6.744999999999999,6.744999999999999,0.6750000000000007,5.22,5.22,2.2,3,0.6750000000000007,False
CS(=O)(=O)Nc1cncc(-c2cc3ncccc3c(-c3ccn(C4(CC#N)CN(S(C)(=O)=O)C4)n3)n2)c1,CHEMBL5891874,6.1,6.1,False,Other,,,,5.17,5.17,0.9299999999999997,,,,1,0.9299999999999997,False
CS(=O)(=O)c1cc(-c2ccn(C3CC3)n2)ccc1Nc1cc(NC(=O)C2CC2)nc2[nH]c(C(F)F)nc12,CHEMBL5978271,9.52,,True,JH2,,,,,,,,,,0,,True
CS(=O)(=O)c1cc(-c2ccn(C3CCOCC3)n2)ccc1Nc1cc(NC(=O)C2CC2)nc2[nH]c(C(F)F)nc12,CHEMBL5770468,9.52,,True,JH2,,,,,,,,,,0,,True
CS(=O)(=O)c1cc(C(F)(F)F)ccc1Nc1cc(NC(=O)C2CC2)nc2[nH]c(C(F)F)nc12,CHEMBL5940571,8.26,,True,JH2,,,,,,,,,,0,,True
CS(=O)(=O)c1cc(C2CC2)ccc1Nc1cc(NC(=O)C2CC2)nc2[nH]c(C(F)F)nc12,CHEMBL5967765,9.52,,True,JH2,,,,,,,,,,0,,True
CS(=O)(=O)c1cc(C2CC2)ccc1Nc1cc(Nc2cc3n(n2)CCCCC3)nc2[nH]c(C(F)F)nc12,CHEMBL5764060,9.52,,True,JH2,,,,,,,,,,0,,True
CS(=O)(=O)c1cc(C2CC2)ccc1Nc1cc(Nc2cc3n(n2)CCOC3)nc2[nH]c(C(F)F)nc12,CHEMBL5784690,9.52,,True,JH2,,,,,,,,,,0,,True
CS(=O)(=O)c1cc(C2CC2)ccc1Nc1cc(Nc2cccc(C(F)(F)F)n2)nc2[nH]c(C(F)F)nc12,CHEMBL6031379,8.26,,True,JH2,,,,,,,,,,0,,True
CS(=O)(=O)c1cc(C2CCC(F)(F)CO2)ccc1Nc1cc(NC(=O)C2CC2)nc2[nH]c(C(F)F)nc12,CHEMBL5930732,9.52,,True,JH2,,,,,,,,,,0,,True
CS(=O)(=O)c1cc(C2CCC2)ccc1Nc1cc(NC(=O)C2CC2)nc2[nH]c(C(F)F)nc12,CHEMBL6009294,8.26,,True,JH2,,,,,,,,,,0,,True
CS(=O)(=O)c1cc(C2CCC2)ccc1Nc1cc(NC(=O)[C@@H]2C[C@@H]2F)nc2[nH]c(C(F)F)nc12,CHEMBL5785270,9.52,,True,JH2,,,,,,,,,,0,,True
CS(=O)(=O)c1cc(C2CCC2)ccc1Nc1cc(NC(=O)[C@H]2C[C@H]2F)nc2[nH]c(C(F)F)nc12,CHEMBL5996254,8.26,,True,JH2,,,,,,,,,,0,,True
CS(=O)(=O)c1cc(C2CCCCO2)ccc1Nc1cc(Nc2cccc(C(F)(F)F)n2)nc2[nH]c(C(F)F)nc12,CHEMBL6016270,9.12,,True,JH2,,,,,,,,,,0,,True
CS(=O)(=O)c1cc(C2CCCOC2)ccc1Nc1cc(NC(=O)C2CC2)nc2[nH]c(C(F)F)nc12,CHEMBL6004903,9.52,,True,JH2,,,,,,,,,,0,,True
CS(=O)(=O)c1cc(C2CCOC2)ccc1Nc1cc(NC(=O)C2CC2)nc2[nH]c(C(F)F)nc12,CHEMBL5997776,9.12,,True,JH2,,,,,,,,,,0,,True
CS(=O)(=O)c1cc(C2CCOCC2)ccc1Nc1cc(NC(=O)C2CC2(F)F)nc2[nH]c(C(F)F)nc12,CHEMBL5847107,8.26,,True,JH2,,,,,,,,,,0,,True
CS(=O)(=O)c1cc(C2CCOCC2)ccc1Nc1cc(NC(=O)C2CC2)nc2[nH]c(C(F)F)nc12,CHEMBL5875453,9.52,,True,JH2,,,,,,,,,,0,,True
CS(=O)(=O)c1cc(C2CCOCC2)ccc1Nc1cc(NC(=O)[C@@H]2CC2(F)F)nc2[nH]c(C(F)F)nc12,CHEMBL5920346,8.26,,True,JH2,,,,,,,,,,0,,True
CS(=O)(=O)c1cc(C2CCOCC2)ccc1Nc1cc(NC(=O)[C@H]2CC2(F)F)nc2[nH]c(C(F)F)nc12,CHEMBL5871940,8.26,,True,JH2,,,,,,,,,,0,,True
CS(=O)(=O)c1cc(C2COCCO2)ccc1Nc1cc(NC(=O)C2CC2)nc2[nH]c(C(F)F)nc12,CHEMBL5988090,9.52,,True,JH2,,,,,,,,,,0,,True
CS(=O)(=O)c1cc(Cl)ccc1Nc1cc(NC(=O)C2CC2)nc2[nH]c(C(F)F)nc12,CHEMBL5858762,9.12,,True,JH2,,,,,,,,,,0,,True
CS(=O)(=O)c1cc(Cl)ccc1Nc1cc(NC(=O)[C@H]2C[C@H]2F)nc2[nH]c(C(F)F)nc12,CHEMBL5872809,9.12,,True,JH2,,,,,,,,,,0,,True
CS(=O)(=O)c1cc(Cl)ccc1Nc1cc(Nc2cccc(C#N)n2)nc2[nH]c(C(F)F)nc12,CHEMBL5985022,9.12,,True,JH2,,,,,,,,,,0,,True
CS(=O)(=O)c1cc(F)ccc1Nc1cc(NC(=O)C2CC2)nc2[nH]c(C(F)F)nc12,CHEMBL5923644,9.12,,True,JH2,,,,,,,,,,0,,True
CS(=O)(=O)c1cc(F)ccc1Nc1cc(Nc2cc3c(nn2)CCC3)nc2[nH]c(C(F)F)nc12,CHEMBL5883492,9.52,,True,JH2,,,,,,,,,,0,,True
CS(=O)(=O)c1cc(F)ccc1Nc1cc(Nc2ccc(OC3CCOCC3)c(C#N)n2)nc2[nH]c(C(F)F)nc12,CHEMBL5786192,9.52,,True,JH2,,,,,,,,,,0,,True
CS(=O)(=O)c1cc(F)ccc1Nc1cc(Nc2ccc3c(n2)CCOC3)nc2[nH]c(C(F)F)nc12,CHEMBL6011507,9.52,,True,JH2,,,,,,,,,,0,,True
CS(=O)(=O)c1cc(F)ccc1Nc1cc(Nc2cccc(C#N)n2)nc2[nH]c(C(F)F)nc12,CHEMBL6064228,9.52,,True,JH2,,,,,,,,,,0,,True
CS(=O)(=O)c1cc([C@@H]2CCC(F)(F)CO2)ccc1Nc1cc(NC(=O)C2CC2)nc2[nH]c(C(F)F)nc12,CHEMBL6028181,9.52,,True,JH2,,,,,,,,,,0,,True
CS(=O)(=O)c1cc([C@@H]2CCCCO2)ccc1Nc1cc(NC(=O)C2CC2(F)F)nc2[nH]c(C(F)F)nc12,CHEMBL5851803,9.12,,True,JH2,,,,,,,,,,0,,True
CS(=O)(=O)c1cc([C@@H]2CCCCO2)ccc1Nc1cc(NC(=O)C2CC2)nc2[nH]c(C(F)F)nc12,CHEMBL5844638,9.52,,True,JH2,,,,,,,,,,0,,True
CS(=O)(=O)c1cc([C@@H]2CCCCO2)ccc1Nc1cc(Nc2cc3n(n2)CCOC3)nc2[nH]c(C(F)F)nc12,CHEMBL5747512,9.52,,True,JH2,,,,,,,,,,0,,True
CS(=O)(=O)c1cc([C@@H]2CCCCO2)ccc1Nc1cc(Nc2cccc(C(F)(F)F)n2)nc2[nH]c(C(F)F)nc12,CHEMBL5805162,8.26,,True,JH2,,,,,,,,,,0,,True
CS(=O)(=O)c1cc([C@@H]2CCCO2)ccc1Nc1cc(NC(=O)[C@@H]2CC2(F)F)nc2[nH]c(C(F)F)nc12,CHEMBL5755791,9.12,,True,JH2,,,,,,,,,,0,,True
CS(=O)(=O)c1cc([C@@H]2CCCO2)ccc1Nc1cc(NC(=O)[C@H]2CC2(F)F)nc2[nH]c(C(F)F)nc12,CHEMBL5843412,9.52,,True,JH2,,,,,,,,,,0,,True
CS(=O)(=O)c1cc([C@@H]2CCCOC2)ccc1Nc1cc(NC(=O)C2CC2(F)F)nc2[nH]c(C(F)F)nc12,CHEMBL5782990,8.26,,True,JH2,,,,,,,,,,0,,True
CS(=O)(=O)c1cc([C@@H]2CCCOC2)ccc1Nc1cc(NC(=O)C2CC2)nc2[nH]c(C(F)F)nc12,CHEMBL5989916,9.52,,True,JH2,,,,,,,,,,0,,True
CS(=O)(=O)c1cc([C@@H]2CCCOC2)ccc1Nc1cc(NC(=O)[C@@H]2CC2(F)F)nc2[nH]c(C(F)F)nc12,CHEMBL5899279,8.26,,True,JH2,,,,,,,,,,0,,True
CS(=O)(=O)c1cc([C@@H]2CCOC2)ccc1Nc1cc(NC(=O)C2CC2)nc2[nH]c(C(F)F)nc12,CHEMBL5751831,9.12,,True,JH2,,,,,,,,,,0,,True
CS(=O)(=O)c1cc([C@@H]2COCCO2)ccc1Nc1cc(NC(=O)C2CC2)nc2[nH]c(C(F)F)nc12,CHEMBL5922124,9.52,,True,JH2,,,,,,,,,,0,,True
CS(=O)(=O)c1cc([C@H]2CCC(F)(F)CO2)ccc1Nc1cc(NC(=O)C2CC2)nc2[nH]c(C(F)F)nc12,CHEMBL5929960,8.26,,True,JH2,,,,,,,,,,0,,True
CS(=O)(=O)c1cc([C@H]2CCCCO2)ccc1Nc1cc(NC(=O)[C@@H]2CC2(F)F)nc2[nH]c(C(F)F)nc12,CHEMBL5845770,8.89,,True,JH2,,,,,,,,,,0,,True
CS(=O)(=O)c1cc([C@H]2CCCCO2)ccc1Nc1cc(NC(=O)[C@H]2CC2(F)F)nc2[nH]c(C(F)F)nc12,CHEMBL5765957,8.69,,True,JH2,,,,,,,,,,0,,True
CS(=O)(=O)c1cc([C@H]2CCCCO2)ccc1Nc1cc(Nc2cccc(C(F)(F)F)n2)nc2[nH]c(C(F)F)nc12,CHEMBL5873783,9.12,,True,JH2,,,,,,,,,,0,,True
CS(=O)(=O)c1cc([C@H]2CCCO2)ccc1Nc1cc(NC(=O)C2CC2(F)F)nc2[nH]c(C(F)F)nc12,CHEMBL5927079,8.26,,True,JH2,,,,,,,,,,0,,True
CS(=O)(=O)c1cc([C@H]2CCCO2)ccc1Nc1cc(NC(=O)C2CC2)nc2[nH]c(C(F)F)nc12,CHEMBL5986610,9.52,,True,JH2,,,,,,,,,,0,,True
CS(=O)(=O)c1cc([C@H]2CCCO2)ccc1Nc1cc(NC(=O)[C@@H]2CC2(F)F)nc2[nH]c(C(F)F)nc12,CHEMBL5882651,9.12,,True,JH2,,,,,,,,,,0,,True
CS(=O)(=O)c1cc([C@H]2CCCO2)ccc1Nc1cc(NC(=O)[C@H]2CC2(F)F)nc2[nH]c(C(F)F)nc12,CHEMBL5909028,8.26,,True,JH2,,,,,,,,,,0,,True
CS(=O)(=O)c1cc([C@H]2CCCOC2)ccc1Nc1cc(NC(=O)C2CC2(F)F)nc2[nH]c(C(F)F)nc12,CHEMBL5861482,8.26,,True,JH2,,,,,,,,,,0,,True
CS(=O)(=O)c1cc([C@H]2CCCOC2)ccc1Nc1cc(NC(=O)C2CC2)nc2[nH]c(C(F)F)nc12,CHEMBL6063667,8.26,,True,JH2,,,,,,,,,,0,,True
CS(=O)(=O)c1cc([C@H]2CCCOC2)ccc1Nc1cc(NC(=O)[C@@H]2CC2(F)F)nc2[nH]c(C(F)F)nc12,CHEMBL5960426,8.26,,True,JH2,,,,,,,,,,0,,True
CS(=O)(=O)c1cc([C@H]2CCCOC2)ccc1Nc1cc(NC(=O)[C@H]2CC2(F)F)nc2[nH]c(C(F)F)nc12,CHEMBL6054021,9.12,,True,JH2,,,,,,,,,,0,,True
CS(=O)(=O)c1cc([C@H]2CCOC2)ccc1Nc1cc(NC(=O)C2CC2)nc2[nH]c(C(F)F)nc12,CHEMBL5952573,9.52,,True,JH2,,,,,,,,,,0,,True
CS(=O)(=O)c1cc([C@H]2COCCO2)ccc1Nc1cc(NC(=O)C2CC2)nc2[nH]c(C(F)F)nc12,CHEMBL5908478,9.52,,True,JH2,,,,,,,,,,0,,True
CS(=O)(=O)c1ccc(-c2cc(-c3cnn(C4(CC#N)CC(C#N)C4)n3)c3cccnc3c2)nc1,CHEMBL6036151,7.54,7.54,False,Other,5.87,5.87,1.67,6.965,6.965,0.5750000000000002,5.14,5.14,2.4000000000000004,3,0.5750000000000002,False
CS(=O)(=O)c1ccc(-c2cc3ncccc3c(-c3ccn(C4(CC#N)CC(C#N)C4)n3)n2)cn1,CHEMBL5950134,7.355,7.355,False,Other,6.065,6.065,1.29,6.845000000000001,6.845000000000001,0.5099999999999998,5.03,5.03,2.325,3,0.5099999999999998,False
CS(=O)(=O)c1ccc(-c2cc3ncccc3c(-c3ccn(C4(CC#N)CN(S(C)(=O)=O)C4)n3)n2)cn1,CHEMBL5825345,7.3,7.3,False,Other,5.6,5.6,1.7000000000000002,6.32,6.32,0.9799999999999995,,,,2,0.9799999999999995,False
CS(=O)(=O)c1ccc(-c2ccc(-c3nc4cnc5[nH]ccc5c4n3[C@H]3CC[C@H](CC#N)CC3)cc2)cc1,CHEMBL5996845,7.45,7.45,False,JH2,9.4,9.4,-1.9500000000000002,7.52,7.52,-0.0699999999999994,6.07,6.07,1.38,3,-1.9500000000000002,True
CS(=O)(=O)c1ccc(CN2CCC(c3nnn4cnc5[nH]ccc5c34)CC2)cc1,CHEMBL3908624,6.19,6.19,False,Other,8.49,8.49,-2.3,7.38,7.38,-1.1899999999999995,6.28,6.28,-0.08999999999999986,3,-2.3,False
CS(=O)(=O)c1ccc(CNC[C@H]2CC[C@H](c3nnn4cnc5[nH]ccc5c34)CC2)cc1,CHEMBL3943994,7.390000000000001,7.390000000000001,False,Other,8.295,8.295,-0.9049999999999994,6.855,6.855,0.5350000000000001,6.15,6.15,1.2400000000000002,3,-0.9049999999999994,False
CS(=O)(=O)c1ccc(Nc2nn(C3CCOCC3)cc2C(N)=O)cc1,CHEMBL3782012,7.22,7.22,False,Other,7.66,7.66,-0.4400000000000004,6.82,6.82,0.39999999999999947,,,,2,-0.4400000000000004,False
CS(=O)(=O)c1ccc(Nc2oc(-c3c(Cl)cccc3Cl)nc2C(N)=O)cc1,CHEMBL5887357,8.64,8.64,False,Other,7.66,7.66,0.9800000000000004,7.06,7.06,1.580000000000001,6.67,6.67,1.9700000000000006,3,0.9800000000000004,False
CS(=O)(=O)c1ccc(Nc2oc(-c3c(F)cc(F)cc3F)nc2C(N)=O)cc1,CHEMBL5874607,7.17,7.17,False,Other,6.62,6.62,0.5499999999999998,6.38,6.38,0.79,5.66,5.66,1.5099999999999998,3,0.5499999999999998,False
CS(=O)(=O)c1ccc(Nc2oc(-c3c(F)cccc3Cl)nc2C(N)=O)cc1,CHEMBL5881363,8.57,8.57,False,Other,7.54,7.54,1.0300000000000002,7.14,7.14,1.4300000000000006,6.78,6.78,1.79,3,1.0300000000000002,False
CS(=O)(=O)c1ccc(Nc2oc(-c3c(F)cccc3F)nc2C(N)=O)cc1,CHEMBL5967556,7.87,7.87,False,Other,7.04,7.04,0.8300000000000001,6.63,6.63,1.2400000000000002,6.39,6.39,1.4800000000000004,3,0.8300000000000001,False
CS(=O)(=O)c1ccc(Nc2oc(-c3cc(F)ccc3F)nc2C(N)=O)cc1,CHEMBL5841658,6.74,6.74,False,Other,6.07,6.07,0.6699999999999999,6.18,6.18,0.5600000000000005,5.26,5.26,1.4800000000000004,3,0.5600000000000005,False
CS(=O)(=O)c1ccc2c(c1)CCN2C[C@H]1CC[C@H](c2nnn3cnc4[nH]ccc4c23)CC1,CHEMBL3894535,6.42,6.42,False,Other,7.96,7.96,-1.54,7.42,7.42,-1.0,6.21,6.21,0.20999999999999996,3,-1.54,False
CS(=O)(=O)c1ccccc1Nc1cc(NC(=O)C2CC2)nc2[nH]c(C(F)F)nc12,CHEMBL5864765,9.52,,True,JH2,,,,,,,,,,0,,True
CS(=O)(=O)c1ccccc1Nc1cc(Nc2ccc(F)cn2)ncc1C(N)=O,CHEMBL4530719,7.48,7.48,False,Other,7.37,7.37,0.11000000000000032,7.75,7.75,-0.2699999999999996,,,,2,-0.2699999999999996,False
CS(=O)(=O)c1ccccc1Nc1cc(Nc2ccc3c(n2)C(F)(F)CC3)nc2[nH]c(C(F)F)nc12,CHEMBL5866096,9.52,,True,JH2,,,,,,,,,,0,,True
CS(=O)(=O)c1ccccc1Nc1cc(Nc2cccc(C(F)(F)F)n2)nc2[nH]c(C(F)F)nc12,CHEMBL6042528,9.12,,True,JH2,,,,,,,,,,0,,True
CS(=O)(=O)c1ccn(-c2cc(-c3c(F)cccc3C#N)nc3c2C(=O)NC3)n1,CHEMBL5759891,7.26,,True,Other,,,,,,,,,,0,,False
CS(C)(=O)=NCc1nc2cnc3[nH]ccc3c2n1[C@H]1CC[C@H](CC#N)CC1,CHEMBL5883556,8.16,8.16,False,JH2,9.05,9.05,-0.8900000000000006,8.0,8.0,0.16000000000000014,6.42,6.42,1.7400000000000002,3,-0.8900000000000006,True
CSC(C)C(=O)N1[C@@H]2CCC[C@H]1C[C@H](Nc1nc(Nc3cc(C)[nH]n3)cc3ncccc13)C2,CHEMBL6024693,9.26,,True,Other,9.26,,,9.26,,,7.3,,,0,,False
CSCCNc1nc(-c2cc(F)c(O)cc2CC(F)(F)F)cc2[nH]nc(-c3nc4c([nH]3)CCN(Cc3ccccc3)C4)c12,CHEMBL5923410,6.76,6.76,False,Other,7.3,7.3,-0.54,6.71,6.71,0.04999999999999982,6.23,6.23,0.5299999999999994,3,-0.54,False
CSCN1CN([C@H]2CC[C@H](CNCC(F)(F)F)CC2)c2c(cnc3[nH]ccc23)C1=O,CHEMBL3966746,6.8,6.8,False,Other,8.22,8.22,-1.4200000000000008,7.47,7.47,-0.6699999999999999,7.27,7.27,-0.46999999999999975,3,-1.4200000000000008,False
CSc1ccc(C(O)(CN[C@H]2CC[C@H](c3nnn4cnc5[nH]ccc5c34)CC2)C(F)(F)F)cc1,CHEMBL3962138,6.41,6.41,False,Other,8.77,8.77,-2.3599999999999994,7.57,7.57,-1.1600000000000001,6.55,6.55,-0.13999999999999968,3,-2.3599999999999994,False
CSc1cccc(Nc2ncc3cc(-c4c(Cl)cccc4Cl)c(=O)n(C)c3n2)c1,CHEMBL386051,6.37,6.37,False,JH1,6.48,6.48,-0.11000000000000032,7.0,7.0,-0.6299999999999999,6.29,6.29,0.08000000000000007,3,-0.6299999999999999,False
CSc1nccc(-c2nc3cnc4[nH]ccc4c3n2[C@H]2CC[C@H](CC#N)CC2)n1,CHEMBL5817872,7.89,7.89,False,JH2,9.3,9.3,-1.410000000000001,8.03,8.03,-0.13999999999999968,6.93,6.93,0.96,3,-1.410000000000001,True
C[C@@H](CC(F)(F)F)n1cc(-c2nc(-c3cnn(C[C@@H](O)CO)c3)cn3nccc23)cn1,CHEMBL5982547,6.26,6.26,False,JH1,5.26,,,6.26,6.26,0.0,5.26,5.26,1.0,2,0.0,False
C[C@@H](CO)c1ccc(Nc2nccc(N3C[C@H]4CC[C@@H](C3)N4C(=O)C3CC3(F)F)n2)cn1,CHEMBL5897467,7.4,7.4,False,Other,6.86,6.86,0.54,6.85,6.85,0.5500000000000007,,,,2,0.54,False
C[C@@H](NC(=O)c1c[nH]c2ncc(-c3nn(C)c4cc(Cl)ccc34)nc12)C(=O)N1CC(C#N)C1,CHEMBL2376144,6.46,6.46,False,Other,7.324999999999999,7.324999999999999,-0.8649999999999993,7.81,7.81,-1.3499999999999996,8.905000000000001,8.905000000000001,-2.445000000000001,3,-2.445000000000001,False
C[C@@H](Nc1c(C(N)=O)cnn2cccc12)C(C)(C)C,CHEMBL3359907,7.8,7.8,False,Other,7.32,7.32,0.47999999999999954,7.52,7.52,0.28000000000000025,8.1,8.1,-0.2999999999999998,3,-0.2999999999999998,False
C[C@@H](O)CNC[C@H]1CC[C@H](c2nnn3cnc4[nH]ccc4c23)CC1,CHEMBL4109199,6.89,6.89,False,Other,8.09,8.09,-1.2000000000000002,7.29,7.29,-0.40000000000000036,6.5,6.5,0.3899999999999997,3,-1.2000000000000002,False
C[C@@H](O)Cc1nc2cnc3[nH]ccc3c2n1[C@H]1CC[C@H](CC#N)CC1,CHEMBL5853680,9.7,9.7,False,JH2,,,,9.22,9.22,0.47999999999999865,7.3,7.3,2.3999999999999995,2,0.47999999999999865,True
C[C@@H](O)Cn1c2ccc(C(N)=O)cc2nc1[C@H]1CC[C@H](O)CC1,CHEMBL3814406,4.59,4.59,False,Other,5.7,5.7,-1.1100000000000003,4.92,4.92,-0.33000000000000007,5.07,5.07,-0.4800000000000004,3,-1.1100000000000003,False
C[C@@H](O)[C@@H](CO)Nc1c(C(N)=O)cnn2cc(-c3ccccc3)cc12,CHEMBL4447360,7.47,7.47,False,Other,8.3,8.3,-0.830000000000001,7.16,7.16,0.3099999999999996,8.52,8.52,-1.0499999999999998,3,-1.0499999999999998,False
C[C@@H](O)[C@H](CO)Nc1c(C(N)=O)cnn2cc(-c3ccccc3)cc12,CHEMBL4469583,6.29,6.29,False,Other,6.96,6.96,-0.6699999999999999,5.77,5.77,0.5200000000000005,6.75,6.75,-0.45999999999999996,3,-0.6699999999999999,False
C[C@@H](O)c1nc2cnc3[nH]ccc3c2n1[C@H]1CCCOC1,CHEMBL2386653,7.51,7.51,False,Other,8.55,8.55,-1.040000000000001,,,,6.96,6.96,0.5499999999999998,2,-1.040000000000001,False
C[C@@H](O)c1nc2cnc3[nH]ccc3c2n1[C@H]1CC[C@@H](NCC(F)(F)F)C1,CHEMBL2385096,7.7,7.7,False,Other,8.7,8.7,-0.9999999999999991,,,,7.28,7.28,0.41999999999999993,2,-0.9999999999999991,False
C[C@@H](O)c1nc2cnc3[nH]ccc3c2n1[C@H]1CC[C@H](C#N)CC1,CHEMBL2386633,7.92,7.92,False,Other,8.72,8.72,-0.8000000000000007,,,,6.55,6.55,1.37,2,-0.8000000000000007,False
C[C@@H](O)c1nc2cnc3[nH]ccc3c2n1[C@H]1CC[C@H](CC#N)CC1,CHEMBL2386635,9.55,9.55,False,Other,10.0,10.0,-0.4499999999999993,9.22,9.22,0.33000000000000007,7.765000000000001,7.765000000000001,1.7850000000000001,3,-0.4499999999999993,False
C[C@@H](O)c1nc2cnc3[nH]ccc3c2n1[C@H]1CC[C@H](CCC#N)CC1,CHEMBL2386636,8.77,8.77,False,Other,9.52,9.52,-0.75,,,,8.11,8.11,0.6600000000000001,2,-0.75,False
C[C@@H](O)c1nc2cnc3[nH]ccc3c2n1[C@H]1CC[C@H](NCC(F)(F)F)CC1,CHEMBL2386629,8.47,8.47,False,Other,9.1,9.1,-0.629999999999999,,,,7.12,7.12,1.3500000000000005,2,-0.629999999999999,False
C[C@@H](Oc1cc(-c2cnn(C3CCNCC3)c2)cnc1N)c1c(Cl)ccc(F)c1Cl,CHEMBL601719,5.9,5.9,False,Other,6.365,6.365,-0.46499999999999986,7.765000000000001,7.765000000000001,-1.8650000000000002,6.285,6.285,-0.3849999999999998,3,-1.8650000000000002,False
C[C@@H]1CC(O)C[C@@H](C)N1c1ccn(-c2cc(-c3c(F)cccc3C#N)nc3c2C(=O)NC3)n1,CHEMBL6019906,7.26,,True,Other,,,,6.26,,,,,,0,,False
C[C@@H]1CC(O)C[C@H](C)N1c1ccn(-c2cc(-c3c(F)cccc3C#N)nc3c2C(=O)NC3)n1,CHEMBL5893266,7.26,,True,Other,,,,6.26,,,,,,0,,False
C[C@@H]1CCC1n1cc(-c2nc(-c3cnn(C[C@@H](O)CO)c3)cn3nccc23)cn1,CHEMBL6058939,6.76,,True,JH1,5.76,,,6.76,,,5.26,,,0,,False
C[C@@H]1CCCC[C@@H]1n1c(-c2ccc(/C=C(\C#N)C(=O)N(C)C)o2)nc2cnc3[nH]ccc3c21,CHEMBL5188882,6.05,6.05,False,Other,7.19,7.19,-1.1400000000000006,6.57,6.57,-0.5200000000000005,8.79,8.79,-2.7399999999999993,3,-2.7399999999999993,False
C[C@@H]1CCCC[C@H]1n1cc(-c2nc(-c3cnn(C(CO)CO)c3)cn3nccc23)cn1,CHEMBL5804171,7.26,,True,JH1,5.76,,,7.26,,,5.26,,,0,,False
C[C@@H]1CCCC[C@H]1n1cc(-c2nc(-c3cnn(C[C@@H](O)CO)c3)cn3nccc23)cn1,CHEMBL5922141,7.26,,True,JH1,5.76,,,7.26,,,5.26,,,0,,False
C[C@@H]1CCCC[C@H]1n1cc(-c2nc(-c3cnn(C[C@H](O)CO)c3)cn3nccc23)cn1,CHEMBL5770313,7.26,,True,JH1,5.76,,,7.26,,,5.26,,,0,,False
C[C@@H]1CCCN1S(=O)(=O)C[C@H]1C[C@@H](N(C)c2ncnc3[nH]ccc23)C1,CHEMBL5977954,6.49,6.49,False,Other,7.55,7.55,-1.0599999999999996,6.3,6.3,0.1900000000000004,5.0,5.0,1.4900000000000002,3,-1.0599999999999996,False
C[C@@H]1CCN(C(=O)CC#N)C[C@@H]1N(C)c1ncnc2[nH]ccc12,CHEMBL221959,7.27,7.27,False,Other,7.48,7.48,-0.21000000000000085,7.42,7.42,-0.15000000000000036,8.07,8.07,-0.8000000000000007,3,-0.8000000000000007,False
C[C@@H]1CCN(C(=O)CC#N)C[C@@H]1n1cnc2cnc3[nH]ccc3c21,CHEMBL2152297,8.38,8.38,False,Other,9.3,9.3,-0.9199999999999999,9.52,9.52,-1.1399999999999988,9.05,9.05,-0.6699999999999999,3,-1.1399999999999988,False
C[C@@H]1CCN(C(=O)N2CCCC2)C[C@@H]1N(C)c1ncnc2[nH]ccc12,CHEMBL4068357,6.34,6.34,False,Other,7.774999999999999,7.774999999999999,-1.4349999999999987,7.53,7.53,-1.1900000000000004,7.705,7.705,-1.3650000000000002,3,-1.4349999999999987,False
C[C@@H]1CCN(C(=O)N2CC[C@@H](S(=O)(=O)c3cccc(O)c3)C2)C[C@@H]1N(C)c1ncnc2[nH]ccc12,CHEMBL4089515,6.02,6.02,False,Other,8.64,8.64,-2.620000000000001,7.67,7.67,-1.6500000000000004,7.47,7.47,-1.4500000000000002,3,-2.620000000000001,False
C[C@@H]1CCN(C)C[C@@H]1n1ccc(=O)c2cnc3[nH]ccc3c21,CHEMBL6055993,5.41,5.41,False,Other,6.72,6.72,-1.3099999999999996,6.42,6.42,-1.0099999999999998,6.6,6.6,-1.1899999999999995,3,-1.3099999999999996,False
C[C@@H]1CCN(Cc2cccc(F)c2F)C[C@@H]1n1ccc(=O)c2cnc3[nH]ccc3c21,CHEMBL5945847,6.2,6.2,False,Other,7.57,7.57,-1.37,7.34,7.34,-1.1399999999999997,7.51,7.51,-1.3099999999999996,3,-1.37,False
C[C@@H]1CCN(Cc2ccccc2)C[C@@H]1N(C)c1ncnc2[nH]ccc12,CHEMBL2152298,5.46,5.46,False,Other,6.21,6.21,-0.75,6.11,6.11,-0.6500000000000004,6.92,6.92,-1.46,3,-1.46,False
C[C@@H]1CCN(Cc2ccccc2)C[C@@H]1n1cnc2cnc3[nH]ccc3c21,CHEMBL2152299,6.8,6.8,False,Other,7.92,7.92,-1.12,7.6,7.6,-0.7999999999999998,7.66,7.66,-0.8600000000000003,3,-1.12,False
C[C@@H]1CC[C@@H]1n1cc(-c2nc(-c3cnn(C[C@@H](O)CO)c3)cn3nccc23)cn1,CHEMBL5847633,6.26,6.26,False,JH1,5.26,,,6.26,6.26,0.0,5.26,5.26,1.0,2,0.0,False
C[C@@H]1CN(S(=O)(=O)C[C@H]2C[C@@H](N(C)c3ncnc4[nH]ccc34)C2)CCO1,CHEMBL5884001,5.58,5.58,False,Other,7.16,7.16,-1.58,5.93,5.93,-0.34999999999999964,5.0,5.0,0.5800000000000001,3,-1.58,False
C[C@@H]1CN(S(=O)(=O)C[C@H]2C[C@@H](N(C)c3ncnc4[nH]ccc34)C2)C[C@H](C)O1,CHEMBL5928874,5.55,5.55,False,Other,7.66,7.66,-2.1100000000000003,6.28,6.28,-0.7300000000000004,5.0,5.0,0.5499999999999998,3,-2.1100000000000003,False
C[C@@H]1CN(S(=O)(=O)C[C@H]2C[C@@H](N(C)c3ncnc4[nH]ccc34)C2)[C@H](C)CO1,CHEMBL5876345,5.58,5.58,False,Other,7.07,7.07,-1.4900000000000002,5.89,5.89,-0.3099999999999996,5.0,5.0,0.5800000000000001,3,-1.4900000000000002,False
C[C@@H]1COCCN1S(=O)(=O)C[C@H]1C[C@@H](N(C)c2ncnc3[nH]ccc23)C1,CHEMBL6021971,5.66,5.66,False,Other,7.02,7.02,-1.3599999999999994,5.86,5.86,-0.20000000000000018,5.0,5.0,0.6600000000000001,3,-1.3599999999999994,False
C[C@@H]1C[C@@H]1C(=O)Nc1cc(NC(=O)c2c(Cl)cccc2Cl)ccn1,CHEMBL2387132,8.07,8.07,False,Other,,,,,,,,,,0,,False
C[C@@H]1C[C@H](Nc2c(C(N)=O)cnc3[nH]ccc23)CCN1Cc1cccc(Cl)c1,CHEMBL4785998,7.32,7.32,False,Other,8.16,8.16,-0.8399999999999999,7.03,7.03,0.29000000000000004,8.0,8.0,-0.6799999999999997,3,-0.8399999999999999,False
C[C@@H]1C[C@H]2[C@@H]3CCC4=CC(=O)C=C[C@]4(C)[C@@]3(F)[C@@H](O)C[C@]2(C)[C@@]1(O)C(=O)COC(=O)C1CC1C(=O)OCc1ccc([C@@H](CN)C(=O)Nc2ccc3cnccc3c2)cc1,CHEMBL5867395,4.3,4.3,False,Other,4.3,4.3,0.0,4.38,4.38,-0.08000000000000007,4.93,4.93,-0.6299999999999999,3,-0.6299999999999999,False
C[C@@H]1C[C@H]2[C@@H]3CCC4=CC(=O)C=C[C@]4(C)[C@@]3(F)[C@@H](O)C[C@]2(C)[C@@]1(O)C(=O)COC(=O)CCC(=O)OCc1ccc([C@@H](CN)C(=O)Nc2ccc3cnccc3c2)cc1,CHEMBL5854473,4.3,4.3,False,Other,4.3,4.3,0.0,4.39,4.39,-0.08999999999999986,4.67,4.67,-0.3700000000000001,3,-0.3700000000000001,False
C[C@@H]1C[C@H]2[C@@H]3CCC4=CC(=O)C=C[C@]4(C)[C@@]3(F)[C@@H](O)C[C@]2(C)[C@@]1(O)C(=O)COC(=O)C[C@H](N)C(=O)OCc1ccc([C@@H](CN)C(=O)Nc2ccc3cnccc3c2)cc1,CHEMBL5842146,4.3,4.3,False,Other,4.46,4.46,-0.16000000000000014,4.66,4.66,-0.3600000000000003,5.11,5.11,-0.8100000000000005,3,-0.8100000000000005,False
C[C@@H]1C[C@H]2[C@@H]3CCC4=CC(=O)C=C[C@]4(C)[C@@]3(F)[C@@H](O)C[C@]2(C)[C@@]1(O)C(=O)COC(=O)c1ccc(C(=O)OCc2ccc([C@@H](CN)C(=O)Nc3ccc4cnccc4c3)cc2)cc1,CHEMBL5916377,4.3,4.3,False,Other,4.3,4.3,0.0,4.44,4.44,-0.14000000000000057,4.36,4.36,-0.0600000000000005,3,-0.14000000000000057,False
C[C@@H]1Cc2ccc(-c3ncnc4[nH]ccc34)cc2[C@@H]1NC#N,CHEMBL4283198,5.33,5.33,False,Other,6.52,6.52,-1.1899999999999995,5.73,5.73,-0.40000000000000036,6.855,6.855,-1.5250000000000004,3,-1.5250000000000004,False
C[C@@H]1NS(=O)(=O)c2ccc(Nc3nn([C@H]4COCC[C@@H]4C#N)cc3C(N)=O)cc21,CHEMBL4066906,8.77,8.77,False,JH1,9.1,9.1,-0.33000000000000007,7.675,7.675,1.0949999999999998,6.5,6.5,2.2699999999999996,3,-0.33000000000000007,False
C[C@@H]1OCC[C@@H]1N(C)S(=O)(=O)C[C@H]1C[C@@H](N(C)c2ncnc3[nH]ccc23)C1,CHEMBL5767696,5.26,5.26,False,Other,7.11,7.11,-1.8500000000000005,5.76,5.76,-0.5,5.0,5.0,0.2599999999999998,3,-1.8500000000000005,False
C[C@@H]1[C@@H]2CN(c3nc(Nc4ccc(CCO)nc4)ncc3F)C[C@]12NC(=O)C1CC1,CHEMBL5899396,6.6,6.6,False,Other,5.68,5.68,0.9199999999999999,5.16,5.16,1.4399999999999995,,,,2,0.9199999999999999,False
C[C@@H]1[C@@H]2CN(c3nc(Nc4ccc([C@@H](C)CO)nc4)ncc3F)C[C@]12NC(=O)C1CC1,CHEMBL5806006,7.07,7.07,False,Other,5.94,5.94,1.13,5.5,5.5,1.5700000000000003,,,,2,1.13,False
C[C@@H]1[C@@H]2CN(c3nc(Nc4cnc(CO)c(Cl)c4)ncc3F)C[C@]12NC(=O)C1CC1,CHEMBL5859927,6.82,6.82,False,Other,5.8,5.8,1.0200000000000005,5.21,5.21,1.6100000000000003,,,,2,1.0200000000000005,False
C[C@@H]1[C@@H]2CN(c3nc(Nc4cnn(C)c4)ncc3F)C[C@]12NC(=O)[C@@H]1CC1(F)F,CHEMBL4635625,7.55,7.55,False,Other,7.39,7.39,0.16000000000000014,6.19,6.19,1.3599999999999994,5.37,5.37,2.1799999999999997,3,0.16000000000000014,False
C[C@@H]1[C@@H]2CN(c3nc(Nc4cnn(C)c4)ncc3F)C[C@]12NC(=O)[C@@H]1C[C@H]1C#N,CHEMBL4634433,7.48,7.48,False,Other,7.96,7.96,-0.47999999999999954,6.64,6.64,0.8400000000000007,6.59,6.59,0.8900000000000006,3,-0.47999999999999954,False
C[C@@H]1[C@@H]2CN(c3nc(Nc4cnn(C)c4)ncc3F)C[C@]12NC(=O)[C@H]1CC1(F)F,CHEMBL4635104,7.25,7.25,False,Other,6.95,6.95,0.2999999999999998,5.95,5.95,1.2999999999999998,5.39,5.39,1.8600000000000003,3,0.2999999999999998,False
C[C@@H]1[C@@H]2CN(c3nc(Nc4cnn(C)c4)ncc3F)C[C@]12NC(=O)[C@H]1C[C@@H]1C#N,CHEMBL4648631,7.31,7.31,False,Other,7.09,7.09,0.21999999999999975,5.93,5.93,1.38,5.49,5.49,1.8199999999999994,3,0.21999999999999975,False
C[C@@H]1[C@@H]2CN(c3nc(Nc4cnn(C5COC5)c4)ncc3F)C[C@]12NC(=O)[C@@H]1CC1(F)F,CHEMBL5885221,7.58,7.58,False,Other,7.19,7.19,0.3899999999999997,6.41,6.41,1.17,5.31,5.31,2.2700000000000005,3,0.3899999999999997,False
C[C@@H]1[C@@H]2CN(c3nc(Nc4cnn(CCO)c4)ncc3F)C[C@]12NC(=O)C1CC1,CHEMBL4647223,7.24,7.24,False,Other,6.8,6.8,0.4400000000000004,5.79,5.79,1.4500000000000002,,,,2,0.4400000000000004,False
C[C@@H]1[C@@H]2CN(c3nc(Nc4cnn(CCO)c4)ncc3F)C[C@]12NC(=O)[C@@H]1C[C@H]1C#N,CHEMBL4644578,7.43,7.43,False,Other,8.22,8.22,-0.7900000000000009,6.89,6.89,0.54,6.71,6.71,0.7199999999999998,3,-0.7900000000000009,False
C[C@@H]1[C@@H]2CN(c3nc(Nc4cnn(CCO)c4)ncc3F)C[C@]12NC(=O)[C@H]1C[C@@H]1C#N,CHEMBL4637190,7.5,7.5,False,Other,7.39,7.39,0.11000000000000032,6.17,6.17,1.33,5.64,5.64,1.8600000000000003,3,0.11000000000000032,False
C[C@@]1(C#N)CCC[C@H]1Nc1c(C(N)=O)cnn2cccc12,CHEMBL3352892,7.52,7.52,False,Other,7.21,7.21,0.3099999999999996,6.92,6.92,0.5999999999999996,7.17,7.17,0.34999999999999964,3,0.3099999999999996,False
C[C@@]1(CO)CCC[C@H]1Nc1c(C(N)=O)cnn2cccc12,CHEMBL3359925,6.41,6.41,False,Other,6.6,6.6,-0.1899999999999995,6.42,6.42,-0.009999999999999787,6.85,6.85,-0.4399999999999995,3,-0.4399999999999995,False
C[C@@]1(F)CCC[C@@H]1Nc1c(C(N)=O)cnn2cccc12,CHEMBL3359928,6.4,6.4,False,Other,6.72,6.72,-0.3199999999999994,6.89,6.89,-0.4899999999999993,7.33,7.33,-0.9299999999999997,3,-0.9299999999999997,False
C[C@@]1(F)CCC[C@H]1Nc1c(C(N)=O)cnn2cccc12,CHEMBL3359929,6.96,6.96,False,Other,7.0,7.0,-0.040000000000000036,6.68,6.68,0.28000000000000025,7.37,7.37,-0.41000000000000014,3,-0.41000000000000014,False
C[C@@]1(O)CCCN(c2ccn(-c3cc(-c4c(F)cccc4C#N)nc4c3C(=O)NC4)n2)C1,CHEMBL5879865,8.3,,True,Other,,,,7.26,,,,,,0,,False
C[C@@]1(O)CCC[C@H]1Nc1c(C(N)=O)cnn2cccc12,CHEMBL3359923,6.72,6.72,False,Other,6.57,6.57,0.14999999999999947,6.4,6.4,0.3199999999999994,7.38,7.38,-0.6600000000000001,3,-0.6600000000000001,False
C[C@@]1(O)CCN(c2ccn(-c3cc(-c4c(F)cccc4C#N)nc4c3C(=O)NC4)n2)C1,CHEMBL5828517,8.3,,True,Other,,,,7.26,,,,,,0,,False
C[C@@]1(O)CN(c2ccn(-c3cc(-c4c(F)cccc4C#N)nc4c3C(=O)NC4)n2)CC[C@H]1O,CHEMBL5811091,8.3,,True,Other,,,,8.3,,,,,,0,,False
C[C@@]1(O)CN(c2ccn(-c3cc(-c4c(F)cccc4C#N)nc4c3C(=O)NC4)n2)C[C@@](C)(O)C1,CHEMBL5993912,8.3,,True,Other,,,,7.26,,,,,,0,,False
C[C@H](CC(F)(F)F)n1cc(-c2nc(-c3cnn(C[C@@H](O)CO)c3)cn3nccc23)cn1,CHEMBL5956585,6.26,,True,JH1,5.26,,,6.26,,,5.26,,,0,,False
C[C@H](CO)NC(=O)Cn1cc(Nc2nc(-c3c(F)cccc3F)nc3c2C(=O)NC3)cn1,CHEMBL5923882,7.26,,True,Other,,,,,,,,,,0,,False
C[C@H](CO)c1ccc(Nc2ncc(F)c(N3C[C@H]4[C@@H](C)[C@@]4(NC(=O)C4CC4)C3)n2)cn1,CHEMBL5820760,6.82,6.82,False,Other,5.76,5.76,1.0600000000000005,5.46,5.46,1.3600000000000003,,,,2,1.0600000000000005,False
C[C@H](CO)c1ccc(Nc2nccc(N3C[C@H]4CC[C@@H](C3)N4C(=O)C3CC3(F)F)n2)cn1,CHEMBL5939160,7.55,7.55,False,Other,7.1,7.1,0.4500000000000002,7.1,7.1,0.4500000000000002,,,,2,0.4500000000000002,False
C[C@H](CO)n1cnnc1-c1cccc(NC(=O)Nc2cc3ccccn3n2)n1,CHEMBL4796925,5.77,5.77,False,Other,,,,,,,,,,0,,False
C[C@H](Nc1c(C(N)=O)cnn2cccc12)C(C)(C)C,CHEMBL3359909,6.17,6.17,False,Other,6.57,6.57,-0.40000000000000036,6.24,6.24,-0.07000000000000028,6.96,6.96,-0.79,3,-0.79,False
C[C@H](Nc1cc(-c2cnn(C)c2)cc(Nc2cnccn2)n1)c1ccc(F)cc1,CHEMBL4303389,7.66,7.66,False,Other,7.8,7.8,-0.13999999999999968,8.75,8.75,-1.0899999999999999,7.41,7.41,0.25,3,-1.0899999999999999,False
C[C@H](O)CNC[C@H]1CC[C@H](c2nnn3cnc4[nH]ccc4c23)CC1,CHEMBL3902287,7.06,7.06,False,Other,8.46,8.46,-1.4000000000000012,7.38,7.38,-0.3200000000000003,6.24,6.24,0.8199999999999994,3,-1.4000000000000012,False
C[C@H](O)[C@@H](CO)Nc1c(C(N)=O)cnn2cc(-c3ccccc3)cc12,CHEMBL4450347,6.68,6.68,False,Other,7.42,7.42,-0.7400000000000002,6.43,6.43,0.25,7.89,7.89,-1.21,3,-1.21,False
C[C@H](O)[C@H](CO)Nc1c(C(N)=O)cnn2cc(-c3ccccc3)cc12,CHEMBL4463195,5.89,5.89,False,Other,6.75,6.75,-0.8600000000000003,5.75,5.75,0.13999999999999968,6.8,6.8,-0.9100000000000001,3,-0.9100000000000001,False
C[C@H](O)c1nc2ccc3[nH]ccc3c2n1C1CCC(C#N)CC1,CHEMBL5833183,9.7,9.7,False,JH2,,,,9.22,9.22,0.47999999999999865,7.3,7.3,2.3999999999999995,2,0.47999999999999865,True
C[C@H](O)c1ncc(Nc2ncc(F)c(N3C[C@H]4[C@@H](C)[C@@]4(NC(=O)C4CC4)C3)n2)cc1Cl,CHEMBL6040459,6.64,6.64,False,Other,5.64,5.64,1.0,5.03,5.03,1.6099999999999994,,,,2,1.0,False
C[C@H]1CC(C(=O)CC#N)[C@]12CCN(c1ncnc3[nH]ccc13)C2,CHEMBL5421204,7.55,7.55,False,Other,8.55,8.55,-1.0000000000000009,8.59,8.59,-1.04,7.89,7.89,-0.33999999999999986,3,-1.04,False
C[C@H]1CCC[C@H]1n1cc(-c2nc(-c3cnn(C[C@@H](O)CO)c3)cn3nccc23)cn1,CHEMBL5949489,7.26,,True,JH1,5.76,,,6.76,,,5.26,,,0,,False
C[C@H]1CC[C@@H](O)CN1c1ccn(-c2cc(-c3c(F)cccc3C#N)nc3c2C(=O)NC3)n1,CHEMBL5819753,8.3,,True,Other,,,,7.26,,,,,,0,,False
C[C@H]1CC[C@H](O)CN1c1ccn(-c2cc(-c3c(F)cccc3C#N)nc3c2C(=O)NC3)n1,CHEMBL6013860,8.3,,True,Other,,,,7.26,,,,,,0,,False
C[C@H]1CN(C(=O)CC#N)[C@]12CCN(c1ncnc3[nH]ccc13)C2,CHEMBL4297507,7.035,7.035,False,Other,8.3,8.3,-1.2650000000000006,7.43,7.43,-0.3949999999999996,7.439999999999999,7.439999999999999,-0.4049999999999985,3,-1.2650000000000006,False
C[C@H]1CN(S(=O)(=O)C[C@H]2C[C@@H](N(C)c3ncnc4[nH]ccc34)C2)CCO1,CHEMBL5740030,5.62,5.62,False,Other,7.34,7.34,-1.7199999999999998,5.9,5.9,-0.28000000000000025,5.0,5.0,0.6200000000000001,3,-1.7199999999999998,False
C[C@H]1Cc2ccc(-c3ncnc4[nH]ccc34)cc2[C@@H]1NC#N,CHEMBL4278647,5.7,5.7,False,Other,6.575,6.575,-0.875,5.98,5.98,-0.28000000000000025,7.220000000000001,7.220000000000001,-1.5200000000000005,3,-1.5200000000000005,False
C[C@H]1N(CC(F)(F)F)C[C@]1(CC#N)n1cc(-c2nc(-c3cnn(C)c3)cn3nccc23)cn1,CHEMBL5780749,7.46,7.46,False,Other,5.76,5.76,1.7000000000000002,6.69,6.69,0.7699999999999996,5.0,5.0,2.46,3,0.7699999999999996,False
C[C@H]1[C@H](O)CCN1c1ccn(-c2cc(-c3c(F)cccc3C#N)nc3c2C(=O)NC3)n1,CHEMBL5816231,10.3,,True,Other,,,,8.3,,,,,,0,,False
C[C@H]1[C@H]2CN(c3nc(Nc4cnn(C)c4)ncc3F)C[C@]21NC(=O)[C@@H]1CC1(F)F,CHEMBL5765465,6.03,6.03,False,Other,6.17,6.17,-0.13999999999999968,5.57,5.57,0.45999999999999996,,,,2,-0.13999999999999968,False
C[C@H]1[C@H]2CN(c3nc(Nc4cnn(C)c4)ncc3F)C[C@]21NC(=O)[C@H]1CC1(F)F,CHEMBL5946216,6.23,6.23,False,Other,6.17,6.17,0.0600000000000005,5.72,5.72,0.5100000000000007,5.0,5.0,1.2300000000000004,3,0.0600000000000005,False
C[C@](N)(C(=O)O)c1ccc(Nc2nc(-c3c(F)cccc3F)nc3c2C(=O)NC3)cc1,CHEMBL5748484,7.26,7.26,False,Other,,,,6.26,,,,,,0,,False
C[C@](O)(CO)CNc1cc(Nc2cccc(-c3ccc(C(F)(F)F)cc3F)c2)nn2c(C(N)=O)cnc12,CHEMBL4290130,6.115,6.115,False,JH2,,,,,,,,,,0,,True
C[C@]1(C#N)CCC[C@H]1Nc1c(C(N)=O)cnn2cccc12,CHEMBL3359926,8.22,8.22,False,Other,7.82,7.82,0.40000000000000036,7.51,7.51,0.7100000000000009,8.0,8.0,0.22000000000000064,3,0.22000000000000064,False
C[C@]1(CO)CCC[C@H]1Nc1c(C(N)=O)cnn2cccc12,CHEMBL3359924,7.47,7.47,False,Other,7.08,7.08,0.3899999999999997,6.96,6.96,0.5099999999999998,7.62,7.62,-0.15000000000000036,3,-0.15000000000000036,False
C[C@]1(F)CCC[C@H]1Nc1c(C(N)=O)cnn2cccc12,CHEMBL3359927,8.7,8.7,False,Other,8.05,8.05,0.6499999999999986,7.75,7.75,0.9499999999999993,9.0,9.0,-0.3000000000000007,3,-0.3000000000000007,False
C[C@]1(NC#N)CCc2ccc(-c3ncnc4[nH]ccc34)cc21,CHEMBL4279720,6.75,6.75,False,Other,7.77,7.77,-1.0199999999999996,7.15,7.15,-0.40000000000000036,7.25,7.25,-0.5,3,-1.0199999999999996,False
C[C@]1(O)CCCN(c2ccn(-c3cc(-c4c(F)cccc4C#N)nc4c3C(=O)NC4)n2)C1,CHEMBL5827315,8.3,,True,Other,,,,8.3,,,,,,0,,False
C[C@]1(O)CCC[C@H]1Nc1c(C(N)=O)cnn2cccc12,CHEMBL3359922,6.82,6.82,False,Other,6.96,6.96,-0.13999999999999968,6.82,6.82,0.0,7.16,7.16,-0.33999999999999986,3,-0.33999999999999986,False
C[C@]1(O)CCN(c2ccn(-c3cc(-c4c(F)cccc4C#N)nc4c3C(=O)NC4)n2)C1,CHEMBL5935203,8.3,,True,Other,,,,7.26,,,,,,0,,False
C[C@]1(O)CN(c2ccn(-c3cc(-c4c(F)cccc4C#N)nc4c3C(=O)NC4)n2)CCC1O,CHEMBL5775949,8.3,8.3,False,Other,,,,7.26,7.26,1.040000000000001,,,,1,1.040000000000001,False
C[C@]1(O)CN(c2ccn(-c3cc(-c4c(F)cccc4C#N)nc4c3C(=O)NC4)n2)CC[C@H]1O,CHEMBL5923101,10.3,,True,Other,,,,8.3,,,,,,0,,False
C[C@]1(O)CN(c2ccn(-c3cc(-c4c(F)cccc4C#N)nc4c3C(=O)NC4)n2)C[C@@](C)(O)C1,CHEMBL6055629,7.26,,True,Other,,,,6.26,,,,,,0,,False
C[C@]12C=CC(=O)C=C1CC[C@@H]1[C@@H]2[C@@H](O)C[C@@]2(C)[C@H]1CC[C@]2(O)C(=O)COC(=O)C1CC1C(=O)OCc1ccc([C@@H](CN)C(=O)Nc2ccc3cnccc3c2)cc1,CHEMBL5992697,4.3,4.3,False,Other,5.02,5.02,-0.7199999999999998,4.86,4.86,-0.5600000000000005,5.59,5.59,-1.29,3,-1.29,False
C[C@]12O[C@H](C[C@]1(O)CO)n1c3ccccc3c3c4c(c5c6ccccc6n2c5c31)CNC4=O,CHEMBL603469,7.82,7.82,False,Other,8.46,8.46,-0.6400000000000006,8.485,8.485,-0.6649999999999991,8.64,8.64,-0.8200000000000003,3,-0.8200000000000003,False
C[S+]([O-])c1ccc(-c2nc(-c3ccc(F)cc3)c(-c3ccncc3)[nH]2)cc1,CHEMBL10,5.7,5.7,False,JH2,,,,,,,,,,0,,True
C[S+]([O-])c1ccccc1Nc1cc(NC(=O)C2CC2)nc2[nH]c(C(F)F)nc12,CHEMBL5838654,8.26,,True,JH2,,,,,,,,,,0,,True
C[S@+]([O-])c1ccccc1Nc1cc(NC(=O)C2CC2)nc2[nH]c(C(F)F)nc12,CHEMBL6013131,9.12,,True,JH2,,,,,,,,,,0,,True
C[S@@](=O)(=NCc1nc2cnc3[nH]ccc3c2n1[C@H]1CC[C@H](CC#N)CC1)c1ccccc1,CHEMBL5743212,7.22,7.22,False,JH2,8.49,8.49,-1.2700000000000005,7.67,7.67,-0.4500000000000002,6.06,6.06,1.1600000000000001,3,-1.2700000000000005,True
C[S@](=O)(=NCc1nc2cnc3[nH]ccc3c2n1[C@H]1CC[C@H](CC#N)CC1)c1ccccc1,CHEMBL5807153,7.09,7.09,False,JH2,8.8,8.8,-1.7100000000000009,6.95,6.95,0.13999999999999968,5.64,5.64,1.4500000000000002,3,-1.7100000000000009,True
C[Si](C)(C)C1CCC(c2nc3cnc4[nH]ccc4c3n2[C@H]2CC[C@H](CC#N)CC2)CC1,CHEMBL5946084,5.64,5.64,False,JH2,7.14,7.14,-1.5,5.71,5.71,-0.07000000000000028,,,,2,-1.5,True
C[Si](C)(C)CNC(=O)Cc1nc2cnc3[nH]ccc3c2n1[C@H]1CC[C@H](CC#N)CC1,CHEMBL6006187,7.54,7.54,False,JH2,9.3,9.3,-1.7600000000000007,7.51,7.51,0.03000000000000025,6.56,6.56,0.9800000000000004,3,-1.7600000000000007,True
C[Si](C)(C)[C@H]1CC[C@@H](NC(=O)Cc2nc3cnc4[nH]ccc4c3n2[C@H]2CC[C@H](CC#N)CC2)CC1,CHEMBL6017709,8.06,8.06,False,JH2,9.1,9.1,-1.0399999999999991,8.4,8.4,-0.33999999999999986,7.26,7.26,0.8000000000000007,3,-1.0399999999999991,True
C[Si](C)(C)[C@H]1CC[C@H](NC(=O)Cc2nc3cnc4[nH]ccc4c3n2[C@H]2CC[C@H](CC#N)CC2)CC1,CHEMBL5828175,7.59,7.59,False,JH2,8.72,8.72,-1.1300000000000008,7.68,7.68,-0.08999999999999986,6.33,6.33,1.2599999999999998,3,-1.1300000000000008,True
Cc1[nH]c(/C=C2\C(=O)Nc3ccc(F)cc32)c(C)c1C(=O)NC[C@H](O)CN1CCOCC1,CHEMBL1721885,5.705,5.705,False,Other,6.82,6.82,-1.1150000000000002,5.8,5.8,-0.09499999999999975,6.24,6.24,-0.5350000000000001,3,-1.1150000000000002,False
Cc1[nH]c(/C=C2\C(=O)Nc3ccc(S(=O)(=O)Cc4c(Cl)cccc4Cl)cc32)c(C)c1C(=O)N1CCC[C@@H]1CN1CCCC1,CHEMBL450786,5.18,5.18,False,JH2,5.57,5.57,-0.39000000000000057,6.37,6.37,-1.1900000000000004,6.33,6.33,-1.1500000000000004,3,-1.1900000000000004,True
Cc1[nH]nc2[nH]c(=O)c(C#N)c(C3CCCCC3)c12,CHEMBL4632980,4.96,4.96,False,JH1,5.19,5.19,-0.23000000000000043,4.77,4.77,0.1900000000000004,5.27,5.27,-0.3099999999999996,3,-0.3099999999999996,False
Cc1[nH]nc2[nH]c(=O)c(CCO)c(C3CCCCC3)c12,CHEMBL4642546,5.47,5.47,False,JH1,5.69,5.69,-0.22000000000000064,5.41,5.41,0.05999999999999961,6.0,6.0,-0.5300000000000002,3,-0.5300000000000002,False
Cc1[nH]nc2[nH]c(=O)c(CO)c(C3CCCCC3)c12,CHEMBL4638696,6.19,6.19,False,JH1,6.085,6.085,0.10500000000000043,5.55,5.55,0.6400000000000006,5.85,5.85,0.34000000000000075,3,0.10500000000000043,False
Cc1[nH]nc2[nH]c(=O)cc(-c3ccccc3)c12,CHEMBL4635464,5.41,5.41,False,JH1,5.66,5.66,-0.25,5.38,5.38,0.03000000000000025,5.58,5.58,-0.16999999999999993,3,-0.25,False
Cc1[nH]nc2[nH]c(=O)cc(C3CC4CCC3CC4)c12,CHEMBL4648612,6.66,6.66,False,JH1,6.66,6.66,0.0,5.76,5.76,0.9000000000000004,7.19,7.19,-0.5300000000000002,3,-0.5300000000000002,False
Cc1[nH]nc2[nH]c(=O)cc(C3CCCC3)c12,CHEMBL4640335,6.08,6.08,False,JH1,6.255,6.255,-0.17499999999999982,4.89,4.89,1.1900000000000004,6.17,6.17,-0.08999999999999986,3,-0.17499999999999982,False
Cc1[nH]nc2[nH]c(=O)cc(C3CCCCC3)c12,CHEMBL4636371,6.17,6.17,False,JH1,6.16,6.16,0.009999999999999787,5.89,5.89,0.28000000000000025,6.26,6.26,-0.08999999999999986,3,-0.08999999999999986,False
Cc1[nH]nc2[nH]c(=O)cc(CC3CCC3)c12,CHEMBL4641076,5.96,5.96,False,JH1,6.195,6.195,-0.23500000000000032,6.24,6.24,-0.28000000000000025,6.32,6.32,-0.3600000000000003,3,-0.3600000000000003,False
Cc1[nH]nc2[nH]c(=O)cc([C@@H]3C[C@@H]4C[C@H]3C[C@@H]4CC#N)c12,CHEMBL4634289,6.66,6.66,False,JH1,6.72,6.72,-0.05999999999999961,5.720000000000001,5.720000000000001,0.9399999999999995,6.66,6.66,0.0,3,-0.05999999999999961,False
Cc1[nH]nc2[nH]c(=O)cc([C@@H]3C[C@@H]4C[C@H]3C[C@H]4CC#N)c12,CHEMBL4647115,6.75,6.75,False,JH1,7.035,7.035,-0.28500000000000014,5.925000000000001,5.925000000000001,0.8249999999999993,6.38,6.38,0.3700000000000001,3,-0.28500000000000014,False
Cc1[nH]nc2[nH]c(=O)cc([C@@H]3C[C@H]4CC[C@@H]3C4)c12,CHEMBL4645613,6.82,6.82,False,JH1,6.68,6.68,0.14000000000000057,6.42,6.42,0.40000000000000036,6.75,6.75,0.07000000000000028,3,0.07000000000000028,False
Cc1[nH]nc2[nH]c(=O)cc([C@H]3CCCC[C@H]3C)c12,CHEMBL4640521,6.16,6.16,False,JH1,6.645,6.645,-0.48499999999999943,5.76,5.76,0.40000000000000036,6.96,6.96,-0.7999999999999998,3,-0.7999999999999998,False
Cc1[nH]nc2[nH]c(=O)cc([C@H]3CC[C@H](C(=O)NC4CC4)CC3)c12,CHEMBL4649054,4.85,4.85,False,JH1,5.7,5.7,-0.8500000000000005,5.03,5.03,-0.1800000000000006,5.96,5.96,-1.1100000000000003,3,-1.1100000000000003,False
Cc1[nH]nc2[nH]c(=O)cc([C@H]3CC[C@H](CC#N)CC3)c12,CHEMBL4645814,6.89,6.89,False,JH1,6.66,6.66,0.22999999999999954,6.44,6.44,0.4499999999999993,6.57,6.57,0.3199999999999994,3,0.22999999999999954,False
Cc1[nH]nc2[nH]c(=O)cc([C@H]3CC[C@H](N)CC3)c12,CHEMBL4636368,4.8,4.8,False,JH1,6.09,6.09,-1.29,4.75,4.75,0.04999999999999982,4.96,4.96,-0.16000000000000014,3,-1.29,False
Cc1[nH]nc2[nH]c(=O)cc([C@H]3CC[C@H](NC(=O)C4CC4)CC3)c12,CHEMBL4633028,5.55,5.55,False,JH1,6.66,6.66,-1.1100000000000003,5.68,5.68,-0.1299999999999999,5.16,5.16,0.3899999999999997,3,-1.1100000000000003,False
Cc1[nH]nc2[nH]c(=O)cc([C@H]3CC[C@H](NC(=O)C4CCCC4)CC3)c12,CHEMBL4632897,5.17,5.17,False,JH1,6.0,6.0,-0.8300000000000001,5.8,5.8,-0.6299999999999999,5.32,5.32,-0.15000000000000036,3,-0.8300000000000001,False
Cc1[nH]nc2[nH]c(=O)cc([C@H]3CC[C@H](NC(=O)[C@@H]4CC4(F)F)CC3)c12,CHEMBL4639973,6.66,6.66,False,JH1,6.98,6.98,-0.3200000000000003,6.92,6.92,-0.2599999999999998,6.32,6.32,0.33999999999999986,3,-0.3200000000000003,False
Cc1[nH]nc2[nH]c(=O)cc([C@H]3CC[C@H](NC(=O)[C@H]4CC4(F)F)CC3)c12,CHEMBL4638953,5.57,5.57,False,JH1,7.11,7.11,-1.54,5.77,5.77,-0.1999999999999993,5.57,5.57,0.0,3,-1.54,False
Cc1[nH]nc2[nH]c(=O)cc([C@H]3CC[C@H](O)CC3)c12,CHEMBL4647506,5.38,5.38,False,JH1,5.505,5.505,-0.125,5.34,5.34,0.040000000000000036,5.77,5.77,-0.3899999999999997,3,-0.3899999999999997,False
Cc1[nH]nc2[nH]c(=O)cc([C@H]3C[C@H]4CC[C@@H]3C4)c12,CHEMBL4636220,6.37,6.37,False,JH1,6.705,6.705,-0.33499999999999996,5.515000000000001,5.515000000000001,0.8549999999999995,6.62,6.62,-0.25,3,-0.33499999999999996,False
Cc1[nH]nc2[nH]c(=O)cc([C@H]3C[C@H]4C[C@@H]3C[C@@H]4CC#N)c12,CHEMBL4643061,7.7,7.7,False,JH1,8.055,8.055,-0.35499999999999954,6.734999999999999,6.734999999999999,0.9650000000000007,7.06,7.06,0.6400000000000006,3,-0.35499999999999954,False
Cc1[nH]nc2[nH]c(=O)cc([C@H]3C[C@H]4C[C@@H]3C[C@H]4CC#N)c12,CHEMBL4648820,6.48,6.48,False,JH1,6.45,6.45,0.03000000000000025,6.44,6.44,0.040000000000000036,6.01,6.01,0.47000000000000064,3,0.03000000000000025,False
Cc1c(-c2ccc(Nc3cc(NC(=O)C4CC4(F)F)nc4[nH]c(C(F)F)nc34)c(S(C)(=O)=O)c2)cnn1C,CHEMBL5939403,9.52,,True,JH2,,,,,,,,,,0,,True
Cc1c(-c2ccc(Nc3cc(NC(=O)C4CC4)nc4[nH]c(C(F)F)nc34)c(S(C)(=O)=O)c2)nn(C)c1C,CHEMBL6031246,9.52,,True,JH2,,,,,,,,,,0,,True
Cc1c(-c2ccc(Nc3cc(NC(=O)[C@@H]4CC4(F)F)nc4[nH]c(C(F)F)nc34)c(S(C)(=O)=O)c2)cnn1C,CHEMBL5860390,9.52,,True,JH2,,,,,,,,,,0,,True
Cc1c(-c2ccc(Nc3cc(NC(=O)[C@H]4CC4(F)F)nc4[nH]c(C(F)F)nc34)c(S(C)(=O)=O)c2)cnn1C,CHEMBL5825642,9.52,,True,JH2,,,,,,,,,,0,,True
Cc1c(-c2ccc(Nc3cc(Nc4ccc(C(C)C)c(C#N)n4)nc4[nH]c(C(F)F)nc34)c(S(C)(=O)=O)c2)cnn1C,CHEMBL5851689,9.52,,True,JH2,,,,,,,,,,0,,True
Cc1c(-c2ccc(Nc3cc(Nc4cccc(C#N)n4)nc4[nH]c(C(F)F)nc34)c(S(C)(=O)=O)c2)cnn1C,CHEMBL5740216,9.52,,True,JH2,,,,,,,,,,0,,True
Cc1c(-c2ccc(Nc3cc(Nc4cccc(C(F)(F)F)n4)nc4[nH]c(C(F)F)nc34)c(S(C)(=O)=O)c2)cnn1C,CHEMBL5760501,9.52,,True,JH2,,,,,,,,,,0,,True
Cc1c(-c2ccc3[nH]nc(N)c3c2)nnn1Cc1ccccc1,CHEMBL1989646,6.2,6.2,False,Other,,,,6.8,6.8,-0.5999999999999996,6.1,6.1,0.10000000000000053,2,-0.5999999999999996,False
Cc1c(Nc2cccnc2OC(C)C)nc2c(C(=O)NC3CC3)cnn2c1N,CHEMBL5951260,8.26,,True,JH2,,,,,,,,,,0,,True
Cc1c(Nc2cccnc2OC(C)C)nc2c(C(=O)NC3CCC3)cnn2c1N,CHEMBL5791732,8.26,,True,JH2,,,,,,,,,,0,,True
Cc1c(Nc2cccnc2OC(C)C)nc2c(C(=O)N[C@H]3C[C@H]3F)cnn2c1N,CHEMBL5975310,8.26,,True,JH2,,,,,,,,,,0,,True
Cc1c(O)ccc2c1CCCC2=NNC(=O)Cc1cccc2ccccc12,CHEMBL1972659,5.9,5.9,False,Other,,,,,,,,,,0,,False
Cc1c(S(=O)(=O)C[C@H]2C[C@@H](N(C)c3ncnc4[nH]ccc34)C2)ccc(=O)n1C,CHEMBL5784499,8.7,8.7,False,Other,10.01,10.01,-1.3100000000000005,8.89,8.89,-0.19000000000000128,8.0,8.0,0.6999999999999993,3,-1.3100000000000005,False
Cc1c[nH]c2ncc3nc(CC(=O)NCC(C)(C)O)n([C@H]4CC[C@H](CC#N)CC4)c3c12,CHEMBL5966464,6.34,6.34,False,JH2,7.91,7.91,-1.5700000000000003,6.82,6.82,-0.4800000000000004,6.99,6.99,-0.6500000000000004,3,-1.5700000000000003,True
Cc1cc(-c2cc(-c3cc[nH]n3)cc3ncccc23)nn1C1(CC#N)CN(S(C)(=O)=O)C1,CHEMBL5976875,7.09,7.09,False,Other,5.09,5.09,2.0,5.53,5.53,1.5599999999999996,,,,2,1.5599999999999996,False
Cc1cc(-c2cc(-c3cnn(C4(CC#N)CC(C#N)C4)c3)n3ccnc3c2)[nH]n1,CHEMBL5867210,7.7,7.7,False,Other,5.935,5.935,1.7650000000000006,6.57,6.57,1.13,,,,2,1.13,False
Cc1cc(-c2cc(-c3cnn(C4(CC#N)CN(S(C)(=O)=O)C4)n3)c3cccnc3c2)ccn1,CHEMBL5942392,6.89,6.89,False,Other,,,,6.01,6.01,0.8799999999999999,,,,1,0.8799999999999999,False
Cc1cc(-c2cc(-c3cnn(C4(CC#N)CN(S(C)(=O)=O)C4)n3)c3cccnc3c2)cnc1N,CHEMBL5783991,5.75,5.75,False,Other,,,,5.16,5.16,0.5899999999999999,,,,1,0.5899999999999999,False
Cc1cc(-c2cc(O)ccc2Cl)cc2nnc(Nc3ccc(OCCN4CCCC4)cc3)nc12,CHEMBL400402,9.15,9.15,False,Other,,,,,,,,,,0,,False
Cc1cc(-c2cc3c(N[C@@H]4CC[C@](C)(N)C4(C)C)c(C(N)=O)cnn3c2)ccn1,CHEMBL4073562,8.24,8.24,False,Other,9.22,9.22,-0.9800000000000004,8.46,8.46,-0.22000000000000064,9.22,9.22,-0.9800000000000004,3,-0.9800000000000004,False
Cc1cc(-c2cc3ncccc3c(-c3ccn(C4(CC#N)CC(C#N)C4)n3)n2)cc(N)n1,CHEMBL5831409,7.359999999999999,7.359999999999999,False,Other,6.154999999999999,6.154999999999999,1.205,6.575,6.575,0.7849999999999993,5.18,5.18,2.1799999999999997,3,0.7849999999999993,False
Cc1cc(-c2cc3ncccc3c(-c3ccn(C4(CC#N)CC(C#N)C4)n3)n2)n[nH]1,CHEMBL5856884,8.0,8.0,False,Other,6.74,6.74,1.2599999999999998,7.395,7.395,0.6050000000000004,5.54,5.54,2.46,3,0.6050000000000004,False
Cc1cc(-c2cc3ncccc3c(-c3ccn(C4(CC#N)CC(C#N)C4)n3)n2)nn1C,CHEMBL5954669,7.635,7.635,False,Other,5.595,5.595,2.04,6.665,6.665,0.9699999999999998,,,,2,0.9699999999999998,False
Cc1cc(-c2cc3ncccc3c(-c3ccn(C4(CC#N)CC(C)(C#N)C4)n3)n2)n[nH]1,CHEMBL5926393,6.77,6.77,False,Other,5.57,5.57,1.1999999999999993,6.23,6.23,0.5399999999999991,,,,2,0.5399999999999991,False
Cc1cc(-c2cc3ncccc3c(-c3ccn(C4(CC#N)CN(CC(F)(F)F)C4)n3)n2)c[nH]c1=O,CHEMBL5742919,7.26,7.26,False,Other,5.9,5.9,1.3599999999999994,6.09,6.09,1.17,,,,2,1.17,False
Cc1cc(-c2cc3ncccc3c(-c3ccn(C4(CC#N)CN(CC(F)(F)F)C4)n3)n2)ccn1,CHEMBL5803945,7.15,7.15,False,Other,6.01,6.01,1.1400000000000006,6.2,6.2,0.9500000000000002,,,,2,0.9500000000000002,False
Cc1cc(-c2cc3ncccc3c(-c3ccn(C4(CC#N)CN(CC(F)(F)F)C4)n3)n2)n[nH]1,CHEMBL5750109,7.44,7.44,False,Other,5.79,5.79,1.6500000000000004,6.34,6.34,1.1000000000000005,,,,2,1.1000000000000005,False
Cc1cc(-c2cc3ncccc3c(-c3ccn(C4(CC#N)CN(S(C)(=O)=O)C4)n3)n2)ccn1,CHEMBL5996811,7.31,7.31,False,Other,6.11,6.11,1.1999999999999993,6.48,6.48,0.8299999999999992,,,,2,0.8299999999999992,False
Cc1cc(-c2cc3ncccc3c(-c3ccn(C4(CC#N)CN(S(C)(=O)=O)C4)n3)n2)cnc1N,CHEMBL5902156,6.31,6.31,False,Other,5.19,5.19,1.1199999999999992,5.76,5.76,0.5499999999999998,,,,2,0.5499999999999998,False
Cc1cc(-c2ccc(Nc3cc(NC(=O)C4CC4(F)F)nc4[nH]c(C(F)F)nc34)c(S(C)(=O)=O)c2)nn1C,CHEMBL5832387,8.26,,True,JH2,,,,,,,,,,0,,True
Cc1cc(-c2ccc(Nc3cc(NC(=O)C4CC4)nc4[nH]c(C(F)F)nc34)c(N(C)S(C)(=O)=O)c2)nn1C,CHEMBL5939429,9.52,,True,JH2,,,,,,,,,,0,,True
Cc1cc(-c2ccc(Nc3cc(NC(=O)C4CC4)nc4[nH]c(C(F)F)nc34)c(S(C)(=O)=O)c2)oc1C,CHEMBL5847638,8.26,,True,JH2,,,,,,,,,,0,,True
Cc1cc(-c2ccc(Nc3cc(NC(=O)[C@@H]4CC4(F)F)nc4[nH]c(C(F)F)nc34)c(S(C)(=O)=O)c2)nn1C,CHEMBL5897570,9.12,,True,JH2,,,,,,,,,,0,,True
Cc1cc(-c2ccc(Nc3cc(NC(=O)[C@H]4CC4(F)F)nc4[nH]c(C(F)F)nc34)c(S(C)(=O)=O)c2)nn1C,CHEMBL5977943,8.26,,True,JH2,,,,,,,,,,0,,True
Cc1cc(-c2ccc(Nc3cc(Nc4cccc(C#N)n4)nc4[nH]c(C(F)F)nc34)c(S(C)(=O)=O)c2)nn1C,CHEMBL6024381,9.52,,True,JH2,,,,,,,,,,0,,True
Cc1cc(-c2ccc(Nc3cc(Nc4cccc(C(F)(F)F)n4)nc4[nH]c(C(F)F)nc34)c(S(C)(=O)=O)c2)nn1C,CHEMBL5818457,9.12,,True,JH2,,,,,,,,,,0,,True
Cc1cc(-c2cccc3nc(Nc4ccc(N5CCN(C)CC5)cc4)oc23)ccc1C(=O)N1CCOCC1,CHEMBL1082023,6.52,6.52,False,Other,7.17,7.17,-0.6500000000000004,8.1,8.1,-1.58,6.77,6.77,-0.25,3,-1.58,False
Cc1cc(-c2cccc3ncc(-c4ccc(C(=O)N5CCOCC5)c(C)c4)nc23)ccc1CN1CCOCC1,CHEMBL1089815,6.36,6.36,False,Other,6.44,6.44,-0.08000000000000007,7.89,7.89,-1.5299999999999994,6.39,6.39,-0.02999999999999936,3,-1.5299999999999994,False
Cc1cc(-c2cn3nccc3c(-c3cnn([C@]4(CC#N)C[C@@H](C#N)C4)c3)n2)n[nH]1,CHEMBL5954398,7.68,7.68,False,Other,6.15,6.15,1.5299999999999994,6.8,6.8,0.8799999999999999,,,,2,0.8799999999999999,False
Cc1cc(-c2cnc3cccc(-c4cc(F)c(CN5CCOCC5)c(F)c4)c3n2)ccc1C(=O)N1CCOCC1,CHEMBL1093119,6.92,6.92,False,Other,7.22,7.22,-0.2999999999999998,8.51,8.51,-1.5899999999999999,6.89,6.89,0.03000000000000025,3,-1.5899999999999999,False
Cc1cc(-c2cnc3cccc(-c4ccc(CN5CCOCC5)c(F)c4)c3n2)ccc1C(=O)N1CCOCC1,CHEMBL1092840,6.28,6.28,False,Other,6.72,6.72,-0.4399999999999995,7.9,7.9,-1.62,6.2,6.2,0.08000000000000007,3,-1.62,False
Cc1cc(-c2cnc3cccc(-c4ccc(CN5CCS(=O)(=O)CC5)cc4)c3n2)ccc1C(=O)N1CCN(C)CC1,CHEMBL1092063,6.48,6.48,False,Other,7.05,7.05,-0.5699999999999994,8.15,8.15,-1.67,6.63,6.63,-0.14999999999999947,3,-1.67,False
Cc1cc(-c2nc(-c3cc(N)n(C)n3)cc3ncccc23)nn1C1(CC#N)CC(C#N)C1,CHEMBL6017698,7.57,7.57,False,Other,5.765000000000001,5.765000000000001,1.8049999999999997,6.79,6.79,0.7800000000000002,5.15,5.15,2.42,3,0.7800000000000002,False
Cc1cc(-c2nc(-c3cc[nH]n3)cc3ncccc23)nn1C1(CC#N)CC(C#N)C1,CHEMBL5914722,7.835,7.835,False,Other,6.475,6.475,1.3600000000000003,6.915,6.915,0.9199999999999999,5.11,5.11,2.7249999999999996,3,0.9199999999999999,False
Cc1cc(-c2nc(-c3ccn[nH]3)cc3ncccc23)nn1C1(CC#N)CN(S(C)(=O)=O)C1,CHEMBL5968306,7.24,7.24,False,Other,5.53,5.53,1.71,6.07,6.07,1.17,,,,2,1.17,False
Cc1cc(-c2nc(-c3cn[nH]c3)cc3ncccc23)nn1C1(CC#N)CC(C#N)C1,CHEMBL5850146,7.68,7.68,False,Other,6.665,6.665,1.0149999999999997,6.99,6.99,0.6899999999999995,5.47,5.47,2.21,3,0.6899999999999995,False
Cc1cc(-c2nc(-c3cn[nH]c3)cc3ncccc23)nn1C1(CC#N)CN(S(C)(=O)=O)C1,CHEMBL5787172,6.92,6.92,False,Other,5.42,5.42,1.5,5.86,5.86,1.0599999999999996,,,,2,1.0599999999999996,False
Cc1cc(-c2nc(-c3cn[nH]c3N)cc3ncccc23)nn1C1(CC#N)CC(C#N)C1,CHEMBL5741445,7.89,7.89,False,Other,7.42,7.42,0.46999999999999975,7.7,7.7,0.1899999999999995,5.58,5.58,2.3099999999999996,3,0.1899999999999995,False
Cc1cc(-c2nc3cnc4[nH]ccc4c3n2[C@H]2CC[C@H](CC#N)CC2)[nH]n1,CHEMBL5901983,8.22,8.22,False,JH2,9.4,9.4,-1.1799999999999997,8.43,8.43,-0.20999999999999908,6.93,6.93,1.290000000000001,3,-1.1799999999999997,True
Cc1cc(-n2cccc(Nc3cc(N)n4ncc(C(N)=O)c4n3)c2=O)no1,CHEMBL5960208,9.22,,True,JH2,,,,,,,,,,0,,True
Cc1cc(=O)n(C)cc1S(=O)(=O)C[C@H]1C[C@@H](N(C)c2ncnc3[nH]ccc23)C1,CHEMBL5984401,10.06,10.06,False,Other,,,,10.0,10.0,0.0600000000000005,8.0,8.0,2.0600000000000005,2,0.0600000000000005,False
Cc1cc(C#N)ccc1NC1CCC(c2nnn3cnc4[nH]ccc4c23)CC1,CHEMBL3913397,6.96,6.96,False,Other,8.17,8.17,-1.21,6.984999999999999,6.984999999999999,-0.024999999999999467,,,,2,-1.21,False
Cc1cc(C#N)ccc1NC[C@H]1CC[C@H](c2nnn3cnc4[nH]ccc4c23)CC1,CHEMBL3899650,6.625,6.625,False,Other,8.084999999999999,8.084999999999999,-1.459999999999999,6.925,6.925,-0.2999999999999998,,,,2,-1.459999999999999,False
Cc1cc(C#N)nc(F)c1N(C)c1cc2c(ncn2C)c(NC(=O)[C@H]2C[C@H]2F)n1,CHEMBL6146315,8.24,8.24,False,Other,8.46,8.46,-0.22000000000000064,7.12,7.12,1.12,5.78,5.78,2.46,3,-0.22000000000000064,False
Cc1cc(C#N)ncc1N(C)c1cc(Nc2cc(N)ncn2)c2ncn(C)c2n1,CHEMBL5561057,9.02,9.02,False,Other,7.35,7.35,1.67,7.8,7.8,1.2199999999999998,6.31,6.31,2.71,3,1.2199999999999998,False
Cc1cc(C#N)ncc1N(C)c1cc2c(ncn2C)c(NC(=O)[C@H]2C[C@H]2F)n1,CHEMBL6142850,7.37,7.37,False,Other,7.75,7.75,-0.3799999999999999,6.45,6.45,0.9199999999999999,,,,2,-0.3799999999999999,False
Cc1cc(C#N)ncc1Nc1cc(Nc2cc(N)ncn2)c2ncn(C)c2n1,CHEMBL5542745,8.31,8.31,False,Other,7.01,7.01,1.3000000000000007,7.37,7.37,0.9400000000000004,6.37,6.37,1.9400000000000004,3,0.9400000000000004,False
Cc1cc(C#N)ncc1Oc1cc(Nc2cc(N)ncn2)c2ncn(C)c2n1,CHEMBL5532617,8.57,8.57,False,Other,7.46,7.46,1.1100000000000003,7.7,7.7,0.8700000000000001,6.3,6.3,2.2700000000000005,3,0.8700000000000001,False
Cc1cc(C#N)ncc1Oc1cc(Nc2ccc(C(=O)N(C)C)cc2)c2ncn(C)c2n1,CHEMBL5532333,7.92,7.92,False,Other,7.09,7.09,0.8300000000000001,6.87,6.87,1.0499999999999998,5.63,5.63,2.29,3,0.8300000000000001,False
Cc1cc(C#N)ncc1Oc1cc(Nc2ccc(C(=O)N(C)C)cn2)c2ncn(C)c2n1,CHEMBL5558764,8.44,8.44,False,Other,7.64,7.64,0.7999999999999998,7.85,7.85,0.5899999999999999,6.33,6.33,2.1099999999999994,3,0.5899999999999999,False
Cc1cc(C#N)ncc1Oc1cc(Nc2ccc(C(=O)N3CCN(C)CC3)cn2)c2ncn(C)c2n1,CHEMBL5517734,8.74,8.74,False,Other,6.455,6.455,2.285,6.04,6.04,2.7,6.6,6.6,2.1400000000000006,3,2.1400000000000006,False
Cc1cc(C#N)ncc1Oc1cc(Nc2ccc(C(=O)N3CCOCC3)cn2)c2ncn(C)c2n1,CHEMBL5562518,8.8,8.8,False,Other,6.5,6.5,2.3000000000000007,6.93,6.93,1.870000000000001,6.57,6.57,2.2300000000000004,3,1.870000000000001,False
Cc1cc(C#N)ncc1Oc1cc(Nc2ccc(C(=O)N3C[C@@H]4CCN(C)[C@@H]4C3)cn2)c2ncn(C)c2n1,CHEMBL5557846,8.68,8.68,False,Other,6.87,6.87,1.8099999999999996,7.75,7.75,0.9299999999999997,6.37,6.37,2.3099999999999996,3,0.9299999999999997,False
Cc1cc(C#N)ncc1Oc1cc(Nc2ccc(N3CCN(C)CC3)nn2)c2ncn(C)c2n1,CHEMBL5556514,8.62,8.62,False,Other,7.01,7.01,1.6099999999999994,8.0,8.0,0.6199999999999992,6.46,6.46,2.1599999999999993,3,0.6199999999999992,False
Cc1cc(C#N)ncc1Oc1cc(Nc2ccc(N3CCOCC3)cn2)c2ncn(C)c2n1,CHEMBL5565307,8.44,8.44,False,Other,7.47,7.47,0.9699999999999998,7.85,7.85,0.5899999999999999,6.31,6.31,2.13,3,0.5899999999999999,False
Cc1cc(C#N)ncc1Oc1cc(Nc2ccc(N3CCOCC3)nn2)c2ncn(C)c2n1,CHEMBL5558196,8.64,8.64,False,Other,6.26,6.26,2.380000000000001,5.99,5.99,2.6500000000000004,6.43,6.43,2.210000000000001,3,2.210000000000001,False
Cc1cc(C#N)ncc1Oc1cc(Nc2ccc(N3C[C@@H](C)N(C)[C@@H](C)C3)nn2)c2ncn(C)c2n1,CHEMBL5559338,8.48,8.48,False,Other,6.59,6.59,1.8900000000000006,7.66,7.66,0.8200000000000003,6.41,6.41,2.0700000000000003,3,0.8200000000000003,False
Cc1cc(C)c(-c2ccc(Nc3cc(NC(=O)C4CC4)nc4[nH]c(C(F)F)nc34)c(S(C)(=O)=O)c2)o1,CHEMBL5980269,8.26,,True,JH2,,,,,,,,,,0,,True
Cc1cc(C)c(C=C2C(=O)Nc3ccccc32)[nH]1,CHEMBL2002702,6.0,6.0,False,Other,,,,6.7,6.7,-0.7000000000000002,6.2,6.2,-0.20000000000000018,2,-0.7000000000000002,False
Cc1cc(C)c(S(=O)(=O)C[C@H]2C[C@@H](N(C)c3ncnc4[nH]ccc34)C2)cn1,CHEMBL5922063,8.89,8.89,False,Other,,,,9.55,9.55,-0.6600000000000001,8.0,8.0,0.8900000000000006,2,-0.6600000000000001,False
Cc1cc(C)cc(Nc2cc(N)n3ncc(C(N)=O)c3n2)c1,CHEMBL5839123,9.22,,True,JH2,,,,,,,,,,0,,True
Cc1cc(C)cc(Nc2cc(NC3CC3)c3ncc(C(N)=O)n3n2)c1,CHEMBL4285755,6.16,6.16,False,JH2,,,,,,,,,,0,,True
Cc1cc(C)cc(Nc2cc(NC3CCC3)c3ncc(C(N)=O)n3n2)c1,CHEMBL4282627,5.39,5.39,False,JH2,,,,,,,,,,0,,True
Cc1cc(C)cc(Nc2cc(NC3CCCC3)c3ncc(C(N)=O)n3n2)c1,CHEMBL4285530,5.32,5.32,False,JH2,,,,,,,,,,0,,True
Cc1cc(C)cc(Nc2cc(Nc3ccccc3)c3ncc(C(N)=O)n3n2)c1,CHEMBL4286006,5.43,5.43,False,JH2,,,,,,,,,,0,,True
Cc1cc(COc2ccc(-c3cccc4nc(NC(=O)C5CC5)nn34)cc2)no1,CHEMBL5831354,6.12,6.12,False,JH1,,,,,,,6.26,6.26,-0.13999999999999968,1,-0.13999999999999968,False
Cc1cc(F)cc(Nc2cc(NC3CC3)c3ncc(C(N)=O)n3n2)c1,CHEMBL4289875,5.85,5.85,False,JH2,,,,,,,,,,0,,True
Cc1cc(N2CCOCC2)cc2[nH]c(-c3c(NCC(O)c4cccc(Cl)c4)cc[nH]c3=O)nc12,CHEMBL2005886,7.3,7.3,False,Other,,,,8.4,8.4,-1.1000000000000005,6.8,6.8,0.5,2,-1.1000000000000005,False
Cc1cc(NC(=O)N2CCCC(c3nnn4cnc5[nH]ccc5c34)C2)sn1,CHEMBL3963555,6.15,6.15,False,Other,7.035,7.035,-0.8849999999999998,6.425,6.425,-0.27499999999999947,6.07,6.07,0.08000000000000007,3,-0.8849999999999998,False
Cc1cc(NC(=O)c2cnn3ccc(N)nc23)n(-c2cc(Cl)ccc2C)n1,CHEMBL3670390,7.48,7.48,False,Other,8.13,8.13,-0.6500000000000004,9.3,9.3,-1.8200000000000003,7.8,7.8,-0.3199999999999994,3,-1.8200000000000003,False
Cc1cc(NC(=O)c2cnn3ccc(N)nc23)n(-c2ccccc2C)n1,CHEMBL3670397,7.01,7.01,False,Other,7.52,7.52,-0.5099999999999998,8.38,8.38,-1.370000000000001,7.54,7.54,-0.5300000000000002,3,-1.370000000000001,False
Cc1cc(NC(=O)c2cnn3ccc(Nc4cccc(C(F)(F)F)c4)nc23)on1,CHEMBL3670392,7.21,7.21,False,Other,7.44,7.44,-0.23000000000000043,8.49,8.49,-1.2800000000000002,7.02,7.02,0.1900000000000004,3,-1.2800000000000002,False
Cc1cc(NC(=O)c2cnn3cccnc23)n(-c2cc(C#N)ccc2C)n1,CHEMBL3667509,6.88,6.88,False,JH1,7.39,7.39,-0.5099999999999998,8.24,8.24,-1.3600000000000003,6.99,6.99,-0.11000000000000032,3,-1.3600000000000003,False
Cc1cc(NC(=O)c2cnn3cccnc23)n(-c2cc(Cl)ccc2C)n1,CHEMBL3667508,7.0,7.0,False,JH1,7.33,7.33,-0.33000000000000007,8.31,8.31,-1.3100000000000005,6.82,6.82,0.17999999999999972,3,-1.3100000000000005,False
Cc1cc(NC(=O)c2cnn3cccnc23)n(-c2cc(Cl)ccc2Cl)n1,CHEMBL3667510,6.98,6.98,False,JH1,7.46,7.46,-0.47999999999999954,8.48,8.48,-1.5,7.13,7.13,-0.14999999999999947,3,-1.5,False
Cc1cc(NC(=O)c2cnn3cccnc23)n(-c2ccccc2Br)n1,CHEMBL3667511,6.32,6.32,False,JH1,6.88,6.88,-0.5599999999999996,7.75,7.75,-1.4299999999999997,6.85,6.85,-0.5299999999999994,3,-1.4299999999999997,False
Cc1cc(Nc2cc(-c3cnn(CCC#N)c3)c(Cl)cn2)sn1,CHEMBL5394153,4.3,4.3,False,Other,4.3,4.3,0.0,4.46,4.46,-0.16000000000000014,4.3,4.3,0.0,3,-0.16000000000000014,False
Cc1cc(Nc2cc(CN3CCOCC3)c3nc(C)c(Cc4ccc(Cl)cc4F)n3n2)n[nH]1,CHEMBL2107823,7.36,7.36,False,Other,8.115,8.115,-0.7549999999999999,7.609999999999999,7.609999999999999,-0.2499999999999991,7.32,7.32,0.040000000000000036,3,-0.7549999999999999,False
Cc1cc(Nc2cc(Cl)nc(N(C)[C@@H]3C[C@H]4CCC[C@@H](C3)N4C(=O)OC3CCOCC3)n2)n[nH]1,CHEMBL5899602,9.26,9.26,False,Other,,,,,,,8.26,,,0,,False
Cc1cc(Nc2cc(N)n3ncc(C(N)=O)c3n2)c(=O)n(-c2ccn(C)n2)c1,CHEMBL5870644,9.22,,True,JH2,,,,,,,,,,0,,True
Cc1cc(Nc2cc(N)n3ncc(C(N)=O)c3n2)c(=O)n(-c2ccnn2C)c1,CHEMBL6032327,8.26,,True,JH2,,,,,,,,,,0,,True
Cc1cc(Nc2cc(N)n3ncc(C(N)=O)c3n2)c(=O)n(-c2cnn(C)c2)c1,CHEMBL5935944,9.22,,True,JH2,,,,,,,,,,0,,True
Cc1cc(Nc2cc(N)n3ncc(C(N)=O)c3n2)c(=O)n(-c2cnn(C)c2)n1,CHEMBL6060681,9.22,,True,JH2,,,,,,,,,,0,,True
Cc1cc(Nc2cc(N3CCN(C)CC3)nc(/C=C/c3ccccc3)n2)n[nH]1,CHEMBL482968,5.92,5.92,False,Other,,,,,,,,,,0,,False
Cc1cc(Nc2cc(N3CCN(C)CC3)nc(C=Cc3ccccc3)n2)n[nH]1,CHEMBL1983923,6.7,6.7,False,Other,,,,7.6,7.6,-0.8999999999999995,6.5,6.5,0.20000000000000018,2,-0.8999999999999995,False
Cc1cc(Nc2cc(N3CCN(C)CC3)nc(Sc3ccc(NC(=O)C4CC4)cc3)n2)n[nH]1,CHEMBL572878,6.29,6.29,False,Other,5.23,5.23,1.0599999999999996,6.66,6.66,-0.3700000000000001,6.2,6.2,0.08999999999999986,3,-0.3700000000000001,False
Cc1cc(Nc2cc(Nc3ccc(-c4c(C)nn(C)c4C)cc3S(C)(=O)=O)c3nc(C(F)F)[nH]c3n2)nc(C)n1,CHEMBL5883673,9.52,,True,JH2,,,,,,,,,,0,,True
Cc1cc(Nc2cc(Nc3ccc(-c4c(C)nn(C)c4C)cc3S(C)(=O)=O)c3nc(C)[nH]c3n2)nc(C)n1,CHEMBL5806671,9.52,,True,JH2,,,,,,,,,,0,,True
Cc1cc(Nc2cc(Nc3ccc(-c4cc(C)n(C)n4)cc3S(C)(=O)=O)c3nc(C(F)F)[nH]c3n2)nc(C)n1,CHEMBL5871994,9.52,,True,JH2,,,,,,,,,,0,,True
Cc1cc(Nc2cc(Nc3ccc(-c4ccn(C5CC5)n4)cc3S(C)(=O)=O)c3nc(C(F)F)[nH]c3n2)nc(C)n1,CHEMBL5762875,9.52,,True,JH2,,,,,,,,,,0,,True
Cc1cc(Nc2cc(Nc3ccc(-c4ccn(C5CC5)n4)cc3S(C)(=O)=O)c3nc(C)[nH]c3n2)nc(C)n1,CHEMBL6060822,9.52,,True,JH2,,,,,,,,,,0,,True
Cc1cc(Nc2cc(Nc3ccc(-c4nc(C)c(C)s4)cc3S(C)(=O)=O)c3nc(C(F)F)[nH]c3n2)nc(C)n1,CHEMBL6063152,9.12,,True,JH2,,,,,,,,,,0,,True
Cc1cc(Nc2cc(Nc3ccc(-c4nc(C)c(C)s4)cc3S(C)(=O)=O)c3nc(C)[nH]c3n2)nc(C)n1,CHEMBL5850960,9.52,,True,JH2,,,,,,,,,,0,,True
Cc1cc(Nc2cc(Nc3ccc(-c4nc(C)cs4)cc3S(C)(=O)=O)c3nc(C(F)F)[nH]c3n2)nc(C)n1,CHEMBL5816999,9.52,,True,JH2,,,,,,,,,,0,,True
Cc1cc(Nc2cc(Nc3ccc(-c4nc(C)cs4)cc3S(C)(=O)=O)c3nc(C)[nH]c3n2)nc(C)n1,CHEMBL5744758,9.52,,True,JH2,,,,,,,,,,0,,True
Cc1cc(Nc2cc(Nc3ccc(-c4nc(C)sc4C)cc3S(C)(=O)=O)c3nc(C(F)F)[nH]c3n2)nc(C)n1,CHEMBL5740608,9.52,,True,JH2,,,,,,,,,,0,,True
Cc1cc(Nc2cc(Nc3ccc(C4=NC(C)(C)CS4)cc3S(C)(=O)=O)c3nc(C(F)F)[nH]c3n2)nc(C)n1,CHEMBL5748479,8.26,,True,JH2,,,,,,,,,,0,,True
Cc1cc(Nc2cc(Nc3ccc(C4=NC(C)(C)CS4)cc3S(C)(=O)=O)c3nc(C)[nH]c3n2)nc(C)n1,CHEMBL5971144,9.52,,True,JH2,,,,,,,,,,0,,True
Cc1cc(Nc2cc(Nc3ccc(C4CC4)cc3S(C)(=O)=O)c3c(=O)n(C)[nH]c3n2)nc(C)n1,CHEMBL5859910,9.12,,True,JH2,,,,,,,,,,0,,True
Cc1cc(Nc2cc(Nc3ccc(C4CC4)cc3S(C)(=O)=O)c3nc(C(F)F)[nH]c3n2)nc(C)n1,CHEMBL6048383,9.52,,True,JH2,,,,,,,,,,0,,True
Cc1cc(Nc2cc(Nc3ccc(C4CC4)cc3S(C)(=O)=O)c3nc(C)[nH]c3n2)nc(C)n1,CHEMBL5921193,9.52,,True,JH2,,,,,,,,,,0,,True
Cc1cc(Nc2cc(Nc3ccc(Cl)cc3S(C)(=O)=O)c3c(=O)n(C)[nH]c3n2)nc(C)n1,CHEMBL5935747,9.52,,True,JH2,,,,,,,,,,0,,True
Cc1cc(Nc2cc(Nc3ccc([C@@H]4CCCCO4)cc3S(C)(=O)=O)c3nc(C(F)F)[nH]c3n2)nc(C)n1,CHEMBL6057923,9.52,,True,JH2,,,,,,,,,,0,,True
Cc1cc(Nc2cc(Nc3ccccc3N(C)S(C)(=O)=O)c3nc(C(F)F)[nH]c3n2)nc(C)n1,CHEMBL6050673,9.52,,True,JH2,,,,,,,,,,0,,True
Cc1cc(Nc2cc(Nc3ccccc3N(C)S(C)(=O)=O)c3nc(C)[nH]c3n2)nc(C)n1,CHEMBL5968894,9.52,,True,JH2,,,,,,,,,,0,,True
Cc1cc(Nc2cc(Nc3ccccc3S(C)(=O)=O)c3c(=O)n(C)[nH]c3n2)nc(C)n1,CHEMBL5873365,9.52,,True,JH2,,,,,,,,,,0,,True
Cc1cc(Nc2cc(Nc3ccccc3S(C)(=O)=O)c3c(=O)n(C)[nH]c3n2)ncc1F,CHEMBL5745885,9.52,,True,JH2,,,,,,,,,,0,,True
Cc1cc(Nc2cc(O[C@@H]3CCOC3)nc(N(C)[C@@H]3C[C@H]4CCC[C@@H](C3)N4C(=O)OC3CCOCC3)n2)n[nH]1,CHEMBL5908311,9.26,9.26,False,Other,,,,,,,9.26,,,0,,False
Cc1cc(Nc2cc(O[C@H]3CCOC3)nc(N(C)[C@@H]3C[C@H]4CCC[C@@H](C3)N4CC(=O)N3CCCC3)n2)n[nH]1,CHEMBL5807803,9.26,9.26,False,Other,9.26,9.26,0.0,,,,9.26,,,1,0.0,False
Cc1cc(Nc2cc3nc(CCO)ccc3c(N[C@@H]3C[C@H]4CC[C@@H](C3)N4CCCF)n2)n[nH]1,CHEMBL6019171,7.3,,True,Other,9.26,,,9.26,,,7.3,,,0,,False
Cc1cc(Nc2cc3nc(CN4CCC(F)(F)CC4)ccc3c(N[C@@H]3C[C@H]4CC[C@@H](C3)N4CC(C)C)n2)n[nH]1,CHEMBL5788423,9.26,,True,Other,9.26,,,9.26,,,7.3,,,0,,False
Cc1cc(Nc2cc3nc(CN4CCC(F)(F)CC4)ccc3c(N[C@@H]3C[C@H]4CC[C@@H](C3)N4CC(F)(F)F)n2)n[nH]1,CHEMBL6050772,9.26,,True,Other,9.26,,,9.26,,,9.26,,,0,,False
Cc1cc(Nc2cc3nc(CN4CCC(F)(F)CC4)ccc3c(N[C@@H]3C[C@H]4CC[C@@H](C3)N4S(=O)(=O)c3cncc(F)c3)n2)n[nH]1,CHEMBL5927674,7.3,,True,Other,9.26,,,9.26,,,7.3,,,0,,False
Cc1cc(Nc2cc3nc(CN4CCN(C)CC4)ccc3c(N[C@@H]3C[C@H]4CC[C@@H](C3)N4CC(C)C)n2)n[nH]1,CHEMBL5905057,7.3,,True,Other,7.3,,,7.3,,,7.3,,,0,,False
Cc1cc(Nc2cc3nc(CN4CCN(C)CC4)ccc3c(N[C@@H]3C[C@H]4CC[C@@H](C3)N4CC(F)(F)F)n2)n[nH]1,CHEMBL5773726,9.26,,True,Other,9.26,,,9.26,,,9.26,,,0,,False
Cc1cc(Nc2cc3nc(CN4CCN(C)CC4)ccc3c(N[C@@H]3C[C@H]4CC[C@@H](C3)N4CCC#N)n2)n[nH]1,CHEMBL5958890,9.26,,True,Other,9.26,,,9.26,,,9.26,,,0,,False
Cc1cc(Nc2cc3nc(CN4CCN(C)CC4)ccc3c(N[C@@H]3C[C@H]4CC[C@@H](C3)N4S(=O)(=O)N3CCC3)n2)n[nH]1,CHEMBL5844386,9.26,,True,Other,9.26,,,9.26,,,7.3,,,0,,False
Cc1cc(Nc2cc3nc(CN4CCN(C)CC4)ccc3c(N[C@@H]3C[C@H]4CC[C@@H](C3)N4S(=O)(=O)c3cncc(F)c3)n2)n[nH]1,CHEMBL5985427,7.3,,True,Other,9.26,,,9.26,,,7.3,,,0,,False
Cc1cc(Nc2cc3nc(CN4CCOCC4)ccc3c(N[C@@H]3C[C@H]4CCC[C@@H](C3)N4CC(F)(F)F)n2)n[nH]1,CHEMBL6019950,9.26,,True,Other,9.26,,,,,,9.26,,,0,,False
Cc1cc(Nc2cc3nc(CN4CCOCC4)ccc3c(N[C@@H]3C[C@H]4CCC[C@@H](C3)N4CCC#N)n2)n[nH]1,CHEMBL5747513,9.26,,True,Other,,,,,,,,,,0,,False
Cc1cc(Nc2cc3nc(CN4CCOCC4)ccc3c(N[C@@H]3C[C@H]4CCC[C@@H](C3)N4S(=O)(=O)N3CCC3)n2)n[nH]1,CHEMBL5808047,9.26,,True,Other,9.26,,,9.26,,,9.26,,,0,,False
Cc1cc(Nc2cc3nc(CN4CCOCC4)ccc3c(N[C@@H]3C[C@H]4CCC[C@@H](C3)N4S(=O)(=O)c3cccnc3)n2)n[nH]1,CHEMBL5946497,9.26,,True,Other,9.26,,,9.26,,,9.26,,,0,,False
Cc1cc(Nc2cc3nc(CN4CCOCC4)ccc3c(N[C@@H]3C[C@H]4CCC[C@@H](C3)N4S(=O)(=O)c3cncc(F)c3)n2)n[nH]1,CHEMBL5814615,9.26,,True,Other,9.26,,,,,,9.26,,,0,,False
Cc1cc(Nc2cc3nc(CN4CCOCC4)ccc3c(N[C@@H]3C[C@H]4CCC[C@@H](C3)N4S(C)(=O)=O)n2)n[nH]1,CHEMBL6015069,9.26,,True,Other,,,,,,,9.26,,,0,,False
Cc1cc(Nc2cc3nc(CN4CCOCC4)ccc3c(N[C@@H]3C[C@H]4CC[C@@H](C3)N4CC(C)C)n2)n[nH]1,CHEMBL6004918,7.3,,True,Other,9.26,,,7.3,,,7.3,,,0,,False
Cc1cc(Nc2cc3nc(CN4CCOCC4)ccc3c(N[C@@H]3C[C@H]4CC[C@@H](C3)N4CC(F)(F)F)n2)n[nH]1,CHEMBL5947876,9.26,,True,Other,9.26,,,,,,9.26,,,0,,False
Cc1cc(Nc2cc3nc(CN4CCOCC4)ccc3c(N[C@@H]3C[C@H]4CC[C@@H](C3)N4CCC#N)n2)n[nH]1,CHEMBL6005467,9.26,,True,Other,9.26,,,,,,9.26,,,0,,False
Cc1cc(Nc2cc3nc(CN4CCOCC4)ccc3c(N[C@@H]3C[C@H]4CC[C@@H](C3)N4S(=O)(=O)N3CCC3)n2)n[nH]1,CHEMBL6060589,9.26,,True,Other,9.26,,,,,,9.26,,,0,,False
Cc1cc(Nc2cc3nc(CN4CCOCC4)ccc3c(N[C@@H]3C[C@H]4CC[C@@H](C3)N4S(=O)(=O)c3cncc(F)c3)n2)n[nH]1,CHEMBL5745527,9.26,,True,Other,9.26,,,9.26,,,7.3,,,0,,False
Cc1cc(Nc2cc3nc(CN4CCOCC4)ccc3c(N[C@@H]3C[C@H]4CC[C@@H](C3)N4S(C)(=O)=O)n2)n[nH]1,CHEMBL5863249,9.26,,True,Other,9.26,,,,,,9.26,,,0,,False
Cc1cc(Nc2cc3nc(CN4CCOCC4)ccc3c(N[C@H]3C[C@H]4CCC[C@@H](C3)N4CC(F)(F)F)n2)n[nH]1,CHEMBL5980131,9.26,,True,Other,9.26,,,,,,9.26,,,0,,False
Cc1cc(Nc2cc3nc(CN4CCOCC4)ccc3c(N[C@H]3C[C@H]4CCC[C@@H](C3)N4CCC#N)n2)n[nH]1,CHEMBL5934719,9.26,,True,Other,,,,,,,,,,0,,False
Cc1cc(Nc2cc3nc(CO)ccc3c(N[C@@H]3C[C@H]4CC[C@@H](C3)N4C(=O)OCC(C)C)n2)n[nH]1,CHEMBL5967027,7.3,,True,Other,9.26,,,9.26,,,7.3,,,0,,False
Cc1cc(Nc2cc3nc(CO)ccc3c(N[C@@H]3C[C@H]4CC[C@@H](C3)N4CC#N)n2)n[nH]1,CHEMBL5897828,9.26,,True,Other,9.26,,,,,,9.26,,,0,,False
Cc1cc(Nc2cc3nc(CO)ccc3c(N[C@@H]3C[C@H]4CC[C@@H](C3)N4CCC#N)n2)n[nH]1,CHEMBL5755946,9.26,,True,Other,9.26,,,,,,9.26,,,0,,False
Cc1cc(Nc2cc3nc(CO)ccc3c(N[C@@H]3C[C@H]4CC[C@@H](C3)N4CCCF)n2)n[nH]1,CHEMBL6033984,7.3,,True,Other,9.26,,,9.26,,,7.3,,,0,,False
Cc1cc(Nc2cc3nc(CO)ccc3c(N[C@@H]3C[C@H]4CC[C@@H](C3)N4S(C)(=O)=O)n2)n[nH]1,CHEMBL5780660,9.26,,True,Other,,,,,,,7.3,,,0,,False
Cc1cc(Nc2cc3nc(CS(C)(=O)=O)ccc3c(N[C@@H]3C[C@H]4CC[C@@H](C3)N4CCC(F)(F)F)n2)n[nH]1,CHEMBL5852131,9.26,,True,Other,9.26,,,9.26,,,7.3,,,0,,False
Cc1cc(Nc2cc3nc(CS(C)(=O)=O)ccc3c(N[C@@H]3C[C@H]4CC[C@@H](C3)N4CCCF)n2)n[nH]1,CHEMBL6056763,7.3,,True,Other,9.26,,,9.26,,,7.3,,,0,,False
Cc1cc(Nc2cc3nc(CS(C)(=O)=O)ccc3c(N[C@@H]3C[C@H]4CC[C@@H](C3)N4CCF)n2)n[nH]1,CHEMBL6061798,9.26,,True,Other,9.26,,,9.26,,,7.3,,,0,,False
Cc1cc(Nc2cc3ncc(S(C)(=O)=O)cc3c(N[C@@H]3C[C@H]4CCC[C@@H](C3)N4Cc3ccncc3)n2)n[nH]1,CHEMBL6010057,9.26,,True,Other,,,,,,,9.26,,,0,,False
Cc1cc(Nc2cc3ncc(S(C)(=O)=O)cc3c(N[C@@H]3C[C@H]4CC[C@@H](C3)N4C(=O)C(F)F)n2)n[nH]1,CHEMBL5741185,7.3,,True,Other,9.26,,,9.26,,,7.3,,,0,,False
Cc1cc(Nc2cc3ncc(S(C)(=O)=O)cc3c(N[C@@H]3C[C@H]4CC[C@@H](C3)N4C(=O)CC#N)n2)n[nH]1,CHEMBL5965784,7.3,,True,Other,9.26,,,9.26,,,7.3,,,0,,False
Cc1cc(Nc2cc3ncc(S(C)(=O)=O)cc3c(N[C@@H]3C[C@H]4CC[C@@H](C3)N4CCC#N)n2)n[nH]1,CHEMBL5807949,9.26,,True,Other,,,,,,,9.26,,,0,,False
Cc1cc(Nc2cc3ncc(S(C)(=O)=O)cc3c(N[C@@H]3C[C@H]4CC[C@@H](C3)N4CCC(F)(F)F)n2)n[nH]1,CHEMBL5790344,9.26,,True,Other,9.26,,,,,,7.3,,,0,,False
Cc1cc(Nc2cc3ncc(S(C)(=O)=O)cc3c(N[C@@H]3C[C@H]4CC[C@@H](C3)N4CCCF)n2)n[nH]1,CHEMBL5769789,7.3,,True,Other,7.3,,,7.3,,,7.3,,,0,,False
Cc1cc(Nc2cc3ncc(S(C)(=O)=O)cc3c(N[C@@H]3C[C@H]4CC[C@@H](C3)N4CCF)n2)n[nH]1,CHEMBL5800319,7.3,,True,Other,9.26,,,9.26,,,7.3,,,0,,False
Cc1cc(Nc2cc3ncc(S(C)(=O)=O)cc3c(N[C@@H]3C[C@H]4CC[C@@H](C3)N4Cc3ccncc3)n2)n[nH]1,CHEMBL5821778,9.26,,True,Other,9.26,,,,,,9.26,,,0,,False
Cc1cc(Nc2cc3ncc(S(C)(=O)=O)cc3c(N[C@@H]3C[C@H]4CC[C@@H](C3)N4[C@@H]3CCOC3=O)n2)n[nH]1,CHEMBL5819981,7.3,,True,Other,9.26,,,,,,8.28,,,0,,False
Cc1cc(Nc2cc3ncc(S(C)(=O)=O)cc3c(N[C@@H]3C[C@H]4CC[C@@H](C3)N4[C@H]3CCOC3=O)n2)n[nH]1,CHEMBL5991494,7.3,,True,Other,9.26,,,,,,8.28,,,0,,False
Cc1cc(Nc2cc3ncccc3c(N[C@@H]3C[C@H]4CCC[C@@H](C3)N4C(=O)C(C)(C)CCO)n2)n[nH]1,CHEMBL5959436,9.26,,True,Other,9.26,,,9.26,,,7.3,,,0,,False
Cc1cc(Nc2cc3ncccc3c(N[C@@H]3C[C@H]4CCC[C@@H](C3)N4C(=O)C(C)(C)CO)n2)n[nH]1,CHEMBL5820269,9.26,,True,Other,9.26,,,9.26,,,7.3,,,0,,False
Cc1cc(Nc2cc3ncccc3c(N[C@@H]3C[C@H]4CCC[C@@H](C3)N4C(=O)C(C)CC#N)n2)n[nH]1,CHEMBL5932860,9.26,,True,Other,9.26,,,9.26,,,7.3,,,0,,False
Cc1cc(Nc2cc3ncccc3c(N[C@@H]3C[C@H]4CCC[C@@H](C3)N4C(=O)C(C)SO)n2)n[nH]1,CHEMBL5916574,9.26,,True,Other,9.26,,,9.26,,,7.3,,,0,,False
Cc1cc(Nc2cc3ncccc3c(N[C@@H]3C[C@H]4CCC[C@@H](C3)N4C(=O)C3(C(=O)C#N)CC3)n2)n[nH]1,CHEMBL6058756,7.3,,True,Other,9.26,,,9.26,,,7.3,,,0,,False
Cc1cc(Nc2cc3ncccc3c(N[C@@H]3C[C@H]4CCC[C@@H](C3)N4C(=O)C3(C(=O)C(F)(F)F)CC3)n2)n[nH]1,CHEMBL5886460,9.26,,True,Other,9.26,,,9.26,,,7.3,,,0,,False
Cc1cc(Nc2cc3ncccc3c(N[C@@H]3C[C@H]4CCC[C@@H](C3)N4C(=O)C3(C)CCCC3)n2)n[nH]1,CHEMBL6018648,7.3,,True,Other,9.26,,,9.26,,,7.3,,,0,,False
Cc1cc(Nc2cc3ncccc3c(N[C@@H]3C[C@H]4CCC[C@@H](C3)N4C(=O)CCC(C)C)n2)n[nH]1,CHEMBL5773700,7.3,,True,Other,9.26,,,9.26,,,7.3,,,0,,False
Cc1cc(Nc2cc3ncccc3c(N[C@@H]3C[C@H]4CCC[C@@H](C3)N4C(=O)CCCC#N)n2)n[nH]1,CHEMBL5935072,9.26,,True,Other,9.26,,,9.26,,,7.3,,,0,,False
Cc1cc(Nc2cc3ncccc3c(N[C@@H]3C[C@H]4CCC[C@@H](C3)N4C(=O)CN(C)C)n2)n[nH]1,CHEMBL5873918,7.3,,True,Other,9.26,,,9.26,,,7.3,,,0,,False
Cc1cc(Nc2cc3ncccc3c(N[C@@H]3C[C@H]4CCC[C@@H](C3)N4C(=O)Cc3ccccc3)n2)n[nH]1,CHEMBL5805318,7.3,,True,Other,9.26,,,9.26,,,7.3,,,0,,False
Cc1cc(Nc2cc3ncccc3c(N[C@@H]3C[C@H]4CCC[C@@H](C3)N4C(=O)OCC#N)n2)n[nH]1,CHEMBL5821288,7.3,,True,Other,9.26,,,9.26,,,7.3,,,0,,False
Cc1cc(Nc2cc3ncccc3c(N[C@@H]3C[C@H]4CCC[C@@H](C3)N4C(=O)OCC(C)C)n2)n[nH]1,CHEMBL5768870,7.3,,True,Other,9.26,,,9.26,,,7.3,,,0,,False
Cc1cc(Nc2cc3ncccc3c(N[C@@H]3C[C@H]4CCC[C@@H](C3)N4C(=O)OCCC#N)n2)n[nH]1,CHEMBL6033171,7.3,,True,Other,9.26,,,9.26,,,7.3,,,0,,False
Cc1cc(Nc2cc3ncccc3c(N[C@@H]3C[C@H]4CCC[C@@H](C3)N4C(=O)OCc3ccco3)n2)n[nH]1,CHEMBL5981455,7.3,,True,Other,9.26,,,9.26,,,7.3,,,0,,False
Cc1cc(Nc2cc3ncccc3c(N[C@@H]3C[C@H]4CCC[C@@H](C3)N4C(=O)c3ccccc3)n2)n[nH]1,CHEMBL6011249,9.26,,True,Other,9.26,,,,,,9.26,,,0,,False
Cc1cc(Nc2cc3ncccc3c(N[C@@H]3C[C@H]4CCC[C@@H](C3)N4C(=O)c3ccnc(C#N)c3)n2)n[nH]1,CHEMBL5863426,7.3,,True,Other,9.26,,,9.26,,,7.3,,,0,,False
Cc1cc(Nc2cc3ncccc3c(N[C@@H]3C[C@H]4CCC[C@@H](C3)N4C(=O)c3cncc(C#N)c3)n2)n[nH]1,CHEMBL5997443,7.3,,True,Other,9.26,,,9.26,,,7.3,,,0,,False
Cc1cc(Nc2cc3ncccc3c(N[C@@H]3C[C@H]4CCC[C@@H](C3)N4C3CCCOC3=O)n2)n[nH]1,CHEMBL5874630,7.3,,True,Other,9.26,,,9.26,,,7.3,,,0,,False
Cc1cc(Nc2cc3ncccc3c(N[C@@H]3C[C@H]4CCC[C@@H](C3)N4CC(=O)N(C)C)n2)n[nH]1,CHEMBL6034793,7.3,,True,Other,9.26,,,9.26,,,7.3,,,0,,False
Cc1cc(Nc2cc3ncccc3c(N[C@@H]3C[C@H]4CCC[C@@H](C3)N4CC(=O)N[C@@H]3CCOC3=O)n2)n[nH]1,CHEMBL5821877,9.26,,True,Other,9.26,,,,,,9.26,,,0,,False
Cc1cc(Nc2cc3ncccc3c(N[C@@H]3C[C@H]4CCC[C@@H](C3)N4CC(=O)N[C@H]3CCOC3=O)n2)n[nH]1,CHEMBL6014558,7.3,,True,Other,9.26,,,,,,9.26,,,0,,False
Cc1cc(Nc2cc3ncccc3c(N[C@@H]3C[C@H]4CCC[C@@H](C3)N4CC(=O)OC(C)(C)C)n2)n[nH]1,CHEMBL6036451,7.3,,True,Other,9.26,,,9.26,,,7.3,,,0,,False
Cc1cc(Nc2cc3ncccc3c(N[C@@H]3C[C@H]4CCC[C@@H](C3)N4CC(=O)OC(C)C)n2)n[nH]1,CHEMBL5936821,9.26,,True,Other,9.26,,,9.26,,,9.26,,,0,,False
Cc1cc(Nc2cc3ncccc3c(N[C@@H]3C[C@H]4CCC[C@@H](C3)N4CC(C)C)n2)n[nH]1,CHEMBL5983951,7.3,,True,Other,9.26,,,9.26,,,7.3,,,0,,False
Cc1cc(Nc2cc3ncccc3c(N[C@@H]3C[C@H]4CCC[C@@H](C3)N4CC(F)(F)F)n2)n[nH]1,CHEMBL5962274,9.26,,True,Other,9.26,,,9.26,,,7.3,,,0,,False
Cc1cc(Nc2cc3ncccc3c(N[C@@H]3C[C@H]4CCC[C@@H](C3)N4CC(N)=O)n2)n[nH]1,CHEMBL5956603,7.3,,True,Other,9.26,,,,,,9.26,,,0,,False
Cc1cc(Nc2cc3ncccc3c(N[C@@H]3C[C@H]4CCC[C@@H](C3)N4CC3CCC(=O)O3)n2)n[nH]1,CHEMBL6028397,7.3,,True,Other,9.26,,,9.26,,,7.3,,,0,,False
Cc1cc(Nc2cc3ncccc3c(N[C@@H]3C[C@H]4CCC[C@@H](C3)N4CC3CCCOC3=O)n2)n[nH]1,CHEMBL5972952,7.3,,True,Other,9.26,,,9.26,,,7.3,,,0,,False
Cc1cc(Nc2cc3ncccc3c(N[C@@H]3C[C@H]4CCC[C@@H](C3)N4CC3CCOC3=O)n2)n[nH]1,CHEMBL6050727,9.26,,True,Other,9.26,,,,,,9.26,,,0,,False
Cc1cc(Nc2cc3ncccc3c(N[C@@H]3C[C@H]4CCC[C@@H](C3)N4CC3COC(=O)O3)n2)n[nH]1,CHEMBL5816969,9.26,,True,Other,,,,,,,9.26,,,0,,False
Cc1cc(Nc2cc3ncccc3c(N[C@@H]3C[C@H]4CCC[C@@H](C3)N4CCC#N)n2)n[nH]1,CHEMBL6031653,9.26,,True,Other,,,,,,,9.26,,,0,,False
Cc1cc(Nc2cc3ncccc3c(N[C@@H]3C[C@H]4CCC[C@@H](C3)N4CCC(F)(F)F)n2)n[nH]1,CHEMBL6048947,7.3,,True,Other,9.26,,,9.26,,,7.3,,,0,,False
Cc1cc(Nc2cc3ncccc3c(N[C@@H]3C[C@H]4CCC[C@@H](C3)N4CCCF)n2)n[nH]1,CHEMBL5873901,7.3,,True,Other,9.26,,,9.26,,,7.3,,,0,,False
Cc1cc(Nc2cc3ncccc3c(N[C@@H]3C[C@H]4CCC[C@@H](C3)N4CCF)n2)n[nH]1,CHEMBL5868274,7.3,,True,Other,9.26,,,9.26,,,7.3,,,0,,False
Cc1cc(Nc2cc3ncccc3c(N[C@@H]3C[C@H]4CCC[C@@H](C3)N4C[C@@H]3CCOC3=O)n2)n[nH]1,CHEMBL5935374,9.26,,True,Other,9.26,,,9.26,,,7.3,,,0,,False
Cc1cc(Nc2cc3ncccc3c(N[C@@H]3C[C@H]4CCC[C@@H](C3)N4C[C@H]3CCC(=O)O3)n2)n[nH]1,CHEMBL5778105,7.3,,True,Other,9.26,,,9.26,,,7.3,,,0,,False
Cc1cc(Nc2cc3ncccc3c(N[C@@H]3C[C@H]4CCC[C@@H](C3)N4Cc3ccc(C#N)nc3)n2)n[nH]1,CHEMBL5959594,9.26,,True,Other,9.26,,,,,,9.26,,,0,,False
Cc1cc(Nc2cc3ncccc3c(N[C@@H]3C[C@H]4CCC[C@@H](C3)N4Cc3ccc(O)cc3)n2)n[nH]1,CHEMBL5996059,7.3,,True,Other,,,,,,,7.3,,,0,,False
Cc1cc(Nc2cc3ncccc3c(N[C@@H]3C[C@H]4CCC[C@@H](C3)N4Cc3cccc(O)c3)n2)n[nH]1,CHEMBL5833020,9.26,,True,Other,,,,,,,9.26,,,0,,False
Cc1cc(Nc2cc3ncccc3c(N[C@@H]3C[C@H]4CCC[C@@H](C3)N4Cc3cccnc3)n2)n[nH]1,CHEMBL5820327,9.26,,True,Other,9.26,,,,,,9.26,,,0,,False
Cc1cc(Nc2cc3ncccc3c(N[C@@H]3C[C@H]4CCC[C@@H](C3)N4Cc3ccnc(C#N)c3)n2)n[nH]1,CHEMBL5969390,7.3,,True,Other,9.26,,,9.26,,,9.26,,,0,,False
Cc1cc(Nc2cc3ncccc3c(N[C@@H]3C[C@H]4CCC[C@@H](C3)N4Cc3ccncc3)n2)n[nH]1,CHEMBL5848406,9.26,,True,Other,,,,,,,9.26,,,0,,False
Cc1cc(Nc2cc3ncccc3c(N[C@@H]3C[C@H]4CCC[C@@H](C3)N4Cc3ccncc3C#N)n2)n[nH]1,CHEMBL5894845,9.26,,True,Other,9.26,,,9.26,,,7.3,,,0,,False
Cc1cc(Nc2cc3ncccc3c(N[C@@H]3C[C@H]4CCC[C@@H](C3)N4Cc3cncc(C#N)c3)n2)n[nH]1,CHEMBL5942517,9.26,,True,Other,9.26,,,,,,9.26,,,0,,False
Cc1cc(Nc2cc3ncccc3c(N[C@@H]3C[C@H]4CCC[C@@H](C3)N4S(=O)(=O)C3CC3)n2)n[nH]1,CHEMBL5891908,9.26,,True,Other,,,,,,,9.26,,,0,,False
Cc1cc(Nc2cc3ncccc3c(N[C@@H]3C[C@H]4CCC[C@@H](C3)N4S(=O)(=O)C3CNC3)n2)n[nH]1,CHEMBL5917749,9.26,,True,Other,9.26,,,9.26,,,7.3,,,0,,False
Cc1cc(Nc2cc3ncccc3c(N[C@@H]3C[C@H]4CCC[C@@H](C3)N4S(=O)(=O)CC(C)C)n2)n[nH]1,CHEMBL5977518,9.26,,True,Other,9.26,,,9.26,,,7.3,,,0,,False
Cc1cc(Nc2cc3ncccc3c(N[C@@H]3C[C@H]4CCC[C@@H](C3)N4S(=O)(=O)CC3CC3)n2)n[nH]1,CHEMBL5995207,9.26,,True,Other,9.26,,,,,,9.26,,,0,,False
Cc1cc(Nc2cc3ncccc3c(N[C@@H]3C[C@H]4CCC[C@@H](C3)N4S(=O)(=O)Cc3ccccc3)n2)n[nH]1,CHEMBL5915327,7.3,,True,Other,9.26,,,9.26,,,7.3,,,0,,False
Cc1cc(Nc2cc3ncccc3c(N[C@@H]3C[C@H]4CCC[C@@H](C3)N4S(=O)(=O)Cc3cccnc3)n2)n[nH]1,CHEMBL5800354,7.3,,True,Other,9.26,,,9.26,,,7.3,,,0,,False
Cc1cc(Nc2cc3ncccc3c(N[C@@H]3C[C@H]4CCC[C@@H](C3)N4S(=O)(=O)N3CCC3)n2)n[nH]1,CHEMBL5756356,9.26,,True,Other,,,,,,,9.26,,,0,,False
Cc1cc(Nc2cc3ncccc3c(N[C@@H]3C[C@H]4CCC[C@@H](C3)N4S(=O)(=O)N3CCCC3)n2)n[nH]1,CHEMBL5790911,9.26,,True,Other,9.26,,,,,,9.26,,,0,,False
Cc1cc(Nc2cc3ncccc3c(N[C@@H]3C[C@H]4CCC[C@@H](C3)N4S(=O)(=O)c3ccccc3)n2)n[nH]1,CHEMBL5761030,9.26,,True,Other,9.26,,,9.26,,,7.3,,,0,,False
Cc1cc(Nc2cc3ncccc3c(N[C@@H]3C[C@H]4CCC[C@@H](C3)N4S(=O)(=O)c3cccnc3)n2)n[nH]1,CHEMBL5809751,9.26,,True,Other,,,,,,,9.26,,,0,,False
Cc1cc(Nc2cc3ncccc3c(N[C@@H]3C[C@H]4CCC[C@@H](C3)N4S(=O)(=O)c3cncc(F)c3)n2)n[nH]1,CHEMBL5922189,9.26,,True,Other,,,,,,,7.3,,,0,,False
Cc1cc(Nc2cc3ncccc3c(N[C@@H]3C[C@H]4CCC[C@@H](C3)N4S(C)(=O)=O)n2)n[nH]1,CHEMBL5761144,9.26,,True,Other,,,,,,,9.26,,,0,,False
Cc1cc(Nc2cc3ncccc3c(N[C@@H]3C[C@H]4CCC[C@@H](C3)N4[C@@H]3CCOC3=O)n2)n[nH]1,CHEMBL5938951,9.26,,True,Other,9.26,,,9.26,,,7.3,,,0,,False
Cc1cc(Nc2cc3ncccc3c(N[C@@H]3C[C@H]4CCC[C@@H](C3)N4[C@H]3CCOC3=O)n2)n[nH]1,CHEMBL5770893,9.26,,True,Other,9.26,,,,,,9.26,,,0,,False
Cc1cc(Nc2cc3ncccc3c(N[C@@H]3C[C@H]4CCC[C@@](C)(C3)N4C(=O)c3ccc(C#N)nc3)n2)n[nH]1,CHEMBL6067741,9.26,,True,Other,9.26,,,,,,7.3,,,0,,False
Cc1cc(Nc2cc3ncccc3c(N[C@@H]3C[C@H]4CC[C@@H](C3)N4C(=O)C(C)F)n2)n[nH]1,CHEMBL5911770,7.3,,True,Other,9.26,,,9.26,,,7.3,,,0,,False
Cc1cc(Nc2cc3ncccc3c(N[C@@H]3C[C@H]4CC[C@@H](C3)N4C(=O)C(F)F)n2)n[nH]1,CHEMBL5856150,8.28,,True,Other,9.26,,,7.3,,,8.28,,,0,,False
Cc1cc(Nc2cc3ncccc3c(N[C@@H]3C[C@H]4CC[C@@H](C3)N4C(=O)C3(C(=O)C#N)CC3)n2)n[nH]1,CHEMBL6028555,7.3,,True,Other,9.26,,,9.26,,,7.3,,,0,,False
Cc1cc(Nc2cc3ncccc3c(N[C@@H]3C[C@H]4CC[C@@H](C3)N4C(=O)C3(C(=O)C(F)(F)F)CC3)n2)n[nH]1,CHEMBL5960536,7.3,,True,Other,9.26,,,9.26,,,7.3,,,0,,False
Cc1cc(Nc2cc3ncccc3c(N[C@@H]3C[C@H]4CC[C@@H](C3)N4C(=O)C3(C)CCCC3)n2)n[nH]1,CHEMBL5946284,7.3,,True,Other,9.26,,,9.26,,,7.3,,,0,,False
Cc1cc(Nc2cc3ncccc3c(N[C@@H]3C[C@H]4CC[C@@H](C3)N4C(=O)CF)n2)n[nH]1,CHEMBL5986896,7.3,,True,Other,9.26,,,7.3,,,7.3,,,0,,False
Cc1cc(Nc2cc3ncccc3c(N[C@@H]3C[C@H]4CC[C@@H](C3)N4C(=O)CN(C)C)n2)n[nH]1,CHEMBL6032834,7.3,,True,Other,9.26,,,7.3,,,7.3,,,0,,False
Cc1cc(Nc2cc3ncccc3c(N[C@@H]3C[C@H]4CC[C@@H](C3)N4C(=O)Cc3ccccc3)n2)n[nH]1,CHEMBL5855645,7.3,,True,Other,9.26,,,9.26,,,7.3,,,0,,False
Cc1cc(Nc2cc3ncccc3c(N[C@@H]3C[C@H]4CC[C@@H](C3)N4C(=O)OC(C)C)n2)n[nH]1,CHEMBL6060263,7.3,,True,Other,9.26,,,9.26,,,7.3,,,0,,False
Cc1cc(Nc2cc3ncccc3c(N[C@@H]3C[C@H]4CC[C@@H](C3)N4C(=O)OCC(C)C)n2)n[nH]1,CHEMBL6018029,7.3,,True,Other,9.26,,,7.3,,,7.3,,,0,,False
Cc1cc(Nc2cc3ncccc3c(N[C@@H]3C[C@H]4CC[C@@H](C3)N4C(=O)c3ccccc3)n2)n[nH]1,CHEMBL5914135,7.3,,True,Other,9.26,,,9.26,,,7.3,,,0,,False
Cc1cc(Nc2cc3ncccc3c(N[C@@H]3C[C@H]4CC[C@@H](C3)N4C(=O)c3cccnc3)n2)n[nH]1,CHEMBL5899483,7.3,,True,Other,9.26,,,9.26,,,7.3,,,0,,False
Cc1cc(Nc2cc3ncccc3c(N[C@@H]3C[C@H]4CC[C@@H](C3)N4C(=O)c3ccncc3)n2)n[nH]1,CHEMBL5768041,7.3,,True,Other,9.26,,,9.26,,,7.3,,,0,,False
Cc1cc(Nc2cc3ncccc3c(N[C@@H]3C[C@H]4CC[C@@H](C3)N4C(C)C#N)n2)n[nH]1,CHEMBL6016828,7.3,,True,Other,9.26,,,9.26,,,7.3,,,0,,False
Cc1cc(Nc2cc3ncccc3c(N[C@@H]3C[C@H]4CC[C@@H](C3)N4C(C)CC#N)n2)n[nH]1,CHEMBL5797806,7.3,,True,Other,9.26,,,9.26,,,7.3,,,0,,False
Cc1cc(Nc2cc3ncccc3c(N[C@@H]3C[C@H]4CC[C@@H](C3)N4C3(CC#N)COC3)n2)n[nH]1,CHEMBL5983427,9.26,,True,Other,9.26,,,,,,7.3,,,0,,False
Cc1cc(Nc2cc3ncccc3c(N[C@@H]3C[C@H]4CC[C@@H](C3)N4C3CCCOC3=O)n2)n[nH]1,CHEMBL5826927,7.3,,True,Other,9.26,,,7.3,,,9.26,,,0,,False
Cc1cc(Nc2cc3ncccc3c(N[C@@H]3C[C@H]4CC[C@@H](C3)N4CC(=O)N(C)C)n2)n[nH]1,CHEMBL6000308,7.3,,True,Other,9.26,,,7.3,,,7.3,,,0,,False
Cc1cc(Nc2cc3ncccc3c(N[C@@H]3C[C@H]4CC[C@@H](C3)N4CC(=O)N[C@@H]3CCOC3=O)n2)n[nH]1,CHEMBL5901707,7.3,,True,Other,9.26,,,9.26,,,7.3,,,0,,False
Cc1cc(Nc2cc3ncccc3c(N[C@@H]3C[C@H]4CC[C@@H](C3)N4CC(=O)N[C@H]3CCOC3=O)n2)n[nH]1,CHEMBL5902207,7.3,,True,Other,9.26,,,9.26,,,9.26,,,0,,False
Cc1cc(Nc2cc3ncccc3c(N[C@@H]3C[C@H]4CC[C@@H](C3)N4CC(=O)OC(C)(C)C)n2)n[nH]1,CHEMBL5919147,7.3,,True,Other,9.26,,,9.26,,,7.3,,,0,,False
Cc1cc(Nc2cc3ncccc3c(N[C@@H]3C[C@H]4CC[C@@H](C3)N4CC(=O)OC(C)C)n2)n[nH]1,CHEMBL5742358,7.3,,True,Other,9.26,,,9.26,,,7.3,,,0,,False
Cc1cc(Nc2cc3ncccc3c(N[C@@H]3C[C@H]4CC[C@@H](C3)N4CC(C)C#N)n2)n[nH]1,CHEMBL5788855,9.26,,True,Other,,,,,,,9.26,,,0,,False
Cc1cc(Nc2cc3ncccc3c(N[C@@H]3C[C@H]4CC[C@@H](C3)N4CC(C)C)n2)n[nH]1,CHEMBL5902681,7.3,,True,Other,9.26,,,7.3,,,7.3,,,0,,False
Cc1cc(Nc2cc3ncccc3c(N[C@@H]3C[C@H]4CC[C@@H](C3)N4CC(F)(F)F)n2)n[nH]1,CHEMBL6041113,9.26,,True,Other,9.26,,,9.26,,,7.3,,,0,,False
Cc1cc(Nc2cc3ncccc3c(N[C@@H]3C[C@H]4CC[C@@H](C3)N4CC(N)=O)n2)n[nH]1,CHEMBL6055028,7.3,,True,Other,9.26,,,9.26,,,7.3,,,0,,False
Cc1cc(Nc2cc3ncccc3c(N[C@@H]3C[C@H]4CC[C@@H](C3)N4CC3(C#N)CC3)n2)n[nH]1,CHEMBL5754782,9.26,,True,Other,9.26,,,,,,7.3,,,0,,False
Cc1cc(Nc2cc3ncccc3c(N[C@@H]3C[C@H]4CC[C@@H](C3)N4CC3CCC(=O)O3)n2)n[nH]1,CHEMBL5989186,7.3,,True,Other,7.3,,,7.3,,,7.3,,,0,,False
Cc1cc(Nc2cc3ncccc3c(N[C@@H]3C[C@H]4CC[C@@H](C3)N4CC3CCOCC3)n2)n[nH]1,CHEMBL5796525,7.3,,True,Other,9.26,,,9.26,,,7.3,,,0,,False
Cc1cc(Nc2cc3ncccc3c(N[C@@H]3C[C@H]4CC[C@@H](C3)N4CC3COC(=O)O3)n2)n[nH]1,CHEMBL6053881,9.26,,True,Other,9.26,,,,,,9.26,,,0,,False
Cc1cc(Nc2cc3ncccc3c(N[C@@H]3C[C@H]4CC[C@@H](C3)N4CCC#N)n2)n[nH]1,CHEMBL4650343,9.26,9.5,False,Other,9.26,9.0,0.5,9.63,10.0,-0.5,7.5,8.15,1.3499999999999996,3,-0.5,False
Cc1cc(Nc2cc3ncccc3c(N[C@@H]3C[C@H]4CC[C@@H](C3)N4CCC(=O)CO)n2)n[nH]1,CHEMBL6000641,7.3,,True,Other,7.3,,,7.3,,,7.3,,,0,,False
Cc1cc(Nc2cc3ncccc3c(N[C@@H]3C[C@H]4CC[C@@H](C3)N4CCC(F)(F)F)n2)n[nH]1,CHEMBL5921058,7.3,,True,Other,9.26,,,9.26,,,7.3,,,0,,False
Cc1cc(Nc2cc3ncccc3c(N[C@@H]3C[C@H]4CC[C@@H](C3)N4CCCF)n2)n[nH]1,CHEMBL5823968,7.3,,True,Other,9.26,,,7.3,,,7.3,,,0,,False
Cc1cc(Nc2cc3ncccc3c(N[C@@H]3C[C@H]4CC[C@@H](C3)N4CCF)n2)n[nH]1,CHEMBL5976635,7.3,,True,Other,9.26,,,9.26,,,7.3,,,0,,False
Cc1cc(Nc2cc3ncccc3c(N[C@@H]3C[C@H]4CC[C@@H](C3)N4C[C@H]3CCC(=O)O3)n2)n[nH]1,CHEMBL5760407,7.3,,True,Other,7.3,,,7.3,,,7.3,,,0,,False
Cc1cc(Nc2cc3ncccc3c(N[C@@H]3C[C@H]4CC[C@@H](C3)N4Cc3ccc(O)cc3)n2)n[nH]1,CHEMBL5959452,7.3,,True,Other,9.26,,,9.26,,,7.3,,,0,,False
Cc1cc(Nc2cc3ncccc3c(N[C@@H]3C[C@H]4CC[C@@H](C3)N4Cc3cccc(O)c3)n2)n[nH]1,CHEMBL5934283,7.3,,True,Other,,,,9.26,,,9.26,,,0,,False
Cc1cc(Nc2cc3ncccc3c(N[C@@H]3C[C@H]4CC[C@@H](C3)N4Cc3cccnc3)n2)n[nH]1,CHEMBL5838804,7.3,,True,Other,9.26,,,9.26,,,7.3,,,0,,False
Cc1cc(Nc2cc3ncccc3c(N[C@@H]3C[C@H]4CC[C@@H](C3)N4Cc3ccncc3)n2)n[nH]1,CHEMBL5841033,7.3,,True,Other,9.26,,,9.26,,,7.3,,,0,,False
Cc1cc(Nc2cc3ncccc3c(N[C@@H]3C[C@H]4CC[C@@H](C3)N4S(=O)(=O)C(C)C)n2)n[nH]1,CHEMBL6036912,7.3,,True,Other,9.26,,,9.26,,,7.3,,,0,,False
Cc1cc(Nc2cc3ncccc3c(N[C@@H]3C[C@H]4CC[C@@H](C3)N4S(=O)(=O)C3(C)CC3)n2)n[nH]1,CHEMBL6000721,9.26,,True,Other,9.26,,,9.26,,,7.3,,,0,,False
Cc1cc(Nc2cc3ncccc3c(N[C@@H]3C[C@H]4CC[C@@H](C3)N4S(=O)(=O)C3CC3)n2)n[nH]1,CHEMBL5983517,7.3,,True,Other,9.26,,,9.26,,,7.3,,,0,,False
Cc1cc(Nc2cc3ncccc3c(N[C@@H]3C[C@H]4CC[C@@H](C3)N4S(=O)(=O)C3CCCC3)n2)n[nH]1,CHEMBL5817616,7.3,,True,Other,9.26,,,9.26,,,7.3,,,0,,False
Cc1cc(Nc2cc3ncccc3c(N[C@@H]3C[C@H]4CC[C@@H](C3)N4S(=O)(=O)C3CN(CCC#N)C3)n2)n[nH]1,CHEMBL5993182,7.3,,True,Other,9.26,,,7.3,,,7.3,,,0,,False
Cc1cc(Nc2cc3ncccc3c(N[C@@H]3C[C@H]4CC[C@@H](C3)N4S(=O)(=O)C3CNC3)n2)n[nH]1,CHEMBL6010802,7.3,,True,Other,9.26,,,9.26,,,7.3,,,0,,False
Cc1cc(Nc2cc3ncccc3c(N[C@@H]3C[C@H]4CC[C@@H](C3)N4S(=O)(=O)CC(C)C)n2)n[nH]1,CHEMBL6010932,9.26,,True,Other,9.26,,,9.26,,,7.3,,,0,,False
Cc1cc(Nc2cc3ncccc3c(N[C@@H]3C[C@H]4CC[C@@H](C3)N4S(=O)(=O)Cc3ccccc3)n2)n[nH]1,CHEMBL5807827,7.3,,True,Other,9.26,,,7.3,,,7.3,,,0,,False
Cc1cc(Nc2cc3ncccc3c(N[C@@H]3C[C@H]4CC[C@@H](C3)N4S(=O)(=O)N3CC(C#N)C3)n2)n[nH]1,CHEMBL5960141,9.26,,True,Other,,,,,,,7.3,,,0,,False
Cc1cc(Nc2cc3ncccc3c(N[C@@H]3C[C@H]4CC[C@@H](C3)N4S(=O)(=O)N3CCC3)n2)n[nH]1,CHEMBL5833198,7.3,,True,Other,9.26,,,9.26,,,7.3,,,0,,False
Cc1cc(Nc2cc3ncccc3c(N[C@@H]3C[C@H]4CC[C@@H](C3)N4S(=O)(=O)c3ccccn3)n2)n[nH]1,CHEMBL6009638,7.3,,True,Other,7.3,,,7.3,,,7.3,,,0,,False
Cc1cc(Nc2cc3ncccc3c(N[C@@H]3C[C@H]4CC[C@@H](C3)N4S(=O)(=O)c3cccnc3)n2)n[nH]1,CHEMBL6027091,7.3,,True,Other,9.26,,,9.26,,,7.3,,,0,,False
Cc1cc(Nc2cc3ncccc3c(N[C@@H]3C[C@H]4CC[C@@H](C3)N4S(=O)(=O)c3cncc(F)c3)n2)n[nH]1,CHEMBL5797412,7.3,,True,Other,9.26,,,9.26,,,7.3,,,0,,False
Cc1cc(Nc2cc3ncccc3c(N[C@@H]3C[C@H]4CC[C@@H](C3)N4S(C)(=O)=O)n2)n[nH]1,CHEMBL5873330,9.26,,True,Other,,,,9.26,,,7.3,,,0,,False
Cc1cc(Nc2cc3ncccc3c(N[C@@H]3C[C@H]4CC[C@@H](C3)N4[C@@H]3CCOC3=O)n2)n[nH]1,CHEMBL6013054,7.3,,True,Other,9.26,,,9.26,,,7.3,,,0,,False
Cc1cc(Nc2cc3ncccc3c(N[C@@H]3C[C@H]4CC[C@@H](C3)N4[C@H]3CCOC3=O)n2)n[nH]1,CHEMBL6010882,7.3,,True,Other,9.26,,,9.26,,,7.3,,,0,,False
Cc1cc(Nc2cc3ncccc3c(N[C@H]3CC[C@@H]4C[C@H](C3)N4CCC#N)n2)n[nH]1,CHEMBL4782814,7.5,7.5,False,Other,8.4,8.4,-0.9000000000000004,7.48,7.48,0.019999999999999574,6.0,6.0,1.5,3,-0.9000000000000004,False
Cc1cc(Nc2nc(C(O)c3ccc(F)cc3)nc3ccccc23)n[nH]1,CHEMBL3545241,5.75,5.75,False,Other,5.22,5.22,0.5300000000000002,6.52,6.52,-0.7699999999999996,4.98,4.98,0.7699999999999996,3,-0.7699999999999996,False
Cc1cc(Nc2nc(N[C@@H](C)c3ncc(F)cn3)ncc2Cl)[nH]n1,CHEMBL1231124,8.7,8.7,False,Other,9.295,9.295,-0.5950000000000006,5.04,5.04,3.6599999999999993,6.545,6.545,2.1549999999999994,3,-0.5950000000000006,False
Cc1cc(Nc2nc(N[C@@H]3C[C@H]4CCC[C@@H](C3)N4C(=O)C(C)SO)c3cccnc3c2F)n[nH]1,CHEMBL6042192,7.3,,True,Other,9.26,,,9.26,,,7.3,,,0,,False
Cc1cc(Nc2nc(N[C@@H]3C[C@H]4CCC[C@@H](C3)N4C(=O)CN(C)C)c3cccnc3c2F)n[nH]1,CHEMBL6039128,7.3,,True,Other,9.26,,,7.3,,,7.3,,,0,,False
Cc1cc(Nc2nc(N[C@@H]3C[C@H]4CCC[C@@H](C3)N4CC#N)c3cccnc3c2F)n[nH]1,CHEMBL5969483,7.3,,True,Other,9.26,,,9.26,,,7.3,,,0,,False
Cc1cc(Nc2nc(N[C@@H]3C[C@H]4CCC[C@@H](C3)N4CCC#N)c3cccnc3c2F)n[nH]1,CHEMBL5742535,7.3,,True,Other,9.26,,,9.26,,,7.3,,,0,,False
Cc1cc(Nc2nc(N[C@@H]3C[C@H]4CCC[C@@H](C3)N4Cc3ccncc3)c3cccnc3c2F)n[nH]1,CHEMBL5902880,7.3,,True,Other,9.26,,,9.26,,,7.3,,,0,,False
Cc1cc(Nc2nc(N[C@@H]3C[C@H]4CCC[C@@H](C3)N4S(=O)(=O)Cc3ccncc3)c3cccnc3c2F)n[nH]1,CHEMBL6030935,7.3,,True,Other,9.26,,,9.26,,,7.3,,,0,,False
Cc1cc(Nc2nc(N[C@@H]3C[C@H]4CCC[C@@H](C3)N4S(=O)(=O)c3ccccc3)c3cccnc3c2F)n[nH]1,CHEMBL5840269,7.3,,True,Other,9.26,,,9.26,,,7.3,,,0,,False
Cc1cc(Nc2nc(N[C@@H]3C[C@H]4CCC[C@@H](C3)N4S(=O)(=O)c3cccnc3)c3cccnc3c2F)n[nH]1,CHEMBL6014797,7.3,,True,Other,9.26,,,9.26,,,7.3,,,0,,False
Cc1cc(Nc2nc(N[C@@H]3C[C@H]4CCC[C@@H](C3)N4S(=O)(=O)c3cncc(F)c3)c3cccnc3c2F)n[nH]1,CHEMBL6029908,7.3,,True,Other,9.26,,,9.26,,,7.3,,,0,,False
Cc1cc(Nc2nc(N[C@@H]3C[C@H]4CCC[C@@H](C3)N4S(C)(=O)=O)c3cccnc3c2F)n[nH]1,CHEMBL6058812,9.26,,True,Other,,,,,,,7.3,,,0,,False
Cc1cc(Nc2nc(N[C@@H]3C[C@H]4CC[C@@H](C3)N4C(=O)C(C)SO)c3cccnc3c2F)n[nH]1,CHEMBL5952063,7.3,,True,Other,7.3,,,7.3,,,7.3,,,0,,False
Cc1cc(Nc2nc(N[C@@H]3C[C@H]4CC[C@@H](C3)N4C(=O)CN(C)C)c3cccnc3c2F)n[nH]1,CHEMBL5755219,7.3,,True,Other,7.3,,,7.3,,,7.3,,,0,,False
Cc1cc(Nc2nc(N[C@@H]3C[C@H]4CC[C@@H](C3)N4CCC#N)c3cccnc3c2F)n[nH]1,CHEMBL5940374,7.3,,True,Other,9.26,,,9.26,,,7.3,,,0,,False
Cc1cc(Nc2nc(N[C@@H]3C[C@H]4CC[C@@H](C3)N4Cc3ccncc3)c3cccnc3c2F)n[nH]1,CHEMBL6050796,7.3,,True,Other,9.26,,,9.26,,,7.3,,,0,,False
Cc1cc(Nc2nc(N[C@@H]3C[C@H]4CC[C@@H](C3)N4S(=O)(=O)c3cccnc3)c3cccnc3c2F)n[nH]1,CHEMBL5909813,7.3,,True,Other,9.26,,,7.3,,,7.3,,,0,,False
Cc1cc(Nc2nc(N[C@@H]3C[C@H]4CC[C@@H](C3)N4S(=O)(=O)c3cncc(F)c3)c3cccnc3c2F)n[nH]1,CHEMBL5749203,7.3,,True,Other,9.26,,,7.3,,,7.3,,,0,,False
Cc1cc(Nc2nc(N[C@@H]3C[C@H]4CC[C@@H](C3)N4S(C)(=O)=O)c3cccnc3c2F)n[nH]1,CHEMBL6060767,7.3,,True,Other,9.26,,,9.26,,,7.3,,,0,,False
Cc1cc(Nc2nc([C@@H](O)c3ccc(F)cc3)nc3ccccc23)n[nH]1,CHEMBL3939800,5.8,5.8,False,Other,5.6,5.6,0.20000000000000018,6.75,6.75,-0.9500000000000002,5.3,5.3,0.5,3,-0.9500000000000002,False
Cc1cc(Nc2nc([C@H](O)c3ccc(F)cc3)nc3ccccc23)n[nH]1,CHEMBL3962269,5.06,5.06,False,Other,4.82,4.82,0.23999999999999932,6.3,6.3,-1.2400000000000002,4.68,4.68,0.3799999999999999,3,-1.2400000000000002,False
Cc1cc(Nc2nc3cccc(-c4cc(F)c(CN5CCOCC5)c(F)c4)c3o2)ccc1C(=O)N(C)C,CHEMBL1080159,6.7,6.7,False,Other,6.85,6.85,-0.14999999999999947,8.3,8.3,-1.6000000000000005,6.8,6.8,-0.09999999999999964,3,-1.6000000000000005,False
Cc1cc(Nc2nc3cccc(-c4cc(F)c(CN5CCOCC5)c(F)c4)c3o2)ccc1C(=O)NCCCN(C)C,CHEMBL1076700,7.01,7.01,False,Other,7.46,7.46,-0.4500000000000002,8.3,8.3,-1.290000000000001,6.66,6.66,0.34999999999999964,3,-1.290000000000001,False
Cc1cc(Nc2ncc(C)c(-c3cnn(CCC#N)c3)n2)sn1,CHEMBL5423027,8.82,8.82,False,Other,8.52,8.52,0.3000000000000007,8.7,8.7,0.120000000000001,7.85,7.85,0.9700000000000006,3,0.120000000000001,False
Cc1cc(Nc2ncc(C)c(N3CC(CC#N)(N4CCN(C)CC4)C3)n2)sn1,CHEMBL5396135,8.54,8.54,False,Other,8.15,8.15,0.3899999999999988,8.41,8.41,0.129999999999999,7.16,7.16,1.379999999999999,3,0.129999999999999,False
Cc1cc(Nc2ncc(Cl)c(-c3cnn(CCC#N)c3)n2)sn1,CHEMBL5423566,8.82,8.82,False,Other,8.52,8.52,0.3000000000000007,8.7,8.7,0.120000000000001,8.15,8.15,0.6699999999999999,3,0.120000000000001,False
Cc1cc(Nc2ncc(F)c(NC3C4C=CC(C4)C3C(N)=O)n2)ccc1N1CCN(C)CC1,CHEMBL1967878,8.2,8.2,False,Other,,,,8.0,8.0,0.1999999999999993,7.3,7.3,0.8999999999999995,2,0.1999999999999993,False
Cc1cc(Nc2nccc(N3C[C@H]4CC[C@@H](C3)N4C(=O)C3CC3(F)F)n2)cnc1C(N)=O,CHEMBL6041466,7.44,7.44,False,Other,6.82,6.82,0.6200000000000001,6.42,6.42,1.0200000000000005,,,,2,0.6200000000000001,False
Cc1cc(Nc2nccc(N3C[C@H]4CC[C@@H](C3)N4C(=O)C3CC3)n2)cnc1C(N)=O,CHEMBL5812427,7.08,7.08,False,Other,6.23,6.23,0.8499999999999996,6.07,6.07,1.0099999999999998,,,,2,0.8499999999999996,False
Cc1cc(Nc2nccc(N3C[C@H]4CC[C@@H](C3)N4C(=O)[C@@H]3CC3(F)F)n2)cnc1C(N)=O,CHEMBL5832946,7.64,7.64,False,Other,6.77,6.77,0.8700000000000001,6.47,6.47,1.17,,,,2,0.8700000000000001,False
Cc1cc(Nc2nccc3nc(-c4c(Cl)cc(C#N)cc4Cl)[nH]c23)ncn1,CHEMBL4076947,9.15,9.15,False,Other,7.63,7.63,1.5200000000000005,7.66,7.66,1.4900000000000002,7.24,7.24,1.9100000000000001,3,1.4900000000000002,False
Cc1cc(Nc2nccc3nc(-c4c(Cl)cc(C5CC5)cc4Cl)sc23)ncn1,CHEMBL3675695,8.39,8.39,False,Other,,,,,,,,,,0,,False
Cc1cc(Nc2nccc3nc(-c4c(Cl)cc(CO)cc4Cl)sc23)ncn1,CHEMBL3675690,9.0,9.0,False,Other,,,,,,,,,,0,,False
Cc1cc(Nc2nccc3nc(-c4c(Cl)cccc4Cl)[nH]c23)nc(N(C)C)n1,CHEMBL4093092,8.0,8.0,False,Other,,,,6.31,6.31,1.6900000000000004,,,,1,1.6900000000000004,False
Cc1cc(Nc2nccc3nc(-c4c(Cl)cccc4Cl)[nH]c23)ncn1,CHEMBL4062758,9.4,9.4,False,Other,,,,7.68,7.68,1.7200000000000006,,,,1,1.7200000000000006,False
Cc1cc(Nc2nccc3nc(-c4ccccc4Cl)sc23)nc(C)n1,CHEMBL3675693,8.07,8.07,False,Other,,,,,,,,,,0,,False
Cc1cc(OC(F)(F)F)ccc1NC1CCC(c2nnn3cnc4[nH]ccc4c23)CC1,CHEMBL3897850,6.39,6.39,False,Other,7.42,7.42,-1.0300000000000002,6.57,6.57,-0.1800000000000006,,,,2,-1.0300000000000002,False
Cc1cc(OC(F)(F)F)ccc1NC[C@H]1CC[C@H](c2nnn3cnc4[nH]ccc4c23)CC1,CHEMBL3924171,6.42,6.42,False,Other,7.26,7.26,-0.8399999999999999,7.34,7.34,-0.9199999999999999,6.42,6.42,0.0,3,-0.9199999999999999,False
Cc1cc(S(C)(=O)=O)nc(F)c1Oc1cc(Nc2cc(N)ncn2)c2ncn(C)c2n1,CHEMBL5566087,8.34,8.34,False,Other,7.17,7.17,1.17,7.72,7.72,0.6200000000000001,6.9,6.9,1.4399999999999995,3,0.6200000000000001,False
Cc1cc2c(-c3cnn([C@]4(CC#N)C[C@@H](C#N)C4)c3)nc(-c3cnn(C)c3)cn2n1,CHEMBL5899662,5.79,5.79,False,Other,5.45,5.45,0.33999999999999986,6.12,6.12,-0.33000000000000007,,,,2,-0.33000000000000007,False
Cc1cc2c(ncc3nc(CC(=O)NCC(C)(C)O)n([C@H]4CC[C@H](CC#N)CC4)c32)[nH]1,CHEMBL5895519,7.69,7.69,False,JH2,8.89,8.89,-1.2000000000000002,7.24,7.24,0.4500000000000002,5.87,5.87,1.8200000000000003,3,-1.2000000000000002,True
Cc1ccc(-c2cc(-c3cnn(C4(CC#N)CN(S(C)(=O)=O)C4)n3)c3cccnc3c2)cn1,CHEMBL5816948,6.86,6.86,False,Other,,,,5.8,5.8,1.0600000000000005,,,,1,1.0600000000000005,False
Cc1ccc(-c2cc(C(N)=O)c3[nH]c4cc(N5CCOCC5)ccc4c3c2)cn1,CHEMBL3589328,6.93,6.93,False,Other,7.0,7.0,-0.07000000000000028,7.57,7.57,-0.6400000000000006,6.36,6.36,0.5699999999999994,3,-0.6400000000000006,False
Cc1ccc(-c2cc3c(N[C@@H]4CC[C@](C)(N)C4(C)C)c(C(N)=O)cnn3c2)cc1,CHEMBL4060536,8.07,8.07,False,Other,9.1,9.1,-1.0299999999999994,7.85,7.85,0.22000000000000064,9.15,9.15,-1.08,3,-1.08,False
Cc1ccc(-c2cc3c(N[C@@H]4CC[C@](C)(N)C4(C)C)c(C(N)=O)cnn3c2)cn1,CHEMBL4060444,7.54,7.54,False,Other,8.7,8.7,-1.1599999999999993,7.66,7.66,-0.1200000000000001,9.05,9.05,-1.5100000000000007,3,-1.5100000000000007,False
Cc1ccc(-c2cc3ncccc3c(-c3ccn(C4(CC#N)CN(CC(F)(F)F)C4)n3)n2)cn1,CHEMBL5955735,7.24,7.24,False,Other,5.58,5.58,1.6600000000000001,6.1,6.1,1.1400000000000006,,,,2,1.1400000000000006,False
Cc1ccc(-c2cc3ncccc3c(-c3ccn(C4(CC#N)CN(S(C)(=O)=O)C4)n3)n2)c(N)n1,CHEMBL5789651,7.42,7.42,False,Other,5.57,5.57,1.8499999999999996,6.25,6.25,1.17,,,,2,1.17,False
Cc1ccc(-c2cc3ncccc3c(-c3ccn(C4(CC#N)CN(S(C)(=O)=O)C4)n3)n2)cn1,CHEMBL5921751,6.87,6.87,False,Other,5.24,5.24,1.63,5.93,5.93,0.9400000000000004,,,,2,0.9400000000000004,False
Cc1ccc(-c2ccc(Nc3cc(NC(=O)C4CC4)nc4[nH]c(C(F)F)nc34)c(S(C)(=O)=O)c2)o1,CHEMBL6014986,8.26,,True,JH2,,,,,,,,,,0,,True
Cc1ccc(-c2nc3cc(C(N)=O)ccc3n2CCN)cc1,CHEMBL3622831,5.46,5.46,False,Other,5.43,5.43,0.03000000000000025,5.58,5.58,-0.1200000000000001,5.64,5.64,-0.17999999999999972,3,-0.17999999999999972,False
Cc1ccc(-c2nnc(-c3n[nH]c4cc(-c5cc(F)c(O)cc5CC(F)(F)F)nc(NCc5ccccc5N(C)S(C)(=O)=O)c34)[nH]2)cn1,CHEMBL5784911,6.9,6.9,False,Other,7.68,7.68,-0.7799999999999994,7.01,7.01,-0.10999999999999943,6.49,6.49,0.41000000000000014,3,-0.7799999999999994,False
Cc1ccc(-n2ncc3c(=O)[nH]c(C4CC4)nc32)cc1,CHEMBL5430037,6.46,6.46,False,JH2,,,,,,,,,,0,,True
Cc1ccc(C(=O)/C=C/C(=O)N2CCc3cc(Nc4ncc(C)c(-c5cnn(C(C)C)c5)n4)ccc3C2)cc1,CHEMBL4759953,7.0,7.0,False,Other,7.22,7.22,-0.21999999999999975,8.175,8.175,-1.1750000000000007,7.3,7.3,-0.2999999999999998,3,-1.1750000000000007,False
Cc1ccc(C(=O)/C=C/C(=O)N2CCc3ccc(Nc4ncc(C)c(-c5cnn(C(C)C)c5)n4)cc3C2)cc1,CHEMBL4789273,7.52,7.52,False,Other,7.62,7.62,-0.10000000000000053,8.325,8.325,-0.8049999999999997,7.55,7.55,-0.03000000000000025,3,-0.8049999999999997,False
Cc1ccc(C(=O)Nc2cccc(C(F)(F)F)c2)cc1-c1ccc2nc(NCCN3CCOCC3)ncc2c1,CHEMBL215943,5.74,5.74,False,Other,,,,,,,7.14,7.14,-1.3999999999999995,1,-1.3999999999999995,False
Cc1ccc(C(=O)Nc2cccc(C(F)(F)F)c2)cc1Nc1nc(-c2cccnc2)nc2c1cnn2C,CHEMBL3752910,4.44,4.44,False,Other,8.29,8.29,-3.8499999999999988,,,,,,,1,-3.8499999999999988,False
Cc1ccc(C(=O)Nc2cccc(C(F)(F)F)c2)cc1Nc1nc(-c2cccnc2)nc2nn(C)cc12,CHEMBL5653589,6.23,6.23,False,Other,7.55,7.55,-1.3199999999999994,,,,,,,1,-1.3199999999999994,False
Cc1ccc(C)c(-c2nn(C)cc2NC(=O)c2cnn3ccc(N)nc23)c1,CHEMBL2178803,8.14,8.14,False,Other,8.54,8.54,-0.3999999999999986,8.455,8.455,-0.3149999999999995,8.54,8.54,-0.3999999999999986,3,-0.3999999999999986,False
Cc1ccc(C)c(S(=O)(=O)C[C@H]2C[C@@H](N(C)c3ncnc4[nH]ccc34)C2)c1,CHEMBL5975043,8.74,8.74,False,Other,10.25,10.25,-1.5099999999999998,9.08,9.08,-0.33999999999999986,8.0,8.0,0.7400000000000002,3,-1.5099999999999998,False
Cc1ccc(CN(C[C@H]2CC[C@H](c3nnn4cnc5[nH]ccc5c34)CC2)C(=O)CC#N)o1,CHEMBL3913565,6.24,6.24,False,Other,7.66,7.66,-1.42,7.4,7.4,-1.1600000000000001,6.5,6.5,-0.2599999999999998,3,-1.42,False
Cc1ccc(CNC(=O)[C@H]2CC[C@H](c3nnn4cnc5[nH]ccc5c34)CC2)o1,CHEMBL3908073,6.6,6.6,False,Other,8.23,8.23,-1.6300000000000008,7.32,7.32,-0.7200000000000006,,,,2,-1.6300000000000008,False
Cc1ccc(CNC[C@H]2CC[C@H](c3nnn4cnc5[nH]ccc5c34)CC2)o1,CHEMBL3948691,7.8,7.8,False,Other,8.27,8.27,-0.46999999999999975,7.41,7.41,0.3899999999999997,6.55,6.55,1.25,3,-0.46999999999999975,False
Cc1ccc(CNC[C@H]2CC[C@H](c3nnn4cnc5[nH]ccc5c34)CC2)s1,CHEMBL3891947,7.43,7.43,False,Other,8.025,8.025,-0.5950000000000006,6.994999999999999,6.994999999999999,0.4350000000000005,6.38,6.38,1.0499999999999998,3,-0.5950000000000006,False
Cc1ccc(Cl)cc1-c1cc(-c2ncnc3[nH]ccc23)n(C)c1C(N)=O,CHEMBL5964598,7.16,7.16,False,JH1,7.42,7.42,-0.2599999999999998,8.05,8.05,-0.8900000000000006,,,,2,-0.8900000000000006,False
Cc1ccc(Cl)cc1-c1cn(-c2cc(N)ncn2)cc1C#N,CHEMBL6001730,7.42,7.42,False,JH1,7.77,7.77,-0.34999999999999964,8.15,8.15,-0.7300000000000004,,,,2,-0.7300000000000004,False
Cc1ccc(Cl)cc1-c1cn(-c2ncnc3[nH]ccc23)cc1C(N)=O,CHEMBL3403537,7.37,7.37,False,JH1,7.07,7.07,0.2999999999999998,7.785,7.785,-0.41500000000000004,,,,2,-0.41500000000000004,False
Cc1ccc(Cl)cc1-n1cc(-c2ncnc3[nH]ccc23)cc1C#N,CHEMBL5922755,7.89,7.89,False,JH1,7.82,7.82,0.0699999999999994,8.4,8.4,-0.5100000000000007,,,,2,-0.5100000000000007,False
Cc1ccc(Cl)cc1-n1cc(-c2ncnc3[nH]ccc23)cc1C(N)=O,CHEMBL3403541,8.7,8.7,False,JH1,8.52,8.52,0.17999999999999972,9.0,9.0,-0.3000000000000007,,,,2,-0.3000000000000007,False
Cc1ccc(Cl)cc1-n1cc(-c2ncnc3c2C=NC3)cc1C(N)=O,CHEMBL5794269,7.16,7.16,False,JH1,6.5,6.5,0.6600000000000001,7.48,7.48,-0.3200000000000003,,,,2,-0.3200000000000003,False
Cc1ccc(Cl)cc1-n1cc(-c2ncnn3cccc23)cc1C(N)=O,CHEMBL3403542,6.91,6.91,False,JH1,6.4,6.4,0.5099999999999998,7.17,7.17,-0.2599999999999998,,,,2,-0.2599999999999998,False
Cc1ccc(N(C)S(C)(=O)=O)c(CNc2nc(-c3cc(F)c(O)cc3CC(F)(F)F)cc(N)c2C(=N)C(N)=O)c1,CHEMBL5990935,6.53,6.53,False,Other,8.33,8.33,-1.7999999999999998,7.57,7.57,-1.04,6.99,6.99,-0.45999999999999996,3,-1.7999999999999998,False
Cc1ccc(N(C)S(C)(=O)=O)c(CNc2nc(-c3cc(F)c(O)cc3CC(F)(F)F)cc3[nH]nc(C(N)=O)c23)c1,CHEMBL5771806,6.53,6.53,False,Other,8.33,8.33,-1.7999999999999998,7.57,7.57,-1.04,6.99,6.99,-0.45999999999999996,3,-1.7999999999999998,False
Cc1ccc(N(C)S(C)(=O)=O)c(CNc2nc(-c3cc(F)c(O)cc3CC(F)(F)F)cc3[nH]ncc23)c1,CHEMBL5855838,5.38,5.38,False,Other,7.67,7.67,-2.29,7.31,7.31,-1.9299999999999997,7.11,7.11,-1.7300000000000004,3,-2.29,False
Cc1ccc(NC(=O)c2ccc(CN3CCN(C)CC3)cc2)cc1Nc1nccc(-c2cccnc2)n1,CHEMBL941,5.06,5.06,False,JH2,,,,,,,,,,0,,True
Cc1ccc(NC(=O)c2n[nH]c3cc(-c4cc(F)c(O)cc4CC(F)(F)F)nc(NCc4ccccc4N(C)S(C)(=O)=O)c23)cn1,CHEMBL5817782,6.5,6.5,False,Other,7.53,7.53,-1.0300000000000002,6.95,6.95,-0.4500000000000002,6.32,6.32,0.17999999999999972,3,-1.0300000000000002,False
Cc1ccc(Nc2cc(NC(=O)C3CC3)nc3[nH]c(C(F)F)nc23)c(N(C)S(C)(=O)=O)c1,CHEMBL5774286,9.52,,True,JH2,,,,,,,,,,0,,True
Cc1ccc(Nc2cc(NC(=O)C3CC3)nc3[nH]c(C)nc23)c(N(C)S(C)(=O)=O)c1,CHEMBL5765164,9.12,,True,JH2,,,,,,,,,,0,,True
Cc1ccc(Nc2cc(Nc3ccc(-c4cc(C)n(C)n4)cc3S(C)(=O)=O)c3nc(C(F)F)[nH]c3n2)nc1C#N,CHEMBL5870380,9.12,,True,JH2,,,,,,,,,,0,,True
Cc1ccc(Nc2cc(Nc3ccc(Cl)cc3S(C)(=O)=O)c3c(=O)n(C)[nH]c3n2)nc1C(F)(F)F,CHEMBL5917684,9.12,,True,JH2,,,,,,,,,,0,,True
Cc1ccc(Nc2cc(Nc3ccc(Cl)cc3S(C)(=O)=O)c3c(=O)n(C)[nH]c3n2)nn1,CHEMBL6052346,9.12,,True,JH2,,,,,,,,,,0,,True
Cc1ccc(Nc2cc(Nc3ccc(Cl)cc3S(C)(=O)=O)c3nc(C(F)F)[nH]c3n2)nn1,CHEMBL5749444,9.52,,True,JH2,,,,,,,,,,0,,True
Cc1ccc(Nc2cc(Nc3ccc(Cl)cc3S(C)(=O)=O)c3nc(C)[nH]c3n2)nn1,CHEMBL5966853,9.52,,True,JH2,,,,,,,,,,0,,True
Cc1ccc(Nc2cc(Nc3ccc(F)cc3S(C)(=O)=O)c3c(=O)n(C)[nH]c3n2)nn1,CHEMBL5827850,9.52,,True,JH2,,,,,,,,,,0,,True
Cc1ccc(Nc2cc(Nc3ccccc3N(C)S(C)(=O)=O)c3nc(C(F)F)[nH]c3n2)nn1,CHEMBL5794062,9.52,,True,JH2,,,,,,,,,,0,,True
Cc1ccc(Nc2cc(Nc3ccccc3N(C)S(C)(=O)=O)c3nc(C)[nH]c3n2)nn1,CHEMBL5761221,9.52,,True,JH2,,,,,,,,,,0,,True
Cc1ccc(Nc2cc(Nc3ccccc3S(C)(=O)=O)c3c(=O)n(C)[nH]c3n2)nc1,CHEMBL5918358,9.52,,True,JH2,,,,,,,,,,0,,True
Cc1ccc(Nc2cc(Nc3ccccc3S(C)(=O)=O)c3c(=O)n(C)[nH]c3n2)nn1,CHEMBL5814433,9.52,,True,JH2,,,,,,,,,,0,,True
Cc1ccc(Nc2cc(Nc3cnc(C)c(C)n3)nc3[nH]c(C)nc23)c(N(C)S(C)(=O)=O)c1,CHEMBL5968496,9.52,,True,JH2,,,,,,,,,,0,,True
Cc1ccc(Nc2nc(-c3c(F)cccc3F)nc3c2C(=O)NC3)cc1F,CHEMBL6037049,7.26,,True,Other,,,,,,,,,,0,,False
Cc1ccc(Nc2nccc(N(C)c3ccc4c(C)n(C)nc4c3)n2)cc1S(N)(=O)=O,CHEMBL477772,5.47,5.47,False,JH1,,,,5.77,5.77,-0.2999999999999998,5.16,5.16,0.3099999999999996,2,-0.2999999999999998,False
Cc1ccc(S(=O)(=O)C[C@H]2C[C@@H](N(C)c3ncnc4[nH]ccc34)C2)cn1,CHEMBL5822545,8.555,8.555,False,Other,10.54,10.54,-1.9849999999999994,9.17,9.17,-0.6150000000000002,8.0,8.0,0.5549999999999997,3,-1.9849999999999994,False
Cc1ccc(S(=O)(=O)N(C)c2ccccc2CNc2nc(-c3cc(F)c(O)cc3CC(F)(F)F)cc3[nH]nc(C(N)=O)c23)cn1,CHEMBL5875400,7.1,7.1,False,Other,7.92,7.92,-0.8200000000000003,7.28,7.28,-0.1800000000000006,6.68,6.68,0.41999999999999993,3,-0.8200000000000003,False
Cc1ccc(S(=O)(=O)N2[C@@H]3CCC[C@H]2C[C@H](Nc2nc(Nc4cc(C)[nH]n4)cc4ncccc24)C3)cn1,CHEMBL5893474,7.3,,True,Other,9.26,,,9.26,,,7.3,,,0,,False
Cc1ccc2nc(NCCN)c3ncc(C)n3c2c1,CHEMBL249697,5.7,5.7,False,JH2,,,,,,,,,,0,,True
Cc1cccc(-c2cc3c(N[C@@H]4CC[C@](C)(N)C4(C)C)c(C(N)=O)cnn3c2)c1,CHEMBL4087655,8.1,8.1,False,Other,9.05,9.05,-0.9500000000000011,7.96,7.96,0.13999999999999968,9.05,9.05,-0.9500000000000011,3,-0.9500000000000011,False
Cc1cccc(C)c1-n1c(=O)c2cnc(Nc3ccc(N4CCN(C)CC4)cc3)nc2n2c3ccccc3nc12,CHEMBL410295,5.92,5.92,False,Other,,,,,,,6.82,6.82,-0.9000000000000004,1,-0.9000000000000004,False
Cc1cccc(C)c1CNc1nc(Cc2cnn(C)c2)ncc1C(N)=O,CHEMBL5898182,8.38,8.38,False,Other,7.65,7.65,0.7300000000000004,8.35,8.35,0.030000000000001137,8.44,8.44,-0.05999999999999872,3,-0.05999999999999872,False
Cc1cccc(C)c1Nc1nc(Nc2cnn(C(C)(C)C)c2)ncc1C(N)=O,CHEMBL5740323,7.77,7.77,False,Other,7.89,7.89,-0.1200000000000001,8.05,8.05,-0.28000000000000114,7.81,7.81,-0.040000000000000036,3,-0.28000000000000114,False
Cc1cccc(C)c1Nc1nc(Nc2cnn(C(C)C)c2)ncc1C(N)=O,CHEMBL6023318,7.55,7.55,False,Other,7.46,7.46,0.08999999999999986,,,,8.39,8.39,-0.8400000000000007,2,-0.8400000000000007,False
Cc1cccc(C)c1Nc1nc(Nc2cnn(C3CCOCC3)c2)ncc1C(N)=O,CHEMBL5966299,8.41,8.41,False,Other,7.87,7.87,0.54,8.79,8.79,-0.379999999999999,8.55,8.55,-0.14000000000000057,3,-0.379999999999999,False
Cc1cccc(C=NNc2cc(N3CCOCC3)nc(OCCc3ccccn3)n2)c1,CHEMBL1965351,5.9,5.9,False,Other,,,,,,,,,,0,,False
Cc1cccc(Cl)c1C(=O)Nc1ccncc1,CHEMBL2420845,5.55,5.55,False,Other,,,,,,,,,,0,,False
Cc1cccc(F)c1Nc1nc(Nc2cnn(C)c2)ncc1C(N)=O,CHEMBL5810580,9.04,9.04,False,Other,8.91,8.91,0.129999999999999,,,,8.96,8.96,0.0799999999999983,2,0.0799999999999983,False
Cc1cccc(NC(=O)Nc2ccc(-c3cccc4[nH]ncc34)cc2)c1,CHEMBL375284,6.0,6.0,False,Other,,,,,,,,,,0,,False
Cc1cccc(NC(=O)Nc2ccc(-c3csc4c(-c5cn[nH]c5)cnc(N)c34)cc2)c1,CHEMBL1969102,6.3,6.3,False,Other,,,,7.1,7.1,-0.7999999999999998,6.9,6.9,-0.6000000000000005,2,-0.7999999999999998,False
Cc1cccc(NC(=O)Nc2ccc(-c3csc4c(-c5cnn(C)c5)cnc(N)c34)cc2)c1,CHEMBL1967116,6.4,6.4,False,Other,,,,7.2,7.2,-0.7999999999999998,6.9,6.9,-0.5,2,-0.7999999999999998,False
Cc1cccc(NC(=O)Nc2ccc(-c3csc4ncnc(N)c34)cc2)c1,CHEMBL196363,6.2,6.2,False,Other,,,,6.4,6.4,-0.20000000000000018,6.2,6.2,0.0,2,-0.20000000000000018,False
Cc1cccc(Nc2cc(Nc3ccccc3Cl)c(C(N)=O)cn2)n1,CHEMBL5270549,7.26,7.26,False,Other,7.3,7.3,-0.040000000000000036,7.32,7.32,-0.0600000000000005,7.23,7.23,0.02999999999999936,3,-0.0600000000000005,False
Cc1cccc(Nc2nc(NC3CCCCC3N)cnc2C(N)=O)c1,CHEMBL1974328,5.9,5.9,False,Other,,,,6.2,6.2,-0.2999999999999998,6.0,6.0,-0.09999999999999964,2,-0.2999999999999998,False
Cc1ccccc1-c1cc2c(N[C@@H]3CC[C@](C)(N)C3(C)C)c(C(N)=O)cnn2c1,CHEMBL4068856,7.29,7.29,False,Other,9.15,9.15,-1.8600000000000003,7.31,7.31,-0.019999999999999574,8.74,8.74,-1.4500000000000002,3,-1.8600000000000003,False
Cc1ccccc1-c1nnn2cnc3[nH]ccc3c12,CHEMBL3911874,6.89,6.89,False,Other,7.7,7.7,-0.8100000000000005,6.89,6.89,0.0,6.58,6.58,0.3099999999999996,3,-0.8100000000000005,False
Cc1ccccc1-n1cc(-c2ccccc2)c2[nH]nc(N)c2c1=O,CHEMBL3763833,6.11,6.11,False,JH1,5.51,5.51,0.6000000000000005,,,,5.66,5.66,0.4500000000000002,2,0.4500000000000002,False
Cc1ccccc1-n1cc(-c2ccn(C)n2)c2[nH]nc(N)c2c1=O,CHEMBL3763864,7.52,7.52,False,JH1,6.89,6.89,0.6299999999999999,5.77,5.77,1.75,7.09,7.09,0.4299999999999997,3,0.4299999999999997,False
Cc1ccccc1C(=O)Nc1ccncc1,CHEMBL2420842,5.62,5.62,False,Other,,,,,,,,,,0,,False
Cc1ccccc1S(=O)(=O)C[C@H]1C[C@@H](N(C)c2ncnc3[nH]ccc23)C1,CHEMBL5931590,9.17,9.17,False,Other,10.89,10.89,-1.7200000000000006,9.61,9.61,-0.4399999999999995,8.0,8.0,1.17,3,-1.7200000000000006,False
Cc1ccn(-c2cc3ncccc3c(-c3ccn(C4(CC#N)CN(CC(F)(F)F)C4)n3)n2)n1,CHEMBL5885984,6.12,6.12,False,Other,,,,5.18,5.18,0.9400000000000004,,,,1,0.9400000000000004,False
Cc1ccn(-c2ccc(Nc3cc(NC(=O)C4CC4)nc4[nH]c(C(F)F)nc34)c(N(C)S(C)(=O)=O)c2)n1,CHEMBL6000243,9.12,,True,JH2,,,,,,,,,,0,,True
Cc1ccn(-c2ccc(Nc3cc(NC(=O)C4CC4)nc4[nH]c(C(F)F)nc34)c(S(C)(=O)=O)c2)n1,CHEMBL5960826,9.12,,True,JH2,,,,,,,,,,0,,True
Cc1ccn2ncc(C(=O)Nc3cc(Br)ccc3F)c2n1,CHEMBL5411862,6.61,6.61,False,JH2,,,,,,,,,,0,,True
Cc1ccnc(Nc2cc(Nc3ccccc3S(C)(=O)=O)c3c(=O)n(C)[nH]c3n2)c1,CHEMBL5848099,9.12,,True,JH2,,,,,,,,,,0,,True
Cc1ccncc1-c1cc2c(N[C@@H]3CC[C@](C)(N)C3(C)C)c(C(N)=O)cnn2c1,CHEMBL3671805,6.75,6.75,False,Other,8.89,8.89,-2.1400000000000006,6.85,6.85,-0.09999999999999964,8.21,8.21,-1.4600000000000009,3,-2.1400000000000006,False
Cc1ccncc1S(=O)(=O)C[C@H]1C[C@@H](N(C)c2ncnc3[nH]ccc23)C1,CHEMBL5937398,9.81,9.81,False,Other,,,,9.95,9.95,-0.1399999999999988,8.06,8.06,1.75,2,-0.1399999999999988,False
Cc1cn(C)c(-c2ccc(Nc3cc(NC(=O)C4CC4)nc4[nH]c(C(F)F)nc34)c(N(C)S(C)(=O)=O)c2)n1,CHEMBL5910020,9.12,,True,JH2,,,,,,,,,,0,,True
Cc1cn(C)c(-c2ccc(Nc3cc(NC(=O)C4CC4)nc4[nH]c(C(F)F)nc34)c(S(C)(=O)=O)c2)n1,CHEMBL5885679,9.52,,True,JH2,,,,,,,,,,0,,True
Cc1cn(C)c(-c2ccc(Nc3cc(NC(=O)C4CC4)nc4[nH]c(C)nc34)c(N(C)S(C)(=O)=O)c2)n1,CHEMBL5818558,9.12,,True,JH2,,,,,,,,,,0,,True
Cc1cn(C)c(-c2ccc(Nc3cc(NC(=O)C4CC4)nc4[nH]c(C)nc34)c(S(C)(=O)=O)c2)n1,CHEMBL5796997,9.52,,True,JH2,,,,,,,,,,0,,True
Cc1cn(C)nc1-c1ccc(Nc2cc(NC(=O)C3CC3(C)C)nc3[nH]c(C(F)F)nc23)c(S(C)(=O)=O)c1,CHEMBL5739746,8.26,,True,JH2,,,,,,,,,,0,,True
Cc1cn(C)nc1-c1ccc(Nc2cc(NC(=O)[C@@H]3CC3(C)C)nc3[nH]c(C(F)F)nc23)c(S(C)(=O)=O)c1,CHEMBL5860709,8.26,,True,JH2,,,,,,,,,,0,,True
Cc1cn(C)nc1-c1ccc(Nc2cc(NC(=O)[C@H]3CC3(C)C)nc3[nH]c(C(F)F)nc23)c(S(C)(=O)=O)c1,CHEMBL5819632,8.26,,True,JH2,,,,,,,,,,0,,True
Cc1cn(C)nc1-c1ccc(Nc2cc(NC(=O)[C@H]3C[C@H]3F)nc3[nH]c(C(F)F)nc23)c(S(C)(=O)=O)c1,CHEMBL5859460,9.52,,True,JH2,,,,,,,,,,0,,True
Cc1cn(C)nc1-c1ccc(Nc2cc(Nc3cnc(C)c(C)n3)nc3[nH]c(C(F)F)nc23)c(S(C)(=O)=O)c1,CHEMBL6035046,9.52,,True,JH2,,,,,,,,,,0,,True
Cc1cn(C2(CC#N)CC(C#N)C2)nc1-c1nc(-c2cc(N)n(C)n2)cc2ncccc12,CHEMBL6000054,6.005,6.005,False,Other,,,,5.324999999999999,5.324999999999999,0.6800000000000006,,,,1,0.6800000000000006,False
Cc1cn(C2(CC#N)CC(C#N)C2)nc1-c1nc(-c2cn[nH]c2N)cc2ncccc12,CHEMBL5884491,6.84,6.84,False,Other,5.46,5.46,1.38,6.02,6.02,0.8200000000000003,,,,2,0.8200000000000003,False
Cc1cnc(-c2ccc(Nc3cc(NC(=O)C4CC4)nc4[nH]c(C(F)F)nc34)c(N(C)S(C)(=O)=O)c2)n1C,CHEMBL5770722,9.52,,True,JH2,,,,,,,,,,0,,True
Cc1cnc(-c2ccc(Nc3cc(NC(=O)C4CC4)nc4[nH]c(C(F)F)nc34)c(S(C)(=O)=O)c2)n1C,CHEMBL6000040,9.52,,True,JH2,,,,,,,,,,0,,True
Cc1cnc(-c2ccc(Nc3cc(NC(=O)C4CC4)nc4[nH]c(C(F)F)nc34)c(S(C)(=O)=O)c2)s1,CHEMBL6021645,9.12,,True,JH2,,,,,,,,,,0,,True
Cc1cnc(-c2ccc(Nc3cc(Nc4cc5n(n4)CCOC5)nc4[nH]c(C(F)F)nc34)c(S(C)(=O)=O)c2)s1,CHEMBL5960815,9.52,,True,JH2,,,,,,,,,,0,,True
Cc1cnc(-c2ccc(Nc3cc(Nc4cccc(C#N)n4)nc4[nH]c(C(F)F)nc34)c(S(C)(=O)=O)c2)n1C,CHEMBL5845925,9.52,,True,JH2,,,,,,,,,,0,,True
Cc1cnc(-c2ccc(Nc3cc(Nc4cccc(C#N)n4)nc4[nH]c(C(F)F)nc34)c(S(C)(=O)=O)c2)s1,CHEMBL5999089,9.12,,True,JH2,,,,,,,,,,0,,True
Cc1cnc(CNC[C@H]2CC[C@H](c3nnn4cnc5[nH]ccc5c34)CC2)cn1,CHEMBL3973302,7.39,7.39,False,Other,8.21,8.21,-0.8200000000000012,7.26,7.26,0.1299999999999999,6.1,6.1,1.29,3,-0.8200000000000012,False
Cc1cnc(N(C)S(C)(=O)=O)c(CNc2nc(-c3cc(F)c(O)cc3CC(F)(F)F)cc3[nH]nc(C(N)=O)c23)c1,CHEMBL5959796,5.32,5.32,False,Other,7.42,7.42,-2.0999999999999996,6.96,6.96,-1.6399999999999997,7.09,7.09,-1.7699999999999996,3,-2.0999999999999996,False
Cc1cnc(NC2CCOCC2)nc1-c1cnn(CCC#N)c1,CHEMBL5431291,4.3,4.3,False,Other,4.3,4.3,0.0,4.38,4.38,-0.08000000000000007,4.3,4.3,0.0,3,-0.08000000000000007,False
Cc1cnc(NCCN2CCOCC2)nc1-c1cnn(CCC#N)c1,CHEMBL5435131,4.77,4.77,False,Other,4.3,4.3,0.46999999999999975,4.71,4.71,0.05999999999999961,4.3,4.3,0.46999999999999975,3,0.05999999999999961,False
Cc1cnc(Nc2cc(N3C[C@@H]4C[C@H]3CN4C)cnc2F)nc1N[C@H](C)C(C)C,CHEMBL4175808,4.62,4.62,False,Other,7.58,7.58,-2.96,,,,4.74,4.74,-0.1200000000000001,2,-2.96,False
Cc1cnc(Nc2ccc(C(C)(C)C)cc2)nc1N1CCC2(CCNC2=O)CC1,CHEMBL5094318,6.99,6.99,False,Other,6.96,6.96,0.03000000000000025,,,,,,,1,0.03000000000000025,False
Cc1cnc(Nc2ccc(C(F)(F)F)cc2)nc1N1CCC2(CCNC2=O)CC1,CHEMBL5094671,7.1,7.1,False,Other,6.7,6.7,0.39999999999999947,6.39,6.39,0.71,6.32,6.32,0.7799999999999994,3,0.39999999999999947,False
Cc1cnc(Nc2ccc(CNC(=O)/C=C/C(=O)c3ccccc3)cc2)nc1-c1cnn(C(C)C)c1,CHEMBL5403283,7.37,7.37,False,Other,7.37,7.37,0.0,7.2,7.2,0.16999999999999993,7.27,7.27,0.10000000000000053,3,0.0,False
Cc1cnc(Nc2ccc(CNC(=O)C3CC3)cc2)nc1-c1cnn(C(C)C)c1,CHEMBL5408994,7.21,7.21,False,Other,7.06,7.06,0.15000000000000036,7.545,7.545,-0.33499999999999996,6.81,6.81,0.40000000000000036,3,-0.33499999999999996,False
Cc1cnc(Nc2ccc(CNC(=O)CCl)cc2)nc1-c1cnn(C(C)C)c1,CHEMBL5440964,7.48,7.48,False,Other,7.14,7.14,0.34000000000000075,7.675,7.675,-0.1949999999999994,6.78,6.78,0.7000000000000002,3,-0.1949999999999994,False
Cc1cnc(Nc2ccc(CNS(=O)(=O)C3CC3)cc2)nc1-c1cnn(C(C)C)c1,CHEMBL5419978,6.69,6.69,False,Other,6.75,6.75,-0.05999999999999961,7.630000000000001,7.630000000000001,-0.9400000000000004,6.58,6.58,0.11000000000000032,3,-0.9400000000000004,False
Cc1cnc(Nc2ccc(F)c(N)c2)nc1N1CCC2(CCNC2=O)CC1,CHEMBL5091093,8.05,8.05,False,Other,8.0,8.0,0.05000000000000071,6.75,6.75,1.3000000000000007,6.37,6.37,1.6800000000000006,3,0.05000000000000071,False
Cc1cnc(Nc2ccc(F)cc2)nc1N1CCC2(CCNC2=O)CC1,CHEMBL5088678,7.03,7.03,False,Other,6.82,6.82,0.20999999999999996,6.53,6.53,0.5,6.5,6.5,0.5300000000000002,3,0.20999999999999996,False
Cc1cnc(Nc2ccc(N3C4CCC3COC4)cc2)nc1N1CCC2(CCNC2=O)CC1,CHEMBL5091163,8.05,8.05,False,Other,7.55,7.55,0.5000000000000009,8.05,8.05,0.0,7.75,7.75,0.3000000000000007,3,0.0,False
Cc1cnc(Nc2ccc(N3CCC(N(C)CCO)CC3)c(F)c2)nc1-c1cnn(C(C)C)c1,CHEMBL4447631,8.7,8.7,False,Other,7.03,7.03,1.669999999999999,7.98,7.98,0.7199999999999989,7.41,7.41,1.2899999999999991,3,0.7199999999999989,False
Cc1cnc(Nc2ccc(N3CCN(C)CC3)cc2)nc1-c1cnn(CCC#N)c1,CHEMBL5435482,8.7,8.7,False,Other,7.89,7.89,0.8099999999999996,8.7,8.7,0.0,7.8,7.8,0.8999999999999995,3,0.0,False
Cc1cnc(Nc2ccc(N3CCOC(C)C3)cc2)nc1N1CCC2(CCNC2=O)CC1,CHEMBL5086893,7.51,7.51,False,Other,6.99,6.99,0.5199999999999996,7.24,7.24,0.2699999999999996,7.01,7.01,0.5,3,0.2699999999999996,False
Cc1cnc(Nc2ccc(N3CCOCC3)c(F)c2)nc1N1CCC2(CCNC2=O)CC1,CHEMBL5087251,7.89,7.89,False,Other,7.36,7.36,0.5299999999999994,7.28,7.28,0.6099999999999994,7.19,7.19,0.6999999999999993,3,0.5299999999999994,False
Cc1cnc(Nc2ccc(N3CCOCC3)cc2)nc1-c1cc2c(o1)CCN(C(=O)CC#N)C2,CHEMBL4590082,8.52,8.52,False,Other,8.29,8.29,0.23000000000000043,6.84,6.84,1.6799999999999997,7.19,7.19,1.3299999999999992,3,0.23000000000000043,False
Cc1cnc(Nc2ccc(N3CCOCC3)cc2)nc1-c1cnn(CCC#N)c1,CHEMBL5402073,8.7,8.7,False,Other,7.82,7.82,0.879999999999999,8.7,8.7,0.0,7.75,7.75,0.9499999999999993,3,0.0,False
Cc1cnc(Nc2ccc(N3CCOCC3)cc2)nc1N1CCC2(CCNC2=O)CC1,CHEMBL5078526,7.89,7.89,False,Other,6.95,6.95,0.9399999999999995,7.26,7.26,0.6299999999999999,6.67,6.67,1.2199999999999998,3,0.6299999999999999,False
Cc1cnc(Nc2ccc(NS(=O)(=O)c3ccc(C(F)(F)F)cc3)c(F)c2)nc1-c1cnn(C(C)C)c1,CHEMBL4862564,7.89,7.89,False,Other,7.39,7.39,0.5,7.6,7.6,0.29000000000000004,6.16,6.16,1.7299999999999995,3,0.29000000000000004,False
Cc1cnc(Nc2ccc(OCCCCCCC(=O)NO)c(F)c2)nc1Nc1cccc(S(=O)(=O)NC(C)(C)C)c1,CHEMBL5395502,6.11,6.11,False,Other,7.39,7.39,-1.2799999999999994,7.84,7.84,-1.7299999999999995,6.02,6.02,0.09000000000000075,3,-1.7299999999999995,False
Cc1cnc(Nc2ccc(OCCCCCCC(=O)NO)cc2)nc1Nc1cccc(S(=O)(=O)NC(C)(C)C)c1,CHEMBL5433552,6.38,6.38,False,Other,7.57,7.57,-1.1900000000000004,7.96,7.96,-1.58,6.23,6.23,0.14999999999999947,3,-1.58,False
Cc1cnc(Nc2ccc(OCCN3CCCC3)cc2)nc1N1CCC2(CCNC2=O)CC1,CHEMBL5083015,7.0,7.0,False,Other,6.34,6.34,0.6600000000000001,6.71,6.71,0.29000000000000004,6.46,6.46,0.54,3,0.29000000000000004,False
Cc1cnc(Nc2ccc(OCCN3CCCC3)cc2)nc1Nc1ccc(C(=O)NO)cc1,CHEMBL5408198,7.0,7.0,False,Other,6.88,6.88,0.1200000000000001,8.74,8.74,-1.7400000000000002,7.04,7.04,-0.040000000000000036,3,-1.7400000000000002,False
Cc1cnc(Nc2ccc(OCCN3CCCC3)cc2)nc1Nc1cccc(S(=O)(=O)NC(C)(C)C)c1,CHEMBL1287853,6.66,6.66,False,Other,7.125,7.125,-0.46499999999999986,6.42,6.42,0.2400000000000002,6.51,6.51,0.15000000000000036,3,-0.46499999999999986,False
Cc1cnc(Nc2ccc(OCCO)nc2)nc1N1C[C@H]2[C@@H](C)[C@@]2(NC(=O)[C@H]2C[C@@H]2C#N)C1,CHEMBL5748331,7.72,7.72,False,Other,7.89,7.89,-0.16999999999999993,6.83,6.83,0.8899999999999997,5.58,5.58,2.1399999999999997,3,-0.16999999999999993,False
Cc1cnc(Nc2ccc([N+](=O)[O-])cc2)nc1N1CCC2(CCNC2=O)CC1,CHEMBL5075663,7.89,7.89,False,Other,8.4,8.4,-0.5100000000000007,8.0,8.0,-0.11000000000000032,,,,2,-0.5100000000000007,False
Cc1cnc(Nc2ccc3c(c2)CCN(C(=O)/C=C/C(=O)c2ccccc2)C3)nc1-c1cnn(C(C)C)c1,CHEMBL4748354,7.1,7.1,False,Other,7.33,7.33,-0.23000000000000043,7.640000000000001,7.640000000000001,-0.5400000000000009,6.92,6.92,0.17999999999999972,3,-0.5400000000000009,False
Cc1cnc(Nc2ccc3c(c2)CCN(C(=O)/C=C/CN(C)C)C3)nc1-c1cnn(C(C)C)c1,CHEMBL4753549,7.12,7.12,False,Other,7.38,7.38,-0.2599999999999998,7.93,7.93,-0.8099999999999996,7.03,7.03,0.08999999999999986,3,-0.8099999999999996,False
Cc1cnc(Nc2ccc3c(c2)CCN(CC#N)C3)nc1-c1cnn(C(C)C)c1,CHEMBL4798378,7.25,7.25,False,Other,7.37,7.37,-0.1200000000000001,7.640000000000001,7.640000000000001,-0.39000000000000057,7.27,7.27,-0.019999999999999574,3,-0.39000000000000057,False
Cc1cnc(Nc2ccc3c(c2)CCN3C(=O)C2CC2(F)F)nc1-c1cnn(C(C)C)c1,CHEMBL4864674,8.24,8.24,False,Other,,,,8.18,8.18,0.0600000000000005,,,,1,0.0600000000000005,False
Cc1cnc(Nc2ccc3c(c2)CCN3C(=O)C2CC2)nc1-c1cnn(C(C)C)c1,CHEMBL4854704,8.43,8.43,False,Other,,,,8.41,8.41,0.019999999999999574,,,,1,0.019999999999999574,False
Cc1cnc(Nc2ccc3c(c2)CCN3C(=O)CCN2CCOCC2)nc1-c1cnn(C(C)C)c1,CHEMBL4858303,8.02,8.02,False,Other,,,,7.92,7.92,0.09999999999999964,,,,1,0.09999999999999964,False
Cc1cnc(Nc2ccc3c(c2)CCN3C(=O)CN2CCS(=O)(=O)CC2)nc1-c1cnn(C(C)C)c1,CHEMBL4862108,8.7,8.7,False,Other,,,,8.52,8.52,0.17999999999999972,,,,1,0.17999999999999972,False
Cc1cnc(Nc2ccc3c(c2)CCN3C(=O)Cc2ccc(OC(F)(F)F)cc2)nc1-c1cnn(C(C)C)c1,CHEMBL4854514,7.29,7.29,False,Other,,,,6.4,6.4,0.8899999999999997,,,,1,0.8899999999999997,False
Cc1cnc(Nc2ccc3c(c2)CCN3C(=O)[C@@H](O)CO)nc1-c1cnn(C(C)C)c1,CHEMBL4868074,7.96,7.96,False,Other,,,,7.67,7.67,0.29000000000000004,,,,1,0.29000000000000004,False
Cc1cnc(Nc2ccc3c(c2)CCN3C(=O)[C@@H]2C[C@@H]2F)nc1-c1cnn(C(C)C)c1,CHEMBL4864328,8.2,8.2,False,Other,,,,7.99,7.99,0.20999999999999908,,,,1,0.20999999999999908,False
Cc1cnc(Nc2ccc3c(c2)CCN3C(=O)[C@H]2CCCN2)nc1-c1cnn(C(C)C)c1,CHEMBL4873455,8.3,8.3,False,Other,,,,8.52,8.52,-0.21999999999999886,,,,1,-0.21999999999999886,False
Cc1cnc(Nc2ccc3c(c2)CCN3C(=O)[C@H]2CCCN2C(=O)C2(C#N)CC2)nc1-c1cnn(C(C)C)c1,CHEMBL4873733,8.69,8.69,False,Other,,,,8.42,8.42,0.2699999999999996,,,,1,0.2699999999999996,False
Cc1cnc(Nc2ccc3c(c2)CCN3C(=O)c2ccc(C(F)(F)F)cc2F)nc1-c1cnn(C(C)C)c1,CHEMBL4865736,7.97,7.97,False,Other,,,,7.6,7.6,0.3700000000000001,,,,1,0.3700000000000001,False
Cc1cnc(Nc2ccc3c(c2)CCN3C(=O)c2cccc(C(F)(F)F)c2)nc1-c1cnn(C(C)C)c1,CHEMBL4861517,7.84,7.84,False,Other,,,,7.18,7.18,0.6600000000000001,,,,1,0.6600000000000001,False
Cc1cnc(Nc2ccc3c(c2)CCN3S(=O)(=O)C2CC2)nc1-c1cnn(C(C)C)c1,CHEMBL4849458,8.57,8.57,False,Other,,,,8.62,8.62,-0.049999999999998934,,,,1,-0.049999999999998934,False
Cc1cnc(Nc2ccc3c(c2)CCN3S(=O)(=O)c2ccc(C(F)(F)F)cc2)nc1-c1cnn(C(C)C)c1,CHEMBL4862231,7.8,7.8,False,Other,6.47,6.47,1.33,7.09,7.09,0.71,,,,2,0.71,False
Cc1cnc(Nc2ccc3c(c2)CCN3S(=O)(=O)c2ccc(C(F)(F)F)cc2)nc1-c1cnn(C)c1,CHEMBL4851606,6.83,6.83,False,Other,,,,,,,,,,0,,False
Cc1cnc(Nc2ccc3c(c2)CCN3S(=O)(=O)c2ccc(C(F)(F)F)cc2)nc1-c1cnn(C2CC2)c1,CHEMBL4862667,7.22,7.22,False,Other,,,,6.19,6.19,1.0299999999999994,,,,1,1.0299999999999994,False
Cc1cnc(Nc2ccc3c(c2)CCN3S(=O)(=O)c2ccc(C(F)(F)F)cc2)nc1-c1cnn(C2CCC2)c1,CHEMBL4846148,7.92,7.92,False,Other,6.48,6.48,1.4399999999999995,6.79,6.79,1.13,,,,2,1.13,False
Cc1cnc(Nc2ccc3c(c2)CCN3S(=O)(=O)c2ccc(C(F)(F)F)cc2)nc1-c1cnn(CCC#N)c1,CHEMBL4873919,8.7,8.7,False,Other,7.08,7.08,1.6199999999999992,7.68,7.68,1.0199999999999996,,,,2,1.0199999999999996,False
Cc1cnc(Nc2ccc3c(c2)CCN3S(=O)(=O)c2ccc3c(c2)CC(=O)N3)nc1-c1cnn(C(C)C)c1,CHEMBL4852080,7.91,7.91,False,Other,,,,7.6,7.6,0.3100000000000005,,,,1,0.3100000000000005,False
Cc1cnc(Nc2ccc3c(c2)CCN3S(=O)(=O)c2ccc3c(c2)CC(=O)N3C)nc1-c1cnn(C(C)C)c1,CHEMBL4846163,7.2,7.2,False,Other,,,,7.9,7.9,-0.7000000000000002,,,,1,-0.7000000000000002,False
Cc1cnc(Nc2ccc3c(c2)CN(C(=O)/C=C/C(=O)c2ccccc2)CC3)nc1-c1cnn(C(C)C)c1,CHEMBL4741075,7.28,7.28,False,Other,7.52,7.52,-0.23999999999999932,8.035,8.035,-0.7549999999999999,7.05,7.05,0.23000000000000043,3,-0.7549999999999999,False
Cc1cnc(Nc2ccc3c(c2)CN(C(=O)/C=C/CN(C)C)CC3)nc1-c1cnn(C(C)C)c1,CHEMBL4756422,7.35,7.35,False,Other,7.04,7.04,0.3099999999999996,7.935,7.935,-0.585,6.83,6.83,0.5199999999999996,3,-0.585,False
Cc1cnc(Nc2ccc3c(c2)CNC3=O)nc1-c1cnn(CCC#N)c1,CHEMBL4845662,9.17,9.17,False,Other,,,,8.96,8.96,0.20999999999999908,,,,1,0.20999999999999908,False
Cc1cnc(Nc2cccc(S(N)(=O)=O)c2)nc1Nc1ccc(OCC(N)=O)cc1,CHEMBL1988838,7.6,7.6,False,Other,,,,8.4,8.4,-0.8000000000000007,6.9,6.9,0.6999999999999993,2,-0.8000000000000007,False
Cc1cnc(Nc2ccccc2)nc1-c1cnn(CCC#N)c1,CHEMBL5440510,7.96,7.96,False,Other,7.3,7.3,0.6600000000000001,8.22,8.22,-0.2600000000000007,6.84,6.84,1.12,3,-0.2600000000000007,False
Cc1cnc(Nc2ccccc2)nc1N1CCC2(CCNC2=O)CC1,CHEMBL5084129,7.19,7.19,False,Other,6.92,6.92,0.27000000000000046,,,,,,,1,0.27000000000000046,False
Cc1cnc(Nc2ccncc2)nc1N1CCC2(CCNC2=O)CC1,CHEMBL5076599,6.85,6.85,False,Other,6.39,6.39,0.45999999999999996,,,,,,,1,0.45999999999999996,False
Cc1cnc(Nc2cnn(C(C)C)c2)nc1N1CCC2(CCNC2=O)CC1,CHEMBL5082590,8.15,8.15,False,Other,7.82,7.82,0.33000000000000007,7.17,7.17,0.9800000000000004,6.67,6.67,1.4800000000000004,3,0.33000000000000007,False
Cc1cnc(Nc2cnn(C(F)F)c2)nc1N1CCC2(CCNC2=O)CC1,CHEMBL5077096,8.22,8.22,False,Other,7.43,7.43,0.7900000000000009,6.85,6.85,1.370000000000001,6.44,6.44,1.7800000000000002,3,0.7900000000000009,False
Cc1cnc(Nc2cnn(C)c2)nc1-c1cnn(CCC#N)c1,CHEMBL5438892,8.47,8.47,False,Other,7.92,7.92,0.5500000000000007,8.6,8.6,-0.129999999999999,7.26,7.26,1.2100000000000009,3,-0.129999999999999,False
Cc1cnc(Nc2cnn(C)c2)nc1-c1cnn([C@H](CC#N)C2CCCC2)c1,CHEMBL5395308,9.01,9.01,False,Other,9.0,9.0,0.009999999999999787,9.01,9.01,0.0,8.47,8.47,0.5399999999999991,3,0.0,False
Cc1cnc(Nc2cnn(C)c2)nc1N1C2CCC1COC2,CHEMBL5077395,6.95,6.95,False,Other,7.51,7.51,-0.5599999999999996,6.32,6.32,0.6299999999999999,,,,2,-0.5599999999999996,False
Cc1cnc(Nc2cnn(C)c2)nc1N1CC2CCCC(C1)N2CCC#N,CHEMBL5412619,8.47,8.47,False,Other,8.7,8.7,-0.22999999999999865,8.47,8.47,0.0,7.96,7.96,0.5100000000000007,3,-0.22999999999999865,False
Cc1cnc(Nc2cnn(C)c2)nc1N1CCC2(CC1)NC(=O)NC2=O,CHEMBL5081617,7.47,7.47,False,Other,7.36,7.36,0.10999999999999943,7.31,7.31,0.16000000000000014,,,,2,0.10999999999999943,False
Cc1cnc(Nc2cnn(C)c2)nc1N1CCC2(CCNC2=O)CC1,CHEMBL5094597,7.68,7.68,False,Other,7.41,7.41,0.2699999999999996,6.4,6.4,1.2799999999999994,6.38,6.38,1.2999999999999998,3,0.2699999999999996,False
Cc1cnc(Nc2nccs2)nc1N1CCC2(CCNC2=O)CC1,CHEMBL5091036,6.34,6.34,False,Other,,,,,,,,,,0,,False
Cc1cnc2c(F)c(Nc3cc(C)[nH]n3)nc(N[C@@H]3C[C@H]4CCC[C@@H](C3)N4CCC#N)c2c1,CHEMBL5851201,7.3,,True,Other,9.26,,,9.26,,,7.3,,,0,,False
Cc1cnc2c(F)c(Nc3cc(C)[nH]n3)nc(N[C@@H]3C[C@H]4CCC[C@@H](C3)N4S(=O)(=O)N3CC(C#N)C3)c2c1,CHEMBL5747341,9.26,,True,Other,9.26,,,,,,7.3,,,0,,False
Cc1cnc2c(F)c(Nc3cc(C)[nH]n3)nc(N[C@@H]3C[C@H]4CCC[C@@H](C3)N4S(=O)(=O)c3cccnc3)c2c1,CHEMBL5833647,7.3,,True,Other,9.26,,,9.26,,,7.3,,,0,,False
Cc1cnc2c(F)c(Nc3cc(C)[nH]n3)nc(N[C@@H]3C[C@H]4CCC[C@@H](C3)N4S(C)(=O)=O)c2c1,CHEMBL5886194,7.3,,True,Other,9.26,,,9.26,,,7.3,,,0,,False
Cc1cnc2c(F)c(Nc3cc(C)[nH]n3)nc(N[C@@H]3C[C@H]4CC[C@@H](C3)N4CCC#N)c2c1,CHEMBL5918752,7.3,,True,Other,9.26,,,9.26,,,7.3,,,0,,False
Cc1cnc2c(F)c(Nc3cc(C)[nH]n3)nc(N[C@@H]3C[C@H]4CC[C@@H](C3)N4S(=O)(=O)N3CC(C#N)C3)c2c1,CHEMBL5956884,7.3,,True,Other,9.26,,,9.26,,,7.3,,,0,,False
Cc1cnc2c(F)c(Nc3cc(C)[nH]n3)nc(N[C@@H]3C[C@H]4CC[C@@H](C3)N4S(=O)(=O)c3cccnc3)c2c1,CHEMBL5764020,7.3,,True,Other,9.26,,,7.3,,,6.68,,,0,,False
Cc1cnc2c(F)c(Nc3cc(C)[nH]n3)nc(N[C@@H]3C[C@H]4CC[C@@H](C3)N4S(C)(=O)=O)c2c1,CHEMBL5779463,7.3,,True,Other,,,,,,,7.3,,,0,,False
Cc1cnc2cc(Nc3cc(C)[nH]n3)nc(N[C@@H]3C[C@H]4CCC[C@@H](C3)N4C(=O)OCC(C)C)c2c1,CHEMBL5872436,7.3,,True,Other,7.3,,,9.26,,,7.3,,,0,,False
Cc1cnc2cc(Nc3cc(C)[nH]n3)nc(N[C@@H]3C[C@H]4CCC[C@@H](C3)N4CCC#N)c2c1,CHEMBL5849447,9.26,,True,Other,9.26,,,,,,9.26,,,0,,False
Cc1cnc2cc(Nc3cc(C)[nH]n3)nc(N[C@@H]3C[C@H]4CCC[C@@H](C3)N4Cc3ccncc3)c2c1,CHEMBL5772745,9.26,,True,Other,9.26,,,9.26,,,7.3,,,0,,False
Cc1cnc2cc(Nc3cc(C)[nH]n3)nc(N[C@@H]3C[C@H]4CCC[C@@H](C3)N4S(=O)(=O)N3CC(C#N)C3)c2c1,CHEMBL5974067,9.26,,True,Other,9.26,,,,,,9.26,,,0,,False
Cc1cnc2cc(Nc3cc(C)[nH]n3)nc(N[C@@H]3C[C@H]4CCC[C@@H](C3)N4S(C)(=O)=O)c2c1,CHEMBL5907719,9.26,,True,Other,9.26,,,,,,9.26,,,0,,False
Cc1cnc2cc(Nc3cc(C)[nH]n3)nc(N[C@@H]3C[C@H]4CC[C@@H](C3)N4C(=O)OCC(C)C)c2c1,CHEMBL6003559,7.3,,True,Other,9.26,,,9.26,,,7.3,,,0,,False
Cc1cnc2cc(Nc3cc(C)[nH]n3)nc(N[C@@H]3C[C@H]4CC[C@@H](C3)N4CCC#N)c2c1,CHEMBL5765444,9.26,,True,Other,9.26,,,9.26,,,7.3,,,0,,False
Cc1cnc2cc(Nc3cc(C)[nH]n3)nc(N[C@@H]3C[C@H]4CC[C@@H](C3)N4Cc3ccncc3)c2c1,CHEMBL5847280,7.3,,True,Other,9.26,,,9.26,,,7.3,,,0,,False
Cc1cnc2cc(Nc3cc(C)[nH]n3)nc(N[C@@H]3C[C@H]4CC[C@@H](C3)N4S(=O)(=O)N3CC(C#N)C3)c2c1,CHEMBL6048835,9.26,,True,Other,9.26,,,,,,7.3,,,0,,False
Cc1cnc2cc(Nc3cc(C)[nH]n3)nc(N[C@@H]3C[C@H]4CC[C@@H](C3)N4S(C)(=O)=O)c2c1,CHEMBL6045725,9.26,,True,Other,9.26,,,,,,7.3,,,0,,False
Cc1cnc2nc1-c1ccc3ccn(c3c1)C/C=C/COCc1cc(ccc1OCCN1CCCC1)N2,CHEMBL2035050,6.36,6.36,False,Other,5.29,5.29,1.0700000000000003,6.43,6.43,-0.0699999999999994,,,,2,-0.0699999999999994,False
Cc1cnc2nc1-c1cccc(c1)COC/C=C/COCc1cc(ccc1OCCN1CCCC1)N2,CHEMBL5439075,7.24,7.24,False,Other,6.0,6.0,1.2400000000000002,8.15,8.15,-0.9100000000000001,7.05,7.05,0.1900000000000004,3,-0.9100000000000001,False
Cc1cnc2nc1-c1cccc(c1)COCC=CCOCc1cc(ccc1OCCN1CCCC1)N2,CHEMBL2181088,7.24,7.24,False,Other,6.0,6.0,1.2400000000000002,8.15,8.15,-0.9100000000000001,7.05,7.05,0.1900000000000004,3,-0.9100000000000001,False
Cc1cnc2nc1-c1ccnc(c1)OCC/C=C/COCc1cc(ccc1OCCN1CCCC1)N2,CHEMBL2035053,7.14,7.14,False,Other,6.41,6.41,0.7299999999999995,7.85,7.85,-0.71,6.0,6.0,1.1399999999999997,3,-0.71,False
Cc1cncc(-c2cc(-c3cnn(C4(CC#N)CC(C#N)C4)n3)c3cccnc3c2)n1,CHEMBL5867093,5.369999999999999,5.369999999999999,False,Other,,,,5.2,5.2,0.16999999999999904,,,,1,0.16999999999999904,False
Cc1cncc(-c2cc3ncccc3c(-c3ccn(C4(CC#N)CN(CC(F)(F)F)C4)n3)n2)c1,CHEMBL5891156,5.73,5.73,False,Other,,,,5.1,5.1,0.6300000000000008,,,,1,0.6300000000000008,False
Cc1cncc2ccc(NC(=O)[C@@H]3CC3c3ccc(S(=O)(=O)NC[C@@H]4CCCNC4)cc3)cc12,CHEMBL6057592,6.72,6.72,False,Other,7.0,7.0,-0.28000000000000025,7.89,7.89,-1.17,6.7,6.7,0.019999999999999574,3,-1.17,False
Cc1cncc2ccc(NC(=O)[C@@H]3CC3c3ccc(S(=O)(=O)Nc4ccc(F)cn4)cc3)cc12,CHEMBL6063322,8.0,8.0,False,Other,9.1,9.1,-1.0999999999999996,9.19,9.19,-1.1899999999999995,9.05,9.05,-1.0500000000000007,3,-1.1899999999999995,False
Cc1cncc2ccc(NC(=O)[C@@H]3CC3c3ccc(S(=O)(=O)Nc4ccccn4)cc3)cc12,CHEMBL6007723,8.15,8.15,False,Other,7.6,7.6,0.5500000000000007,8.7,8.7,-0.5499999999999989,8.2,8.2,-0.049999999999998934,3,-0.5499999999999989,False
Cc1cncc2ccc(NC(=O)[C@@H]3CC3c3ccc(S(=O)(=O)Nc4cccnc4)cc3)cc12,CHEMBL5954872,7.01,7.01,False,Other,6.92,6.92,0.08999999999999986,8.94,8.94,-1.9299999999999997,7.72,7.72,-0.71,3,-1.9299999999999997,False
Cc1cncc2ccc(NC(=O)[C@@H]3CC3c3ccc(S(=O)(=O)Nc4cccnn4)cc3)cc12,CHEMBL5834676,7.545,7.545,False,Other,7.8,7.8,-0.2549999999999999,9.4,9.4,-1.8550000000000004,7.77,7.77,-0.22499999999999964,3,-1.8550000000000004,False
Cc1cncc2ccc(NC(=O)[C@@H]3CC3c3ccc(S(=O)(=O)Nc4cnccn4)cc3)cc12,CHEMBL5899583,7.47,7.47,False,Other,7.82,7.82,-0.35000000000000053,8.52,8.52,-1.0499999999999998,7.85,7.85,-0.3799999999999999,3,-1.0499999999999998,False
Cc1cncc2ccc(NC(=O)[C@@H]3CC3c3ccc(S(=O)(=O)Nc4ncccn4)cc3)cc12,CHEMBL5925417,8.55,8.55,False,Other,7.96,7.96,0.5900000000000007,8.7,8.7,-0.14999999999999858,8.13,8.13,0.41999999999999993,3,-0.14999999999999858,False
Cc1cncc2ccc(NC(=O)[C@@H]3C[C@H]3c3ccc(S(=O)(=O)NC4CCCNC4)cc3)cc12,CHEMBL6026293,6.8,6.8,False,Other,6.92,6.92,-0.1200000000000001,7.68,7.68,-0.8799999999999999,6.75,6.75,0.04999999999999982,3,-0.8799999999999999,False
Cc1cncc2ccc(NC(=O)[C@@H]3C[C@H]3c3ccc(S(=O)(=O)NC4CCNC4)cc3)cc12,CHEMBL5770511,6.7,6.7,False,Other,6.99,6.99,-0.29000000000000004,7.77,7.77,-1.0699999999999994,6.76,6.76,-0.05999999999999961,3,-1.0699999999999994,False
Cc1cncc2ccc(NC(=O)[C@@H]3C[C@H]3c3ccc(S(=O)(=O)Nc4ccccn4)cc3)cc12,CHEMBL5952462,8.3,8.3,False,Other,,,,9.02,9.02,-0.7199999999999989,8.72,8.72,-0.41999999999999993,2,-0.7199999999999989,False
Cc1cncc2ccc(NC(=O)[C@@H]3C[C@H]3c3ccc(S(=O)(=O)Nc4cncc(C5=CCNCC5)n4)cc3)cc12,CHEMBL6030231,6.84,6.84,False,Other,7.17,7.17,-0.33000000000000007,7.97,7.97,-1.13,6.87,6.87,-0.03000000000000025,3,-1.13,False
Cc1cncc2ccc(NC(=O)[C@@H]3C[C@H]3c3ccc(S(=O)(=O)Nc4cncc(C5CCNCC5)n4)cc3)cc12,CHEMBL5940187,6.54,6.54,False,Other,6.96,6.96,-0.41999999999999993,8.15,8.15,-1.6100000000000003,7.01,7.01,-0.46999999999999975,3,-1.6100000000000003,False
Cc1cncc2ccc(NC(=O)[C@@H]3C[C@H]3c3ccc(S(=O)(=O)Nc4ncc(C5CCNCC5)cn4)cc3)cc12,CHEMBL5891124,6.64,6.64,False,Other,7.02,7.02,-0.3799999999999999,7.72,7.72,-1.08,6.83,6.83,-0.1900000000000004,3,-1.08,False
Cc1cncc2ccc(NC(=O)[C@@H]3C[C@H]3c3ccc(S(=O)(=O)Nc4nccs4)cc3)cc12,CHEMBL5824125,8.31,8.31,False,Other,,,,9.46,9.46,-1.1500000000000004,8.62,8.62,-0.3099999999999987,2,-1.1500000000000004,False
Cc1cnccc1-c1cc2c(N[C@@H]3CC[C@](C)(N)C3(C)C)c(C(N)=O)cnn2c1,CHEMBL4084341,7.54,7.54,False,Other,8.62,8.62,-1.0799999999999992,7.72,7.72,-0.17999999999999972,8.4,8.4,-0.8600000000000003,3,-1.0799999999999992,False
Cc1cnn(-c2ccc(Nc3cc(NC(=O)C4CC4)nc4[nH]c(C(F)F)nc34)c(N(C)S(C)(=O)=O)c2)c1,CHEMBL5933667,9.52,,True,JH2,,,,,,,,,,0,,True
Cc1cnn(-c2ccc(Nc3cc(NC(=O)C4CC4)nc4[nH]c(C)nc34)c(N(C)S(C)(=O)=O)c2)c1,CHEMBL6000010,9.12,,True,JH2,,,,,,,,,,0,,True
Cc1cnn(CC2CCC(N3C=CC(=O)C4C=Nc5[nH]ccc5C43)CC2)c1,CHEMBL5984706,7.41,7.41,False,Other,9.39,9.39,-1.9800000000000004,8.72,8.72,-1.3100000000000005,8.15,8.15,-0.7400000000000002,3,-1.9800000000000004,False
Cc1cnn2cc(-c3cnn(C)c3)nc(-c3cnn([C@]4(CC#N)C[C@@H](C#N)C4)c3)c12,CHEMBL5815455,7.64,7.64,False,Other,6.5,6.5,1.1399999999999997,7.0,7.0,0.6399999999999997,,,,2,0.6399999999999997,False
Cc1csc(-c2ccc(Nc3cc(NC(=O)C4CC4)nc4[nH]c(C(F)F)nc34)c(S(C)(=O)=O)c2)n1,CHEMBL5837540,9.52,,True,JH2,,,,,,,,,,0,,True
Cc1csc(-c2ccc(Nc3cc(NC(=O)C4CC4)nc4[nH]c(C)nc34)c(S(C)(=O)=O)c2)n1,CHEMBL5883230,9.52,,True,JH2,,,,,,,,,,0,,True
Cc1csc(-c2ccc(Nc3cc(Nc4cc5n(n4)CCOC5)nc4[nH]c(C(F)F)nc34)c(S(C)(=O)=O)c2)n1,CHEMBL5981338,9.52,,True,JH2,,,,,,,,,,0,,True
Cc1csc(-c2ccc(Nc3cc(Nc4cc5n(n4)CCOC5)nc4[nH]c(C)nc34)c(S(C)(=O)=O)c2)n1,CHEMBL5774145,9.52,,True,JH2,,,,,,,,,,0,,True
Cc1csc(-c2ccc(Nc3cc(Nc4cccc(C#N)n4)nc4[nH]c(C)nc34)c(S(C)(=O)=O)c2)n1,CHEMBL5891341,9.52,,True,JH2,,,,,,,,,,0,,True
Cc1csc(-c2ccc(Nc3cc(Nc4cnc(C)c(C)n4)nc4[nH]c(C(F)F)nc34)c(S(C)(=O)=O)c2)n1,CHEMBL5844988,8.26,,True,JH2,,,,,,,,,,0,,True
Cc1csc(-c2ccc(Nc3cc(Nc4cnc(C)c(C)n4)nc4[nH]c(C)nc34)c(S(C)(=O)=O)c2)n1,CHEMBL5765257,9.12,,True,JH2,,,,,,,,,,0,,True
Cc1n[nH]c(C)c1CCOc1ccc(-c2cccc3nc(NC(=O)C4CC4)nn23)cc1,CHEMBL6060702,6.12,6.12,False,JH1,,,,,,,6.26,6.26,-0.13999999999999968,1,-0.13999999999999968,False
Cc1n[nH]c2ncc(C#N)c(-c3ccccc3)c12,CHEMBL1965495,5.9,5.9,False,Other,,,,,,,5.8,5.8,0.10000000000000053,1,0.10000000000000053,False
Cc1n[nH]cc1-c1cc2ncccc2c(-c2ccn(C3(CC#N)CC(C#N)C3)n2)n1,CHEMBL6035881,7.275,7.275,False,Other,6.225,6.225,1.0500000000000007,6.505000000000001,6.505000000000001,0.7699999999999996,,,,2,0.7699999999999996,False
Cc1n[nH]cc1-c1cc2ncccc2c(-c2ccn(C3(CC#N)CN(S(C)(=O)=O)C3)n2)n1,CHEMBL5765654,7.22,7.22,False,Other,5.79,5.79,1.4299999999999997,6.06,6.06,1.1600000000000001,,,,2,1.1600000000000001,False
Cc1nc(-c2cc(-c3cnn(C4(CC#N)CC(C#N)C4)n3)c3cccnc3c2)c[nH]1,CHEMBL6064161,7.79,7.79,False,Other,6.015000000000001,6.015000000000001,1.7749999999999995,7.055,7.055,0.7350000000000003,5.45,5.45,2.34,3,0.7350000000000003,False
Cc1nc(-c2cc(-c3cnn(C4(CC#N)CC(C#N)C4)n3)c3cccnc3c2)ccc1CCO,CHEMBL5880395,7.1850000000000005,7.1850000000000005,False,Other,5.800000000000001,5.800000000000001,1.3849999999999998,6.65,6.65,0.5350000000000001,5.02,5.02,2.165000000000001,3,0.5350000000000001,False
Cc1nc(-c2cc(-c3cnn(C4(CC#N)CC(C#N)C4)n3)c3cccnc3c2)ccc1O,CHEMBL5807224,7.185,7.185,False,Other,5.94,5.94,1.2449999999999992,6.425000000000001,6.425000000000001,0.7599999999999989,,,,2,0.7599999999999989,False
Cc1nc(-c2cc3ncccc3c(-c3ccn(C4(CC#N)CN(CC(F)(F)F)C4)n3)n2)c[nH]1,CHEMBL5805758,6.54,6.54,False,Other,5.01,5.01,1.5300000000000002,5.47,5.47,1.0700000000000003,,,,2,1.0700000000000003,False
Cc1nc(-c2cc3ncccc3c(-c3ccn(C4(CC#N)CN(CC(F)(F)F)C4)n3)n2)cn1C,CHEMBL5948893,6.51,6.51,False,Other,,,,5.78,5.78,0.7299999999999995,,,,1,0.7299999999999995,False
Cc1nc(-c2ccc(Nc3cc(NC(=O)C4CC4)nc4[nH]c(C(F)F)nc34)c(N(C)S(C)(=O)=O)c2)n(C)n1,CHEMBL5823993,9.52,,True,JH2,,,,,,,,,,0,,True
Cc1nc(-c2ccc(Nc3cc(NC(=O)C4CC4)nc4[nH]c(C(F)F)nc34)c(S(C)(=O)=O)c2)c(C)s1,CHEMBL5746759,9.52,,True,JH2,,,,,,,,,,0,,True
Cc1nc(-c2ccc(Nc3cc(NC(=O)C4CC4)nc4[nH]c(C(F)F)nc34)c(S(C)(=O)=O)c2)cs1,CHEMBL6028065,9.52,,True,JH2,,,,,,,,,,0,,True
Cc1nc(-c2ccc(Nc3cc(NC(=O)C4CC4)nc4[nH]c(C(F)F)nc34)c(S(C)(=O)=O)c2)sc1C,CHEMBL5873186,8.26,,True,JH2,,,,,,,,,,0,,True
Cc1nc(-c2ccc(Nc3cc(Nc4cc5n(n4)CCOC5)nc4[nH]c(C(F)F)nc34)c(S(C)(=O)=O)c2)sc1C,CHEMBL6026850,9.52,,True,JH2,,,,,,,,,,0,,True
Cc1nc(-c2ccc(Nc3cc(Nc4cccc(C#N)n4)nc4[nH]c(C(F)F)nc34)c(S(C)(=O)=O)c2)sc1C,CHEMBL5755950,8.26,,True,JH2,,,,,,,,,,0,,True
Cc1nc(-c2ccc(Nc3cc(Nc4cnc(C)c(C)n4)nc4[nH]c(C(F)F)nc34)c(N(C)S(C)(=O)=O)c2)n(C)n1,CHEMBL5975070,9.52,,True,JH2,,,,,,,,,,0,,True
Cc1nc(-c2ccc(Nc3cc(Nc4cnc(C)c(C)n4)nc4[nH]c(C(F)F)nc34)c(S(C)(=O)=O)c2)c(C)s1,CHEMBL6062794,9.52,,True,JH2,,,,,,,,,,0,,True
Cc1nc(-c2ccccc2C)c(NC(=O)c2cnn3ccc(N)nc23)s1,CHEMBL3670391,7.36,7.36,False,Other,7.82,7.82,-0.45999999999999996,8.74,8.74,-1.38,7.91,7.91,-0.5499999999999998,3,-1.38,False
Cc1nc(C)c(-c2nc3cnc4[nH]ccc4c3n2[C@H]2CC[C@H](CC#N)CC2)o1,CHEMBL5782581,6.93,6.93,False,JH2,8.37,8.37,-1.4399999999999995,7.28,7.28,-0.35000000000000053,6.19,6.19,0.7399999999999993,3,-1.4399999999999995,True
Cc1nc(C)c(-c2nc3cnc4[nH]ccc4c3n2[C@H]2CC[C@H](CC#N)CC2)s1,CHEMBL5867882,6.5,6.5,False,JH2,7.59,7.59,-1.0899999999999999,6.64,6.64,-0.13999999999999968,5.91,5.91,0.5899999999999999,3,-1.0899999999999999,True
Cc1nc(C2CCCCC2)c2c3cc[nH]c3ncn12,CHEMBL3963532,5.8100000000000005,5.8100000000000005,False,Other,6.529999999999999,6.529999999999999,-0.7199999999999989,6.085,6.085,-0.27499999999999947,5.775,5.775,0.03500000000000014,3,-0.7199999999999989,False
Cc1nc(N)sc1-c1ccnc(Nc2ccc(N3CCOCC3)cc2)n1,CHEMBL482967,6.545,6.545,False,Other,5.27,5.27,1.2750000000000004,7.2,7.2,-0.6550000000000002,6.2,6.2,0.34499999999999975,3,-0.6550000000000002,False
Cc1nc(Nc2ncc(C(=O)Nc3c(C)cccc3Cl)s2)cc(N2CCN(CCO)CC2)n1,CHEMBL5416410,5.85,5.85,False,Other,,,,5.95,5.95,-0.10000000000000053,6.19,6.19,-0.34000000000000075,2,-0.34000000000000075,False
Cc1nc(Nc2nccc3nc(-c4c(Cl)cccc4Cl)[nH]c23)cc(N(C)C)n1,CHEMBL4065419,8.49,8.49,False,Other,,,,7.37,7.37,1.12,,,,1,1.12,False
Cc1nc2c(Nc3ccc(-c4c(C)nn(C)c4C)cc3S(C)(=O)=O)cc(NC(=O)C3CC3)nc2[nH]1,CHEMBL5891947,9.52,,True,JH2,,,,,,,,,,0,,True
Cc1nc2c(Nc3ccc(-c4c(C)nn(C)c4C)cc3S(C)(=O)=O)cc(Nc3cccc(C#N)n3)nc2[nH]1,CHEMBL5807678,9.52,,True,JH2,,,,,,,,,,0,,True
Cc1nc2c(Nc3ccc(-c4c(C)nn(C)c4C)cc3S(C)(=O)=O)cc(Nc3cnc(C)c(C)n3)nc2[nH]1,CHEMBL5854519,9.52,,True,JH2,,,,,,,,,,0,,True
Cc1nc2c(Nc3ccc(-c4cc(C)c(C)o4)cc3S(C)(=O)=O)cc(NC(=O)C3CC3)nc2[nH]1,CHEMBL5945372,9.52,,True,JH2,,,,,,,,,,0,,True
Cc1nc2c(Nc3ccc(-c4cc(C)n(C)n4)cc3S(C)(=O)=O)cc(Nc3cccc(C#N)n3)nc2[nH]1,CHEMBL5972310,9.52,,True,JH2,,,,,,,,,,0,,True
Cc1nc2c(Nc3ccc(-c4cc(C)n(C)n4)cc3S(C)(=O)=O)cc(Nc3cccc(C(F)(F)F)n3)nc2[nH]1,CHEMBL5845693,9.12,,True,JH2,,,,,,,,,,0,,True
Cc1nc2c(Nc3ccc(-c4ccc(C)o4)cc3S(C)(=O)=O)cc(NC(=O)C3CC3)nc2[nH]1,CHEMBL5857935,9.52,,True,JH2,,,,,,,,,,0,,True
Cc1nc2c(Nc3ccc(-c4ccn(C)n4)cc3N(C)S(C)(=O)=O)cc(NC(=O)C3CC3)nc2[nH]1,CHEMBL6007320,9.52,,True,JH2,,,,,,,,,,0,,True
Cc1nc2c(Nc3ccc(-c4ccn(C)n4)cc3P(C)(C)=O)cc(NC(=O)C3CC3)nc2[nH]1,CHEMBL5810733,9.52,,True,JH2,,,,,,,,,,0,,True
Cc1nc2c(Nc3ccc(-c4ccn(C)n4)cc3S(C)(=O)=O)cc(NC(=O)C3CC3(F)F)nc2[nH]1,CHEMBL5923428,9.12,,True,JH2,,,,,,,,,,0,,True
Cc1nc2c(Nc3ccc(-c4ccn(C)n4)cc3S(C)(=O)=O)cc(NC(=O)[C@@H]3CC3(F)F)nc2[nH]1,CHEMBL5873191,9.52,,True,JH2,,,,,,,,,,0,,True
Cc1nc2c(Nc3ccc(-c4ccn(C)n4)cc3S(C)(=O)=O)cc(NC(=O)[C@@H]3C[C@@H]3F)nc2[nH]1,CHEMBL6062079,9.52,,True,JH2,,,,,,,,,,0,,True
Cc1nc2c(Nc3ccc(-c4ccn(C)n4)cc3S(C)(=O)=O)cc(NC(=O)[C@H]3CC3(F)F)nc2[nH]1,CHEMBL5963846,8.26,,True,JH2,,,,,,,,,,0,,True
Cc1nc2c(Nc3ccc(-c4ccn(C)n4)cc3S(C)(=O)=O)cc(NC(=O)[C@H]3C[C@H]3F)nc2[nH]1,CHEMBL5870890,9.52,,True,JH2,,,,,,,,,,0,,True
Cc1nc2c(Nc3ccc(-c4cn(C)cn4)cc3N(C)S(C)(=O)=O)cc(NC(=O)C3CC3)nc2[nH]1,CHEMBL5971150,9.52,,True,JH2,,,,,,,,,,0,,True
Cc1nc2c(Nc3ccc(-c4cn(C)cn4)cc3S(C)(=O)=O)cc(NC(=O)C3CC3(F)F)nc2[nH]1,CHEMBL5969009,9.12,,True,JH2,,,,,,,,,,0,,True
Cc1nc2c(Nc3ccc(-c4cn(C)cn4)cc3S(C)(=O)=O)cc(NC(=O)[C@@H]3CC3(F)F)nc2[nH]1,CHEMBL5857618,8.26,,True,JH2,,,,,,,,,,0,,True
Cc1nc2c(Nc3ccc(-c4cn(C)cn4)cc3S(C)(=O)=O)cc(NC(=O)[C@H]3CC3(F)F)nc2[nH]1,CHEMBL6005338,9.52,,True,JH2,,,,,,,,,,0,,True
Cc1nc2c(Nc3ccc(-c4cn(C)cn4)cc3S(C)(=O)=O)cc(NC(=O)[C@H]3C[C@H]3F)nc2[nH]1,CHEMBL5804918,9.52,,True,JH2,,,,,,,,,,0,,True
Cc1nc2c(Nc3ccc(-c4cncn4C)cc3N(C)S(C)(=O)=O)cc(NC(=O)C3CC3(F)F)nc2[nH]1,CHEMBL5887281,9.12,,True,JH2,,,,,,,,,,0,,True
Cc1nc2c(Nc3ccc(-c4cncn4C)cc3N(C)S(C)(=O)=O)cc(NC(=O)C3CC3)nc2[nH]1,CHEMBL5998725,9.52,,True,JH2,,,,,,,,,,0,,True
Cc1nc2c(Nc3ccc(-c4cncn4C)cc3N(C)S(C)(=O)=O)cc(NC(=O)[C@@H]3CC3(F)F)nc2[nH]1,CHEMBL5927528,9.52,,True,JH2,,,,,,,,,,0,,True
Cc1nc2c(Nc3ccc(-c4cncn4C)cc3N(C)S(C)(=O)=O)cc(NC(=O)[C@@H]3C[C@@H]3F)nc2[nH]1,CHEMBL6052586,8.26,,True,JH2,,,,,,,,,,0,,True
Cc1nc2c(Nc3ccc(-c4cncn4C)cc3N(C)S(C)(=O)=O)cc(NC(=O)[C@H]3CC3(F)F)nc2[nH]1,CHEMBL5755109,8.26,,True,JH2,,,,,,,,,,0,,True
Cc1nc2c(Nc3ccc(-c4cncn4C)cc3S(C)(=O)=O)cc(NC(=O)C3CC3(F)F)nc2[nH]1,CHEMBL5867456,9.52,,True,JH2,,,,,,,,,,0,,True
Cc1nc2c(Nc3ccc(-c4cncn4C)cc3S(C)(=O)=O)cc(NC(=O)[C@H]3C[C@H]3F)nc2[nH]1,CHEMBL5940137,9.52,,True,JH2,,,,,,,,,,0,,True
Cc1nc2c(Nc3ccc(-c4cnn(C)c4)cc3N(C)S(C)(=O)=O)cc(NC(=O)C3C[C@@H]3F)nc2[nH]1,CHEMBL5951213,9.12,,True,JH2,,,,,,,,,,0,,True
Cc1nc2c(Nc3ccc(-c4cnn(C)c4)cc3N(C)S(C)(=O)=O)cc(NC(=O)[C@@H]3CC3(F)F)nc2[nH]1,CHEMBL5797791,9.52,,True,JH2,,,,,,,,,,0,,True
Cc1nc2c(Nc3ccc(-c4cnn(C)c4)cc3N(C)S(C)(=O)=O)cc(NC(=O)[C@@H]3C[C@@H]3F)nc2[nH]1,CHEMBL5856163,9.52,,True,JH2,,,,,,,,,,0,,True
Cc1nc2c(Nc3ccc(-c4cnn(C)c4)cc3N(C)S(C)(=O)=O)cc(NC(=O)[C@H]3CC3(F)F)nc2[nH]1,CHEMBL5887017,8.26,,True,JH2,,,,,,,,,,0,,True
Cc1nc2c(Nc3ccc(-c4cnn(C)c4)cc3N(C)S(C)(=O)=O)cc(NC(=O)[C@H]3C[C@H]3F)nc2[nH]1,CHEMBL6051384,9.52,,True,JH2,,,,,,,,,,0,,True
Cc1nc2c(Nc3ccc(-c4cnn(C)c4C)cc3S(C)(=O)=O)cc(NC(=O)C3CC3)nc2[nH]1,CHEMBL6056705,8.26,,True,JH2,,,,,,,,,,0,,True
Cc1nc2c(Nc3ccc(-c4cnn(C)c4C)cc3S(C)(=O)=O)cc(Nc3ccc(C(C)C)c(C#N)n3)nc2[nH]1,CHEMBL5923887,9.52,,True,JH2,,,,,,,,,,0,,True
Cc1nc2c(Nc3ccc(-c4cnn(C)c4C)cc3S(C)(=O)=O)cc(Nc3cccc(C(F)(F)F)n3)nc2[nH]1,CHEMBL5909991,9.52,,True,JH2,,,,,,,,,,0,,True
Cc1nc2c(Nc3ccc(-c4nc(C)c(C)s4)cc3S(C)(=O)=O)cc(NC(=O)C3CC3)nc2[nH]1,CHEMBL5895574,9.52,,True,JH2,,,,,,,,,,0,,True
Cc1nc2c(Nc3ccc(-c4nc(C)c(C)s4)cc3S(C)(=O)=O)cc(Nc3cccc(C#N)n3)nc2[nH]1,CHEMBL5925436,9.12,,True,JH2,,,,,,,,,,0,,True
Cc1nc2c(Nc3ccc(-c4nc(C)c(C)s4)cc3S(C)(=O)=O)cc(Nc3cnc(C)c(C)n3)nc2[nH]1,CHEMBL5753822,9.12,,True,JH2,,,,,,,,,,0,,True
Cc1nc2c(Nc3ccc(-c4nc(C)sc4C)cc3S(C)(=O)=O)cc(Nc3cnc(C)c(C)n3)nc2[nH]1,CHEMBL6012860,9.52,,True,JH2,,,,,,,,,,0,,True
Cc1nc2c(Nc3ccc(-c4ncc(C)n4C)cc3N(C)S(C)(=O)=O)cc(NC(=O)C3CC3)nc2[nH]1,CHEMBL5840345,9.52,,True,JH2,,,,,,,,,,0,,True
Cc1nc2c(Nc3ccc(-c4ncc(C)n4C)cc3S(C)(=O)=O)cc(NC(=O)C3CC3)nc2[nH]1,CHEMBL5762412,9.52,,True,JH2,,,,,,,,,,0,,True
Cc1nc2c(Nc3ccc(-c4ncc(C)n4C)cc3S(C)(=O)=O)cc(Nc3cccc(C#N)n3)nc2[nH]1,CHEMBL5964448,9.52,,True,JH2,,,,,,,,,,0,,True
Cc1nc2c(Nc3ccc(-c4ncc(C)s4)cc3S(C)(=O)=O)cc(NC(=O)C3CC3)nc2[nH]1,CHEMBL5905251,9.52,,True,JH2,,,,,,,,,,0,,True
Cc1nc2c(Nc3ccc(-c4ncc(C)s4)cc3S(C)(=O)=O)cc(Nc3cc4n(n3)CCOC4)nc2[nH]1,CHEMBL5882236,9.52,,True,JH2,,,,,,,,,,0,,True
Cc1nc2c(Nc3ccc(-c4ncc(C)s4)cc3S(C)(=O)=O)cc(Nc3cccc(C#N)n3)nc2[nH]1,CHEMBL5855299,9.52,,True,JH2,,,,,,,,,,0,,True
Cc1nc2c(Nc3ccc(-c4nn(C)cc4C)cc3S(C)(=O)=O)cc(NC(=O)C3CC3(C)C)nc2[nH]1,CHEMBL5975640,8.26,,True,JH2,,,,,,,,,,0,,True
Cc1nc2c(Nc3ccc(-c4nn(C)cc4C)cc3S(C)(=O)=O)cc(NC(=O)[C@@H]3CC3(C)C)nc2[nH]1,CHEMBL5954486,8.26,,True,JH2,,,,,,,,,,0,,True
Cc1nc2c(Nc3ccc(-c4nn(C)cc4C)cc3S(C)(=O)=O)cc(NC(=O)[C@@H]3C[C@@H]3F)nc2[nH]1,CHEMBL5882271,9.52,,True,JH2,,,,,,,,,,0,,True
Cc1nc2c(Nc3ccc(-c4nn(C)cc4C)cc3S(C)(=O)=O)cc(NC(=O)[C@H]3CC3(C)C)nc2[nH]1,CHEMBL5899467,8.26,,True,JH2,,,,,,,,,,0,,True
Cc1nc2c(Nc3ccc(-c4nn(C)cc4C)cc3S(C)(=O)=O)cc(Nc3cnc(C)c(C)n3)nc2[nH]1,CHEMBL5982925,9.52,,True,JH2,,,,,,,,,,0,,True
Cc1nc2c(Nc3ccc(-c4oc(C)cc4C)cc3S(C)(=O)=O)cc(NC(=O)C3CC3)nc2[nH]1,CHEMBL6029786,8.26,,True,JH2,,,,,,,,,,0,,True
Cc1nc2c(Nc3ccc(C(F)(F)F)cc3S(C)(=O)=O)cc(NC(=O)C3CC3)nc2[nH]1,CHEMBL5853995,8.26,,True,JH2,,,,,,,,,,0,,True
Cc1nc2c(Nc3ccc(C(F)F)cc3N(C)S(C)(=O)=O)cc(Nc3cccc(C#N)n3)nc2[nH]1,CHEMBL5961140,9.52,,True,JH2,,,,,,,,,,0,,True
Cc1nc2c(Nc3ccc(C4=NC(C)(C)CO4)cc3S(C)(=O)=O)cc(NC(=O)[C@@H]3C[C@@H]3F)nc2[nH]1,CHEMBL5753409,8.26,,True,JH2,,,,,,,,,,0,,True
Cc1nc2c(Nc3ccc(C4=NC(C)(C)CO4)cc3S(C)(=O)=O)cc(NC(=O)[C@H]3C[C@H]3F)nc2[nH]1,CHEMBL5755258,8.26,,True,JH2,,,,,,,,,,0,,True
Cc1nc2c(Nc3ccc(C4=NC(C)(C)CS4)cc3S(C)(=O)=O)cc(NC(=O)C3CC3)nc2[nH]1,CHEMBL5779123,9.12,,True,JH2,,,,,,,,,,0,,True
Cc1nc2c(Nc3ccc(C4=NC(C)(C)CS4)cc3S(C)(=O)=O)cc(NC(=O)[C@H]3CC3(F)F)nc2[nH]1,CHEMBL5945922,8.26,,True,JH2,,,,,,,,,,0,,True
Cc1nc2c(Nc3ccc(C4=NC(C)(C)CS4)cc3S(C)(=O)=O)cc(Nc3cnc(C)c(C)n3)nc2[nH]1,CHEMBL5807320,8.26,,True,JH2,,,,,,,,,,0,,True
Cc1nc2c(Nc3ccc(C4=NCC(C)(C)O4)cc3S(C)(=O)=O)cc(NC(=O)C3CC3)nc2[nH]1,CHEMBL5917101,9.12,,True,JH2,,,,,,,,,,0,,True
Cc1nc2c(Nc3ccc(C4CC(C)(C)OC(C)(C)C4)cc3S(C)(=O)=O)cc(NC(=O)C3CC3)nc2[nH]1,CHEMBL5933751,8.26,,True,JH2,,,,,,,,,,0,,True
Cc1nc2c(Nc3ccc(C4CC4)cc3N(C)S(C)(=O)=O)cc(NC(=O)C3CC3)nc2[nH]1,CHEMBL5857372,9.52,,True,JH2,,,,,,,,,,0,,True
Cc1nc2c(Nc3ccc(C4CC4)cc3P(C)(C)=O)cc(NC(=O)C3CC3)nc2[nH]1,CHEMBL5946943,9.52,,True,JH2,,,,,,,,,,0,,True
Cc1nc2c(Nc3ccc(C4CC4)cc3S(C)(=O)=O)cc(NC(=O)C3CC3)nc2[nH]1,CHEMBL5847059,9.52,,True,JH2,,,,,,,,,,0,,True
Cc1nc2c(Nc3ccc(C4CC4)cc3S(C)(=O)=O)cc(Nc3cc4n(n3)CCCCC4)nc2[nH]1,CHEMBL5745172,9.52,,True,JH2,,,,,,,,,,0,,True
Cc1nc2c(Nc3ccc(C4CC4)cc3S(C)(=O)=O)cc(Nc3cccc(C(F)(F)F)n3)nc2[nH]1,CHEMBL5919766,9.12,,True,JH2,,,,,,,,,,0,,True
Cc1nc2c(Nc3ccc(C4CC4)cc3S(C)(=O)=O)cc(Nc3cnc(C)c(C)n3)nc2[nH]1,CHEMBL5747810,9.52,,True,JH2,,,,,,,,,,0,,True
Cc1nc2c(Nc3ccc(C4CCC(C)(C)CO4)cc3S(C)(=O)=O)cc(Nc3cnc(C)c(C)n3)nc2[nH]1,CHEMBL5802131,9.12,,True,JH2,,,,,,,,,,0,,True
Cc1nc2c(Nc3ccc(C4CCC(C)(C)O4)cc3S(C)(=O)=O)cc(NC(=O)C3CC3)nc2[nH]1,CHEMBL5806298,9.52,,True,JH2,,,,,,,,,,0,,True
Cc1nc2c(Nc3ccc(C4CCC(F)(F)CO4)cc3S(C)(=O)=O)cc(NC(=O)C3CC3)nc2[nH]1,CHEMBL5900362,9.52,,True,JH2,,,,,,,,,,0,,True
Cc1nc2c(Nc3ccc(C4CCC4)cc3P(C)(C)=O)cc(NC(=O)C3CC3)nc2[nH]1,CHEMBL5741048,9.52,,True,JH2,,,,,,,,,,0,,True
Cc1nc2c(Nc3ccc(C4CCC4)cc3S(C)(=O)=O)cc(NC(=O)C3CC3(F)F)nc2[nH]1,CHEMBL5782561,8.26,,True,JH2,,,,,,,,,,0,,True
Cc1nc2c(Nc3ccc(C4CCC4)cc3S(C)(=O)=O)cc(NC(=O)C3CC3)nc2[nH]1,CHEMBL6047838,9.12,,True,JH2,,,,,,,,,,0,,True
Cc1nc2c(Nc3ccc(C4CCC4)cc3S(C)(=O)=O)cc(NC(=O)[C@@H]3CC3(F)F)nc2[nH]1,CHEMBL6060666,8.26,,True,JH2,,,,,,,,,,0,,True
Cc1nc2c(Nc3ccc(C4CCC4)cc3S(C)(=O)=O)cc(NC(=O)[C@@H]3C[C@@H]3F)nc2[nH]1,CHEMBL6023302,9.52,,True,JH2,,,,,,,,,,0,,True
Cc1nc2c(Nc3ccc(C4CCC4)cc3S(C)(=O)=O)cc(NC(=O)[C@H]3C[C@H]3F)nc2[nH]1,CHEMBL5933974,9.12,,True,JH2,,,,,,,,,,0,,True
Cc1nc2c(Nc3ccc(C4CCCCO4)cc3N(C)S(C)(=O)=O)cc(NC(=O)C3CC3)nc2[nH]1,CHEMBL5835679,9.52,,True,JH2,,,,,,,,,,0,,True
Cc1nc2c(Nc3ccc(C4CCCO4)cc3S(C)(=O)=O)cc(Nc3ccc(C(C)C)c(C#N)n3)nc2[nH]1,CHEMBL5950555,9.52,,True,JH2,,,,,,,,,,0,,True
Cc1nc2c(Nc3ccc(C4CCCO4)cc3S(C)(=O)=O)cc(Nc3cccc(C#N)n3)nc2[nH]1,CHEMBL5993543,9.52,,True,JH2,,,,,,,,,,0,,True
Cc1nc2c(Nc3ccc(C4CCCOC4)cc3S(C)(=O)=O)cc(NC(=O)C3CC3)nc2[nH]1,CHEMBL5893620,9.52,,True,JH2,,,,,,,,,,0,,True
Cc1nc2c(Nc3ccc(C4CCOC4)cc3S(C)(=O)=O)cc(NC(=O)C3CC3)nc2[nH]1,CHEMBL5924607,9.52,,True,JH2,,,,,,,,,,0,,True
Cc1nc2c(Nc3ccc(C4CCOCC4)cc3N(C)S(C)(=O)=O)cc(NC(=O)C3CC3)nc2[nH]1,CHEMBL5946228,9.12,,True,JH2,,,,,,,,,,0,,True
Cc1nc2c(Nc3ccc(C4CCOCC4)cc3P(C)(C)=O)cc(NC(=O)C3CC3)nc2[nH]1,CHEMBL5968618,9.12,,True,JH2,,,,,,,,,,0,,True
Cc1nc2c(Nc3ccc(C4CCOCC4)cc3S(C)(=O)=O)cc(NC(=O)C3CC3)nc2[nH]1,CHEMBL5774805,9.52,,True,JH2,,,,,,,,,,0,,True
Cc1nc2c(Nc3ccc(C4COCCO4)cc3S(C)(=O)=O)cc(NC(=O)C3CC3)nc2[nH]1,CHEMBL5894120,9.52,,True,JH2,,,,,,,,,,0,,True
Cc1nc2c(Nc3ccc(Cl)cc3N(C)S(C)(=O)=O)cc(Nc3cccc(C#N)n3)nc2[nH]1,CHEMBL5829951,9.52,,True,JH2,,,,,,,,,,0,,True
Cc1nc2c(Nc3ccc(Cl)cc3N(C)S(C)(=O)=O)cc(Nc3cnc(C)c(C)n3)nc2[nH]1,CHEMBL5863101,9.12,,True,JH2,,,,,,,,,,0,,True
Cc1nc2c(Nc3ccc(Cl)cc3S(C)(=O)=O)cc(NC(=O)C3CC3)nc2[nH]1,CHEMBL5891178,9.52,,True,JH2,,,,,,,,,,0,,True
Cc1nc2c(Nc3ccc(Cl)cc3S(C)(=O)=O)cc(NC(=O)[C@H]3C[C@H]3F)nc2[nH]1,CHEMBL5822757,8.26,,True,JH2,,,,,,,,,,0,,True
Cc1nc2c(Nc3ccc(Cl)cc3S(C)(=O)=O)cc(Nc3cccc(C#N)n3)nc2[nH]1,CHEMBL5788023,9.52,,True,JH2,,,,,,,,,,0,,True
Cc1nc2c(Nc3ccc(F)cc3S(C)(=O)=O)cc(NC(=O)C3CC3)nc2[nH]1,CHEMBL5997826,9.52,,True,JH2,,,,,,,,,,0,,True
Cc1nc2c(Nc3ccc(F)cc3S(C)(=O)=O)cc(Nc3ccc4c(n3)CCOC4)nc2[nH]1,CHEMBL5984329,9.52,,True,JH2,,,,,,,,,,0,,True
Cc1nc2c(Nc3ccc(F)cc3S(C)(=O)=O)cc(Nc3cccc(C#N)n3)nc2[nH]1,CHEMBL5931484,9.52,,True,JH2,,,,,,,,,,0,,True
Cc1nc2c(Nc3ccc(N4CCC4)cc3N(C)S(C)(=O)=O)cc(NC(=O)C3CC3)nc2[nH]1,CHEMBL5805670,8.26,,True,JH2,,,,,,,,,,0,,True
Cc1nc2c(Nc3ccc([C@@H]4CCC(C)(C)CO4)cc3S(C)(=O)=O)cc(Nc3cnc(C)c(C)n3)nc2[nH]1,CHEMBL6049768,8.26,,True,JH2,,,,,,,,,,0,,True
Cc1nc2c(Nc3ccc([C@@H]4CCC(C)(C)O4)cc3S(C)(=O)=O)cc(NC(=O)C3CC3)nc2[nH]1,CHEMBL5784859,9.12,,True,JH2,,,,,,,,,,0,,True
Cc1nc2c(Nc3ccc([C@@H]4CCC(F)(F)CO4)cc3S(C)(=O)=O)cc(NC(=O)C3CC3)nc2[nH]1,CHEMBL5851096,9.52,,True,JH2,,,,,,,,,,0,,True
Cc1nc2c(Nc3ccc([C@@H]4CCCCO4)cc3S(C)(=O)=O)cc(NC(=O)[C@@H]3CC3(F)F)nc2[nH]1,CHEMBL6028287,8.26,,True,JH2,,,,,,,,,,0,,True
Cc1nc2c(Nc3ccc([C@@H]4CCCCO4)cc3S(C)(=O)=O)cc(NC(=O)[C@H]3CC3(F)F)nc2[nH]1,CHEMBL6024148,9.52,,True,JH2,,,,,,,,,,0,,True
Cc1nc2c(Nc3ccc([C@@H]4CCCCO4)cc3S(C)(=O)=O)cc(Nc3cc4n(n3)CCOC4)nc2[nH]1,CHEMBL6017034,9.52,,True,JH2,,,,,,,,,,0,,True
Cc1nc2c(Nc3ccc([C@@H]4CCCCO4)cc3S(C)(=O)=O)cc(Nc3cnc(C)c(C)n3)nc2[nH]1,CHEMBL5771929,9.52,,True,JH2,,,,,,,,,,0,,True
Cc1nc2c(Nc3ccc([C@@H]4CCCO4)cc3S(C)(=O)=O)cc(NC(=O)C3CC3(F)F)nc2[nH]1,CHEMBL6009590,9.52,,True,JH2,,,,,,,,,,0,,True
Cc1nc2c(Nc3ccc([C@@H]4CCCO4)cc3S(C)(=O)=O)cc(NC(=O)C3CC3)nc2[nH]1,CHEMBL6030190,9.52,,True,JH2,,,,,,,,,,0,,True
Cc1nc2c(Nc3ccc([C@@H]4CCCO4)cc3S(C)(=O)=O)cc(NC(=O)[C@@H]3CC3(F)F)nc2[nH]1,CHEMBL6034494,9.52,,True,JH2,,,,,,,,,,0,,True
Cc1nc2c(Nc3ccc([C@@H]4CCCO4)cc3S(C)(=O)=O)cc(NC(=O)[C@H]3CC3(F)F)nc2[nH]1,CHEMBL5801866,9.52,,True,JH2,,,,,,,,,,0,,True
Cc1nc2c(Nc3ccc([C@@H]4CCCO4)cc3S(C)(=O)=O)cc(Nc3ccc(C(C)C)c(C#N)n3)nc2[nH]1,CHEMBL5935727,9.12,,True,JH2,,,,,,,,,,0,,True
Cc1nc2c(Nc3ccc([C@@H]4CCCO4)cc3S(C)(=O)=O)cc(Nc3cccc(C#N)n3)nc2[nH]1,CHEMBL5906106,9.52,,True,JH2,,,,,,,,,,0,,True
Cc1nc2c(Nc3ccc([C@@H]4CCCOC4)cc3S(C)(=O)=O)cc(NC(=O)C3CC3)nc2[nH]1,CHEMBL5970717,9.12,,True,JH2,,,,,,,,,,0,,True
Cc1nc2c(Nc3ccc([C@@H]4CCOC4)cc3S(C)(=O)=O)cc(NC(=O)C3CC3)nc2[nH]1,CHEMBL6021129,9.12,,True,JH2,,,,,,,,,,0,,True
Cc1nc2c(Nc3ccc([C@@H]4COCCO4)cc3S(C)(=O)=O)cc(NC(=O)C3CC3)nc2[nH]1,CHEMBL5925820,9.52,,True,JH2,,,,,,,,,,0,,True
Cc1nc2c(Nc3ccc([C@H]4CCC(C)(C)CO4)cc3S(C)(=O)=O)cc(NC(=O)C3CC3)nc2[nH]1,CHEMBL5866986,9.12,,True,JH2,,,,,,,,,,0,,True
Cc1nc2c(Nc3ccc([C@H]4CCC(C)(C)CO4)cc3S(C)(=O)=O)cc(Nc3cnc(C)c(C)n3)nc2[nH]1,CHEMBL5771248,9.52,,True,JH2,,,,,,,,,,0,,True
Cc1nc2c(Nc3ccc([C@H]4CCC(C)(C)O4)cc3S(C)(=O)=O)cc(NC(=O)C3CC3)nc2[nH]1,CHEMBL6013633,9.52,,True,JH2,,,,,,,,,,0,,True
Cc1nc2c(Nc3ccc([C@H]4CCC(F)(F)CO4)cc3S(C)(=O)=O)cc(NC(=O)C3CC3)nc2[nH]1,CHEMBL5980623,9.12,,True,JH2,,,,,,,,,,0,,True
Cc1nc2c(Nc3ccc([C@H]4CCCCO4)cc3S(C)(=O)=O)cc(NC(=O)[C@@H]3CC3(F)F)nc2[nH]1,CHEMBL5859629,8.26,,True,JH2,,,,,,,,,,0,,True
Cc1nc2c(Nc3ccc([C@H]4CCCCO4)cc3S(C)(=O)=O)cc(NC(=O)[C@H]3CC3(F)F)nc2[nH]1,CHEMBL5873128,9.12,,True,JH2,,,,,,,,,,0,,True
Cc1nc2c(Nc3ccc([C@H]4CCCCO4)cc3S(C)(=O)=O)cc(Nc3cc4n(n3)CCOC4)nc2[nH]1,CHEMBL5741212,9.52,,True,JH2,,,,,,,,,,0,,True
Cc1nc2c(Nc3ccc([C@H]4CCCO4)cc3S(C)(=O)=O)cc(NC(=O)C3CC3(F)F)nc2[nH]1,CHEMBL5842016,9.12,,True,JH2,,,,,,,,,,0,,True
Cc1nc2c(Nc3ccc([C@H]4CCCO4)cc3S(C)(=O)=O)cc(NC(=O)[C@@H]3CC3(F)F)nc2[nH]1,CHEMBL5743717,9.12,,True,JH2,,,,,,,,,,0,,True
Cc1nc2c(Nc3ccc([C@H]4CCCO4)cc3S(C)(=O)=O)cc(NC(=O)[C@H]3CC3(F)F)nc2[nH]1,CHEMBL5798796,8.26,,True,JH2,,,,,,,,,,0,,True
Cc1nc2c(Nc3ccc([C@H]4CCCO4)cc3S(C)(=O)=O)cc(Nc3ccc(C(C)C)c(C#N)n3)nc2[nH]1,CHEMBL5840169,9.52,,True,JH2,,,,,,,,,,0,,True
Cc1nc2c(Nc3ccc([C@H]4CCOC4)cc3S(C)(=O)=O)cc(NC(=O)C3CC3)nc2[nH]1,CHEMBL6022204,8.26,,True,JH2,,,,,,,,,,0,,True
Cc1nc2c(Nc3ccc([C@H]4COCCO4)cc3S(C)(=O)=O)cc(NC(=O)C3CC3)nc2[nH]1,CHEMBL5843691,9.52,,True,JH2,,,,,,,,,,0,,True
Cc1nc2c(Nc3ccccc3N(C(F)F)S(C)(=O)=O)cc(Nc3cccc(C#N)n3)nc2[nH]1,CHEMBL5977657,8.26,,True,JH2,,,,,,,,,,0,,True
Cc1nc2c(Nc3ccccc3N(C)S(=O)(=O)C3CC3)cc(Nc3cccc(C#N)n3)nc2[nH]1,CHEMBL5941275,9.52,,True,JH2,,,,,,,,,,0,,True
Cc1nc2c(Nc3ccccc3N(C)S(C)(=O)=O)cc(Nc3ccc(C)c(C#N)n3)nc2[nH]1,CHEMBL5970692,9.52,,True,JH2,,,,,,,,,,0,,True
Cc1nc2c(Nc3ccccc3N(C)S(C)(=O)=O)cc(Nc3cccc(C(F)(F)F)n3)nc2[nH]1,CHEMBL5897464,9.52,,True,JH2,,,,,,,,,,0,,True
Cc1nc2c(Nc3ccccc3N(C)S(C)(=O)=O)cc(Nc3cnc(C)c(C)n3)nc2[nH]1,CHEMBL5917096,9.52,,True,JH2,,,,,,,,,,0,,True
Cc1nc2c(Nc3ccccc3S(C)(=O)=O)cc(NC(=O)C3CC3)nc2[nH]1,CHEMBL6036575,9.52,,True,JH2,,,,,,,,,,0,,True
Cc1nc2c(Nc3ccccc3S(C)(=O)=O)cc(Nc3cc4c(nn3)CCC4)nc2[nH]1,CHEMBL6027625,9.52,,True,JH2,,,,,,,,,,0,,True
Cc1nc2c(Nc3ccccc3S(C)(=O)=O)cc(Nc3ccc(C(C)C)c(C#N)n3)nc2[nH]1,CHEMBL6010476,9.52,,True,JH2,,,,,,,,,,0,,True
Cc1nc2c(Nc3ccccc3S(C)(=O)=O)cc(Nc3cccc(C#N)n3)nc2[nH]1,CHEMBL5777492,9.52,,True,JH2,,,,,,,,,,0,,True
Cc1nc2c(Nc3ccccc3S(C)(=O)=O)cc(Nc3cccc(C(F)(F)F)n3)nc2[nH]1,CHEMBL5812588,9.52,,True,JH2,,,,,,,,,,0,,True
Cc1nc2c(Nc3ccccc3[S+](C)[O-])cc(NC(=O)C3CC3)nc2[nH]1,CHEMBL6054533,8.26,,True,JH2,,,,,,,,,,0,,True
Cc1nc2c(Nc3ccccc3[S@+](C)[O-])cc(NC(=O)C3CC3)nc2[nH]1,CHEMBL5786669,8.26,,True,JH2,,,,,,,,,,0,,True
Cc1nc2ccc(-c3cc(-c4cnn(C5(CC#N)CC(C#N)C5)n4)c4cccnc4c3)nc2[nH]1,CHEMBL5954931,7.64,7.64,False,Other,6.14,6.14,1.5,7.09,7.09,0.5499999999999998,5.03,5.03,2.6099999999999994,3,0.5499999999999998,False
Cc1nc2ccc3[nH]ccc3c2n1C1CCC(C#N)CC1,CHEMBL6027434,9.05,9.05,False,JH2,,,,,,,7.91,7.91,1.1400000000000006,1,1.1400000000000006,True
Cc1nc2cnc3[nH]ccc3c2n1[C@@H]1CCC[C@@H](O)C1,CHEMBL2159210,8.21,8.21,False,JH1,8.74,8.74,-0.5299999999999994,7.92,7.92,0.2900000000000009,7.66,7.66,0.5500000000000007,3,-0.5299999999999994,False
Cc1nc2cnc3[nH]ccc3c2n1[C@H]1CC[C@H](CC#N)CC1,CHEMBL4470339,9.05,9.05,False,Other,,,,,,,7.91,7.91,1.1400000000000006,1,1.1400000000000006,False
Cc1ncc(-c2cc(-c3cnn(C4(CC#N)CC(C#N)C4)c3)n3ccnc3c2)[nH]1,CHEMBL5891218,7.27,7.27,False,Other,5.22,5.22,2.05,6.07,6.07,1.1999999999999993,,,,2,1.1999999999999993,False
Cc1ncc(-c2cc3ncccc3c(-c3ccn(C4(CC#N)CN(CC(F)(F)F)C4)n3)n2)n1C,CHEMBL5854684,5.38,5.38,False,Other,,,,,,,,,,0,,False
Cc1ncc(-c2cc3ncccc3c(-c3ccn(C4(CC#N)CN(S(C)(=O)=O)C4)n3)n2)cc1N,CHEMBL5855444,6.72,6.72,False,Other,5.03,5.03,1.6899999999999995,5.79,5.79,0.9299999999999997,,,,2,0.9299999999999997,False
Cc1ncc(-c2cc3ncccc3c(-c3ccn(C4(CC#N)CN(S(C)(=O)=O)C4)n3)n2)cc1O,CHEMBL6008044,7.24,7.24,False,Other,,,,5.89,5.89,1.3500000000000005,,,,1,1.3500000000000005,False
Cc1ncc(N)nc1-c1cc(-c2cnn(C3(CC#N)CC(C#N)C3)n2)c2cccnc2c1,CHEMBL5974762,5.13,5.13,False,Other,,,,,,,,,,0,,False
Cc1ncc(Nc2cc(Nc3ccc(-c4c(C)nn(C)c4C)cc3S(C)(=O)=O)c3nc(C(F)F)[nH]c3n2)nc1C,CHEMBL6026346,9.52,,True,JH2,,,,,,,,,,0,,True
Cc1ncc(Nc2cc(Nc3ccc(-c4cc(C)n(C)n4)cc3S(C)(=O)=O)c3nc(C(F)F)[nH]c3n2)nc1C,CHEMBL5831776,9.52,,True,JH2,,,,,,,,,,0,,True
Cc1ncc(Nc2cc(Nc3ccc(-c4cncn4C)cc3N(C)S(C)(=O)=O)c3nc(C(F)F)[nH]c3n2)nc1C,CHEMBL5896703,9.52,,True,JH2,,,,,,,,,,0,,True
Cc1ncc(Nc2cc(Nc3ccc(C4=NC(C)(C)CS4)cc3S(C)(=O)=O)c3nc(C(F)F)[nH]c3n2)nc1C,CHEMBL5955285,8.26,,True,JH2,,,,,,,,,,0,,True
Cc1ncc(Nc2cc(Nc3ccc(C4CC4)cc3S(C)(=O)=O)c3c(=O)n(C)[nH]c3n2)nc1C,CHEMBL5937932,9.12,,True,JH2,,,,,,,,,,0,,True
Cc1ncc(Nc2cc(Nc3ccc(C4CC4)cc3S(C)(=O)=O)c3nc(C(F)F)[nH]c3n2)nc1C,CHEMBL5891512,8.26,,True,JH2,,,,,,,,,,0,,True
Cc1ncc(Nc2cc(Nc3ccc(C4CCC(C)(C)CO4)cc3S(C)(=O)=O)c3nc(C(F)F)[nH]c3n2)nc1C,CHEMBL5904400,9.52,,True,JH2,,,,,,,,,,0,,True
Cc1ncc(Nc2cc(Nc3ccc(C4CCCCO4)cc3S(C)(=O)=O)c3nc(C(F)F)[nH]c3n2)nc1C,CHEMBL5862979,9.52,,True,JH2,,,,,,,,,,0,,True
Cc1ncc(Nc2cc(Nc3ccc(Cl)cc3N(C)S(C)(=O)=O)c3nc(C(F)F)[nH]c3n2)nc1C,CHEMBL6003328,9.52,,True,JH2,,,,,,,,,,0,,True
Cc1ncc(Nc2cc(Nc3ccc(Cl)cc3S(C)(=O)=O)c3c(=O)n(C)[nH]c3n2)nc1C,CHEMBL5858950,8.26,,True,JH2,,,,,,,,,,0,,True
Cc1ncc(Nc2cc(Nc3ccc([C@@H]4CCCCO4)cc3S(C)(=O)=O)c3nc(C(F)F)[nH]c3n2)nc1C,CHEMBL5951927,9.12,,True,JH2,,,,,,,,,,0,,True
Cc1ncc(Nc2cc(Nc3ccc([C@H]4CCCCO4)cc3S(C)(=O)=O)c3nc(C(F)F)[nH]c3n2)nc1C,CHEMBL5909727,9.52,,True,JH2,,,,,,,,,,0,,True
Cc1ncc(Nc2cc(Nc3ccccc3N(C)S(C)(=O)=O)c3nc(C(F)F)[nH]c3n2)nc1C,CHEMBL5935568,9.52,,True,JH2,,,,,,,,,,0,,True
Cc1ncc(S(=O)(=O)C[C@H]2C[C@@H](N(C)c3ncnc4[nH]ccc34)C2)s1,CHEMBL6049702,8.76,8.76,False,Other,10.66,10.66,-1.9000000000000004,9.3,9.3,-0.5400000000000009,8.0,8.0,0.7599999999999998,3,-1.9000000000000004,False
Cc1ncc(S(=O)(=O)N[C@H]2C[C@@H](N(C)c3ncnc4[nH]ccc34)C2)s1,CHEMBL3658869,6.26,6.26,False,Other,8.34,8.34,-2.08,6.29,6.29,-0.03000000000000025,,,,2,-2.08,False
Cc1nccc(-n2cccc(Nc3cc(N)n4ncc(C(N)=O)c4n3)c2=O)n1,CHEMBL5775989,8.26,,True,JH2,,,,,,,,,,0,,True
Cc1nccc(Nc2nccc3nc(-c4c(Cl)cccc4Cl)[nH]c23)n1,CHEMBL4105148,8.29,8.29,False,Other,,,,6.36,6.36,1.9299999999999988,,,,1,1.9299999999999988,False
Cc1nccc(S(=O)(=O)C[C@H]2C[C@@H](N(C)c3ncnc4[nH]ccc34)C2)c1C,CHEMBL6024553,9.61,9.61,False,Other,,,,9.88,9.88,-0.27000000000000135,8.0,8.0,1.6099999999999994,2,-0.27000000000000135,False
Cc1nccc2cc(NC(=O)[C@@H]3CC3c3ccc(S(=O)(=O)Nc4ccccn4)cc3)ccc12,CHEMBL6002838,5.375,5.375,False,Other,5.48,5.48,-0.10500000000000043,7.14,7.14,-1.7649999999999997,6.255000000000001,6.255000000000001,-0.8800000000000008,3,-1.7649999999999997,False
Cc1ncnc2ccc(Nc3nn([C@H]4COCC[C@@H]4C#N)cc3C(N)=O)cc12,CHEMBL4079092,7.85,7.85,False,JH1,8.71,8.71,-0.8600000000000012,6.970000000000001,6.970000000000001,0.879999999999999,6.11,6.11,1.7399999999999993,3,-0.8600000000000012,False
Cc1nn(C)c(C)c1-c1ccc(Nc2cc(NC(=O)C3CC3)nc3[nH]c(C(F)F)nc23)c(S(C)(=O)=O)c1,CHEMBL5862740,9.52,,True,JH2,,,,,,,,,,0,,True
Cc1nn(C)c(C)c1-c1ccc(Nc2cc(Nc3cccc(C#N)n3)nc3[nH]c(C(F)F)nc23)c(S(C)(=O)=O)c1,CHEMBL5884711,9.52,,True,JH2,,,,,,,,,,0,,True
Cc1nn(C)c(C)c1S(=O)(=O)C[C@H]1C[C@@H](N(C)c2ncnc3[nH]ccc23)C1,CHEMBL5945086,9.1,9.1,False,Other,9.83,9.83,-0.7300000000000004,8.84,8.84,0.2599999999999998,,,,2,-0.7300000000000004,False
Cc1nn(C)c2c1CN(S(=O)(=O)C[C@H]1C[C@@H](N(C)c3ncnc4[nH]ccc34)C1)CC2,CHEMBL5921646,8.69,8.69,False,Other,10.89,10.89,-2.200000000000001,9.19,9.19,-0.5,,,,2,-2.200000000000001,False
Cc1nn(C)cc1-c1ccc(Nc2cc(NC(=O)C3CC3)nc3[nH]c(C(F)F)nc23)c(N(C)S(C)(=O)=O)c1,CHEMBL6061250,9.52,,True,JH2,,,,,,,,,,0,,True
Cc1nn([C@]2(CC#N)C[C@@H](C#N)C2)cc1-c1nc(-c2cnn(C)c2)cn2nccc12,CHEMBL5751224,7.47,7.47,False,Other,5.89,5.89,1.58,6.96,6.96,0.5099999999999998,,,,2,0.5099999999999998,False
Cc1nnc(-c2n[nH]c3cc(-c4cc(F)c(O)cc4CC(F)(F)F)nc(NCc4ccccc4N(C)S(C)(=O)=O)c23)[nH]1,CHEMBL5833658,6.82,6.82,False,Other,7.56,7.56,-0.7399999999999993,6.89,6.89,-0.0699999999999994,6.37,6.37,0.4500000000000002,3,-0.7399999999999993,False
Cc1noc(C)c1CN1CCC(c2nnn3cnc4[nH]ccc4c23)CC1,CHEMBL3896798,7.29,7.29,False,Other,8.19,8.19,-0.8999999999999995,7.62,7.62,-0.33000000000000007,8.42,8.42,-1.13,3,-1.13,False
Cc1noc(C)c1S(=O)(=O)C[C@H]1C[C@@H](N(C)c2ncnc3[nH]ccc23)C1,CHEMBL5877049,9.1,9.1,False,Other,10.38,10.38,-1.2800000000000011,9.42,9.42,-0.3200000000000003,8.0,8.0,1.0999999999999996,3,-1.2800000000000011,False
Cc1onc(N)c1-c1cc2ncccc2c(-c2ccn(C3(CC#N)CN(S(C)(=O)=O)C3)n2)n1,CHEMBL5810991,5.12,5.12,False,Other,,,,,,,,,,0,,False
Cc1sc(C(=O)N[C@@H]2[C@H](N)CCCC2(F)F)cc1-c1cnn2cc(Cl)cnc12,CHEMBL4552628,5.0,5.0,False,JH1,5.37,5.37,-0.3700000000000001,5.36,5.36,-0.3600000000000003,5.89,5.89,-0.8899999999999997,3,-0.8899999999999997,False
ClCCOc1ccc2cc1COCC=CCOCc1cccc(c1)-c1ccnc(n1)N2,CHEMBL2181328,6.33,6.33,False,Other,,,,6.66,6.66,-0.33000000000000007,,,,1,-0.33000000000000007,False
ClC[C@H]1CC[C@H](c2nnn3cnc4[nH]ccc4c23)CC1,CHEMBL3954894,8.92,8.92,False,Other,8.875,8.875,0.04499999999999993,8.105,8.105,0.8149999999999995,7.5,7.5,1.42,3,0.04499999999999993,False
Clc1cc(-c2c[nH]c3ncccc23)cc(NCc2ccccc2)n1,CHEMBL1969588,6.5,6.5,False,Other,,,,7.5,7.5,-1.0,8.1,8.1,-1.5999999999999996,2,-1.5999999999999996,False
Clc1cc(CN2CCC(c3nnn4cnc5[nH]ccc5c34)CC2)ccn1,CHEMBL3957659,6.58,6.58,False,Other,8.28,8.28,-1.6999999999999993,7.68,7.68,-1.0999999999999996,6.46,6.46,0.1200000000000001,3,-1.6999999999999993,False
Clc1cc(NC2CCCCC2)nc(-c2c[nH]c3ncccc23)n1,CHEMBL1997846,5.8,5.8,False,Other,,,,,,,,,,0,,False
Clc1ccc(C2(NC[C@H]3CC[C@H](c4nnn5cnc6[nH]ccc6c45)CC3)COC2)cc1,CHEMBL3941925,6.1,6.1,False,Other,8.62,8.62,-2.5199999999999996,7.92,7.92,-1.8200000000000003,6.62,6.62,-0.5200000000000005,3,-2.5199999999999996,False
Clc1ccc(CCNC[C@H]2CC[C@H](c3nnn4cnc5[nH]ccc5c34)CC2)cc1,CHEMBL3926817,7.28,7.28,False,Other,8.59,8.59,-1.3099999999999996,7.62,7.62,-0.33999999999999986,6.77,6.77,0.5100000000000007,3,-1.3099999999999996,False
Clc1ccc(CCN[C@H]2CC[C@H](c3nnn4cnc5[nH]ccc5c34)CC2)cc1,CHEMBL3940782,7.19,7.19,False,Other,8.6,8.6,-1.4099999999999993,7.43,7.43,-0.23999999999999932,6.4,6.4,0.79,3,-1.4099999999999993,False
Clc1ccc(CN2CCC(c3nnn4cnc5[nH]ccc5c34)CC2)c(Cl)n1,CHEMBL3936877,6.21,6.21,False,Other,8.37,8.37,-2.1599999999999993,7.64,7.64,-1.4299999999999997,6.64,6.64,-0.4299999999999997,3,-2.1599999999999993,False
Clc1ccc(CN2CCC(c3nnn4cnc5[nH]ccc5c34)CC2)cc1,CHEMBL3986618,6.59,6.59,False,Other,8.719999999999999,8.719999999999999,-2.129999999999999,7.66,7.66,-1.0700000000000003,6.74,6.74,-0.15000000000000036,3,-2.129999999999999,False
Clc1ccc(CN2CCC(c3nnn4cnc5[nH]ccc5c34)CC2)cn1,CHEMBL3977017,6.54,6.54,False,Other,8.59,8.59,-2.05,7.89,7.89,-1.3499999999999996,7.4,7.4,-0.8600000000000003,3,-2.05,False
Clc1ccc(CN2CCC(c3nnn4cnc5[nH]ccc5c34)CC2)o1,CHEMBL3979988,7.0,7.0,False,Other,8.8,8.8,-1.8000000000000007,8.36,8.36,-1.3599999999999994,6.77,6.77,0.23000000000000043,3,-1.8000000000000007,False
Clc1ccc(CN2CCC(c3nnn4cnc5[nH]ccc5c34)CC2)s1,CHEMBL3949285,7.24,7.24,False,Other,8.655000000000001,8.655000000000001,-1.415000000000001,7.785,7.785,-0.5449999999999999,7.39,7.39,-0.14999999999999947,3,-1.415000000000001,False
Clc1ccc(CNC[C@H]2CC[C@H](c3nnn4cnc5[nH]ccc5c34)CC2)cc1,CHEMBL3954454,8.55,8.55,False,Other,8.54,8.54,0.010000000000001563,7.51,7.51,1.040000000000001,6.7,6.7,1.8500000000000005,3,0.010000000000001563,False
Clc1ccc(CN[C@H]2CC[C@@H](c3nnn4cnc5[nH]ccc5c34)CC2)cc1,CHEMBL3966425,6.82,6.82,False,Other,7.8,7.8,-0.9799999999999995,6.4,6.4,0.41999999999999993,,,,2,-0.9799999999999995,False
Clc1ccc(CN[C@H]2CC[C@H](c3nnn4cnc5[nH]ccc5c34)CC2)cc1,CHEMBL3904756,6.96,6.96,False,Other,8.27,8.27,-1.3099999999999996,7.35,7.35,-0.3899999999999997,6.28,6.28,0.6799999999999997,3,-1.3099999999999996,False
Clc1ccc(NC2CCC(c3nnn4cnc5[nH]ccc5c34)CC2)cc1,CHEMBL3935174,6.12,6.12,False,Other,7.58,7.58,-1.46,6.6,6.6,-0.47999999999999954,,,,2,-1.46,False
Clc1cccc(Cl)c1-c1nc2ccnc(Nc3cc(N4CCCC4)ncn3)c2[nH]1,CHEMBL4075453,9.3,9.3,False,Other,,,,7.8,7.8,1.5000000000000009,,,,1,1.5000000000000009,False
Clc1cccc(Cl)c1-c1nc2ccnc(Nc3cc(N4CCN(C5COC5)CC4)ncn3)c2[nH]1,CHEMBL4097446,8.92,8.92,False,Other,,,,7.85,7.85,1.0700000000000003,,,,1,1.0700000000000003,False
Clc1cccc(Cl)c1-c1nc2ccnc(Nc3cc(N4CCOCC4)ncn3)c2[nH]1,CHEMBL4093872,9.22,9.22,False,Other,,,,8.19,8.19,1.0300000000000011,,,,1,1.0300000000000011,False
Clc1cccc(Cl)c1-c1nc2ccnc(Nc3ccncn3)c2[nH]1,CHEMBL4074130,9.22,9.22,False,Other,,,,7.02,7.02,2.200000000000001,,,,1,2.200000000000001,False
Clc1cnc2nc1NCCCc1cccc(c1)OCCc1cccc(c1)N2,CHEMBL3694589,6.97,6.97,False,Other,7.5,7.5,-0.5300000000000002,7.6,7.6,-0.6299999999999999,7.21,7.21,-0.2400000000000002,3,-0.6299999999999999,False
Clc1cnc2nc1NCCCc1cccc(c1)OCc1cccc(c1)N2,CHEMBL3694586,6.62,6.62,False,Other,6.91,6.91,-0.29000000000000004,6.93,6.93,-0.3099999999999996,6.75,6.75,-0.1299999999999999,3,-0.3099999999999996,False
Clc1cnc2nc1NCCc1cccc(c1)OCCCc1cccc(c1)N2,CHEMBL3694588,6.4,6.4,False,Other,6.52,6.52,-0.11999999999999922,6.92,6.92,-0.5199999999999996,6.5,6.5,-0.09999999999999964,3,-0.5199999999999996,False
Clc1cnc2nc1NCCc1cccc(c1)OCCc1cccc(c1)N2,CHEMBL3694585,7.28,7.28,False,Other,7.55,7.55,-0.2699999999999996,7.64,7.64,-0.35999999999999943,7.26,7.26,0.020000000000000462,3,-0.35999999999999943,False
Clc1cnc2nc1NCCc1cccc(c1)OCc1cccc(c1)N2,CHEMBL3694584,6.36,6.36,False,Other,6.22,6.22,0.14000000000000057,6.48,6.48,-0.1200000000000001,6.52,6.52,-0.15999999999999925,3,-0.15999999999999925,False
Clc1cnc2nc1NCc1cc(Br)cc(c1)OCCCc1cccc(c1)N2,CHEMBL3694592,6.83,6.83,False,Other,7.82,7.82,-0.9900000000000002,8.3,8.3,-1.4700000000000006,7.82,7.82,-0.9900000000000002,3,-1.4700000000000006,False
Clc1cnc2nc1NCc1cc(ccc1-c1ccccc1)OCCCc1cccc(c1)N2,CHEMBL3694591,6.4,6.4,False,Other,7.09,7.09,-0.6899999999999995,7.39,7.39,-0.9899999999999993,7.51,7.51,-1.1099999999999994,3,-1.1099999999999994,False
Clc1cnc2nc1NCc1cc(ccc1Br)OCCCc1cccc(c1)N2,CHEMBL3694590,6.52,6.52,False,Other,7.0,7.0,-0.4800000000000004,7.04,7.04,-0.5200000000000005,7.24,7.24,-0.7200000000000006,3,-0.7200000000000006,False
Clc1cnc2nc1NCc1cccc(c1)OCCCc1cccc(c1)N2,CHEMBL3694581,7.6,7.6,False,Other,8.38,8.38,-0.7800000000000011,8.72,8.72,-1.120000000000001,8.62,8.62,-1.0199999999999996,3,-1.120000000000001,False
Clc1cnc2nc1NCc1cccc(c1)OCCOc1cccc(c1)N2,CHEMBL3694583,7.37,7.37,False,Other,7.8,7.8,-0.4299999999999997,8.08,8.08,-0.71,8.19,8.19,-0.8199999999999994,3,-0.8199999999999994,False
Clc1cnc2nc1NCc1cccc(c1)OCCc1cccc(c1)N2,CHEMBL3694578,7.46,7.46,False,Other,7.89,7.89,-0.4299999999999997,8.0,8.0,-0.54,8.04,8.04,-0.5799999999999992,3,-0.5799999999999992,False
Clc1cnc2nc1NCc1cccc(c1)OCc1cccc(c1)N2,CHEMBL3694577,6.4,6.4,False,Other,7.29,7.29,-0.8899999999999997,7.31,7.31,-0.9099999999999993,7.77,7.77,-1.3699999999999992,3,-1.3699999999999992,False
Clc1cnccc1CN1CCC(c2nnn3cnc4[nH]ccc4c23)CC1,CHEMBL3981338,6.51,6.51,False,Other,8.0,8.0,-1.4900000000000002,7.47,7.47,-0.96,6.39,6.39,0.1200000000000001,3,-1.4900000000000002,False
Clc1nc(NCc2ccccn2)c2c(-c3ccccc3)cccc2n1,CHEMBL4483629,4.3,4.3,False,Other,4.3,4.3,0.0,4.75,4.75,-0.4500000000000002,4.62,4.62,-0.3200000000000003,3,-0.4500000000000002,False
Clc1ncc(CN2CCC(c3nnn4cnc5[nH]ccc5c34)CC2)s1,CHEMBL3912553,7.04,7.04,False,Other,8.025,8.025,-0.9850000000000003,7.15,7.15,-0.11000000000000032,7.1,7.1,-0.05999999999999961,3,-0.9850000000000003,False
Cn1[nH]c2nc(NC(=O)C3CC3(F)F)cc(Nc3ccc(C4CC4)cc3S(C)(=O)=O)c2c1=O,CHEMBL5954402,9.52,,True,JH2,,,,,,,,,,0,,True
Cn1[nH]c2nc(NC(=O)C3CC3)cc(Nc3ccc(C4CCC4)cc3S(C)(=O)=O)c2c1=O,CHEMBL6039479,9.52,,True,JH2,,,,,,,,,,0,,True
Cn1[nH]c2nc(NC(=O)[C@@H]3CC3(F)F)cc(Nc3ccc(C4CC4)cc3S(C)(=O)=O)c2c1=O,CHEMBL5889445,8.26,,True,JH2,,,,,,,,,,0,,True
Cn1[nH]c2nc(NC(=O)[C@@H]3C[C@@H]3F)cc(Nc3ccc(C4CC4)cc3S(C)(=O)=O)c2c1=O,CHEMBL6063185,9.52,,True,JH2,,,,,,,,,,0,,True
Cn1[nH]c2nc(NC(=O)[C@H]3CC3(F)F)cc(Nc3ccc(C4CC4)cc3S(C)(=O)=O)c2c1=O,CHEMBL5933645,9.52,,True,JH2,,,,,,,,,,0,,True
Cn1[nH]c2nc(Nc3ccc(C#N)cn3)cc(Nc3ccc(C4CC4)cc3S(C)(=O)=O)c2c1=O,CHEMBL5847094,9.52,,True,JH2,,,,,,,,,,0,,True
Cn1[nH]c2nc(Nc3ccc(C#N)cn3)cc(Nc3ccccc3S(C)(=O)=O)c2c1=O,CHEMBL5987733,9.52,,True,JH2,,,,,,,,,,0,,True
Cn1[nH]c2nc(Nc3ccc(C4CC4)cn3)cc(Nc3ccccc3S(C)(=O)=O)c2c1=O,CHEMBL5768456,9.52,,True,JH2,,,,,,,,,,0,,True
Cn1[nH]c2nc(Nc3cccc(C#N)n3)cc(Nc3ccc(Cl)cc3S(C)(=O)=O)c2c1=O,CHEMBL5945754,9.12,,True,JH2,,,,,,,,,,0,,True
Cn1[nH]c2nc(Nc3cccc(C(F)(F)F)n3)cc(Nc3ccc(C4CC4)cc3S(C)(=O)=O)c2c1=O,CHEMBL6063316,9.52,,True,JH2,,,,,,,,,,0,,True
Cn1[nH]c2nc(Nc3cccc(C(F)(F)F)n3)cc(Nc3ccc(Cl)cc3S(C)(=O)=O)c2c1=O,CHEMBL5875991,9.12,,True,JH2,,,,,,,,,,0,,True
Cn1[nH]c2nc(Nc3cccc(C(F)(F)F)n3)cc(Nc3ccccc3S(C)(=O)=O)c2c1=O,CHEMBL5984100,9.52,,True,JH2,,,,,,,,,,0,,True
Cn1[nH]c2nc(Nc3ccccn3)cc(Nc3ccccc3S(C)(=O)=O)c2c1=O,CHEMBL6051377,9.52,,True,JH2,,,,,,,,,,0,,True
Cn1[nH]c2nc(Nc3cncc(C#N)n3)cc(Nc3ccccc3S(C)(=O)=O)c2c1=O,CHEMBL6044920,8.26,,True,JH2,,,,,,,,,,0,,True
Cn1c(-c2c(Cl)cccc2Cl)nc2c(NC(=O)C3CC3)nccc21,CHEMBL4075131,7.89,7.89,False,Other,,,,6.89,6.89,1.0,,,,1,1.0,False
Cn1c(-c2c(Cl)cccc2Cl)nc2ccnc(NC(=O)C3CC3)c21,CHEMBL4089568,7.72,7.72,False,Other,,,,5.68,5.68,2.04,,,,1,2.04,False
Cn1c(Nc2ccc(C(F)(F)F)cc2)nc2cc(Oc3ccnc(-c4ncc(C(F)(F)F)[nH]4)c3)ccc21,CHEMBL558752,6.39,6.39,False,JH1,,,,,,,,,,0,,False
Cn1c2ccccc2c2c3c(c4c5ccccc5n(CCC#N)c4c21)CNC3=O,CHEMBL302449,8.5,8.5,False,Other,,,,7.17,7.17,1.33,9.2,9.2,-0.6999999999999993,2,-0.6999999999999993,False
Cn1cc(-c2cc(-c3ccn(C4(CC#N)CN(CC(F)(F)F)C4)n3)c3cccnc3c2)cn1,CHEMBL5880585,6.47,6.47,False,Other,,,,5.53,5.53,0.9399999999999995,,,,1,0.9399999999999995,False
Cn1cc(-c2cc(-c3ccn(C4(CC#N)CN(CC(F)(F)F)C4)n3)n3ccnc3c2)cn1,CHEMBL5989555,5.25,5.25,False,Other,,,,5.14,5.14,0.11000000000000032,,,,1,0.11000000000000032,False
Cn1cc(-c2cc(-c3ccn(C4(CC#N)CN(CC(F)(F)F)C4)n3)n3ncnc3c2)cn1,CHEMBL5937556,6.32,6.32,False,Other,6.16,6.16,0.16000000000000014,6.31,6.31,0.010000000000000675,5.14,5.14,1.1800000000000006,3,0.010000000000000675,False
Cn1cc(-c2cc(-c3ccn(C4(CC#N)CN(S(C)(=O)=O)C4)n3)c3cccnc3c2)cn1,CHEMBL5991476,6.67,6.67,False,Other,,,,5.74,5.74,0.9299999999999997,,,,1,0.9299999999999997,False
Cn1cc(-c2cc(-c3cn(C4(CC#N)CN(S(C)(=O)=O)C4)nn3)c3cccnc3c2)cn1,CHEMBL5906639,6.57,6.57,False,Other,5.87,5.87,0.7000000000000002,6.82,6.82,-0.25,,,,2,-0.25,False
Cn1cc(-c2cc(-c3cnn(C4(CC#N)CC(C#N)C4)c3)n3ccnc3c2)cn1,CHEMBL5871743,7.065,7.065,False,Other,5.77,5.77,1.2950000000000008,6.095000000000001,6.095000000000001,0.9699999999999998,,,,2,0.9699999999999998,False
Cn1cc(-c2cc(-c3cnn(C4(CC#N)CC(C#N)C4)n3)c3cccnc3c2)c(CO)n1,CHEMBL5807692,7.15,7.15,False,Other,5.16,5.16,1.9900000000000002,6.18,6.18,0.9700000000000006,,,,2,0.9700000000000006,False
Cn1cc(-c2cc(-c3cnn(C4(CC#N)CC(C#N)C4)n3)c3cccnc3c2)c(N)n1,CHEMBL5786158,7.654999999999999,7.654999999999999,False,Other,5.5,5.5,2.1549999999999994,6.7,6.7,0.9549999999999992,,,,2,0.9549999999999992,False
Cn1cc(-c2cc(-c3cnn(C4(CC#N)CC(C#N)C4)n3)c3cccnc3c2)cn1,CHEMBL5889067,7.74,7.74,False,Other,6.175,6.175,1.5650000000000004,7.17,7.17,0.5700000000000003,5.335,5.335,2.4050000000000002,3,0.5700000000000003,False
Cn1cc(-c2cc(-c3cnn(C4(CC#N)CC(C#N)C4)n3)c3cccnc3c2)nn1,CHEMBL6055686,7.44,7.44,False,Other,5.08,5.08,2.3600000000000003,6.84,6.84,0.6000000000000005,,,,2,0.6000000000000005,False
Cn1cc(-c2cc(-c3cnn(C4(CC#N)CC(C#N)C4)n3)n3ccnc3c2)cn1,CHEMBL5740692,6.5,6.5,False,Other,5.19,5.19,1.3099999999999996,5.71,5.71,0.79,,,,2,0.79,False
Cn1cc(-c2cc(-c3cnn(C4(CC#N)CN(CC#N)C4)c3)c3cccnc3c2)cn1,CHEMBL5878266,7.44,7.44,False,Other,6.18,6.18,1.2600000000000007,7.15,7.15,0.29000000000000004,,,,2,0.29000000000000004,False
Cn1cc(-c2cc(-c3cnn(C4(CC#N)CN(CC(F)(F)F)C4)c3)n3ccnc3c2)cn1,CHEMBL4787411,6.57,6.57,False,Other,,,,5.4,5.4,1.17,,,,1,1.17,False
Cn1cc(-c2cc(-c3cnn(C4(CC#N)CN(CC(F)(F)F)C4)c3)n3ncnc3c2)cn1,CHEMBL4795299,6.32,6.32,False,Other,5.18,5.18,1.1400000000000006,5.16,5.16,1.1600000000000001,,,,2,1.1400000000000006,False
Cn1cc(-c2cc(-c3cnn(C4(CC#N)CN(S(C)(=O)=O)C4)n3)c3cccnc3c2)ccc1=O,CHEMBL6003751,6.78,6.78,False,Other,5.51,5.51,1.2700000000000005,5.89,5.89,0.8900000000000006,,,,2,0.8900000000000006,False
Cn1cc(-c2cc(-c3cnn(C4(CC#N)CN(S(C)(=O)=O)C4)n3)c3cccnc3c2)cn1,CHEMBL5820664,7.16,7.16,False,Other,5.55,5.55,1.6100000000000003,6.61,6.61,0.5499999999999998,,,,2,0.5499999999999998,False
Cn1cc(-c2cc3c(N4CC5CCC(C4)N5C4CC(F)(F)C4)ccnn3c2)cn1,CHEMBL6145510,8.72,8.72,False,JH1,,,,,,,,,,0,,False
Cn1cc(-c2cc3c(N4CC5CCC(C4)N5[C@H]4C[C@@H](C#N)C4(C)C)ccnn3c2)cn1,CHEMBL6163248,8.63,8.63,False,JH1,,,,,,,,,,0,,False
Cn1cc(-c2cc3c(N4CC5CCC(C4)N5[C@H]4C[C@@H](C#N)C4)ccnn3c2)cn1,CHEMBL6120758,8.64,8.64,False,JH1,,,,,,,,,,0,,False
Cn1cc(-c2cc3ncccc3c(-c3cc(C4(CC#N)CN(CC#N)C4)no3)n2)cn1,CHEMBL5976802,7.22,7.22,False,Other,6.66,6.66,0.5599999999999996,7.35,7.35,-0.1299999999999999,,,,2,-0.1299999999999999,False
Cn1cc(-c2cc3ncccc3c(-c3ccn(C4(CC#N)CC(C#N)C4)n3)n2)c(CO)n1,CHEMBL5861498,7.7,7.7,False,Other,6.31,6.31,1.3900000000000006,7.47,7.47,0.23000000000000043,5.69,5.69,2.01,3,0.23000000000000043,False
Cn1cc(-c2cc3ncccc3c(-c3ccn(C4(CC#N)CC(C#N)C4)n3)n2)c(N)n1,CHEMBL5993770,8.05,8.05,False,Other,6.965,6.965,1.0850000000000009,7.85,7.85,0.20000000000000107,5.875,5.875,2.1750000000000007,3,0.20000000000000107,False
Cn1cc(-c2cc3ncccc3c(-c3ccn(C4(CC#N)CC(C#N)C4)n3)n2)cn1,CHEMBL5788978,7.96,7.96,False,Other,6.745,6.745,1.2149999999999999,7.47,7.47,0.4900000000000002,5.539999999999999,5.539999999999999,2.420000000000001,3,0.4900000000000002,False
Cn1cc(-c2cc3ncccc3c(-c3ccn(C4(CC#N)CN(CC#N)C4)n3)n2)cn1,CHEMBL5811778,7.85,7.85,False,Other,6.37,6.37,1.4799999999999995,7.15,7.15,0.6999999999999993,,,,2,0.6999999999999993,False
Cn1cc(-c2cc3ncccc3c(-c3ccn(C4(CC#N)CN(CC(F)(F)F)C4)n3)n2)ccc1=O,CHEMBL5885705,6.75,6.75,False,Other,5.97,5.97,0.7800000000000002,5.94,5.94,0.8099999999999996,,,,2,0.7800000000000002,False
Cn1cc(-c2cc3ncccc3c(-c3ccn(C4(CC#N)CN(CC(F)(F)F)C4)n3)n2)cn1,CHEMBL5763117,7.8,7.8,False,Other,6.25,6.25,1.5499999999999998,6.88,6.88,0.9199999999999999,,,,2,0.9199999999999999,False
Cn1cc(-c2cc3ncccc3c(-c3ccn(C4(CC#N)CN(CC5CC5)C4)n3)n2)cn1,CHEMBL6039871,7.14,7.14,False,Other,5.69,5.69,1.4499999999999993,6.37,6.37,0.7699999999999996,,,,2,0.7699999999999996,False
Cn1cc(-c2cc3ncccc3c(-c3ccn(C4(CC#N)CN(S(=O)(=O)C5CC5)C4)n3)n2)cn1,CHEMBL5997967,7.62,7.62,False,Other,6.0,6.0,1.62,6.61,6.61,1.0099999999999998,,,,2,1.0099999999999998,False
Cn1cc(-c2cc3ncccc3c(-c3ccn(C4(CC#N)CN(S(C)(=O)=O)C4)n3)n2)c(N)n1,CHEMBL5929596,8.1,8.1,False,Other,6.42,6.42,1.6799999999999997,7.68,7.68,0.41999999999999993,5.5,5.5,2.5999999999999996,3,0.41999999999999993,False
Cn1cc(-c2cc3ncccc3c(-c3ccn(C4(CC#N)CN(S(C)(=O)=O)C4)n3)n2)ccc1=O,CHEMBL5875153,7.02,7.02,False,Other,6.0,6.0,1.0199999999999996,6.27,6.27,0.75,,,,2,0.75,False
Cn1cc(-c2cc3ncccc3c(-c3ccn(C4(CC#N)CN(S(C)(=O)=O)C4)n3)n2)cn1,CHEMBL5933161,7.72,7.72,False,Other,5.86,5.86,1.8599999999999994,6.79,6.79,0.9299999999999997,,,,2,0.9299999999999997,False
Cn1cc(-c2cc3ncccc3c(-c3ccn(C4(CC#N)CN(S(N)(=O)=O)C4)n3)n2)cn1,CHEMBL5887992,7.8,7.8,False,Other,6.51,6.51,1.29,7.3,7.3,0.5,5.8,5.8,2.0,3,0.5,False
Cn1cc(-c2cc3ncccc3c(-c3cn(C4(CC#N)CN(CC(F)(F)F)C4)nn3)n2)cn1,CHEMBL5748259,8.05,8.05,False,Other,6.74,6.74,1.3100000000000005,7.55,7.55,0.5000000000000009,5.49,5.49,2.5600000000000005,3,0.5000000000000009,False
Cn1cc(-c2cc3ncccc3c(-c3cnn(C4(CC#N)CN(CC(F)(F)F)C4)c3)n2)cn1,CHEMBL5779233,7.77,7.77,False,Other,7.01,7.01,0.7599999999999998,7.58,7.58,0.1899999999999995,5.29,5.29,2.4799999999999995,3,0.1899999999999995,False
Cn1cc(-c2cc3ncccc3c(-n3ccc(C4(CC#N)CN(CC(F)(F)F)C4)n3)n2)cn1,CHEMBL5928297,6.71,6.71,False,Other,5.2,5.2,1.5099999999999998,6.16,6.16,0.5499999999999998,,,,2,0.5499999999999998,False
Cn1cc(-c2cc3nccnc3c(-c3ccn(C4(CC#N)CN(CC#N)C4)n3)n2)cn1,CHEMBL5936980,5.86,5.86,False,Other,,,,5.45,5.45,0.41000000000000014,,,,1,0.41000000000000014,False
Cn1cc(-c2cc3nccnc3c(-c3ccn(C4(CC#N)CN(CC(F)(F)F)C4)n3)n2)cn1,CHEMBL5751965,5.42,5.42,False,Other,,,,,,,,,,0,,False
Cn1cc(-c2cc3nccnc3c(-c3cnn(C4(CC#N)CN(CC#N)C4)c3)n2)cn1,CHEMBL5817984,7.96,7.96,False,Other,6.84,6.84,1.12,7.77,7.77,0.1900000000000004,5.43,5.43,2.5300000000000002,3,0.1900000000000004,False
Cn1cc(-c2cc3nccnc3c(-c3cnn(C4(CC#N)CN(CC(F)(F)F)C4)c3)n2)cn1,CHEMBL5983703,7.96,7.96,False,Other,6.77,6.77,1.1900000000000004,7.62,7.62,0.33999999999999986,5.47,5.47,2.49,3,0.33999999999999986,False
Cn1cc(-c2ccc(Nc3nn([C@H]4COCC[C@@H]4C#N)cc3C(N)=O)cc2)cn1,CHEMBL4078799,9.7,9.7,False,JH1,9.46,9.46,0.23999999999999844,8.355,8.355,1.3449999999999989,7.04,7.04,2.6599999999999993,3,0.23999999999999844,False
Cn1cc(-c2ccnc(Nc3cccc(N)c3)n2)c2ccccc21,CHEMBL6133023,6.76,6.76,False,Other,6.47,6.47,0.29000000000000004,8.28,8.28,-1.5199999999999996,7.56,7.56,-0.7999999999999998,3,-1.5199999999999996,False
Cn1cc(-c2cn3nccc3c(-c3cnn(C4(C)CCCC4)c3)n2)cn1,CHEMBL5892091,5.76,,True,JH1,5.26,,,5.76,,,5.76,,,0,,False
Cn1cc(-c2cn3nccc3c(-c3cnn(C4(CC#N)CC(O)C4)c3)n2)cn1,CHEMBL5765506,7.09,7.09,False,Other,5.97,5.97,1.12,6.43,6.43,0.6600000000000001,,,,2,0.6600000000000001,False
Cn1cc(-c2cn3nccc3c(-c3cnn(C4(CC#N)CCC4)c3)n2)cn1,CHEMBL6033519,7.26,7.26,False,Other,5.87,5.87,1.3899999999999997,6.85,6.85,0.41000000000000014,,,,2,0.41000000000000014,False
Cn1cc(-c2cn3nccc3c(-c3cnn(C4(CC#N)CN(CC#N)C4)c3)n2)cn1,CHEMBL4741903,8.15,8.15,False,Other,6.6,6.6,1.5500000000000007,7.43,7.43,0.7200000000000006,5.17,5.17,2.9800000000000004,3,0.7200000000000006,False
Cn1cc(-c2cn3nccc3c(-c3cnn(C4(CC#N)CN(CC(F)(F)F)C4)c3)n2)cn1,CHEMBL4778704,8.0,8.0,False,Other,6.45,6.45,1.5499999999999998,7.19,7.19,0.8099999999999996,,,,2,0.8099999999999996,False
Cn1cc(-c2cn3nccc3c(-c3cnn(C4(CC#N)CN(CC5CC5)C4)c3)n2)cn1,CHEMBL4761611,7.4,7.4,False,Other,6.03,6.03,1.37,6.73,6.73,0.6699999999999999,,,,2,0.6699999999999999,False
Cn1cc(-c2cn3nccc3c(-c3cnn(C4(CC#N)CN(CCO)C4)c3)n2)cn1,CHEMBL4782355,6.72,6.72,False,Other,5.25,5.25,1.4699999999999998,5.98,5.98,0.7399999999999993,,,,2,0.7399999999999993,False
Cn1cc(-c2cn3nccc3c(-c3cnn(C4(CC#N)CN(S(=O)(=O)C5CC5)C4)c3)n2)cn1,CHEMBL5914189,7.76,7.76,False,Other,6.73,6.73,1.0299999999999994,6.9,6.9,0.8599999999999994,,,,2,0.8599999999999994,False
Cn1cc(-c2cn3nccc3c(-c3cnn(C4(CC#N)CN(S(C)(=O)=O)C4)c3)n2)cn1,CHEMBL5928782,7.96,7.96,False,Other,6.58,6.58,1.38,7.38,7.38,0.5800000000000001,,,,2,0.5800000000000001,False
Cn1cc(-c2cn3nccc3c(-c3cnn(C4CCCC4CO)c3)n2)cn1,CHEMBL5877997,6.76,,True,JH1,5.76,,,6.26,,,5.26,,,0,,False
Cn1cc(-c2cn3nccc3c(-c3cnn(C4CCCC4O)c3)n2)cn1,CHEMBL5933969,6.76,,True,JH1,5.76,,,6.76,,,5.26,,,0,,False
Cn1cc(-c2cn3nccc3c(-c3cnn(C4CCCCCC4)c3)n2)cn1,CHEMBL5988473,6.26,,True,JH1,5.26,,,6.26,,,5.26,,,0,,False
Cn1cc(-c2cn3nccc3c(-c3cnn([C@]4(CC#N)C[C@@H](C#N)C4)c3)n2)c(=O)[nH]1,CHEMBL5779554,7.5,7.5,False,Other,5.46,5.46,2.04,6.78,6.78,0.7199999999999998,,,,2,0.7199999999999998,False
Cn1cc(-c2cn3nccc3c(-c3cnn([C@]4(CC#N)C[C@@H](C#N)C4)c3)n2)c(CO)n1,CHEMBL6063769,7.52,7.52,False,Other,5.59,5.59,1.9299999999999997,6.9,6.9,0.6199999999999992,,,,2,0.6199999999999992,False
Cn1cc(-c2cn3nccc3c(-c3cnn([C@]4(CC#N)C[C@@H](C#N)C4)c3)n2)c(N)n1,CHEMBL5765048,8.05,8.05,False,Other,6.37,6.37,1.6800000000000006,7.58,7.58,0.47000000000000064,5.03,5.03,3.0200000000000005,3,0.47000000000000064,False
Cn1cc(-c2cn3nccc3c(-c3cnn([C@]4(CC#N)C[C@@H](C#N)C4)c3)n2)cn1,CHEMBL4459585,7.8,7.8,False,Other,6.42,6.42,1.38,7.13,7.13,0.6699999999999999,,,,2,0.6699999999999999,False
Cn1cc(-c2cn3nccc3c(-c3cnn([C@]4(CC#N)C[C@@H](C#N)C4)c3)n2)nn1,CHEMBL5932251,7.28,7.28,False,Other,5.06,5.06,2.2200000000000006,6.35,6.35,0.9300000000000006,,,,2,0.9300000000000006,False
Cn1cc(-c2cn3nccc3c(-c3cnn([C@]4(CC#N)C[C@@H](CC#N)C4)c3)n2)cn1,CHEMBL4781973,7.62,7.62,False,Other,6.12,6.12,1.5,6.8,6.8,0.8200000000000003,,,,2,0.8200000000000003,False
Cn1cc(-c2cn3nccc3c(-c3cnn([C@]4(CC#N)C[C@@H](O)C4)c3)n2)cn1,CHEMBL5901553,7.09,7.09,False,Other,5.97,5.97,1.12,6.43,6.43,0.6600000000000001,,,,2,0.6600000000000001,False
Cn1cc(-c2cn3nccc3c(-c3cnn([C@]4(CC#N)C[C@@H](c5ccn[nH]5)C4)c3)n2)cn1,CHEMBL6041151,7.33,7.33,False,Other,5.97,5.97,1.3600000000000003,6.69,6.69,0.6399999999999997,5.0,5.0,2.33,3,0.6399999999999997,False
Cn1cc(-c2cn3nccc3c(-c3cnn([C@]4(CC#N)C[C@@](C)(C#N)C4)c3)n2)cn1,CHEMBL5895884,6.87,6.87,False,Other,5.72,5.72,1.1500000000000004,6.57,6.57,0.2999999999999998,,,,2,0.2999999999999998,False
Cn1cc(-c2cn3nccc3c(-c3cnn([C@]4(CC#N)C[C@H](C#N)C4)c3)n2)cn1,CHEMBL4740298,8.22,8.22,False,Other,7.68,7.68,0.5400000000000009,8.1,8.1,0.120000000000001,5.98,5.98,2.24,3,0.120000000000001,False
Cn1cc(-c2cn3nccc3c(-c3cnn([C@]4(CC#N)C[C@H](CC#N)C4)c3)n2)cn1,CHEMBL4780288,8.1,8.1,False,Other,6.56,6.56,1.54,7.42,7.42,0.6799999999999997,,,,2,0.6799999999999997,False
Cn1cc(-c2cn3nccc3c(-c3cnn([C@]4(CC#N)C[C@H](O)C4)c3)n2)cn1,CHEMBL5912075,6.83,6.83,False,Other,5.49,5.49,1.3399999999999999,6.31,6.31,0.5200000000000005,,,,2,0.5200000000000005,False
Cn1cc(-c2cn3nccc3c(-c3cnn([C@]4(CC#N)C[C@](C)(C#N)C4)c3)n2)cn1,CHEMBL5920938,7.96,7.96,False,Other,7.02,7.02,0.9400000000000004,7.72,7.72,0.2400000000000002,5.49,5.49,2.4699999999999998,3,0.2400000000000002,False
Cn1cc(-c2cn3ncnc3c(-c3ccn([C@]4(CC#N)C[C@@H](C#N)C4)c3)n2)cn1,CHEMBL5437653,6.96,6.96,False,Other,,,,5.62,5.62,1.3399999999999999,,,,1,1.3399999999999999,False
Cn1cc(-c2cn3ncnc3c(-c3ccn([C@]4(CC#N)C[C@H](C#N)C4)c3)n2)cn1,CHEMBL5400209,7.85,7.85,False,Other,5.92,5.92,1.9299999999999997,6.86,6.86,0.9899999999999993,,,,2,0.9899999999999993,False
Cn1cc(-c2cn3ncnc3c(-c3cnn(C4(CC#N)CN(CC#N)C4)c3)n2)cn1,CHEMBL5817982,6.58,6.58,False,Other,,,,5.58,5.58,1.0,,,,1,1.0,False
Cn1cc(-c2cnc3c(-c4csc(C(=O)NCC(F)(F)F)c4)cnn3c2)cn1,CHEMBL4550702,7.04,7.04,False,JH1,5.38,5.38,1.6600000000000001,5.92,5.92,1.12,6.37,6.37,0.6699999999999999,3,0.6699999999999999,False
Cn1cc(-c2cnc3c(-c4csc(C(=O)N[C@@H]5CCCC[C@@H]5N)c4)cnn3c2)cn1,CHEMBL4568087,7.28,7.28,False,JH1,6.66,6.66,0.6200000000000001,7.19,7.19,0.08999999999999986,7.48,7.48,-0.20000000000000018,3,-0.20000000000000018,False
Cn1cc(-c2nc3c(N4CC5CCC(C4)N5[C@H]4C[C@@](C)(C#N)C4)ccnc3[nH]2)cn1,CHEMBL6166160,8.92,8.92,False,JH1,,,,,,,,,,0,,False
Cn1cc(-c2nn(C3CCCN(C(=O)CC#N)C3)c3ncnc(N)c23)cn1,CHEMBL4248202,5.62,5.62,False,JH1,6.46,6.46,-0.8399999999999999,6.23,6.23,-0.6100000000000003,7.49,7.49,-1.87,3,-1.87,False
Cn1cc(-c2nn(CC3CCCN(C(=O)CC#N)C3)c3ncnc(N)c23)cn1,CHEMBL4238357,5.63,5.63,False,JH1,6.83,6.83,-1.2000000000000002,7.11,7.11,-1.4800000000000004,7.25,7.25,-1.62,3,-1.62,False
Cn1cc(C2=C(Nc3cccc(OCCNc4ccnc(F)c4)c3)C(=O)NC2=O)c2ccccc21,CHEMBL3114775,5.29,5.29,False,Other,5.75,5.75,-0.45999999999999996,5.79,5.79,-0.5,6.75,6.75,-1.46,3,-1.46,False
Cn1cc(NC(=O)Cc2nc3cnc4[nH]ccc4c3n2C2CCC(CC#N)CC2)cn1,CHEMBL5784303,8.33,8.33,False,JH2,9.7,9.7,-1.3699999999999992,8.18,8.18,0.15000000000000036,7.1,7.1,1.2300000000000004,3,-1.3699999999999992,True
Cn1cc(NC(=O)Cc2nc3cnc4[nH]ccc4c3n2[C@H]2CC[C@H](CC#N)CC2)cn1,CHEMBL5769139,8.33,8.33,False,JH2,9.7,9.7,-1.3699999999999992,8.18,8.18,0.15000000000000036,7.1,7.1,1.2300000000000004,3,-1.3699999999999992,True
Cn1cc(NC(=O)c2cnn3cccnc23)c(-c2cc(Cl)ccc2Cl)n1,CHEMBL2178799,6.34,6.34,False,JH1,7.5,7.5,-1.1600000000000001,8.620000000000001,8.620000000000001,-2.280000000000001,6.87,6.87,-0.5300000000000002,3,-2.280000000000001,False
Cn1cc(Nc2nc(-c3c(F)cccc3F)nc3c2C(=O)NC3)cn1,CHEMBL5750455,7.26,,True,Other,,,,,,,,,,0,,False
Cn1cc(Nc2ncc(Cl)c(NC3CC4CN(C(=O)CC#N)CC4C3)n2)cn1,CHEMBL3977718,8.15,8.15,False,Other,9.0,9.0,-0.8499999999999996,7.75,7.75,0.40000000000000036,6.45,6.45,1.7000000000000002,3,-0.8499999999999996,False
Cn1cc(Nc2ncc(Cl)c(NC3CC4CN(S(C)(=O)=O)CC4C3)n2)cn1,CHEMBL3917073,7.75,7.75,False,Other,9.0,9.0,-1.25,7.92,7.92,-0.16999999999999993,6.75,6.75,1.0,3,-1.25,False
Cn1cc(Nc2ncc(Cl)c(NC3CCC4(CC3)CCN(C(=O)CC#N)C4)n2)cn1,CHEMBL3944322,9.0,9.0,False,Other,8.899999999999999,8.899999999999999,0.10000000000000142,8.06,8.06,0.9399999999999995,7.41,7.41,1.5899999999999999,3,0.10000000000000142,False
Cn1cc(Nc2ncc(F)c(N3C[C@@]4(CO)C[C@@]4(NC(=O)[C@@H]4CC4(F)F)C3)n2)cn1,CHEMBL5797036,7.29,7.29,False,Other,6.68,6.68,0.6100000000000003,5.63,5.63,1.6600000000000001,,,,2,0.6100000000000003,False
Cn1cc(Nc2ncc(F)c(N3C[C@@]4(CO)C[C@@]4(NC(=O)[C@@H]4C[C@H]4C#N)C3)n2)cn1,CHEMBL6029251,7.24,7.24,False,Other,7.54,7.54,-0.2999999999999998,6.34,6.34,0.9000000000000004,6.03,6.03,1.21,3,-0.2999999999999998,False
Cn1cc(Nc2ncc(F)c(N3C[C@H]4CC[C@H](C3)N4C(=O)C3CC3)n2)cn1,CHEMBL4580985,7.28,7.28,False,Other,7.12,7.12,0.16000000000000014,5.755,5.755,1.5250000000000004,5.54,5.54,1.7400000000000002,3,0.16000000000000014,False
Cn1cc(Nc2ncc3cccc(CC4CCNCC4)c3n2)cn1,CHEMBL5079734,7.0,7.0,False,Other,7.9,7.9,-0.9000000000000004,7.5,7.5,-0.5,7.7,7.7,-0.7000000000000002,3,-0.9000000000000004,False
Cn1cc(Nc2ncc3cccc(NC4CCNCC4)c3n2)cn1,CHEMBL5076598,7.2,7.2,False,Other,8.1,8.1,-0.8999999999999995,7.4,7.4,-0.20000000000000018,7.3,7.3,-0.09999999999999964,3,-0.8999999999999995,False
Cn1cc(Nc2ncc3cccc(OC4CCNCC4)c3n2)cn1,CHEMBL5072425,6.6,6.6,False,Other,7.1,7.1,-0.5,6.6,6.6,0.0,6.6,6.6,0.0,3,-0.5,False
Cn1cc(Nc2nccc(-c3cnn(CCC#N)c3)n2)cn1,CHEMBL5437261,7.31,7.31,False,Other,6.27,6.27,1.04,7.57,7.57,-0.2600000000000007,6.39,6.39,0.9199999999999999,3,-0.2600000000000007,False
Cn1cc(Nc2nccc(N3CC4CCC(C3)N4C(=O)[C@@H]3CC3(F)F)n2)cn1,CHEMBL4747591,7.07,7.07,False,Other,7.07,7.07,0.0,6.92,6.92,0.15000000000000036,5.5,5.5,1.5700000000000003,3,0.0,False
Cn1cc(Nc2nccc(N3C[C@H]4CC[C@@H](C3)N4C(=O)C3(F)CC3)n2)cn1,CHEMBL6000596,7.08,7.08,False,Other,6.76,6.76,0.3200000000000003,6.28,6.28,0.7999999999999998,5.38,5.38,1.7000000000000002,3,0.3200000000000003,False
Cn1cc(Nc2nccc(N3C[C@H]4CC[C@@H](C3)N4C(=O)C3CC(F)(F)C3)n2)cn1,CHEMBL6043076,6.87,6.87,False,Other,6.52,6.52,0.35000000000000053,5.93,5.93,0.9400000000000004,,,,2,0.35000000000000053,False
Cn1cc(Nc2nccc(N3C[C@H]4CC[C@@H](C3)N4C(=O)C3CC3)n2)cn1,CHEMBL5989673,7.12,7.12,False,Other,6.7,6.7,0.41999999999999993,6.17,6.17,0.9500000000000002,,,,2,0.41999999999999993,False
Cn1cc(Nc2nccc(N3C[C@H]4CC[C@@H](C3)N4C(=O)NCC#N)n2)cn1,CHEMBL5918077,7.8,7.8,False,Other,7.89,7.89,-0.08999999999999986,7.17,7.17,0.6299999999999999,5.61,5.61,2.1899999999999995,3,-0.08999999999999986,False
Cn1cc(Nc2nccc(N3C[C@H]4CC[C@@H](C3)N4C(=O)NCCC#N)n2)cn1,CHEMBL5880063,7.19,7.19,False,Other,7.38,7.38,-0.1899999999999995,6.58,6.58,0.6100000000000003,,,,2,-0.1899999999999995,False
Cn1cc(Nc2nccc(N3C[C@H]4CC[C@@H](C3)N4C(=O)Nc3ccc(C(F)(F)F)cn3)n2)cn1,CHEMBL6040169,6.02,6.02,False,Other,6.52,6.52,-0.5,5.6,5.6,0.41999999999999993,,,,2,-0.5,False
Cn1cc(Nc2nccc(N3C[C@H]4CC[C@@H](C3)N4C(=O)[C@@H]3CC3(F)F)n2)cn1,CHEMBL4297477,7.64,7.64,False,Other,7.77,7.77,-0.1299999999999999,7.11,7.11,0.5299999999999994,5.19,5.19,2.4499999999999993,3,-0.1299999999999999,False
Cn1cc(Nc2nccc(N3C[C@H]4CC[C@@H](C3)N4C(=O)[C@@H]3C[C@@H]3C#N)n2)cn1,CHEMBL5804991,6.6,6.6,False,Other,6.33,6.33,0.2699999999999996,5.85,5.85,0.75,5.08,5.08,1.5199999999999996,3,0.2699999999999996,False
Cn1cc(Nc2nccc(N3C[C@H]4CC[C@@H](C3)N4C(=O)[C@@H]3C[C@@H]3F)n2)cn1,CHEMBL5870996,6.32,6.32,False,Other,6.04,6.04,0.28000000000000025,5.55,5.55,0.7700000000000005,,,,2,0.28000000000000025,False
Cn1cc(Nc2nccc(N3C[C@H]4CC[C@@H](C3)N4C(=O)[C@H]3CC3(F)F)n2)cn1,CHEMBL5973560,6.15,6.15,False,Other,6.08,6.08,0.07000000000000028,5.5,5.5,0.6500000000000004,,,,2,0.07000000000000028,False
Cn1cc(Nc2nccc(N3C[C@H]4CC[C@@H](C3)N4C(=O)[C@H]3C[C@H]3C#N)n2)cn1,CHEMBL5820698,6.37,6.37,False,Other,6.15,6.15,0.21999999999999975,5.63,5.63,0.7400000000000002,,,,2,0.21999999999999975,False
Cn1cc(Nc2nccc(N3C[C@H]4CC[C@@H](C3)N4C(=O)[C@H]3C[C@H]3F)n2)cn1,CHEMBL6053410,6.36,6.36,False,Other,6.14,6.14,0.22000000000000064,5.61,5.61,0.75,,,,2,0.22000000000000064,False
Cn1cc(Nc2nccc(N3C[C@H]4CC[C@@H](C3)N4C(N)=O)n2)cn1,CHEMBL5745933,6.18,6.18,False,Other,6.27,6.27,-0.08999999999999986,5.83,5.83,0.34999999999999964,,,,2,-0.08999999999999986,False
Cn1cc(Nc2nccc(N3C[C@H]4CC[C@@H](C3)N4C3(CC#N)CN(S(C)(=O)=O)C3)n2)cn1,CHEMBL5976803,7.96,7.96,False,Other,8.15,8.15,-0.1900000000000004,7.68,7.68,0.28000000000000025,5.91,5.91,2.05,3,-0.1900000000000004,False
Cn1cc(Nc2nccc(N3C[C@H]4CC[C@@H](C3)N4C3(CC#N)COC3)n2)cn1,CHEMBL5857450,7.21,7.21,False,Other,6.85,6.85,0.3600000000000003,6.81,6.81,0.40000000000000036,,,,2,0.3600000000000003,False
Cn1cc(Nc2nccc(N3C[C@H]4CC[C@@H](C3)N4C3CC(C#N)C3)n2)cn1,CHEMBL6024469,7.21,7.21,False,Other,7.11,7.11,0.09999999999999964,6.63,6.63,0.5800000000000001,5.06,5.06,2.1500000000000004,3,0.09999999999999964,False
Cn1cc(Nc2nccc(N3C[C@H]4CC[C@@H](C3)N4C3CN(S(C)(=O)=O)C3)n2)cn1,CHEMBL5909444,7.16,7.16,False,Other,7.44,7.44,-0.28000000000000025,6.8,6.8,0.3600000000000003,,,,2,-0.28000000000000025,False
Cn1cc(Nc2nccc(N3C[C@H]4CC[C@@H](C3)N4CC3C[C@@H]3C#N)n2)cn1,CHEMBL6043750,6.58,6.58,False,Other,6.59,6.59,-0.009999999999999787,5.81,5.81,0.7700000000000005,,,,2,-0.009999999999999787,False
Cn1cc(Nc2nccc(N3C[C@H]4CC[C@@H](C3)N4CC3C[C@H]3C#N)n2)cn1,CHEMBL5864553,6.09,6.09,False,Other,5.96,5.96,0.1299999999999999,5.24,5.24,0.8499999999999996,,,,2,0.1299999999999999,False
Cn1cc(Nc2nccc(N3C[C@H]4CC[C@@H](C3)N4C[C@@H]3CC3(F)F)n2)cn1,CHEMBL5998218,7.39,7.39,False,Other,7.02,7.02,0.3700000000000001,6.5,6.5,0.8899999999999997,,,,2,0.3700000000000001,False
Cn1cc(Nc2nccc(N3C[C@H]4CC[C@@H](C3)N4C[C@H]3CC3(F)F)n2)cn1,CHEMBL5982625,6.9,6.9,False,Other,6.52,6.52,0.3800000000000008,6.07,6.07,0.8300000000000001,,,,2,0.3800000000000008,False
Cn1cc(Nc2nccc(N3C[C@H]4CC[C@@H](C3)N4Cc3ccno3)n2)cn1,CHEMBL5863424,7.39,7.39,False,Other,6.96,6.96,0.4299999999999997,6.41,6.41,0.9799999999999995,,,,2,0.4299999999999997,False
Cn1cc(Nc2nccc(N3C[C@H]4CC[C@@H](C3)N4Cc3ccns3)n2)cn1,CHEMBL5765303,7.64,7.64,False,Other,7.46,7.46,0.17999999999999972,6.66,6.66,0.9799999999999995,5.07,5.07,2.5699999999999994,3,0.17999999999999972,False
Cn1cc(Nc2nccc(N3C[C@H]4CC[C@@H](C3)N4Cc3cnoc3)n2)cn1,CHEMBL5804827,7.14,7.14,False,Other,6.57,6.57,0.5699999999999994,6.09,6.09,1.0499999999999998,,,,2,0.5699999999999994,False
Cn1cc(Nc2nccc(N3C[C@H]4CC[C@@H](C3)N4Cc3nccs3)n2)cn1,CHEMBL5959105,7.05,7.05,False,Other,6.53,6.53,0.5199999999999996,5.97,5.97,1.08,,,,2,0.5199999999999996,False
Cn1cc(Nc2nccc(N3C[C@H]4CC[C@@H](C3)N4S(C)(=O)=O)n2)cn1,CHEMBL6025419,6.59,6.59,False,Other,6.42,6.42,0.16999999999999993,6.18,6.18,0.41000000000000014,,,,2,0.16999999999999993,False
Cn1cc(Nc2nccc(N3C[C@H]4CC[C@@H](C3)N4c3cc(C#N)ccn3)n2)cn1,CHEMBL5902108,7.21,7.21,False,Other,7.28,7.28,-0.07000000000000028,6.58,6.58,0.6299999999999999,5.18,5.18,2.0300000000000002,3,-0.07000000000000028,False
Cn1cc(Nc2nccc(N3C[C@H]4CC[C@@H](C3)N4c3ncc(C#N)o3)n2)cn1,CHEMBL5856188,7.2,7.2,False,Other,7.17,7.17,0.03000000000000025,6.34,6.34,0.8600000000000003,,,,2,0.03000000000000025,False
Cn1cc(Nc2nccc(N3C[C@H]4CC[C@H](C3)N4C(=O)C3CC3)n2)cn1,CHEMBL4562564,7.12,7.12,False,Other,6.7,6.7,0.41999999999999993,5.8,5.8,1.3200000000000003,,,,2,0.41999999999999993,False
Cn1cc(Nc2nccc(N3C[C@H]4CC[C@H](C3)N4C(=O)NCC#N)n2)cn1,CHEMBL4520790,7.8,7.8,False,Other,7.89,7.89,-0.08999999999999986,6.54,6.54,1.2599999999999998,5.61,5.61,2.1899999999999995,3,-0.08999999999999986,False
Cn1cc(Nc2nccc(N3C[C@H]4CC[C@H](C3)N4C(=O)NCC(F)(F)F)n2)cn1,CHEMBL4526032,7.55,7.55,False,Other,7.85,7.85,-0.2999999999999998,6.390000000000001,6.390000000000001,1.1599999999999993,5.16,5.16,2.3899999999999997,3,-0.2999999999999998,False
Cn1cc(Nc2nccc(N3C[C@H]4CC[C@H](C3)N4C(=O)[C@@H]3CC3(F)F)n2)cn1,CHEMBL4458435,7.64,7.64,False,Other,7.77,7.77,-0.1299999999999999,6.675000000000001,6.675000000000001,0.964999999999999,5.19,5.19,2.4499999999999993,3,-0.1299999999999999,False
Cn1cc(Nc2nccc(N3C[C@H]4CC[C@H](C3)N4C(=O)[C@H]3CC3(F)F)n2)cn1,CHEMBL4471304,6.15,6.15,False,Other,6.08,6.08,0.07000000000000028,5.375,5.375,0.7750000000000004,,,,2,0.07000000000000028,False
Cn1cc(S(=O)(=O)C[C@H]2C[C@@H](N(C)c3ncnc4[nH]ccc34)C2)ccc1=O,CHEMBL5922978,9.87,9.87,False,Other,,,,9.94,9.94,-0.07000000000000028,8.06,8.06,1.8099999999999987,2,-0.07000000000000028,False
Cn1cc2c(n1)C(C)(C)CN(S(=O)(=O)C[C@H]1C[C@@H](N(C)c3ncnc4[nH]ccc34)C1)C2,CHEMBL5900436,8.92,8.92,False,Other,,,,9.45,9.45,-0.5299999999999994,,,,1,-0.5299999999999994,False
Cn1cc2c(n1)CN(S(=O)(=O)N[C@H]1C[C@@H](N(C)c3ncnc4[nH]ccc34)C1)C2,CHEMBL3655100,5.13,5.13,False,Other,7.34,7.34,-2.21,5.97,5.97,-0.8399999999999999,,,,2,-2.21,False
Cn1cc2cc(S(=O)(=O)C[C@H]3C[C@@H](N(C)c4ncnc5[nH]ccc45)C3)ccc2n1,CHEMBL6021211,8.47,8.47,False,Other,10.72,10.72,-2.25,9.84,9.84,-1.3699999999999992,8.0,8.0,0.47000000000000064,3,-2.25,False
Cn1ccc(-c2cc(-c3cnn(C4(CC#N)CC(C#N)C4)n3)c3cccnc3c2)n1,CHEMBL5966177,7.555,7.555,False,Other,6.05,6.05,1.505,6.855,6.855,0.6999999999999993,5.26,5.26,2.295,3,0.6999999999999993,False
Cn1ccc(-c2cc(-c3cnn(C4(CC#N)CN(S(C)(=O)=O)C4)n3)c3cccnc3c2)n1,CHEMBL5973223,7.6,7.6,False,Other,5.65,5.65,1.9499999999999993,6.54,6.54,1.0599999999999996,,,,2,1.0599999999999996,False
Cn1ccc(-c2cc3ncccc3c(-c3ccn(C4(CC#N)CN(CC(F)(F)F)C4)n3)n2)n1,CHEMBL5761640,6.81,6.81,False,Other,5.05,5.05,1.7599999999999998,5.59,5.59,1.2199999999999998,,,,2,1.2199999999999998,False
Cn1ccc(-c2ccc(Nc3cc(NC(=O)C4CC4(F)F)nc4[nH]c(C(F)F)nc34)c(S(C)(=O)=O)c2)n1,CHEMBL5872319,9.12,,True,JH2,,,,,,,,,,0,,True
Cn1ccc(-c2ccc(Nc3cc(NC(=O)C4CC4)nc4[nH]c(C(F)F)nc34)c(S(C)(=O)=O)c2)n1,CHEMBL5856282,9.52,,True,JH2,,,,,,,,,,0,,True
Cn1ccc(-c2ccc(Nc3cc(NC(=O)C4C[C@@H]4F)nc4[nH]c(C(F)F)nc34)c(S(C)(=O)=O)c2)n1,CHEMBL5944218,9.52,,True,JH2,,,,,,,,,,0,,True
Cn1ccc(-c2ccc(Nc3cc(NC(=O)[C@@H]4CC4(F)F)nc4[nH]c(C(F)F)nc34)c(S(C)(=O)=O)c2)n1,CHEMBL6004613,9.12,,True,JH2,,,,,,,,,,0,,True
Cn1ccc(-c2ccc(Nc3cc(NC(=O)[C@@H]4C[C@@H]4F)nc4[nH]c(C(F)F)nc34)c(S(C)(=O)=O)c2)n1,CHEMBL5853734,9.52,,True,JH2,,,,,,,,,,0,,True
Cn1ccc(-c2ccc(Nc3cc(NC(=O)[C@H]4CC4(F)F)nc4[nH]c(C(F)F)nc34)c(S(C)(=O)=O)c2)n1,CHEMBL5986429,8.26,,True,JH2,,,,,,,,,,0,,True
Cn1ccc(-c2cn(-c3ccccc3Cl)c(=O)c3c(N)n[nH]c23)n1,CHEMBL3765131,8.0,8.0,False,JH1,7.04,7.04,0.96,6.04,6.04,1.96,7.41,7.41,0.5899999999999999,3,0.5899999999999999,False
Cn1ccc(-c2cn3nccc3c(-c3cnn([C@]4(CC#N)C[C@@H](C#N)C4)c3)n2)n1,CHEMBL4754005,7.17,7.17,False,Other,5.6,5.6,1.5700000000000003,6.33,6.33,0.8399999999999999,,,,2,0.8399999999999999,False
Cn1ccc(-c2cn3nccc3c(-c3cnn([C@]4(CC#N)C[C@H](C#N)C4)c3)n2)n1,CHEMBL4777969,8.0,8.0,False,Other,6.58,6.58,1.42,7.35,7.35,0.6500000000000004,,,,2,0.6500000000000004,False
Cn1ccc(C2CCN(S(=O)(=O)C[C@H]3C[C@@H](N(C)c4ncnc5[nH]ccc45)C3)CC2)n1,CHEMBL5985816,9.64,9.64,False,Other,,,,10.18,10.18,-0.5399999999999991,8.24,8.24,1.4000000000000004,2,-0.5399999999999991,False
Cn1ccc(Nc2cc(Nc3ccccc3S(C)(=O)=O)c3c(=O)n(C)[nH]c3n2)n1,CHEMBL5883984,9.12,,True,JH2,,,,,,,,,,0,,True
Cn1ccc2cc(Nc3ncc(F)c(-c4cnn(CCC#N)c4)n3)ccc21,CHEMBL4872338,7.75,7.75,False,Other,,,,6.94,6.94,0.8099999999999996,,,,1,0.8099999999999996,False
Cn1cnc(-c2cc3ncccc3c(-c3ccn(C4(CC#N)CN(CC(F)(F)F)C4)n3)n2)c1,CHEMBL5858904,6.9,6.9,False,Other,,,,5.88,5.88,1.0200000000000005,,,,1,1.0200000000000005,False
Cn1cnc(-c2ccc(Nc3cc(NC(=O)C4CC4(F)F)nc4[nH]c(C(F)F)nc34)c(S(C)(=O)=O)c2)c1,CHEMBL5806959,8.26,,True,JH2,,,,,,,,,,0,,True
Cn1cnc(-c2ccc(Nc3cc(NC(=O)C4CC4)nc4[nH]c(C(F)F)nc34)c(S(C)(=O)=O)c2)c1,CHEMBL5942513,9.52,,True,JH2,,,,,,,,,,0,,True
Cn1cnc(-c2ccc(Nc3cc(NC(=O)[C@@H]4CC4(F)F)nc4[nH]c(C(F)F)nc34)c(S(C)(=O)=O)c2)c1,CHEMBL5826620,8.26,,True,JH2,,,,,,,,,,0,,True
Cn1cnc(-c2ccc(Nc3cc(NC(=O)[C@@H]4C[C@@H]4F)nc4[nH]c(C(F)F)nc34)c(S(C)(=O)=O)c2)c1,CHEMBL6035589,9.52,,True,JH2,,,,,,,,,,0,,True
Cn1cnc(-c2ccc(Nc3cc(NC(=O)[C@H]4CC4(F)F)nc4[nH]c(C(F)F)nc34)c(S(C)(=O)=O)c2)c1,CHEMBL5955340,9.12,,True,JH2,,,,,,,,,,0,,True
Cn1cnc(-c2ccc(Nc3cc(NC(=O)[C@H]4C[C@H]4F)nc4[nH]c(C(F)F)nc34)c(S(C)(=O)=O)c2)c1,CHEMBL5924126,9.52,,True,JH2,,,,,,,,,,0,,True
Cn1cnc(-c2cccc3c2OCCOCCOc2nnccc2N3)n1,CHEMBL5944702,8.12,,True,JH2,,,,,,,,,,0,,True
Cn1cnc2c(Nc3cc(N)ncn3)cc(N(C)[C@H]3CC[C@H](C#N)CC3)nc21,CHEMBL5561045,8.22,8.22,False,Other,7.08,7.08,1.1400000000000006,8.08,8.08,0.14000000000000057,6.34,6.34,1.8800000000000008,3,0.14000000000000057,False
Cn1cnc2c(Nc3cc(N)ncn3)cc(NC(C3CC3)C(F)(F)F)nc21,CHEMBL5565916,9.0,9.0,False,Other,7.85,7.85,1.1500000000000004,8.66,8.66,0.33999999999999986,7.6,7.6,1.4000000000000004,3,0.33999999999999986,False
Cn1cnc2c(Nc3cc(N)ncn3)cc(OC(C3CC3)C(F)(F)F)nc21,CHEMBL5561750,8.92,8.92,False,Other,7.96,7.96,0.96,8.7,8.7,0.22000000000000064,7.44,7.44,1.4799999999999995,3,0.22000000000000064,False
Cn1cnc2cc(-c3cc4ncccc4c(-c4ccn(C5(CC#N)CN(S(C)(=O)=O)C5)n4)n3)cnc21,CHEMBL6063674,6.63,6.63,False,Other,5.18,5.18,1.4500000000000002,5.33,5.33,1.2999999999999998,,,,2,1.2999999999999998,False
Cn1cncc1-c1ccc(Nc2cc(NC(=O)C3CC3(F)F)nc3[nH]c(C(F)F)nc23)c(S(C)(=O)=O)c1,CHEMBL5744520,9.52,,True,JH2,,,,,,,,,,0,,True
Cn1cncc1-c1ccc(Nc2cc(NC(=O)[C@H]3C[C@H]3F)nc3[nH]c(C(F)F)nc23)c(S(C)(=O)=O)c1,CHEMBL5818705,9.52,,True,JH2,,,,,,,,,,0,,True
Cn1nc(-c2cc(-c3cnn(C4(CC#N)CC(C#N)C4)n3)c3cccnc3c2)cc1CO,CHEMBL5958015,7.54,7.54,False,Other,5.73,5.73,1.8099999999999996,6.79,6.79,0.75,,,,2,0.75,False
Cn1nc(-c2cc3ncccc3c(-c3ccn(C4(CC#N)CC(C#N)C4)n3)n2)cc1CN,CHEMBL5918882,6.96,6.96,False,Other,5.43,5.43,1.5300000000000002,6.69,6.69,0.2699999999999996,5.1,5.1,1.8600000000000003,3,0.2699999999999996,False
Cn1nc(-c2cc3ncccc3c(-c3ccn(C4(CC#N)CC(C#N)C4)n3)n2)cc1CO,CHEMBL5777254,7.295,7.295,False,Other,6.17,6.17,1.125,6.575,6.575,0.7199999999999998,5.18,5.18,2.115,3,0.7199999999999998,False
Cn1nc(-c2cc3ncccc3c(-c3ccn(C4(CC#N)CC(C#N)C4)n3)n2)cc1N,CHEMBL5744205,7.95,7.95,False,Other,6.305,6.305,1.6450000000000005,7.21,7.21,0.7400000000000002,5.6,5.6,2.3500000000000005,3,0.7400000000000002,False
Cn1nc(-c2cc3ncccc3c(-c3ccn(C4(CC#N)CC(C)(C#N)C4)n3)n2)cc1N,CHEMBL5809465,6.605,6.605,False,Other,5.66,5.66,0.9450000000000003,5.985,5.985,0.6200000000000001,,,,2,0.6200000000000001,False
Cn1nc(C2CCCCC2)c2c3cc[nH]c3ncc21,CHEMBL2322136,6.52,6.52,False,Other,7.05,7.05,-0.5300000000000002,7.3,7.3,-0.7800000000000002,,,,2,-0.7800000000000002,False
Cn1nc(CO)cc1-c1cc2ncccc2c(-c2ccn(C3(CC#N)CC(C#N)C3)n2)n1,CHEMBL5883424,7.065,7.065,False,Other,5.85,5.85,1.2150000000000007,6.475,6.475,0.5900000000000007,,,,2,0.5900000000000007,False
Cn1ncc(-c2cc(-c3cnn(C4(CC#N)CC(C#N)C4)n3)c3cccnc3c2)c1C(N)=O,CHEMBL5821497,5.705,5.705,False,Other,,,,5.33,5.33,0.375,,,,1,0.375,False
Cn1ncc(-c2cc(-c3cnn(C4(CC#N)CC(C#N)C4)n3)c3cccnc3c2)c1CO,CHEMBL5893479,5.89,5.89,False,Other,,,,5.06,5.06,0.8300000000000001,,,,1,0.8300000000000001,False
Cn1ncc(-c2cc(-c3cnn(C4(CC#N)CC(C#N)C4)n3)c3cccnc3c2)c1N,CHEMBL5742753,6.890000000000001,6.890000000000001,False,Other,5.27,5.27,1.620000000000001,5.96,5.96,0.9300000000000006,,,,2,0.9300000000000006,False
Cn1ncc(-c2cc3ncccc3c(-c3ccn(C4(CC#N)CC(C#N)C4)n3)n2)c1CO,CHEMBL5924772,7.36,7.36,False,Other,6.21,6.21,1.1500000000000004,6.58,6.58,0.7800000000000002,,,,2,0.7800000000000002,False
Cn1ncc(-c2cc3ncccc3c(-c3ccn(C4(CC#N)CC(C#N)C4)n3)n2)c1N,CHEMBL5773611,7.515,7.515,False,Other,6.865,6.865,0.6499999999999995,7.21,7.21,0.3049999999999997,5.67,5.67,1.8449999999999998,3,0.3049999999999997,False
Cn1ncc(-c2cc3ncccc3c(-c3ccn(C4(CC#N)CN(CC(F)(F)F)C4)n3)n2)n1,CHEMBL5836718,6.54,6.54,False,Other,,,,5.5,5.5,1.04,,,,1,1.04,False
Cn1ncc(-c2cc3ncccc3c(-c3ccn(C4(CC#N)CN(S(C)(=O)=O)C4)n3)n2)c1C(N)=O,CHEMBL5807188,6.16,6.16,False,Other,,,,,,,,,,0,,False
Cn1ncc(-c2cc3ncccc3c(-c3ccn(C4(CC#N)CN(S(C)(=O)=O)C4)n3)n2)c1N,CHEMBL6017975,7.28,7.28,False,Other,6.23,6.23,1.0499999999999998,6.68,6.68,0.6000000000000005,,,,2,0.6000000000000005,False
Cn1ncc2c(S(=O)(=O)C[C@H]3C[C@@H](N(C)c4ncnc5[nH]ccc45)C3)cccc21,CHEMBL6052243,8.23,8.23,False,Other,10.17,10.17,-1.9399999999999995,9.02,9.02,-0.7899999999999991,8.0,8.0,0.23000000000000043,3,-1.9399999999999995,False
Cn1ncc2c1CN(S(=O)(=O)C[C@H]1C[C@@H](N(C)c3ncnc4[nH]ccc34)C1)C2,CHEMBL5776855,9.45,9.45,False,Other,,,,9.68,9.68,-0.23000000000000043,8.03,8.03,1.42,2,-0.23000000000000043,False
Cn1ncc2cc(S(=O)(=O)C[C@H]3C[C@@H](N(C)c4ncnc5[nH]ccc45)C3)ccc21,CHEMBL5969229,8.92,8.92,False,Other,10.6,10.6,-1.6799999999999997,9.25,9.25,-0.33000000000000007,8.0,8.0,0.9199999999999999,3,-1.6799999999999997,False
Cn1ncc2ccc(S(=O)(=O)C[C@H]3C[C@@H](N(C)c4ncnc5[nH]ccc45)C3)cc21,CHEMBL5890561,9.48,9.48,False,Other,10.96,10.96,-1.4800000000000004,9.62,9.62,-0.1399999999999988,8.0,8.0,1.4800000000000004,3,-1.4800000000000004,False
Cn1ncc2cccc(S(=O)(=O)C[C@H]3C[C@@H](N(C)c4ncnc5[nH]ccc45)C3)c21,CHEMBL5951780,9.33,9.33,False,Other,,,,9.83,9.83,-0.5,8.04,8.04,1.290000000000001,2,-0.5,False
Cn1nccc1-c1cc(-c2cnn(C3(CC#N)CN(S(C)(=O)=O)C3)n2)c2cccnc2c1,CHEMBL5757313,6.14,6.14,False,Other,,,,,,,,,,0,,False
Cn1nccc1-c1cc2ncccc2c(-c2ccn(C3(CC#N)CN(CC(F)(F)F)C3)n2)n1,CHEMBL5887650,6.67,6.67,False,Other,5.64,5.64,1.0300000000000002,5.68,5.68,0.9900000000000002,,,,2,0.9900000000000002,False
Cn1nccc1C1CC(CC#N)(n2ccc(-c3nc(-c4cn[nH]c4)cc4ncccc34)n2)C1,CHEMBL5778399,6.37,6.37,False,Other,5.62,5.62,0.75,5.84,5.84,0.5300000000000002,,,,2,0.5300000000000002,False
Cn1nncc1-c1cc(-c2cnn(C3(CC#N)CC(C#N)C3)n2)c2cccnc2c1,CHEMBL6040385,5.61,5.61,False,Other,,,,,,,,,,0,,False
FC(F)(Br)CNC[C@H]1CC[C@H](c2nnn3cnc4[nH]ccc4c23)CC1,CHEMBL3985243,7.0,7.0,False,Other,8.89,8.89,-1.8900000000000006,7.92,7.92,-0.9199999999999999,7.24,7.24,-0.2400000000000002,3,-1.8900000000000006,False
FC(F)(Br)CN[C@H]1CC[C@@H](c2nnn3cnc4[nH]ccc4c23)CC1,CHEMBL3973102,6.12,6.12,False,Other,7.82,7.82,-1.7000000000000002,7.2,7.2,-1.08,6.12,6.12,0.0,3,-1.7000000000000002,False
FC(F)(Br)CN[C@H]1CC[C@H](c2nnn3cnc4[nH]ccc4c23)CC1,CHEMBL3943928,7.89,7.89,False,Other,9.51,9.51,-1.62,8.55,8.55,-0.660000000000001,7.16,7.16,0.7299999999999995,3,-1.62,False
FC(F)(F)C(F)(F)CNC[C@H]1CC[C@H](c2nnn3cnc4[nH]ccc4c23)CC1,CHEMBL3972353,6.46,6.46,False,Other,8.41,8.41,-1.9500000000000002,7.47,7.47,-1.0099999999999998,6.89,6.89,-0.4299999999999997,3,-1.9500000000000002,False
FC(F)(F)C(F)(F)CN[C@H]1CC[C@H](c2nnn3cnc4[nH]ccc4c23)CC1,CHEMBL3911096,6.77,6.77,False,Other,8.82,8.82,-2.0500000000000007,7.89,7.89,-1.12,6.3,6.3,0.46999999999999975,3,-2.0500000000000007,False
FC(F)(F)C(NC[C@H]1CC[C@H](c2nnn3cnc4[nH]ccc4c23)CC1)C(F)(F)F,CHEMBL3916457,6.21,6.21,False,Other,8.89,8.89,-2.6800000000000006,7.8,7.8,-1.5899999999999999,6.33,6.33,-0.1200000000000001,3,-2.6800000000000006,False
FC(F)(F)C(N[C@H]1CC[C@H](c2nnn3cnc4[nH]ccc4c23)CC1)C(F)(F)F,CHEMBL3918943,6.08,6.08,False,Other,7.38,7.38,-1.2999999999999998,6.72,6.72,-0.6399999999999997,,,,2,-1.2999999999999998,False
FC(F)(F)C1(NC[C@H]2CC[C@H](c3nnn4cnc5[nH]ccc5c34)CC2)CC1,CHEMBL3916636,6.57,6.57,False,Other,8.57,8.57,-2.0,7.77,7.77,-1.1999999999999993,6.41,6.41,0.16000000000000014,3,-2.0,False
FC(F)(F)C1CCN(C[C@H]2CC[C@H](c3nnn4cnc5[nH]ccc5c34)CC2)CC1,CHEMBL3940644,6.13,6.13,False,Other,7.92,7.92,-1.79,7.09,7.09,-0.96,,,,2,-1.79,False
FC(F)(F)CCNC[C@H]1CC[C@H](c2nnn3cnc4[nH]ccc4c23)CC1,CHEMBL3935532,6.57,6.57,False,Other,7.82,7.82,-1.25,7.21,7.21,-0.6399999999999997,6.0,6.0,0.5700000000000003,3,-1.25,False
FC(F)(F)CN(CC1CC1)[C@H]1CC[C@H](c2nnn3cnc4[nH]ccc4c23)CC1,CHEMBL3972067,6.21,6.21,False,Other,7.7,7.7,-1.4900000000000002,7.51,7.51,-1.2999999999999998,,,,2,-1.4900000000000002,False
FC(F)(F)CN1CCC(c2nnn3cnc4[nH]ccc4c23)CC1,CHEMBL3929096,6.48,6.48,False,Other,7.529999999999999,7.529999999999999,-1.049999999999999,6.984999999999999,6.984999999999999,-0.504999999999999,6.76,6.76,-0.27999999999999936,3,-1.049999999999999,False
FC(F)(F)CNC[C@H]1CC[C@H](c2nnn3cnc4[nH]ccc4c23)CC1,CHEMBL3978202,7.2,7.2,False,Other,8.92,8.92,-1.7199999999999998,8.08,8.08,-0.8799999999999999,6.96,6.96,0.2400000000000002,3,-1.7199999999999998,False
FC(F)(F)CN[C@H]1CC[C@H](c2nnn3cnc4[nH]ccc4c23)CC1,CHEMBL3932456,6.82,6.82,False,Other,8.66,8.66,-1.8399999999999999,8.0,8.0,-1.1799999999999997,6.21,6.21,0.6100000000000003,3,-1.8399999999999999,False
FC(F)(F)Oc1ccc(CN2CCC(c3nnn4cnc5[nH]ccc5c34)CC2)cc1,CHEMBL3918854,7.21,7.21,False,Other,8.545,8.545,-1.335,7.800000000000001,7.800000000000001,-0.5900000000000007,7.53,7.53,-0.3200000000000003,3,-1.335,False
FC(F)(F)Oc1ccc(CNC[C@H]2CC[C@H](c3nnn4cnc5[nH]ccc5c34)CC2)cc1,CHEMBL3986660,8.31,8.31,False,Other,7.314999999999999,7.314999999999999,0.9950000000000019,7.04,7.04,1.2700000000000005,6.29,6.29,2.0200000000000005,3,0.9950000000000019,False
FC(F)(F)Oc1ccc(NC[C@H]2CC[C@H](c3nnn4cnc5[nH]ccc5c34)CC2)cc1,CHEMBL3973486,6.33,6.33,False,Other,7.51,7.51,-1.1799999999999997,6.505,6.505,-0.17499999999999982,6.28,6.28,0.04999999999999982,3,-1.1799999999999997,False
FC(F)(F)Sc1ccc(CN2CCC(c3nnn4cnc5[nH]ccc5c34)CC2)cc1,CHEMBL3912192,6.57,6.57,False,Other,8.34,8.34,-1.7699999999999996,7.525,7.525,-0.9550000000000001,7.085,7.085,-0.5149999999999997,3,-1.7699999999999996,False
FC(F)(F)[C@H]1CC[C@H](c2nnn3cnc4[nH]ccc4c23)CC1,CHEMBL3900224,6.955,6.955,False,Other,7.44,7.44,-0.4850000000000003,6.96,6.96,-0.004999999999999893,,,,2,-0.4850000000000003,False
FC(F)(F)c1cc(CN2CCC(c3nnn4cnc5[nH]ccc5c34)CC2)ccc1Cl,CHEMBL3936565,6.85,6.85,False,Other,8.32,8.32,-1.4700000000000006,7.38,7.38,-0.5300000000000002,6.359999999999999,6.359999999999999,0.4900000000000002,3,-1.4700000000000006,False
FC(F)(F)c1ccc(CN2CCC(c3nnn4cnc5[nH]ccc5c34)CC2)cc1,CHEMBL3916915,6.300000000000001,6.300000000000001,False,Other,8.305,8.305,-2.004999999999999,7.32,7.32,-1.0199999999999996,7.065,7.065,-0.7649999999999997,3,-2.004999999999999,False
FC(F)(F)c1ccc(CN2CCC(c3nnn4cnc5[nH]ccc5c34)CC2)cn1,CHEMBL3897798,6.44,6.44,False,Other,8.18,8.18,-1.7399999999999993,7.75,7.75,-1.3099999999999996,7.39,7.39,-0.9499999999999993,3,-1.7399999999999993,False
FC(F)(F)c1ccc(CN2CCC(c3nnn4cnc5[nH]ccc5c34)CC2)o1,CHEMBL3909146,6.92,6.92,False,Other,7.869999999999999,7.869999999999999,-0.9499999999999993,7.16,7.16,-0.2400000000000002,6.75,6.75,0.16999999999999993,3,-0.9499999999999993,False
FC(F)(F)c1ccc(CNC[C@H]2CC[C@H](c3nnn4cnc5[nH]ccc5c34)CC2)cc1,CHEMBL3900746,8.59,8.59,False,Other,8.08,8.08,0.5099999999999998,6.665,6.665,1.9249999999999998,6.52,6.52,2.0700000000000003,3,0.5099999999999998,False
FC(F)(F)c1ccc(CN[C@H]2CC[C@@H](c3nnn4cnc5[nH]ccc5c34)CC2)cc1,CHEMBL3957421,6.6,6.6,False,Other,7.64,7.64,-1.04,6.13,6.13,0.46999999999999975,,,,2,-1.04,False
FC(F)(F)c1ccc(CN[C@H]2CC[C@H](c3nnn4cnc5[nH]ccc5c34)CC2)cc1,CHEMBL3980979,7.34,7.34,False,Other,8.37,8.37,-1.0299999999999994,7.37,7.37,-0.03000000000000025,6.4,6.4,0.9399999999999995,3,-1.0299999999999994,False
FC(F)(F)c1nc2cc(NC[C@H]3CC[C@H](c4nnn5cnc6[nH]ccc6c45)CC3)ccc2[nH]1,CHEMBL3965670,7.35,7.35,False,Other,8.25,8.25,-0.9000000000000004,8.13,8.13,-0.7800000000000011,6.47,6.47,0.8799999999999999,3,-0.9000000000000004,False
FC(F)CNC[C@H]1CC[C@H](c2nnn3cnc4[nH]ccc4c23)CC1,CHEMBL3911142,6.85,6.85,False,Other,8.6,8.6,-1.75,7.82,7.82,-0.9700000000000006,6.62,6.62,0.22999999999999954,3,-1.75,False
FC(F)CN[C@H]1CC[C@H](c2nnn3cnc4[nH]ccc4c23)CC1,CHEMBL3946758,6.7,6.7,False,Other,8.12,8.12,-1.419999999999999,7.54,7.54,-0.8399999999999999,,,,2,-1.419999999999999,False
FC(F)[C@H]1CC[C@H](c2nnn3cnc4[nH]ccc4c23)CC1,CHEMBL3929124,7.145,7.145,False,Other,8.96,8.96,-1.8150000000000013,7.949999999999999,7.949999999999999,-0.8049999999999997,6.720000000000001,6.720000000000001,0.42499999999999893,3,-1.8150000000000013,False
FC1(F)CC1CN1[C@@H]2CC[C@H]1CN(c1ccnc(Nc3cn[nH]c3)n1)C2,CHEMBL6062152,7.425000000000001,7.425000000000001,False,Other,7.215,7.215,0.21000000000000085,6.415,6.415,1.0100000000000007,,,,2,0.21000000000000085,False
FC1(F)CCC(c2nnn3cnc4[nH]ccc4c23)CC1,CHEMBL3983127,6.51,6.51,False,Other,7.48,7.48,-0.9700000000000006,6.92,6.92,-0.41000000000000014,6.03,6.03,0.47999999999999954,3,-0.9700000000000006,False
FC1(F)CCN(C[C@H]2CC[C@H](c3nnn4cnc5[nH]ccc5c34)CC2)C1,CHEMBL3931713,6.05,6.05,False,Other,8.14,8.14,-2.0900000000000007,7.48,7.48,-1.4300000000000006,6.28,6.28,-0.23000000000000043,3,-2.0900000000000007,False
FC1(F)CN(C[C@H]2CC[C@H](c3nnn4cnc5[nH]ccc5c34)CC2)C1,CHEMBL3981130,6.07,6.07,False,Other,7.75,7.75,-1.6799999999999997,7.28,7.28,-1.21,6.58,6.58,-0.5099999999999998,3,-1.6799999999999997,False
FC1(F)Oc2ccc(CN3CCC(c4nnn5cnc6[nH]ccc6c45)CC3)cc2O1,CHEMBL3964008,6.24,6.24,False,Other,8.6,8.6,-2.3599999999999994,7.68,7.68,-1.4399999999999995,7.1,7.1,-0.8599999999999994,3,-2.3599999999999994,False
FC1(F)Oc2ccc(NC[C@H]3CC[C@H](c4nnn5cnc6[nH]ccc6c45)CC3)cc2O1,CHEMBL3917954,6.28,6.28,False,Other,8.17,8.17,-1.8899999999999997,7.19,7.19,-0.9100000000000001,6.07,6.07,0.20999999999999996,3,-1.8899999999999997,False
FC1CN(C[C@H]2CC[C@H](c3nnn4cnc5[nH]ccc5c34)CC2)C1,CHEMBL3985390,6.23,6.23,False,Other,8.16,8.16,-1.9299999999999997,7.22,7.22,-0.9899999999999993,6.32,6.32,-0.08999999999999986,3,-1.9299999999999997,False
FCCNC[C@H]1CC[C@H](c2nnn3cnc4[nH]ccc4c23)CC1,CHEMBL3972506,7.44,7.44,False,Other,7.53,7.53,-0.08999999999999986,6.74,6.74,0.7000000000000002,6.47,6.47,0.9700000000000006,3,-0.08999999999999986,False
FC[C@H]1CC[C@H](c2nnn3cnc4[nH]ccc4c23)CC1,CHEMBL3942741,7.96,7.96,False,Other,8.0,8.0,-0.040000000000000036,7.85,7.85,0.11000000000000032,7.19,7.19,0.7699999999999996,3,-0.040000000000000036,False
F[C@@H]1CCN(C[C@H]2CC[C@H](c3nnn4cnc5[nH]ccc5c34)CC2)C1,CHEMBL4112119,6.37,6.37,False,Other,7.885,7.885,-1.5149999999999997,6.775,6.775,-0.40500000000000025,,,,2,-1.5149999999999997,False
F[C@H]1CCN(C[C@H]2CC[C@H](c3nnn4cnc5[nH]ccc5c34)CC2)C1,CHEMBL3895546,6.315,6.315,False,Other,7.93,7.93,-1.6149999999999993,7.39,7.39,-1.0749999999999993,6.08,6.08,0.23500000000000032,3,-1.6149999999999993,False
Fc1cc(-c2cccc3ncc(-c4cnn(C5CCNCC5)c4)nc23)cc(F)c1CN1CCOCC1,CHEMBL1092926,7.195,7.195,False,Other,7.01,7.01,0.1850000000000005,9.24,9.24,-2.045,6.970000000000001,6.970000000000001,0.22499999999999964,3,-2.045,False
Fc1cc(C(F)(F)F)cc(F)c1CN1CCC(c2nnn3cnc4[nH]ccc4c23)CC1,CHEMBL3949257,6.02,6.02,False,Other,8.7,8.7,-2.6799999999999997,7.92,7.92,-1.9000000000000004,6.37,6.37,-0.35000000000000053,3,-2.6799999999999997,False
Fc1cc(C(F)(F)F)ccc1CN1CCC(c2nnn3cnc4[nH]ccc4c23)CC1,CHEMBL3974989,6.51,6.51,False,Other,8.7,8.7,-2.1899999999999995,7.7,7.7,-1.1900000000000004,6.62,6.62,-0.11000000000000032,3,-2.1899999999999995,False
Fc1cc(CN2CCC(c3nnn4cnc5[nH]ccc5c34)CC2)ccc1C(F)(F)F,CHEMBL3931226,6.01,6.01,False,Other,8.51,8.51,-2.5,7.52,7.52,-1.5099999999999998,6.77,6.77,-0.7599999999999998,3,-2.5,False
Fc1cc(CN2CCC(c3nnn4cnc5[nH]ccc5c34)CC2)ccc1Cl,CHEMBL3986377,6.52,6.52,False,Other,8.8,8.8,-2.280000000000001,7.96,7.96,-1.4400000000000004,7.1,7.1,-0.5800000000000001,3,-2.280000000000001,False
Fc1cc(Cl)ccc1CN1CCC(c2nnn3cnc4[nH]ccc4c23)CC1,CHEMBL3949040,7.01,7.01,False,Other,9.15,9.15,-2.1400000000000006,8.36,8.36,-1.3499999999999996,7.23,7.23,-0.22000000000000064,3,-2.1400000000000006,False
Fc1cc2cc(c1)-c1ccnc(n1)Nc1ccc(OCCN3CCCC3)c(c1)COCC=CCOC2,CHEMBL2181312,7.44,7.44,False,Other,6.42,6.42,1.0200000000000005,7.62,7.62,-0.17999999999999972,,,,2,-0.17999999999999972,False
Fc1ccc(C2(NC[C@H]3CC[C@H](c4nnn5cnc6[nH]ccc6c45)CC3)CC2)cc1,CHEMBL3889588,6.11,6.11,False,Other,8.29,8.29,-2.179999999999999,7.47,7.47,-1.3599999999999994,6.08,6.08,0.03000000000000025,3,-2.179999999999999,False
Fc1ccc(C2(NC[C@H]3CC[C@H](c4nnn5cnc6[nH]ccc6c45)CC3)CCC2)cc1,CHEMBL3959692,6.12,6.12,False,Other,8.47,8.47,-2.3500000000000005,7.47,7.47,-1.3499999999999996,6.18,6.18,-0.05999999999999961,3,-2.3500000000000005,False
Fc1ccc(C2(NC[C@H]3CC[C@H](c4nnn5cnc6[nH]ccc6c45)CC3)COC2)cc1,CHEMBL3926516,6.37,6.37,False,Other,8.89,8.89,-2.5200000000000005,8.15,8.15,-1.7800000000000002,6.7,6.7,-0.33000000000000007,3,-2.5200000000000005,False
Fc1ccc(CCNC[C@H]2CC[C@H](c3nnn4cnc5[nH]ccc5c34)CC2)cc1,CHEMBL3949323,7.55,7.55,False,Other,7.540000000000001,7.540000000000001,0.009999999999998899,7.57,7.57,-0.020000000000000462,6.66,6.66,0.8899999999999997,3,-0.020000000000000462,False
Fc1ccc(CCN[C@H]2CC[C@H](c3nnn4cnc5[nH]ccc5c34)CC2)cc1,CHEMBL3983447,7.0,7.0,False,Other,8.41,8.41,-1.4100000000000001,7.18,7.18,-0.17999999999999972,6.39,6.39,0.6100000000000003,3,-1.4100000000000001,False
Fc1ccc(CN2CCC(c3nnn4cnc5[nH]ccc5c34)CC2)c(Cl)c1,CHEMBL3925854,6.47,6.47,False,Other,8.36,8.36,-1.8899999999999997,7.7,7.7,-1.2300000000000004,7.0,7.0,-0.5300000000000002,3,-1.8899999999999997,False
Fc1ccc(CN2CCC(c3nnn4cnc5[nH]ccc5c34)CC2)c(F)c1,CHEMBL3907770,6.54,6.54,False,Other,8.24,8.24,-1.7000000000000002,7.52,7.52,-0.9799999999999995,6.64,6.64,-0.09999999999999964,3,-1.7000000000000002,False
Fc1ccc(CN2CCC(c3nnn4cnc5[nH]ccc5c34)CC2)cc1,CHEMBL3922240,6.645,6.645,False,Other,8.045,8.045,-1.4000000000000004,7.324999999999999,7.324999999999999,-0.6799999999999997,7.045,7.045,-0.40000000000000036,3,-1.4000000000000004,False
Fc1ccc(CN2CCC(c3nnn4cnc5[nH]ccc5c34)CC2)cc1C(F)(F)F,CHEMBL3899570,6.16,6.16,False,Other,7.305,7.305,-1.1449999999999996,7.62,7.62,-1.46,6.21,6.21,-0.04999999999999982,3,-1.46,False
Fc1ccc(CN2CCC(c3nnn4cnc5[nH]ccc5c34)CC2)cc1F,CHEMBL3953486,6.31,6.31,False,Other,8.28,8.28,-1.9699999999999998,7.64,7.64,-1.33,6.77,6.77,-0.45999999999999996,3,-1.9699999999999998,False
Fc1ccc(CN2CCC(c3nnn4cnc5[nH]ccc5c34)CC2)cn1,CHEMBL3965965,6.7,6.7,False,Other,7.88,7.88,-1.1799999999999997,6.99,6.99,-0.29000000000000004,7.58,7.58,-0.8799999999999999,3,-1.1799999999999997,False
Fc1ccc(CNC[C@H]2CC[C@H](c3nnn4cnc5[nH]ccc5c34)CC2)cc1,CHEMBL3984960,7.49,7.49,False,Other,8.205,8.205,-0.7149999999999999,6.87,6.87,0.6200000000000001,6.66,6.66,0.8300000000000001,3,-0.7149999999999999,False
Fc1ccc(CNC[C@H]2CC[C@H](c3nnn4cnc5[nH]ccc5c34)CC2)cc1C(F)(F)F,CHEMBL3950680,7.99,7.99,False,Other,8.45,8.45,-0.4599999999999991,6.85,6.85,1.1400000000000006,6.6,6.6,1.3900000000000006,3,-0.4599999999999991,False
Fc1ccc(CN[C@H]2CC[C@@H](c3nnn4cnc5[nH]ccc5c34)CC2)cc1,CHEMBL3942424,6.51,6.51,False,Other,7.52,7.52,-1.0099999999999998,6.26,6.26,0.25,,,,2,-1.0099999999999998,False
Fc1ccc(CN[C@H]2CC[C@H](c3nnn4cnc5[nH]ccc5c34)CC2)cc1,CHEMBL3980095,6.92,6.92,False,Other,8.15,8.15,-1.2300000000000004,7.38,7.38,-0.45999999999999996,6.25,6.25,0.6699999999999999,3,-1.2300000000000004,False
Fc1ccc(NC2CCC(c3nnn4cnc5[nH]ccc5c34)CC2)cc1,CHEMBL3983231,6.5,6.5,False,Other,7.855,7.855,-1.3550000000000004,7.5,7.5,-1.0,6.25,6.25,0.25,3,-1.3550000000000004,False
Fc1ccc(NC[C@H]2CC[C@H](c3nnn4cnc5[nH]ccc5c34)CC2)c(C(F)(F)F)c1,CHEMBL3973017,6.1,6.1,False,Other,7.465,7.465,-1.3650000000000002,6.255000000000001,6.255000000000001,-0.15500000000000114,,,,2,-1.3650000000000002,False
Fc1ccc(NC[C@H]2CC[C@H](c3nnn4cnc5[nH]ccc5c34)CC2)cc1,CHEMBL3909814,6.34,6.34,False,Other,8.105,8.105,-1.7650000000000006,7.35,7.35,-1.0099999999999998,6.62,6.62,-0.28000000000000025,3,-1.7650000000000006,False
Fc1ccc(NC[C@H]2CC[C@H](c3nnn4cnc5[nH]ccc5c34)CC2)cc1F,CHEMBL3934440,6.07,6.07,False,Other,7.77,7.77,-1.6999999999999993,7.25,7.25,-1.1799999999999997,6.31,6.31,-0.23999999999999932,3,-1.6999999999999993,False
Fc1ccc(N[C@H]2CC[C@H](c3nnn4cnc5[nH]ccc5c34)CC2)cc1,CHEMBL3907565,6.62,6.62,False,Other,8.18,8.18,-1.5599999999999996,7.24,7.24,-0.6200000000000001,6.38,6.38,0.2400000000000002,3,-1.5599999999999996,False
Fc1ccc([C@@H]2C[C@H]2CN[C@H]2CC[C@H](c3nnn4cnc5[nH]ccc5c34)CC2)cc1,CHEMBL3922303,6.17,6.17,False,Other,8.1,8.1,-1.9299999999999997,6.85,6.85,-0.6799999999999997,,,,2,-1.9299999999999997,False
Fc1cccc(CN2CCC(c3nnn4cnc5[nH]ccc5c34)CC2)c1,CHEMBL3957937,6.535,6.535,False,Other,8.565000000000001,8.565000000000001,-2.030000000000001,7.609999999999999,7.609999999999999,-1.0749999999999993,6.67,6.67,-0.1349999999999998,3,-2.030000000000001,False
Fc1cccc(F)c1-c1ccc2[nH]cc(-c3cncc(O[C@@H]4CCCNC4)n3)c2c1,CHEMBL4287367,6.6,6.6,False,JH2,,,,,,,,,,0,,True
Fc1ccccc1CN1CCC(c2nnn3cnc4[nH]ccc4c23)CC1,CHEMBL3945964,6.55,6.55,False,Other,7.285,7.285,-0.7350000000000003,7.85,7.85,-1.2999999999999998,6.44,6.44,0.10999999999999943,3,-1.2999999999999998,False
Fc1cnc(Nc2ccccc2)nc1Nc1ccccc1,CHEMBL491758,6.2,6.2,False,Other,,,,7.8,7.8,-1.5999999999999996,6.5,6.5,-0.2999999999999998,2,-1.5999999999999996,False
Fc1cnc2nc1-c1cccc(c1)COCC=CCOCc1cc(ccc1OCCN1CCCC1)N2,CHEMBL2181310,6.85,6.85,False,Other,6.08,6.08,0.7699999999999996,7.77,7.77,-0.9199999999999999,6.0,6.0,0.8499999999999996,3,-0.9199999999999999,False
Fc1cnccc1CN1CCC(c2nnn3cnc4[nH]ccc4c23)CC1,CHEMBL3940267,6.85,6.85,False,Other,8.47,8.47,-1.620000000000001,7.96,7.96,-1.1100000000000003,6.51,6.51,0.33999999999999986,3,-1.620000000000001,False
IC[C@H]1CC[C@H](c2nnn3cnc4[nH]ccc4c23)CC1,CHEMBL3934116,8.14,8.14,False,Other,9.0,9.0,-0.8599999999999994,8.37,8.37,-0.22999999999999865,7.27,7.27,0.870000000000001,3,-0.8599999999999994,False
Ic1ccc(CN2CCC(c3nnn4cnc5[nH]ccc5c34)CC2)o1,CHEMBL3923513,6.8,6.8,False,Other,7.814999999999999,7.814999999999999,-1.0149999999999988,7.2,7.2,-0.40000000000000036,6.75,6.75,0.04999999999999982,3,-1.0149999999999988,False
N#C/C=C/[C@H]1CC[C@H](c2nnn3cnc4[nH]ccc4c23)CC1,CHEMBL3971373,6.85,6.85,False,Other,8.28,8.28,-1.4299999999999997,7.51,7.51,-0.6600000000000001,6.27,6.27,0.5800000000000001,3,-1.4299999999999997,False
N#C/C=C/c1ccc(-c2nc3cnc4[nH]ccc4c3n2C2CCCCC2)o1,CHEMBL4128266,7.36,7.36,False,Other,7.92,7.92,-0.5599999999999996,7.28,7.28,0.08000000000000007,8.625,8.625,-1.2649999999999997,3,-1.2649999999999997,False
N#CC(C#N)=C[C@H]1CC[C@H](c2nnn3cnc4[nH]ccc4c23)CC1,CHEMBL3898818,6.62,6.62,False,Other,8.32,8.32,-1.7000000000000002,7.89,7.89,-1.2699999999999996,6.54,6.54,0.08000000000000007,3,-1.7000000000000002,False
N#CC(C#N)=Cc1ccc(-c2nc3cnc4[nH]ccc4c3n2C2CCCCC2)o1,CHEMBL4125719,7.85,7.85,False,Other,8.4,8.4,-0.5500000000000007,6.73,6.73,1.1199999999999992,8.905000000000001,8.905000000000001,-1.0550000000000015,3,-1.0550000000000015,False
N#CC(C#N)C[C@H]1CC[C@H](c2nnn3cnc4[nH]ccc4c23)CC1,CHEMBL3930389,7.17,7.17,False,Other,8.59,8.59,-1.42,8.06,8.06,-0.8900000000000006,6.77,6.77,0.40000000000000036,3,-1.42,False
N#CC1(C(=O)N2CC3(CCC(c4cccc5nc(NC(=O)C6CC6)nn45)CC3)C2)CC1,CHEMBL5172426,7.75,7.75,False,Other,7.82,7.82,-0.07000000000000028,6.7,6.7,1.0499999999999998,,,,2,-0.07000000000000028,False
N#CC1(C(=O)NC2CC=C(c3cccc4nc(NC(=O)C5CC5)nn34)CC2)CC1,CHEMBL5764688,5.85,5.85,False,Other,6.74,6.74,-0.8900000000000006,5.86,5.86,-0.010000000000000675,,,,2,-0.8900000000000006,False
N#CC1(CN2[C@@H]3CC[C@H]2CN(c2ccnc(Nc4cn[nH]c4)n2)C3)CC1,CHEMBL5879254,6.82,6.82,False,Other,6.82,6.82,0.0,6.34,6.34,0.4800000000000004,,,,2,0.0,False
N#CC1CC12CCC(c1nnn3cnc4[nH]ccc4c13)CC2,CHEMBL3962051,7.35,7.35,False,Other,8.47,8.47,-1.120000000000001,8.05,8.05,-0.7000000000000011,6.6,6.6,0.75,3,-1.120000000000001,False
N#CC1CCN(C2CCC(c3nnn4cnc5[nH]ccc5c34)CC2)CC1,CHEMBL3970109,6.65,6.65,False,Other,8.015,8.015,-1.3650000000000002,6.72,6.72,-0.0699999999999994,,,,2,-1.3650000000000002,False
N#CC1CCN(C[C@H]2CC[C@H](c3nnn4cnc5[nH]ccc5c34)CC2)CC1,CHEMBL3922488,6.21,6.21,False,Other,7.779999999999999,7.779999999999999,-1.5699999999999994,6.7,6.7,-0.4900000000000002,,,,2,-1.5699999999999994,False
N#CC1CCN(c2n[nH]cc2NC(=O)c2cnn3cccnc23)CC1,CHEMBL3667527,6.64,6.64,False,JH1,6.75,6.75,-0.11000000000000032,7.5,7.5,-0.8600000000000003,6.41,6.41,0.22999999999999954,3,-0.8600000000000003,False
N#CC1CN(C[C@H]2CC[C@H](c3nnn4cnc5[nH]ccc5c34)CC2)C1,CHEMBL3939325,6.32,6.32,False,Other,8.11,8.11,-1.7899999999999991,7.3,7.3,-0.9799999999999995,6.82,6.82,-0.5,3,-1.7899999999999991,False
N#CC=C1CCC(c2nnn3cnc4[nH]ccc4c23)CC1,CHEMBL3985220,7.47,7.47,False,Other,8.64,8.64,-1.1700000000000008,7.85,7.85,-0.3799999999999999,6.31,6.31,1.1600000000000001,3,-1.1700000000000008,False
N#CCC(=O)N(CC#N)C[C@H]1CC[C@H](c2nnn3cnc4[nH]ccc4c23)CC1,CHEMBL3904571,6.51,6.51,False,Other,8.28,8.28,-1.7699999999999996,7.89,7.89,-1.38,6.66,6.66,-0.15000000000000036,3,-1.7699999999999996,False
N#CCC(=O)N(CC(F)(F)F)C[C@H]1CC[C@H](c2nnn3cnc4[nH]ccc4c23)CC1,CHEMBL3975399,6.89,6.89,False,Other,8.47,8.47,-1.580000000000001,8.14,8.14,-1.2500000000000009,6.51,6.51,0.3799999999999999,3,-1.580000000000001,False
N#CCC(=O)N(CC(F)(F)F)C[C@H]1CC[C@H](n2c(=O)[nH]c(=O)c3cnc4[nH]ccc4c32)CC1,CHEMBL5927572,6.48,6.48,False,Other,8.31,8.31,-1.83,7.22,7.22,-0.7399999999999993,6.3,6.3,0.1800000000000006,3,-1.83,False
N#CCC(=O)N(C[C@H]1CC[C@H](c2nnn3cnc4[nH]ccc4c23)CC1)C1CC1,CHEMBL3980246,6.08,6.08,False,Other,7.72,7.72,-1.6399999999999997,7.5,7.5,-1.42,6.04,6.04,0.040000000000000036,3,-1.6399999999999997,False
N#CCC(=O)N1CC(c2nc3cnc4[nH]ccc4c3n2[C@H]2CC[C@H](CC#N)CC2)C1,CHEMBL6001013,7.28,7.28,False,JH2,8.82,8.82,-1.54,7.06,7.06,0.22000000000000064,5.97,5.97,1.3100000000000005,3,-1.54,True
N#CCC(=O)N1CC2(CCC(c3cccc4nc(NC(=O)C5CC5)nn34)CC2)C1,CHEMBL5199420,7.57,7.57,False,Other,7.85,7.85,-0.27999999999999936,7.11,7.11,0.45999999999999996,5.53,5.53,2.04,3,-0.27999999999999936,False
N#CCC(=O)N1CCC2(CCC(c3cccc4nc(NC(=O)C5CC5)nn34)CC2)C1,CHEMBL5179073,6.56,6.56,False,Other,7.17,7.17,-0.6100000000000003,6.28,6.28,0.27999999999999936,,,,2,-0.6100000000000003,False
N#CCC(=O)N1CCC2(CCC(c3cccc4nc(NC(=O)C5CC5)nn34)CC2)CC1,CHEMBL5198580,7.58,7.58,False,Other,7.7,7.7,-0.1200000000000001,7.1,7.1,0.4800000000000004,5.63,5.63,1.9500000000000002,3,-0.1200000000000001,False
N#CCC(=O)N1CCCC(c2ncn3cnc4[nH]ccc4c23)C1,CHEMBL3898786,6.64,6.64,False,Other,7.705,7.705,-1.0650000000000004,7.29,7.29,-0.6500000000000004,6.865,6.865,-0.22500000000000053,3,-1.0650000000000004,False
N#CCC(=O)N1CCC[C@@H](n2cnc3cnc4[nH]ccc4c32)C1,CHEMBL2152300,8.33,8.33,False,Other,9.4,9.4,-1.0700000000000003,8.92,8.92,-0.5899999999999999,8.42,8.42,-0.08999999999999986,3,-1.0700000000000003,False
N#CCC(=O)N1CCC[C@@H](n2nnc3cnc4[nH]ccc4c32)C1,CHEMBL2392500,7.7,7.7,False,Other,8.82,8.82,-1.12,8.42,8.42,-0.7199999999999998,7.62,7.62,0.08000000000000007,3,-1.12,False
N#CCC(=O)NC[C@H]1CC[C@H](c2nnn3cnc4[nH]ccc4c23)CC1,CHEMBL3981393,6.39,6.39,False,Other,8.39,8.39,-2.000000000000001,7.8,7.8,-1.4100000000000001,6.64,6.64,-0.25,3,-2.000000000000001,False
N#CCC(=O)Nc1ccc(CNc2cc(Nc3ccc(N4CCOCC4)cc3)ncn2)cc1,CHEMBL4518786,5.81,5.81,False,Other,6.04,6.04,-0.23000000000000043,5.84,5.84,-0.03000000000000025,8.31,8.31,-2.500000000000001,3,-2.500000000000001,False
N#CCC(=O)Nc1cccc(CNc2c(C(N)=O)cnn3cccc23)c1,CHEMBL4066730,5.7,5.7,False,Other,6.58,6.58,-0.8799999999999999,6.18,6.18,-0.47999999999999954,7.46,7.46,-1.7599999999999998,3,-1.7599999999999998,False
N#CCC1(n2c(CC(=O)NCC3CCOCC3)nc3cnc4[nH]ccc4c32)CCCCC1,CHEMBL5784506,8.96,8.96,False,JH2,10.0,10.0,-1.0399999999999991,8.85,8.85,0.11000000000000121,7.55,7.55,1.410000000000001,3,-1.0399999999999991,True
N#CCC1(n2cc(-c3cc(-c4c[nH]nc4N)cc4nccn34)cn2)CC(C#N)C1,CHEMBL5968535,7.14,7.14,False,Other,5.57,5.57,1.5699999999999994,5.9,5.9,1.2399999999999993,,,,2,1.2399999999999993,False
N#CCC1(n2cc(-c3cc(-c4cc[nH]n4)cc4nccn34)cn2)CC(C#N)C1,CHEMBL5933263,6.970000000000001,6.970000000000001,False,Other,6.04,6.04,0.9300000000000006,5.79,5.79,1.1800000000000006,,,,2,0.9300000000000006,False
N#CCC1(n2cc(-c3cc(-c4ccc(N)nc4)cc4nccn34)cn2)CC(C#N)C1,CHEMBL5971173,6.99,6.99,False,Other,5.62,5.62,1.37,5.98,5.98,1.0099999999999998,,,,2,1.0099999999999998,False
N#CCC1(n2cc(-c3cc(-c4ccc(O)cc4)cc4nccn34)cn2)CC(C#N)C1,CHEMBL5828558,6.9,6.9,False,Other,5.82,5.82,1.08,5.91,5.91,0.9900000000000002,,,,2,0.9900000000000002,False
N#CCC1(n2cc(-c3cc(-c4cccc(C(N)=O)n4)cc4nccn34)cn2)CC(C#N)C1,CHEMBL5801366,7.6,7.6,False,Other,6.21,6.21,1.3899999999999997,6.83,6.83,0.7699999999999996,,,,2,0.7699999999999996,False
N#CCC1(n2cc(-c3cc(-c4cn[nH]c4)cc4nccn34)cn2)CC(C#N)C1,CHEMBL5780648,6.9,6.9,False,Other,5.88,5.88,1.0200000000000005,6.09,6.09,0.8100000000000005,,,,2,0.8100000000000005,False
N#CCC1(n2cc(-c3cc(-c4cn[nH]c4N)cc4ncccc34)cn2)CC(C#N)C1,CHEMBL6036818,6.63,6.63,False,Other,5.53,5.53,1.0999999999999996,5.76,5.76,0.8700000000000001,,,,2,0.8700000000000001,False
N#CCC1(n2cc(-c3cc(-c4nc(CO)cs4)cc4nccn34)cn2)CC(C#N)C1,CHEMBL5888723,7.29,7.29,False,Other,5.8,5.8,1.4900000000000002,6.29,6.29,1.0,,,,2,1.0,False
N#CCC1(n2cc(-c3ccnc4[nH]ccc34)cn2)CN(S(=O)(=O)CCC(F)(F)F)C1,CHEMBL5769460,7.24,7.24,False,Other,8.65,8.65,-1.4100000000000001,8.67,8.67,-1.4299999999999997,7.44,7.44,-0.20000000000000018,3,-1.4299999999999997,False
N#CCC1(n2cc(-c3nc(-c4cc(CO)[nH]n4)cn4nccc34)cn2)CN(CC2CC2)C1,CHEMBL5953296,7.21,7.21,False,Other,5.98,5.98,1.2299999999999995,6.52,6.52,0.6900000000000004,,,,2,0.6900000000000004,False
N#CCC1(n2cc(-c3nc(-c4cn[nH]c4)cc4ncccc34)cn2)CN(CC(F)(F)F)C1,CHEMBL5806483,7.82,7.82,False,Other,7.46,7.46,0.3600000000000003,7.41,7.41,0.41000000000000014,5.15,5.15,2.67,3,0.3600000000000003,False
N#CCC1(n2cc(-c3nc(-c4cnn(C5CCOCC5)c4)cc4ncccc34)cn2)CN(CC(F)(F)F)C1,CHEMBL5760169,7.68,7.68,False,Other,7.16,7.16,0.5199999999999996,7.85,7.85,-0.16999999999999993,5.58,5.58,2.0999999999999996,3,-0.16999999999999993,False
N#CCC1(n2cc(-c3nc(-c4cnn(CCO)c4)cc4ncccc34)cn2)CC(C#N)C1,CHEMBL6012218,7.435,7.435,False,Other,7.199999999999999,7.199999999999999,0.23500000000000032,7.58,7.58,-0.14500000000000046,5.95,5.95,1.4849999999999994,3,-0.14500000000000046,False
N#CCC1(n2cc(-c3ncnc4[nH]ccc34)cn2)CN(C2CCN(C(=O)c3ccnc(C(F)(F)F)c3F)CC2)C1,CHEMBL3622820,6.1,6.1,False,Other,8.47,8.47,-2.370000000000001,7.27,7.27,-1.17,5.7,5.7,0.39999999999999947,3,-2.370000000000001,False
N#CCC1(n2ccc(-c3nc(-c4c[nH]nc4N)cc4ncccc34)n2)CC(C#N)C1,CHEMBL5791620,8.2,8.2,False,Other,7.529999999999999,7.529999999999999,0.6699999999999999,7.85,7.85,0.34999999999999964,5.705,5.705,2.494999999999999,3,0.34999999999999964,False
N#CCC1(n2ccc(-c3nc(-c4cc(CO)[nH]n4)cc4ncccc34)n2)CC(C#N)C1,CHEMBL5998803,7.985,7.985,False,Other,6.96,6.96,1.0250000000000004,7.47,7.47,0.5150000000000006,5.63,5.63,2.3550000000000004,3,0.5150000000000006,False
N#CCC1(n2ccc(-c3nc(-c4cc(CO)no4)cc4ncccc34)n2)CC(C#N)C1,CHEMBL5758571,7.58,7.58,False,Other,6.4,6.4,1.1799999999999997,7.0,7.0,0.5800000000000001,,,,2,0.5800000000000001,False
N#CCC1(n2ccc(-c3nc(-c4cc(N)[nH]n4)cc4ncccc34)n2)CC(C#N)C1,CHEMBL5842620,8.1,8.1,False,Other,7.85,7.85,0.25,7.68,7.68,0.41999999999999993,5.91,5.91,2.1899999999999995,3,0.25,False
N#CCC1(n2ccc(-c3nc(-c4cc(N)cnn4)cc4ncccc34)n2)CC(C#N)C1,CHEMBL6036363,5.885,5.885,False,Other,,,,5.42,5.42,0.46499999999999986,,,,1,0.46499999999999986,False
N#CCC1(n2ccc(-c3nc(-c4cc5n(n4)CCNC5)cc4ncccc34)n2)CC(C#N)C1,CHEMBL6001702,7.515000000000001,7.515000000000001,False,Other,5.75,5.75,1.7650000000000006,7.005000000000001,7.005000000000001,0.5099999999999998,5.29,5.29,2.2250000000000005,3,0.5099999999999998,False
N#CCC1(n2ccc(-c3nc(-c4cc[nH]n4)cc4ncccc34)n2)CC(C(N)=O)C1,CHEMBL5999588,6.28,6.28,False,Other,5.43,5.43,0.8500000000000005,5.414999999999999,5.414999999999999,0.8650000000000011,,,,2,0.8500000000000005,False
N#CCC1(n2ccc(-c3nc(-c4cc[nH]n4)cc4ncccc34)n2)CC2(COC2)C1,CHEMBL5866784,6.43,6.43,False,Other,5.37,5.37,1.0599999999999996,5.55,5.55,0.8799999999999999,,,,2,0.8799999999999999,False
N#CCC1(n2ccc(-c3nc(-c4cc[nH]n4)cc4ncccc34)n2)CN(CC(F)(F)F)C1,CHEMBL5902723,7.64,7.64,False,Other,6.32,6.32,1.3199999999999994,6.37,6.37,1.2699999999999996,,,,2,1.2699999999999996,False
N#CCC1(n2ccc(-c3nc(-c4ccc(=O)[nH]c4)cc4ncccc34)n2)CN(S(=O)(=O)C2CC2)C1,CHEMBL5907089,7.5,7.5,False,Other,6.26,6.26,1.2400000000000002,6.01,6.01,1.4900000000000002,,,,2,1.2400000000000002,False
N#CCC1(n2ccc(-c3nc(-c4ccc(N)c(C(N)=O)n4)cc4ncccc34)n2)CC(C#N)C1,CHEMBL5911666,7.35,7.35,False,Other,6.19,6.19,1.1599999999999993,5.98,5.98,1.3699999999999992,,,,2,1.1599999999999993,False
N#CCC1(n2ccc(-c3nc(-c4ccc(N)cn4)cc4ncccc34)n2)CC(C#N)C1,CHEMBL5994404,7.26,7.26,False,Other,5.88,5.88,1.38,6.22,6.22,1.04,,,,2,1.04,False
N#CCC1(n2ccc(-c3nc(-c4ccc(N)nc4)cc4ncccc34)n2)CC(C#N)C1,CHEMBL5832866,7.7,7.7,False,Other,6.805,6.805,0.8950000000000005,7.07,7.07,0.6299999999999999,5.69,5.69,2.01,3,0.6299999999999999,False
N#CCC1(n2ccc(-c3nc(-c4ccc(N)nc4)cc4ncccc34)n2)CN(CC(F)(F)F)C1,CHEMBL5997869,7.17,7.17,False,Other,6.02,6.02,1.1500000000000004,6.08,6.08,1.0899999999999999,,,,2,1.0899999999999999,False
N#CCC1(n2ccc(-c3nc(-c4ccc(O)nc4)cc4ncccc34)n2)CN(C2CC(F)(F)C2)C1,CHEMBL5869145,7.06,7.06,False,Other,5.69,5.69,1.3699999999999992,5.68,5.68,1.38,,,,2,1.3699999999999992,False
N#CCC1(n2ccc(-c3nc(-c4ccc(O)nc4)cc4ncccc34)n2)CN(CC(F)(F)F)C1,CHEMBL6037528,7.68,7.68,False,Other,6.42,6.42,1.2599999999999998,6.4,6.4,1.2799999999999994,,,,2,1.2599999999999998,False
N#CCC1(n2ccc(-c3nc(-c4ccc(S(N)(=O)=O)nc4)cc4ncccc34)n2)CC(C#N)C1,CHEMBL5869088,7.49,7.49,False,Other,6.28,6.28,1.21,6.965,6.965,0.5250000000000004,5.01,5.01,2.4800000000000004,3,0.5250000000000004,False
N#CCC1(n2ccc(-c3nc(-c4ccc5nncn5c4)cc4ncccc34)n2)CN(CC(F)(F)F)C1,CHEMBL6058788,6.89,6.89,False,Other,5.56,5.56,1.33,5.89,5.89,1.0,,,,2,1.0,False
N#CCC1(n2ccc(-c3nc(-c4cccc(C(N)=O)n4)cc4ncccc34)n2)CC(C#N)C1,CHEMBL5873470,7.28,7.28,False,Other,5.7,5.7,1.58,6.33,6.33,0.9500000000000002,,,,2,0.9500000000000002,False
N#CCC1(n2ccc(-c3nc(-c4cccc(CO)n4)cc4ncccc34)n2)CC(C#N)C1,CHEMBL5900099,6.7,6.7,False,Other,5.53,5.53,1.17,6.05,6.05,0.6500000000000004,,,,2,0.6500000000000004,False
N#CCC1(n2ccc(-c3nc(-c4cccc(O)n4)cc4ncccc34)n2)CC(C#N)C1,CHEMBL5822630,7.34,7.34,False,Other,5.880000000000001,5.880000000000001,1.459999999999999,6.78,6.78,0.5599999999999996,,,,2,0.5599999999999996,False
N#CCC1(n2ccc(-c3nc(-c4cccnc4)cc4ncccc34)n2)CN(CC(F)(F)F)C1,CHEMBL5813727,7.18,7.18,False,Other,5.56,5.56,1.62,6.01,6.01,1.17,,,,2,1.17,False
N#CCC1(n2ccc(-c3nc(-c4ccn(C5COC5)n4)cc4ncccc34)n2)CN(CC(F)(F)F)C1,CHEMBL5838240,6.59,6.59,False,Other,,,,5.63,5.63,0.96,,,,1,0.96,False
N#CCC1(n2ccc(-c3nc(-c4ccn[nH]4)cc4ncccc34)n2)CC(C#N)C1,CHEMBL5842385,7.825,7.825,False,Other,6.785,6.785,1.04,6.96,6.96,0.8650000000000002,5.17,5.17,2.6550000000000002,3,0.8650000000000002,False
N#CCC1(n2ccc(-c3nc(-c4ccn[nH]4)cc4ncccc34)n2)CC(CO)C1,CHEMBL5861558,6.52,6.52,False,Other,5.505,5.505,1.0149999999999997,5.69,5.69,0.8299999999999992,,,,2,0.8299999999999992,False
N#CCC1(n2ccc(-c3nc(-c4ccn[nH]4)cc4ncccc34)n2)CN(S(=O)(=O)C2CC2)C1,CHEMBL5802142,7.7,7.7,False,Other,6.35,6.35,1.3500000000000005,6.09,6.09,1.6100000000000003,,,,2,1.3500000000000005,False
N#CCC1(n2ccc(-c3nc(-c4ccn[nH]4)cc4ncccc34)n2)CN(S(=O)(=O)C2COC2)C1,CHEMBL5864637,7.58,7.58,False,Other,6.76,6.76,0.8200000000000003,6.73,6.73,0.8499999999999996,5.0,5.0,2.58,3,0.8200000000000003,False
N#CCC1(n2ccc(-c3nc(-c4ccnc(C(N)=O)c4)cc4ncccc34)n2)CC(C#N)C1,CHEMBL5987470,7.44,7.44,False,Other,6.33,6.33,1.1100000000000003,6.93,6.93,0.5100000000000007,,,,2,0.5100000000000007,False
N#CCC1(n2ccc(-c3nc(-c4ccnc(C(N)=O)c4)cc4ncccc34)n2)CN(CC(F)(F)F)C1,CHEMBL5952240,6.76,6.76,False,Other,5.22,5.22,1.54,5.66,5.66,1.0999999999999996,,,,2,1.0999999999999996,False
N#CCC1(n2ccc(-c3nc(-c4ccnc(C(N)=O)n4)cc4ncccc34)n2)CC(C#N)C1,CHEMBL5916294,6.845000000000001,6.845000000000001,False,Other,5.65,5.65,1.1950000000000003,6.14,6.14,0.705000000000001,,,,2,0.705000000000001,False
N#CCC1(n2ccc(-c3nc(-c4ccnc(CO)c4)cc4ncccc34)n2)CC(C#N)C1,CHEMBL5809446,7.72,7.72,False,Other,7.06,7.06,0.6600000000000001,7.34,7.34,0.3799999999999999,5.36,5.36,2.3599999999999994,3,0.3799999999999999,False
N#CCC1(n2ccc(-c3nc(-c4ccnc(N)c4)cc4ncccc34)n2)CC(C#N)C1,CHEMBL5919384,7.925000000000001,7.925000000000001,False,Other,6.94,6.94,0.9850000000000003,7.1,7.1,0.8250000000000011,5.71,5.71,2.2150000000000007,3,0.8250000000000011,False
N#CCC1(n2ccc(-c3nc(-c4ccnc(N)c4)cc4ncccc34)n2)CN(CC(F)(F)F)C1,CHEMBL5866735,7.43,7.43,False,Other,6.18,6.18,1.25,6.16,6.16,1.2699999999999996,,,,2,1.25,False
N#CCC1(n2ccc(-c3nc(-c4ccncc4)cc4ncccc34)n2)CN(CC(F)(F)F)C1,CHEMBL5783142,7.57,7.57,False,Other,6.22,6.22,1.3500000000000005,6.41,6.41,1.1600000000000001,,,,2,1.1600000000000001,False
N#CCC1(n2ccc(-c3nc(-c4ccncc4F)cc4ncccc34)n2)CN(CC(F)(F)F)C1,CHEMBL6007027,6.54,6.54,False,Other,,,,5.01,5.01,1.5300000000000002,,,,1,1.5300000000000002,False
N#CCC1(n2ccc(-c3nc(-c4ccnnc4)cc4ncccc34)n2)CN(CC(F)(F)F)C1,CHEMBL5846497,6.46,6.46,False,Other,5.02,5.02,1.4400000000000004,5.21,5.21,1.25,,,,2,1.25,False
N#CCC1(n2ccc(-c3nc(-c4cn(C5COC5)cn4)cc4ncccc34)n2)CN(CC(F)(F)F)C1,CHEMBL5827200,6.65,6.65,False,Other,,,,5.86,5.86,0.79,,,,1,0.79,False
N#CCC1(n2ccc(-c3nc(-c4cn[nH]c4)cc4ncccc34)n2)CC(C#N)C1,CHEMBL5740034,7.875,7.875,False,Other,6.995,6.995,0.8799999999999999,7.050000000000001,7.050000000000001,0.8249999999999993,5.81,5.81,2.0650000000000004,3,0.8249999999999993,False
N#CCC1(n2ccc(-c3nc(-c4cn[nH]c4)cc4ncccc34)n2)CC(c2ccn[nH]2)C1,CHEMBL5780721,7.52,7.52,False,Other,6.78,6.78,0.7399999999999993,6.99,6.99,0.5299999999999994,5.28,5.28,2.2399999999999993,3,0.5299999999999994,False
N#CCC1(n2ccc(-c3nc(-c4cn[nH]c4)cc4ncccc34)n2)CN(CC(F)(F)F)C1,CHEMBL5780033,7.89,7.89,False,Other,6.66,6.66,1.2299999999999995,6.57,6.57,1.3199999999999994,5.01,5.01,2.88,3,1.2299999999999995,False
N#CCC1(n2ccc(-c3nc(-c4cn[nH]c4CO)cc4ncccc34)n2)CC(C#N)C1,CHEMBL6055737,7.76,7.76,False,Other,6.725,6.725,1.0350000000000001,7.23,7.23,0.5299999999999994,5.73,5.73,2.0299999999999994,3,0.5299999999999994,False
N#CCC1(n2ccc(-c3nc(-c4cn[nH]n4)cc4ncccc34)n2)CN(CC(F)(F)F)C1,CHEMBL5988129,6.62,6.62,False,Other,5.23,5.23,1.3899999999999997,5.47,5.47,1.1500000000000004,,,,2,1.1500000000000004,False
N#CCC1(n2ccc(-c3nc(-c4cnc5c(c4)CCC5)cc4ncccc34)n2)CN(CC(F)(F)F)C1,CHEMBL5741945,5.82,5.82,False,Other,,,,5.24,5.24,0.5800000000000001,,,,1,0.5800000000000001,False
N#CCC1(n2ccc(-c3nc(-c4cnc5cc[nH]c5c4)cc4ncccc34)n2)CN(CC(F)(F)F)C1,CHEMBL5820951,7.48,7.48,False,Other,5.71,5.71,1.7700000000000005,6.18,6.18,1.3000000000000007,,,,2,1.3000000000000007,False
N#CCC1(n2ccc(-c3nc(-c4cncc(F)c4)cc4ncccc34)n2)CN(CC(F)(F)F)C1,CHEMBL5743890,5.86,5.86,False,Other,,,,5.17,5.17,0.6900000000000004,,,,1,0.6900000000000004,False
N#CCC1(n2ccc(-c3nc(-c4cncnc4)cc4ncccc34)n2)CN(CC(F)(F)F)C1,CHEMBL6049569,5.58,5.58,False,Other,,,,,,,,,,0,,False
N#CCC1(n2ccc(-c3nc(-c4cnn(C5CCCCO5)n4)cc4ncccc34)n2)CN(CC(F)(F)F)C1,CHEMBL6025350,6.51,6.51,False,Other,5.19,5.19,1.3199999999999994,5.56,5.56,0.9500000000000002,,,,2,0.9500000000000002,False
N#CCC1(n2ccc(-c3nc(-c4cnn(C5CCNCC5)c4)cc4ncccc34)n2)CN(CC(F)(F)F)C1,CHEMBL5926699,7.39,7.39,False,Other,5.98,5.98,1.4099999999999993,7.27,7.27,0.1200000000000001,5.36,5.36,2.0299999999999994,3,0.1200000000000001,False
N#CCC1(n2ccc(-c3nc(-c4cnn(C5CNC5)c4)cc4ncccc34)n2)CN(CC(F)(F)F)C1,CHEMBL5853890,6.92,6.92,False,Other,5.15,5.15,1.7699999999999996,6.49,6.49,0.4299999999999997,,,,2,0.4299999999999997,False
N#CCC1(n2ccc(-c3nc(-c4cnn(C5COC5)c4)cc4ncccc34)n2)CN(CC(F)(F)F)C1,CHEMBL6033999,7.54,7.54,False,Other,6.01,6.01,1.5300000000000002,7.09,7.09,0.4500000000000002,5.08,5.08,2.46,3,0.4500000000000002,False
N#CCC1(n2ccc(-c3nc(-c4cnn(CCO)c4)cc4ncccc34)n2)CC(C#N)C1,CHEMBL5976974,7.58,7.58,False,Other,6.710000000000001,6.710000000000001,0.8699999999999992,7.31,7.31,0.27000000000000046,5.98,5.98,1.5999999999999996,3,0.27000000000000046,False
N#CCC1(n2ccc(-c3nc(-c4cnnc(N)c4)cc4ncccc34)n2)CC(C#N)C1,CHEMBL5812043,7.17,7.17,False,Other,5.66,5.66,1.5099999999999998,6.15,6.15,1.0199999999999996,,,,2,1.0199999999999996,False
N#CCC1(n2ccc(-c3nc(-c4nc(CO)cs4)cc4ncccc34)n2)CC(C#N)C1,CHEMBL5794170,6.92,6.92,False,Other,5.69,5.69,1.2299999999999995,6.09,6.09,0.8300000000000001,,,,2,0.8300000000000001,False
N#CCC1(n2ccc(-c3nc(-c4ncc[nH]4)cc4ncccc34)n2)CN(CC(F)(F)F)C1,CHEMBL5745046,6.63,6.63,False,Other,5.06,5.06,1.5700000000000003,5.59,5.59,1.04,,,,2,1.04,False
N#CCC1(n2ccc(-c3nc(Cl)cc4ncccc34)n2)CN(CC(F)(F)F)C1,CHEMBL6017290,5.83,5.83,False,Other,5.05,5.05,0.7800000000000002,,,,,,,1,0.7800000000000002,False
N#CCC1(n2ccc(-c3nc(Oc4cccc(N)n4)cc4ncccc34)n2)CC(C#N)C1,CHEMBL6018395,5.72,5.72,False,Other,,,,5.48,5.48,0.23999999999999932,,,,1,0.23999999999999932,False
N#CCC1(n2ccc(-c3nccc4ncccc34)n2)CN(CC(F)(F)F)C1,CHEMBL5784878,5.11,5.11,False,Other,,,,,,,,,,0,,False
N#CCC1(n2ncc(-c3cc(-c4c[nH]nc4CO)cc4ncccc34)n2)CC(C#N)C1,CHEMBL5925411,7.505,7.505,False,Other,5.91,5.91,1.5949999999999998,6.470000000000001,6.470000000000001,1.0349999999999993,5.03,5.03,2.4749999999999996,3,1.0349999999999993,False
N#CCC1(n2ncc(-c3cc(-c4cc(C(N)=O)c(F)cn4)cc4ncccc34)n2)CC(C#N)C1,CHEMBL5968463,5.42,5.42,False,Other,,,,,,,,,,0,,False
N#CCC1(n2ncc(-c3cc(-c4cc(C(N)=O)ccn4)cc4ncccc34)n2)CC(C#N)C1,CHEMBL6018954,5.47,5.47,False,Other,5.02,5.02,0.4500000000000002,,,,,,,1,0.4500000000000002,False
N#CCC1(n2ncc(-c3cc(-c4cc(CO)[nH]n4)cc4ncccc34)n2)CC(C#N)C1,CHEMBL5856109,7.75,7.75,False,Other,6.14,6.14,1.6100000000000003,6.88,6.88,0.8700000000000001,,,,2,0.8700000000000001,False
N#CCC1(n2ncc(-c3cc(-c4cc(CO)ns4)cc4ncccc34)n2)CC(C#N)C1,CHEMBL5830290,6.6,6.6,False,Other,5.42,5.42,1.1799999999999997,5.73,5.73,0.8699999999999992,,,,2,0.8699999999999992,False
N#CCC1(n2ncc(-c3cc(-c4cc(N)[nH]n4)cc4ncccc34)n2)CC(C#N)C1,CHEMBL6032785,8.0,8.0,False,Other,6.949999999999999,6.949999999999999,1.0500000000000007,7.14,7.14,0.8600000000000003,5.375,5.375,2.625,3,0.8600000000000003,False
N#CCC1(n2ncc(-c3cc(-c4cc(N)ncn4)cc4ncccc34)n2)CC(C#N)C1,CHEMBL5966507,7.11,7.11,False,Other,5.2,5.2,1.9100000000000001,6.11,6.11,1.0,,,,2,1.0,False
N#CCC1(n2ncc(-c3cc(-c4cc5c(cn4)CCN5)cc4ncccc34)n2)CC(C#N)C1,CHEMBL5880183,6.71,6.71,False,Other,5.03,5.03,1.6799999999999997,6.09,6.09,0.6200000000000001,,,,2,0.6200000000000001,False
N#CCC1(n2ncc(-c3cc(-c4cc[nH]c(=O)c4)cc4ncccc34)n2)CC(C#N)C1,CHEMBL5768550,7.0,7.0,False,Other,5.63,5.63,1.37,6.225,6.225,0.7750000000000004,,,,2,0.7750000000000004,False
N#CCC1(n2ncc(-c3cc(-c4cc[nH]n4)cc4ncccc34)n2)CC(C#N)C1,CHEMBL6057165,8.0,8.0,False,Other,6.725,6.725,1.2750000000000004,7.15,7.15,0.8499999999999996,5.51,5.51,2.49,3,0.8499999999999996,False
N#CCC1(n2ncc(-c3cc(-c4cc[nH]n4)cc4ncccc34)n2)CN(CC(F)(F)F)C1,CHEMBL6029055,7.39,7.39,False,Other,6.27,6.27,1.12,6.22,6.22,1.17,,,,2,1.12,False
N#CCC1(n2ncc(-c3cc(-c4cc[nH]n4)cc4ncccc34)n2)CN(CC2(F)CC2)C1,CHEMBL6060937,6.5,6.5,False,Other,5.34,5.34,1.1600000000000001,5.61,5.61,0.8899999999999997,,,,2,0.8899999999999997,False
N#CCC1(n2ncc(-c3cc(-c4cc[nH]n4)cc4ncccc34)n2)CN(S(=O)(=O)C2CC2)C1,CHEMBL6011174,8.0,8.0,False,Other,6.55,6.55,1.4500000000000002,6.6,6.6,1.4000000000000004,,,,2,1.4000000000000004,False
N#CCC1(n2ncc(-c3cc(-c4cc[nH]n4)cc4ncccc34)n2)CN(S(N)(=O)=O)C1,CHEMBL5975032,7.8,7.8,False,Other,6.54,6.54,1.2599999999999998,6.91,6.91,0.8899999999999997,5.48,5.48,2.3199999999999994,3,0.8899999999999997,False
N#CCC1(n2ncc(-c3cc(-c4ccc(-c5nnn[nH]5)cc4)cc4ncccc34)n2)CC(C#N)C1,CHEMBL5919309,7.77,7.77,False,Other,6.75,6.75,1.0199999999999996,6.8,6.8,0.9699999999999998,5.03,5.03,2.7399999999999993,3,0.9699999999999998,False
N#CCC1(n2ncc(-c3cc(-c4ccc(C(=O)O)cc4)cc4ncccc34)n2)CC(C#N)C1,CHEMBL5745762,7.445,7.445,False,Other,6.255,6.255,1.1900000000000004,6.35,6.35,1.0950000000000006,,,,2,1.0950000000000006,False
N#CCC1(n2ncc(-c3cc(-c4ccc(C(N)=O)cc4)cc4ncccc34)n2)CC(C#N)C1,CHEMBL5807806,7.35,7.35,False,Other,6.025,6.025,1.3249999999999993,6.535,6.535,0.8149999999999995,5.17,5.17,2.1799999999999997,3,0.8149999999999995,False
N#CCC1(n2ncc(-c3cc(-c4ccc(C(N)=O)cn4)cc4ncccc34)n2)CC(C#N)C1,CHEMBL5897384,7.225,7.225,False,Other,6.08,6.08,1.1449999999999996,6.565,6.565,0.6599999999999993,,,,2,0.6599999999999993,False
N#CCC1(n2ncc(-c3cc(-c4ccc(F)cn4)cc4ncccc34)n2)CC(C#N)C1,CHEMBL5938221,7.21,7.21,False,Other,5.92,5.92,1.29,6.5,6.5,0.71,,,,2,0.71,False
N#CCC1(n2ncc(-c3cc(-c4ccc(N)cn4)cc4ncccc34)n2)CC(C#N)C1,CHEMBL6061810,7.4,7.4,False,Other,6.125,6.125,1.2750000000000004,6.805,6.805,0.5950000000000006,5.17,5.17,2.2300000000000004,3,0.5950000000000006,False
N#CCC1(n2ncc(-c3cc(-c4ccc(N)nc4)cc4ncccc34)n2)CC(C#N)C1,CHEMBL6002518,7.285,7.285,False,Other,5.93,5.93,1.3550000000000004,6.405,6.405,0.8799999999999999,5.09,5.09,2.1950000000000003,3,0.8799999999999999,False
N#CCC1(n2ncc(-c3cc(-c4ccc(N)nn4)cc4ncccc34)n2)CC(C#N)C1,CHEMBL5806135,7.529999999999999,7.529999999999999,False,Other,5.779999999999999,5.779999999999999,1.75,6.8,6.8,0.7299999999999995,5.04,5.04,2.4899999999999993,3,0.7299999999999995,False
N#CCC1(n2ncc(-c3cc(-c4ccc(OCCN)cc4)cc4ncccc34)n2)CC(C#N)C1,CHEMBL5757927,6.86,6.86,False,Other,5.19,5.19,1.67,6.09,6.09,0.7700000000000005,,,,2,0.7700000000000005,False
N#CCC1(n2ncc(-c3cc(-c4cccc(C(=O)O)n4)cc4ncccc34)n2)CC(C#N)C1,CHEMBL5911448,7.24,7.24,False,Other,5.335,5.335,1.9050000000000002,6.125,6.125,1.1150000000000002,,,,2,1.1150000000000002,False
N#CCC1(n2ncc(-c3cc(-c4cccc(C(N)=O)c4)cc4ncccc34)n2)CC(C#N)C1,CHEMBL5996354,7.135,7.135,False,Other,5.825,5.825,1.3099999999999996,6.375,6.375,0.7599999999999998,,,,2,0.7599999999999998,False
N#CCC1(n2ncc(-c3cc(-c4cccc(C(N)=O)n4)cc4ncccc34)n2)CC(C#N)C1,CHEMBL5910654,7.96,7.96,False,Other,6.57,6.57,1.3899999999999997,7.3,7.3,0.6600000000000001,5.61,5.61,2.3499999999999996,3,0.6600000000000001,False
N#CCC1(n2ncc(-c3cc(-c4cccc(N)n4)cc4ncccc34)n2)CC(C#N)C1,CHEMBL5978633,7.35,7.35,False,Other,5.99,5.99,1.3599999999999994,6.605,6.605,0.7449999999999992,5.42,5.42,1.9299999999999997,3,0.7449999999999992,False
N#CCC1(n2ncc(-c3cc(-c4cccc5c4NC(=O)C5)cc4ncccc34)n2)CC(C#N)C1,CHEMBL5837944,6.14,6.14,False,Other,,,,5.19,5.19,0.9499999999999993,,,,1,0.9499999999999993,False
N#CCC1(n2ncc(-c3cc(-c4ccccn4)cc4ncccc34)n2)CC(C#N)C1,CHEMBL5910502,7.64,7.64,False,Other,5.96,5.96,1.6799999999999997,6.91,6.91,0.7299999999999995,,,,2,0.7299999999999995,False
N#CCC1(n2ncc(-c3cc(-c4cccnc4N)cc4ncccc34)n2)CC(C#N)C1,CHEMBL5936496,5.44,5.44,False,Other,,,,,,,,,,0,,False
N#CCC1(n2ncc(-c3cc(-c4ccn[nH]4)cc4ncccc34)n2)CN(S(=O)(=O)C2COC2)C1,CHEMBL5743955,7.77,7.77,False,Other,6.47,6.47,1.2999999999999998,6.71,6.71,1.0599999999999996,,,,2,1.0599999999999996,False
N#CCC1(n2ncc(-c3cc(-c4ccnc(N)c4)cc4ncccc34)n2)CC(C#N)C1,CHEMBL5914158,7.03,7.03,False,Other,5.55,5.55,1.4800000000000004,5.89,5.89,1.1400000000000006,,,,2,1.1400000000000006,False
N#CCC1(n2ncc(-c3cc(-c4cn5ccnc5c(N)n4)cc4ncccc34)n2)CC(C#N)C1,CHEMBL5803396,7.12,7.12,False,Other,5.65,5.65,1.4699999999999998,6.74,6.74,0.3799999999999999,,,,2,0.3799999999999999,False
N#CCC1(n2ncc(-c3cc(-c4cn[nH]c4)cc4ncccc34)n2)CC(C#N)C1,CHEMBL5900994,7.91,7.91,False,Other,6.595000000000001,6.595000000000001,1.3149999999999995,6.995,6.995,0.915,5.56,5.56,2.3500000000000005,3,0.915,False
N#CCC1(n2ncc(-c3cc(-c4cn[nH]c4N)cc4ncccc34)n2)CC(C#N)C1,CHEMBL5986252,8.05,8.05,False,Other,6.245,6.245,1.8050000000000006,6.695,6.695,1.3550000000000004,5.09,5.09,2.960000000000001,3,1.3550000000000004,False
N#CCC1(n2ncc(-c3cc(-c4cnc(CO)s4)cc4ncccc34)n2)CC(C#N)C1,CHEMBL5810636,6.87,6.87,False,Other,5.59,5.59,1.2800000000000002,6.0,6.0,0.8700000000000001,,,,2,0.8700000000000001,False
N#CCC1(n2ncc(-c3cc(-c4cnc(N)cn4)cc4ncccc34)n2)CC(C#N)C1,CHEMBL5953239,6.155,6.155,False,Other,5.72,5.72,0.4350000000000005,5.98,5.98,0.17499999999999982,,,,2,0.17499999999999982,False
N#CCC1(n2ncc(-c3cc(-c4cnc(N)nc4)cc4ncccc34)n2)CC(C#N)C1,CHEMBL6060866,5.99,5.99,False,Other,5.07,5.07,0.9199999999999999,5.28,5.28,0.71,,,,2,0.71,False
N#CCC1(n2ncc(-c3cc(-c4cnc5[nH]ccc5n4)cc4ncccc34)n2)CC(C#N)C1,CHEMBL6050042,6.16,6.16,False,Other,5.5,5.5,0.6600000000000001,5.64,5.64,0.5200000000000005,,,,2,0.5200000000000005,False
N#CCC1(n2ncc(-c3cc(-c4cnc5c(N)nccn45)cc4ncccc34)n2)CC(C#N)C1,CHEMBL5945755,6.54,6.54,False,Other,5.27,5.27,1.2700000000000005,5.83,5.83,0.71,,,,2,0.71,False
N#CCC1(n2ncc(-c3cc(-c4cnc5cccnn45)cc4ncccc34)n2)CC(C#N)C1,CHEMBL5879664,6.95,6.95,False,Other,5.81,5.81,1.1400000000000006,6.45,6.45,0.5,,,,2,0.5,False
N#CCC1(n2ncc(-c3cc(-c4cnc5ncccn45)cc4ncccc34)n2)CC(C#N)C1,CHEMBL5939450,6.385,6.385,False,Other,5.13,5.13,1.255,5.815,5.815,0.5699999999999994,,,,2,0.5699999999999994,False
N#CCC1(n2ncc(-c3cc(-c4cncc(N)n4)cc4ncccc34)n2)CC(C#N)C1,CHEMBL5860409,5.965,5.965,False,Other,5.48,5.48,0.48499999999999943,5.44,5.44,0.5249999999999995,,,,2,0.48499999999999943,False
N#CCC1(n2ncc(-c3cc(-c4cnccn4)cc4ncccc34)n2)CC(C#N)C1,CHEMBL5770622,6.18,6.18,False,Other,5.15,5.15,1.0299999999999994,5.51,5.51,0.6699999999999999,,,,2,0.6699999999999999,False
N#CCC1(n2ncc(-c3cc(-c4cncnc4)cc4ncccc34)n2)CC(C#N)C1,CHEMBL5769505,5.55,5.55,False,Other,,,,5.01,5.01,0.54,,,,1,0.54,False
N#CCC1(n2ncc(-c3cc(-c4cnn(CCO)c4)cc4ncccc34)n2)CC(C#N)C1,CHEMBL5890870,7.875,7.875,False,Other,6.53,6.53,1.3449999999999998,7.314999999999999,7.314999999999999,0.5600000000000014,5.43,5.43,2.4450000000000003,3,0.5600000000000014,False
N#CCC1(n2ncc(-c3cc(-c4cnn5cccnc45)cc4ncccc34)n2)CC(C#N)C1,CHEMBL6013132,6.51,6.51,False,Other,6.13,6.13,0.3799999999999999,6.234999999999999,6.234999999999999,0.27500000000000036,,,,2,0.27500000000000036,False
N#CCC1(n2ncc(-c3cc(-c4nc(CO)cs4)cc4ncccc34)n2)CC(C#N)C1,CHEMBL5824808,7.564999999999999,7.564999999999999,False,Other,5.93,5.93,1.634999999999999,6.61,6.61,0.9549999999999983,5.05,5.05,2.514999999999999,3,0.9549999999999983,False
N#CCC1(n2ncc(-c3cc(-c4ncc(CO)s4)cc4ncccc34)n2)CC(C#N)C1,CHEMBL5777867,7.19,7.19,False,Other,5.48,5.48,1.71,6.18,6.18,1.0100000000000007,,,,2,1.0100000000000007,False
N#CCC1(n2ncc(-c3cc(-c4ncc(OCCO)cn4)cc4ncccc34)n2)CC(C#N)C1,CHEMBL5768155,5.67,5.67,False,Other,,,,,,,,,,0,,False
N#CCC1(n2ncc(-c3cc(-c4ncccn4)cc4ncccc34)n2)CC(C#N)C1,CHEMBL5762013,5.89,5.89,False,Other,,,,,,,,,,0,,False
N#CCC1(n2ncc(-c3cc(-c4scnc4CO)cc4ncccc34)n2)CC(C#N)C1,CHEMBL5885832,6.11,6.11,False,Other,,,,,,,,,,0,,False
N#CCC12CCC(NC(=O)Cc3nc4cnc5[nH]ccc5c4n3[C@H]3CC[C@H](CC#N)CC3)(CC1)C2,CHEMBL6059080,8.190000000000001,8.190000000000001,False,JH2,9.35,9.35,-1.1599999999999984,8.364999999999998,8.364999999999998,-0.17499999999999716,7.14,7.14,1.0500000000000016,3,-1.1599999999999984,True
N#CCC12CCC(n3c(CC(=O)N4CCCCC4)nc4cnc5[nH]ccc5c43)(CC1)CC2,CHEMBL5903885,6.22,6.22,False,JH2,8.28,8.28,-2.0599999999999996,6.31,6.31,-0.08999999999999986,6.36,6.36,-0.14000000000000057,3,-2.0599999999999996,True
N#CCC12CCC(n3c(CC(=O)NCC4CCCCC4)nc4cnc5[nH]ccc5c43)(CC1)CC2,CHEMBL5844378,6.15,6.15,False,JH2,8.12,8.12,-1.9699999999999989,6.36,6.36,-0.20999999999999996,6.27,6.27,-0.11999999999999922,3,-1.9699999999999989,True
N#CCC12CCC(n3c(CC(=O)Nc4ccccc4)nc4cnc5[nH]ccc5c43)(CC1)CC2,CHEMBL5832523,6.28,6.28,False,JH2,8.17,8.17,-1.8899999999999997,6.7,6.7,-0.41999999999999993,6.43,6.43,-0.14999999999999947,3,-1.8899999999999997,True
N#CCC12CCC(n3c(CC(N)=O)nc4cnc5[nH]ccc5c43)(CC1)CC2,CHEMBL5956449,6.8,6.8,False,JH2,8.25,8.25,-1.4500000000000002,6.68,6.68,0.1200000000000001,6.05,6.05,0.75,3,-1.4500000000000002,True
N#CCC1CC(CC#N)(n2cc(-c3nc(-c4cn[nH]c4)cc4ncccc34)cn2)C1,CHEMBL5918749,7.574999999999999,7.574999999999999,False,Other,7.25,7.25,0.3249999999999993,7.24,7.24,0.3349999999999991,5.22,5.22,2.3549999999999995,3,0.3249999999999993,False
N#CCC1CC(CC#N)(n2ccc(-c3nc(-c4ccn[nH]4)cc4ncccc34)n2)C1,CHEMBL5901390,7.515000000000001,7.515000000000001,False,Other,6.285,6.285,1.2300000000000004,6.359999999999999,6.359999999999999,1.1550000000000011,,,,2,1.1550000000000011,False
N#CCC1CC(CC#N)(n2ccc(-c3nc(-c4cn[nH]c4)cc4ncccc34)n2)C1,CHEMBL5786521,7.49,7.49,False,Other,6.37,6.37,1.12,6.545,6.545,0.9450000000000003,5.07,5.07,2.42,3,0.9450000000000003,False
N#CCC1CCC(n2c(-c3c[nH]cn3)nc3cnc4[nH]ccc4c32)CC1,CHEMBL5781079,8.82,8.82,False,Other,9.7,9.7,-0.879999999999999,9.0,9.0,-0.17999999999999972,7.47,7.47,1.3500000000000005,3,-0.879999999999999,False
N#CCC1CCC(n2c(CC(=O)NC34CCC(CC#N)(CC3)C4)nc3cnc4[nH]ccc4c32)CC1,CHEMBL5971372,8.05,8.05,False,JH2,9.0,9.0,-0.9499999999999993,8.19,8.19,-0.1399999999999988,7.06,7.06,0.9900000000000011,3,-0.9499999999999993,True
N#CCC1CCC(n2c(CC(=O)NC3CCOCC3)nc3cnc4[nH]ccc4c32)CC1,CHEMBL5974583,8.39,8.39,False,JH2,9.52,9.52,-1.129999999999999,8.68,8.68,-0.28999999999999915,7.64,7.64,0.7500000000000009,3,-1.129999999999999,True
N#CCC1CCC(n2c(CC(=O)NCC3(O)CC3)nc3cnc4[nH]ccc4c32)CC1,CHEMBL5874021,8.06,8.06,False,JH2,9.05,9.05,-0.9900000000000002,8.03,8.03,0.030000000000001137,7.0,7.0,1.0600000000000005,3,-0.9900000000000002,True
N#CCC1CCC(n2c(CC(=O)NCC3(O)CCC3)nc3cnc4[nH]ccc4c32)CC1,CHEMBL5813870,8.18,8.18,False,JH2,9.4,9.4,-1.2200000000000006,8.15,8.15,0.02999999999999936,7.12,7.12,1.0599999999999996,3,-1.2200000000000006,True
N#CCC1CCC(n2c(CC(=O)NCC3CC3)nc3cnc4[nH]ccc4c32)CC1,CHEMBL5837103,7.94,7.94,False,JH2,9.7,9.7,-1.759999999999999,8.21,8.21,-0.27000000000000046,7.08,7.08,0.8600000000000003,3,-1.759999999999999,True
N#CCC1CCC(n2c(CC(=O)Nc3cc[nH]n3)nc3cnc4[nH]ccc4c32)CC1,CHEMBL5988475,8.82,8.82,False,JH2,9.4,9.4,-0.5800000000000001,8.8,8.8,0.019999999999999574,7.52,7.52,1.3000000000000007,3,-0.5800000000000001,True
N#CCC1CCN(c2nc(Nc3ccc(N4CCC(O)CC4)cc3)c3c(=O)[nH]ncc3n2)CC1,CHEMBL4594275,8.1,8.1,False,Other,7.34,7.34,0.7599999999999998,8.4,8.4,-0.3000000000000007,7.96,7.96,0.13999999999999968,3,-0.3000000000000007,False
N#CCCC(=O)NCc1nc2cnc3[nH]ccc3c2n1[C@H]1CC[C@H](CC#N)CC1,CHEMBL5841829,7.4,7.4,False,JH2,8.85,8.85,-1.4499999999999993,7.13,7.13,0.27000000000000046,5.96,5.96,1.4400000000000004,3,-1.4499999999999993,True
N#CCCCN1CN([C@H]2CC[C@H](CNCC(F)(F)F)CC2)c2c(cnc3[nH]ccc23)C1=O,CHEMBL3981841,6.7,6.7,False,Other,8.47,8.47,-1.7700000000000005,7.44,7.44,-0.7400000000000002,7.2,7.2,-0.5,3,-1.7700000000000005,False
N#CCCN(CCC#N)C1CCC(c2nnn3cnc4[nH]ccc4c23)CC1,CHEMBL3953229,7.55,7.55,False,Other,8.7,8.7,-1.1499999999999995,8.6,8.6,-1.0499999999999998,6.7,6.7,0.8499999999999996,3,-1.1499999999999995,False
N#CCCN(CCC#N)C[C@H]1CC[C@H](c2nnn3cnc4[nH]ccc4c23)CC1,CHEMBL3951107,7.66,7.66,False,Other,8.89,8.89,-1.2300000000000004,8.72,8.72,-1.0600000000000005,7.52,7.52,0.14000000000000057,3,-1.2300000000000004,False
N#CCCN1CC2(CCC(c3cccc4nc(NC(=O)C5CC5)nn34)CC2)C1,CHEMBL5206970,6.43,6.43,False,Other,7.19,7.19,-0.7600000000000007,6.1,6.1,0.33000000000000007,,,,2,-0.7600000000000007,False
N#CCCN1CCN(C[C@H]2CC[C@H](c3nnn4cnc5[nH]ccc5c34)CC2)CC1,CHEMBL3973072,6.12,6.12,False,Other,8.1,8.1,-1.9799999999999995,6.72,6.72,-0.5999999999999996,,,,2,-1.9799999999999995,False
N#CCCN1[C@@H]2CC[C@H]1CN(c1ccnc(Nc3cn[nH]c3)n1)C2,CHEMBL5818140,7.47,7.47,False,Other,7.42,7.42,0.04999999999999982,6.39,6.39,1.08,5.07,5.07,2.3999999999999995,3,0.04999999999999982,False
N#CCCNC(=O)Cc1nc2cnc3[nH]ccc3c2n1C1CCC(CC#N)CC1,CHEMBL5780262,8.66,8.66,False,JH2,10.0,10.0,-1.3399999999999999,8.18,8.18,0.4800000000000004,7.02,7.02,1.6400000000000006,3,-1.3399999999999999,True
N#CCCNC(=O)Cc1nc2cnc3[nH]ccc3c2n1[C@H]1CC[C@H](CC#N)CC1,CHEMBL4563534,8.66,8.66,False,JH2,9.925,9.925,-1.2650000000000006,7.615,7.615,1.045,7.02,7.02,1.6400000000000006,3,-1.2650000000000006,True
N#CCCNC(=O)[C@H]1CC[C@H](c2nnn3cnc4[nH]ccc4c23)CC1,CHEMBL3921442,6.8,6.8,False,Other,8.44,8.44,-1.6399999999999997,7.44,7.44,-0.6400000000000006,,,,2,-1.6399999999999997,False
N#CCCNC(=O)c1nc2cnc3[nH]ccc3c2n1[C@H]1CC[C@H](CC#N)CC1,CHEMBL6058229,7.73,7.73,False,JH2,9.05,9.05,-1.3200000000000003,7.72,7.72,0.010000000000000675,6.71,6.71,1.0200000000000005,3,-1.3200000000000003,True
N#CCCNC[C@H]1CC[C@H](c2nnn3cnc4[nH]ccc4c23)CC1,CHEMBL3894474,7.36,7.36,False,Other,7.495,7.495,-0.1349999999999998,7.58,7.58,-0.21999999999999975,6.7,6.7,0.6600000000000001,3,-0.21999999999999975,False
N#CCCN[C@H]1CC[C@H](n2nnc3cnc4[nH]ccc4c32)CC1,CHEMBL2392480,7.1,7.1,False,Other,8.23,8.23,-1.1300000000000008,7.68,7.68,-0.5800000000000001,6.91,6.91,0.1899999999999995,3,-1.1300000000000008,False
N#CCCS(=O)(=O)NCc1nc2cnc3[nH]ccc3c2n1[C@H]1CC[C@H](CC#N)CC1,CHEMBL5936736,8.48,8.48,False,JH2,10.0,10.0,-1.5199999999999996,8.15,8.15,0.33000000000000007,6.19,6.19,2.29,3,-1.5199999999999996,True
N#CCC[C@H]1CC[C@H](c2nnn3cnc4[nH]ccc4c23)CC1,CHEMBL3944859,7.62,7.62,False,Other,8.8,8.8,-1.1800000000000006,8.34,8.34,-0.7199999999999998,6.92,6.92,0.7000000000000002,3,-1.1800000000000006,False
N#CCC[C@H]1CC[C@H](n2c(=O)[nH]c(=O)c3cnc4[nH]ccc4c32)CC1,CHEMBL5942690,7.5,7.5,False,Other,8.7,8.7,-1.1999999999999993,7.6,7.6,-0.09999999999999964,6.09,6.09,1.4100000000000001,3,-1.1999999999999993,False
N#CCCc1ccc(-c2nc3cnc4[nH]ccc4c3n2C2CCCCC2)o1,CHEMBL4127590,7.6,7.6,False,Other,7.8,7.8,-0.20000000000000018,7.32,7.32,0.27999999999999936,7.445,7.445,0.15499999999999936,3,-0.20000000000000018,False
N#CCCn1cc(-c2nc(Nc3ccc4c(c3)CCN4)ncc2F)cn1,CHEMBL4851075,8.7,8.7,False,Other,,,,6.54,6.54,2.1599999999999993,,,,1,2.1599999999999993,False
N#CCCn1cc(-c2nc(Nc3ccc4c(c3)CCN4C(=O)C3(C#N)CC3)ncc2F)cn1,CHEMBL4856634,8.22,8.22,False,Other,6.59,6.59,1.6300000000000008,7.55,7.55,0.6700000000000008,6.72,6.72,1.5000000000000009,3,0.6700000000000008,False
N#CCCn1cc(-c2nc(Nc3ccc4c(c3)CCN4C(=O)CN3CCS(=O)(=O)CC3)ncc2F)cn1,CHEMBL4865102,8.7,8.7,False,Other,6.9,6.9,1.799999999999999,7.85,7.85,0.8499999999999996,6.61,6.61,2.089999999999999,3,0.8499999999999996,False
N#CCCn1cc(-c2nc(Nc3ccc4c(c3)CCN4C(=O)c3ccc(C(F)(F)F)cc3)ncc2F)cn1,CHEMBL4868858,8.3,8.3,False,Other,,,,6.82,6.82,1.4800000000000004,,,,1,1.4800000000000004,False
N#CCCn1cc(-c2nc(Nc3ccc4c(c3)CCN4S(=O)(=O)C(F)(F)F)ncc2F)cn1,CHEMBL4873109,8.4,8.4,False,Other,6.04,6.04,2.3600000000000003,6.71,6.71,1.6900000000000004,,,,2,1.6900000000000004,False
N#CCCn1cc(-c2nc(Nc3ccc4c(c3)CCN4S(=O)(=O)c3ccc(C(F)(F)F)cc3)ncc2F)cn1,CHEMBL4853438,8.05,8.05,False,Other,,,,7.4,7.4,0.6500000000000004,,,,1,0.6500000000000004,False
N#CCCn1cc(-c2nc(Nc3ccc4c(c3)CNC4=O)ncc2F)cn1,CHEMBL4871133,8.15,8.15,False,Other,,,,7.24,7.24,0.9100000000000001,,,,1,0.9100000000000001,False
N#CCCn1cc(-c2nc(Nc3ccc4c(ccn4C(=O)C4CC4)c3)ncc2F)cn1,CHEMBL4872557,6.82,6.82,False,Other,,,,6.52,6.52,0.3000000000000007,,,,1,0.3000000000000007,False
N#CCCn1cc(-c2nc(Nc3ccc4c(ccn4S(=O)(=O)C(F)(F)F)c3)ncc2F)cn1,CHEMBL4864387,8.05,8.05,False,Other,,,,6.8,6.8,1.2500000000000009,,,,1,1.2500000000000009,False
N#CCN(CC1CC1)C[C@H]1CC[C@H](c2nnn3cnc4[nH]ccc4c23)CC1,CHEMBL3942459,6.96,6.96,False,Other,8.02,8.02,-1.0599999999999996,6.89,6.89,0.07000000000000028,,,,2,-1.0599999999999996,False
N#CCN(C[C@H]1CC[C@H](c2nnn3cnc4[nH]ccc4c23)CC1)C(=O)CC(F)(F)F,CHEMBL3952261,6.5,6.5,False,Other,8.59,8.59,-2.09,8.25,8.25,-1.75,7.27,7.27,-0.7699999999999996,3,-2.09,False
N#CCN1CC(CC#N)(n2ccc(-c3nc(-c4cnn(C5COC5)c4)cc4ncccc34)n2)C1,CHEMBL5762274,7.82,7.82,False,Other,6.28,6.28,1.54,7.55,7.55,0.27000000000000046,5.07,5.07,2.75,3,0.27000000000000046,False
N#CCN1CC2(CCC(c3cccc4nc(NC(=O)C5CC5)nn34)CC2)C1,CHEMBL5196106,6.24,6.24,False,Other,6.94,6.94,-0.7000000000000002,5.99,5.99,0.25,,,,2,-0.7000000000000002,False
N#CCN1CCC(c2nnn3cnc4[nH]ccc4c23)CC1,CHEMBL3902123,6.85,6.85,False,Other,8.28,8.28,-1.4299999999999997,7.72,7.72,-0.8700000000000001,6.55,6.55,0.2999999999999998,3,-1.4299999999999997,False
N#CCN1CN(C2CCCCC2)c2c(cnc3[nH]ccc23)C1=O,CHEMBL3892634,7.32,7.32,False,Other,8.46,8.46,-1.1400000000000006,7.62,7.62,-0.2999999999999998,7.77,7.77,-0.4499999999999993,3,-1.1400000000000006,False
N#CCN1CN([C@H]2CC[C@H](CF)CC2)c2c(cnc3[nH]ccc23)C1=O,CHEMBL3985528,7.31,7.31,False,Other,8.36,8.36,-1.0499999999999998,7.62,7.62,-0.3100000000000005,7.41,7.41,-0.10000000000000053,3,-1.0499999999999998,False
N#CCN1CN([C@H]2CC[C@H](CNC3(C(F)(F)F)CC3)CC2)c2c(cnc3[nH]ccc23)C1=O,CHEMBL3983594,7.35,7.35,False,Other,8.72,8.72,-1.370000000000001,7.82,7.82,-0.47000000000000064,7.47,7.47,-0.1200000000000001,3,-1.370000000000001,False
N#CCN1CN([C@H]2CC[C@H](CNC3CC3)CC2)c2c(cnc3[nH]ccc23)C1=O,CHEMBL3913143,6.89,6.89,False,Other,8.19,8.19,-1.2999999999999998,6.82,6.82,0.0699999999999994,6.62,6.62,0.2699999999999996,3,-1.2999999999999998,False
N#CCN1CN([C@H]2CC[C@H](CNCC(F)(F)F)CC2)c2c(cnc3[nH]ccc23)C1=O,CHEMBL3901392,7.24,7.24,False,Other,8.66,8.66,-1.42,7.8,7.8,-0.5599999999999996,7.8,7.8,-0.5599999999999996,3,-1.42,False
N#CCN1CN([C@H]2CC[C@H](CNCC(F)F)CC2)c2c(cnc3[nH]ccc23)C1=O,CHEMBL3934831,7.27,7.27,False,Other,8.57,8.57,-1.3000000000000007,7.54,7.54,-0.27000000000000046,7.39,7.39,-0.1200000000000001,3,-1.3000000000000007,False
N#CCN1CN([C@H]2CC[C@H](CO)CC2)c2c(cnc3[nH]ccc23)C1=O,CHEMBL3952936,7.28,7.28,False,Other,8.46,8.46,-1.1800000000000006,7.52,7.52,-0.23999999999999932,7.24,7.24,0.040000000000000036,3,-1.1800000000000006,False
N#CCNC(=O)C[C@H]1CC[C@@H](c2nnn3cnc4[nH]ccc4c23)CC1,CHEMBL3912503,6.27,6.27,False,Other,7.58,7.58,-1.3100000000000005,7.22,7.22,-0.9500000000000002,6.14,6.14,0.1299999999999999,3,-1.3100000000000005,False
N#CCNC(=O)[C@H]1CC[C@H](c2nnn3cnc4[nH]ccc4c23)CC1,CHEMBL3981542,6.82,6.82,False,Other,8.38,8.38,-1.5600000000000005,7.48,7.48,-0.6600000000000001,,,,2,-1.5600000000000005,False
N#CCNC(=O)c1ccc(-c2ccnc(Nc3ccc(N4CCOCC4)cc3)n2)cc1,CHEMBL1078178,7.06,7.06,False,Other,7.725,7.725,-0.665,7.785,7.785,-0.7250000000000005,6.81,6.81,0.25,3,-0.7250000000000005,False
N#CCNC[C@H]1CC[C@H](N2CN(C3CC3)C(=O)c3cnc4[nH]ccc4c32)CC1,CHEMBL3976846,6.96,6.96,False,Other,8.47,8.47,-1.5100000000000007,7.77,7.77,-0.8099999999999996,7.48,7.48,-0.5200000000000005,3,-1.5100000000000007,False
N#CCNC[C@H]1CC[C@H](N2CN(CC(F)(F)F)C(=O)c3cnc4[nH]ccc4c32)CC1,CHEMBL3968326,6.8,6.8,False,Other,8.49,8.49,-1.6900000000000004,7.36,7.36,-0.5600000000000005,6.92,6.92,-0.1200000000000001,3,-1.6900000000000004,False
N#CCNC[C@H]1CC[C@H](N2CNC(=O)c3cnc4[nH]ccc4c32)CC1,CHEMBL3981587,7.72,7.72,False,Other,8.68,8.68,-0.96,8.15,8.15,-0.4300000000000006,7.55,7.55,0.16999999999999993,3,-0.96,False
N#CCNC[C@H]1CC[C@H](c2nnn3cnc4[nH]ccc4c23)CC1,CHEMBL3955720,7.43,7.43,False,Other,8.68,8.68,-1.25,8.09,8.09,-0.6600000000000001,6.57,6.57,0.8599999999999994,3,-1.25,False
N#CCNS(=O)(=O)C[C@H]1CC[C@H](c2nnn3cnc4[nH]ccc4c23)CC1,CHEMBL3896324,6.57,6.57,False,Other,8.46,8.46,-1.8900000000000006,8.21,8.21,-1.6400000000000006,7.16,7.16,-0.5899999999999999,3,-1.8900000000000006,False
N#CCN[C@H]1CC[C@H](c2nnn3cnc4[nH]ccc4c23)CC1,CHEMBL3941431,6.42,6.42,False,Other,8.21,8.21,-1.790000000000001,7.52,7.52,-1.0999999999999996,6.1,6.1,0.3200000000000003,3,-1.790000000000001,False
N#CCOc1ccc(Nc2nc(Nc3cccc(S(N)(=O)=O)c3)ncc2Br)cc1,CHEMBL1987034,8.2,8.2,False,Other,,,,9.1,9.1,-0.9000000000000004,8.2,8.2,0.0,2,-0.9000000000000004,False
N#CC[C@@H](NCC1CCC(N2C=CC(=O)C3C=Nc4[nH]ccc4C32)CC1)C(F)(F)F,CHEMBL5954409,7.75,7.75,False,Other,8.77,8.77,-1.0199999999999996,8.29,8.29,-0.5399999999999991,8.0,8.0,-0.25,3,-1.0199999999999996,False
N#CC[C@@H](NCC1CCC([C@@H]2C(=O)NC(=O)C3C=Nc4[nH]ccc4C32)CC1)C(F)(F)F,CHEMBL5954692,7.66,7.66,False,Other,9.0,9.0,-1.3399999999999999,8.34,8.34,-0.6799999999999997,7.82,7.82,-0.16000000000000014,3,-1.3399999999999999,False
N#CC[C@H](C1CCCC1)n1cc(-c2ncnc3[nH]ccc23)cn1,CHEMBL1789941,8.105,8.105,False,Other,8.475000000000001,8.475000000000001,-0.370000000000001,8.405000000000001,8.405000000000001,-0.3000000000000007,7.43,7.43,0.6750000000000007,3,-0.370000000000001,False
N#CC[C@H](OCC1CCC(N2C=CC(=O)C3C=Nc4[nH]ccc4C32)CC1)C(F)(F)F,CHEMBL5756719,7.96,7.96,False,Other,9.13,9.13,-1.1700000000000008,8.7,8.7,-0.7399999999999993,8.29,8.29,-0.3299999999999992,3,-1.1700000000000008,False
N#CC[C@H]1CC[C@@H](c2nnn3cnc4[nH]ccc4c23)CC1,CHEMBL3902992,6.77,6.77,False,Other,8.27,8.27,-1.5,7.68,7.68,-0.9100000000000001,6.14,6.14,0.6299999999999999,3,-1.5,False
N#CC[C@H]1CC[C@H](NC(=O)Cc2nc3cnc4[nH]ccc4c3n2[C@H]2CC[C@H](CC#N)CC2)CC1,CHEMBL5991711,8.36,8.36,False,JH2,10.0,10.0,-1.6400000000000006,8.62,8.62,-0.2599999999999998,7.5,7.5,0.8599999999999994,3,-1.6400000000000006,True
N#CC[C@H]1CC[C@H](c2nnn3cnc4[nH]ccc4c23)CC1,CHEMBL3900105,8.54,8.54,False,Other,9.96,9.96,-1.4200000000000017,8.6,8.6,-0.0600000000000005,7.5,7.5,1.0399999999999991,3,-1.4200000000000017,False
N#CC[C@H]1CC[C@H](n2c(-c3c[nH]cn3)nc3cnc4[nH]ccc4c32)CC1,CHEMBL5952668,8.82,8.82,False,Other,9.7,9.7,-0.879999999999999,9.0,9.0,-0.17999999999999972,7.47,7.47,1.3500000000000005,3,-0.879999999999999,False
N#CC[C@H]1CC[C@H](n2c(-c3cc[nH]n3)nc3cnc4[nH]ccc4c32)CC1,CHEMBL5947527,8.47,8.47,False,JH2,9.52,9.52,-1.049999999999999,8.77,8.77,-0.29999999999999893,7.14,7.14,1.330000000000001,3,-1.049999999999999,True
N#CC[C@H]1CC[C@H](n2c(-c3ccc(C#N)cc3)nc3cnc4[nH]ccc4c32)CC1,CHEMBL5785610,7.3,7.3,False,JH2,9.3,9.3,-2.000000000000001,7.47,7.47,-0.16999999999999993,6.34,6.34,0.96,3,-2.000000000000001,True
N#CC[C@H]1CC[C@H](n2c(-c3ccc(C#N)nc3)nc3cnc4[nH]ccc4c32)CC1,CHEMBL5799676,7.06,7.06,False,JH2,9.22,9.22,-2.160000000000001,7.13,7.13,-0.07000000000000028,6.12,6.12,0.9399999999999995,3,-2.160000000000001,True
N#CC[C@H]1CC[C@H](n2c(-c3ccc(C(=O)c4ccc(CO)cc4)cc3)nc3cnc4[nH]ccc4c32)CC1,CHEMBL6057066,7.35,7.35,False,JH2,9.15,9.15,-1.8000000000000007,7.94,7.94,-0.5900000000000007,6.37,6.37,0.9799999999999995,3,-1.8000000000000007,True
N#CC[C@H]1CC[C@H](n2c(-c3ccc(C(=O)c4ccccc4)cc3)nc3cnc4[nH]ccc4c32)CC1,CHEMBL5963087,7.47,7.47,False,JH2,9.4,9.4,-1.9300000000000006,7.93,7.93,-0.45999999999999996,6.06,6.06,1.4100000000000001,3,-1.9300000000000006,True
N#CC[C@H]1CC[C@H](n2c(-c3ccc(S(F)(F)(F)(F)F)cc3)nc3cnc4[nH]ccc4c32)CC1,CHEMBL5776777,6.93,6.93,False,JH2,9.05,9.05,-2.120000000000001,7.42,7.42,-0.4900000000000002,5.9,5.9,1.0299999999999994,3,-2.120000000000001,True
N#CC[C@H]1CC[C@H](n2c(-c3cccnc3N)nc3cnc4[nH]ccc4c32)CC1,CHEMBL6038915,6.59,6.59,False,JH2,8.43,8.43,-1.8399999999999999,7.08,7.08,-0.4900000000000002,5.33,5.33,1.2599999999999998,3,-1.8399999999999999,True
N#CC[C@H]1CC[C@H](n2c(-c3ccnc(N)n3)nc3cnc4[nH]ccc4c32)CC1,CHEMBL5866133,8.05,8.05,False,JH2,9.7,9.7,-1.6499999999999986,8.49,8.49,-0.4399999999999995,7.21,7.21,0.8400000000000007,3,-1.6499999999999986,True
N#CC[C@H]1CC[C@H](n2c(-c3cn[nH]n3)nc3cnc4[nH]ccc4c32)CC1,CHEMBL5788717,8.43,8.43,False,JH2,10.0,10.0,-1.5700000000000003,8.92,8.92,-0.4900000000000002,7.42,7.42,1.0099999999999998,3,-1.5700000000000003,True
N#CC[C@H]1CC[C@H](n2c(-c3cnc(N)nc3)nc3cnc4[nH]ccc4c32)CC1,CHEMBL5779176,8.24,8.24,False,JH2,9.7,9.7,-1.459999999999999,8.49,8.49,-0.25,6.9,6.9,1.3399999999999999,3,-1.459999999999999,True
N#CC[C@H]1CC[C@H](n2c(-c3cncs3)nc3cnc4[nH]ccc4c32)CC1,CHEMBL5913887,7.8,7.8,False,JH2,9.15,9.15,-1.3500000000000005,8.06,8.06,-0.2600000000000007,6.93,6.93,0.8700000000000001,3,-1.3500000000000005,True
N#CC[C@H]1CC[C@H](n2c(-c3cnn(CC(=O)NC4CC4)c3)nc3cnc4[nH]ccc4c32)CC1,CHEMBL6020350,7.44,7.44,False,JH2,8.68,8.68,-1.2399999999999993,7.7,7.7,-0.2599999999999998,6.82,6.82,0.6200000000000001,3,-1.2399999999999993,True
N#CC[C@H]1CC[C@H](n2c(-c3cnn(Cc4cocn4)c3)nc3cnc4[nH]ccc4c32)CC1,CHEMBL5782221,7.43,7.43,False,JH2,8.74,8.74,-1.3100000000000005,7.77,7.77,-0.33999999999999986,6.84,6.84,0.5899999999999999,3,-1.3100000000000005,True
N#CC[C@H]1CC[C@H](n2c(-c3cocn3)nc3cnc4[nH]ccc4c32)CC1,CHEMBL5759523,8.92,8.92,False,JH2,10.0,10.0,-1.08,9.1,9.1,-0.17999999999999972,7.47,7.47,1.4500000000000002,3,-1.08,True
N#CC[C@H]1CC[C@H](n2c(-c3n[nH]cc3Cl)nc3cnc4[nH]ccc4c32)CC1,CHEMBL5952113,8.43,8.43,False,JH2,9.7,9.7,-1.2699999999999996,8.26,8.26,0.16999999999999993,6.92,6.92,1.5099999999999998,3,-1.2699999999999996,True
N#CC[C@H]1CC[C@H](n2c(-c3nc[nH]n3)nc3cnc4[nH]ccc4c32)CC1,CHEMBL6038502,8.8,8.8,False,JH2,10.0,10.0,-1.1999999999999993,9.52,9.52,-0.7199999999999989,7.31,7.31,1.490000000000001,3,-1.1999999999999993,True
N#CC[C@H]1CC[C@H](n2c(-c3ncc[nH]3)nc3cnc4[nH]ccc4c32)CC1,CHEMBL5959983,8.14,8.14,False,JH2,9.7,9.7,-1.5599999999999987,8.72,8.72,-0.5800000000000001,7.48,7.48,0.6600000000000001,3,-1.5599999999999987,True
N#CC[C@H]1CC[C@H](n2c(-c3nn[nH]n3)nc3cnc4[nH]ccc4c32)CC1,CHEMBL5990980,7.72,7.72,False,JH2,9.52,9.52,-1.7999999999999998,8.66,8.66,-0.9400000000000004,7.24,7.24,0.47999999999999954,3,-1.7999999999999998,True
N#CC[C@H]1CC[C@H](n2c(=O)[nH]c3cnc(Nc4ccc[nH]c4=O)nc32)CC1,CHEMBL4463007,6.89,6.89,False,Other,8.26,8.26,-1.37,7.74,7.74,-0.8500000000000005,8.46,8.46,-1.5700000000000012,3,-1.5700000000000012,False
N#CC[C@H]1CC[C@H](n2c(C(=O)N3CCC(C#N)CC3)nc3cnc4[nH]ccc4c32)CC1,CHEMBL6058071,6.99,6.99,False,JH2,8.57,8.57,-1.58,6.79,6.79,0.20000000000000018,5.62,5.62,1.37,3,-1.58,True
N#CC[C@H]1CC[C@H](n2c(C(=O)N3CCC(O)(c4ccccc4)C3)nc3cnc4[nH]ccc4c32)CC1,CHEMBL5768197,7.68,7.68,False,JH2,9.7,9.7,-2.0199999999999996,8.4,8.4,-0.7200000000000006,7.0,7.0,0.6799999999999997,3,-2.0199999999999996,True
N#CC[C@H]1CC[C@H](n2c(C(=O)N3CCC(O)(c4ccccn4)CC3)nc3cnc4[nH]ccc4c32)CC1,CHEMBL5954766,7.3,7.3,False,JH2,9.4,9.4,-2.1000000000000005,7.36,7.36,-0.0600000000000005,6.27,6.27,1.0300000000000002,3,-2.1000000000000005,True
N#CC[C@H]1CC[C@H](n2c(C(=O)N3CCC(O)CC3)nc3cnc4[nH]ccc4c32)CC1,CHEMBL5894907,6.8,6.8,False,JH2,8.27,8.27,-1.4699999999999998,6.48,6.48,0.3199999999999994,5.2,5.2,1.5999999999999996,3,-1.4699999999999998,True
N#CC[C@H]1CC[C@H](n2c(C(=O)N3CCOCC3)nc3cnc4[nH]ccc4c32)CC1,CHEMBL5818733,6.89,6.89,False,JH2,8.47,8.47,-1.580000000000001,6.83,6.83,0.05999999999999961,5.64,5.64,1.25,3,-1.580000000000001,True
N#CC[C@H]1CC[C@H](n2c(C(=O)NC3CC3)nc3cnc4[nH]ccc4c32)CC1,CHEMBL5947622,7.3,7.3,False,JH2,8.6,8.6,-1.2999999999999998,7.56,7.56,-0.2599999999999998,6.08,6.08,1.2199999999999998,3,-1.2999999999999998,True
N#CC[C@H]1CC[C@H](n2c(C(=O)NC3CCOCC3)nc3cnc4[nH]ccc4c32)CC1,CHEMBL5816545,7.38,7.38,False,JH2,8.51,8.51,-1.13,7.22,7.22,0.16000000000000014,5.88,5.88,1.5,3,-1.13,True
N#CC[C@H]1CC[C@H](n2c(C(=O)NC3COC3)nc3cnc4[nH]ccc4c32)CC1,CHEMBL6019430,7.67,7.67,False,JH2,9.15,9.15,-1.4800000000000004,7.68,7.68,-0.009999999999999787,6.36,6.36,1.3099999999999996,3,-1.4800000000000004,True
N#CC[C@H]1CC[C@H](n2c(C(=O)NCC3(O)CCCCCC3)nc3cnc4[nH]ccc4c32)CC1,CHEMBL5875482,7.72,7.72,False,JH2,9.05,9.05,-1.330000000000001,8.22,8.22,-0.5000000000000009,7.18,7.18,0.54,3,-1.330000000000001,True
N#CC[C@H]1CC[C@H](n2c(C(=O)NCC3(O)COC3)nc3cnc4[nH]ccc4c32)CC1,CHEMBL5804479,8.39,8.39,False,JH2,9.4,9.4,-1.0099999999999998,8.68,8.68,-0.28999999999999915,7.05,7.05,1.3400000000000007,3,-1.0099999999999998,True
N#CC[C@H]1CC[C@H](n2c(C(=O)NCC3CC3)nc3cnc4[nH]ccc4c32)CC1,CHEMBL5750128,7.26,7.26,False,JH2,8.66,8.66,-1.4000000000000004,7.24,7.24,0.019999999999999574,6.22,6.22,1.04,3,-1.4000000000000004,True
N#CC[C@H]1CC[C@H](n2c(C(=O)NCCO)nc3cnc4[nH]ccc4c32)CC1,CHEMBL5926071,7.9,7.9,False,JH2,9.22,9.22,-1.3200000000000003,8.32,8.32,-0.41999999999999993,6.99,6.99,0.9100000000000001,3,-1.3200000000000003,True
N#CC[C@H]1CC[C@H](n2c(C(=O)Nc3cn[nH]c3)nc3cnc4[nH]ccc4c32)CC1,CHEMBL5909964,7.94,7.94,False,JH2,9.15,9.15,-1.21,8.07,8.07,-0.1299999999999999,6.84,6.84,1.1000000000000005,3,-1.21,True
N#CC[C@H]1CC[C@H](n2c(C3CCN(c4ccc(C#N)cc4)CC3)nc3cnc4[nH]ccc4c32)CC1,CHEMBL5848600,7.78,7.78,False,JH2,9.4,9.4,-1.62,7.63,7.63,0.15000000000000036,5.92,5.92,1.8600000000000003,3,-1.62,True
N#CC[C@H]1CC[C@H](n2c(C3CNC3)nc3cnc4[nH]ccc4c32)CC1,CHEMBL5923278,7.72,7.72,False,JH2,8.8,8.8,-1.080000000000001,7.24,7.24,0.47999999999999954,5.91,5.91,1.8099999999999996,3,-1.080000000000001,True
N#CC[C@H]1CC[C@H](n2c(C3NC(C4CC4)=NO3)nc3cnc4[nH]ccc4c32)CC1,CHEMBL5802939,7.83,7.83,False,JH2,9.05,9.05,-1.2200000000000006,8.35,8.35,-0.5199999999999996,7.25,7.25,0.5800000000000001,3,-1.2200000000000006,True
N#CC[C@H]1CC[C@H](n2c(CC(=O)N3CC(O)C3)nc3cnc4[nH]ccc4c32)CC1,CHEMBL5945485,8.19,8.19,False,JH2,10.0,10.0,-1.8100000000000005,7.45,7.45,0.7399999999999993,6.27,6.27,1.92,3,-1.8100000000000005,True
N#CC[C@H]1CC[C@H](n2c(CC(=O)N3CCC(C#N)CC3)nc3cnc4[nH]ccc4c32)CC1,CHEMBL5893277,8.16,8.16,False,JH2,9.22,9.22,-1.0600000000000005,7.71,7.71,0.4500000000000002,6.69,6.69,1.4699999999999998,3,-1.0600000000000005,True
N#CC[C@H]1CC[C@H](n2c(CC(=O)N3CCC(C(F)(F)F)CC3)nc3cnc4[nH]ccc4c32)CC1,CHEMBL5776367,9.4,9.4,False,JH2,,,,8.37,8.37,1.0300000000000011,7.31,7.31,2.0900000000000007,2,1.0300000000000011,True
N#CC[C@H]1CC[C@H](n2c(CC(=O)N3CCC(CO)CC3)nc3cnc4[nH]ccc4c32)CC1,CHEMBL6002648,8.2,8.2,False,JH2,9.4,9.4,-1.200000000000001,7.7,7.7,0.4999999999999991,6.7,6.7,1.4999999999999991,3,-1.200000000000001,True
N#CC[C@H]1CC[C@H](n2c(CC(=O)N3CCC(Cc4ccccc4)CC3)nc3cnc4[nH]ccc4c32)CC1,CHEMBL5780368,7.99,7.99,False,JH2,,,,7.56,7.56,0.4300000000000006,6.56,6.56,1.4300000000000006,2,0.4300000000000006,True
N#CC[C@H]1CC[C@H](n2c(CC(=O)N3CCC(F)(F)CC3)nc3cnc4[nH]ccc4c32)CC1,CHEMBL5821189,8.29,8.29,False,JH2,9.22,9.22,-0.9300000000000015,7.74,7.74,0.5499999999999989,6.85,6.85,1.4399999999999995,3,-0.9300000000000015,True
N#CC[C@H]1CC[C@H](n2c(CC(=O)N3CCC(N4CCOCC4)CC3)nc3cnc4[nH]ccc4c32)CC1,CHEMBL4456630,8.57,8.57,False,JH2,9.925,9.925,-1.3550000000000004,7.41,7.41,1.1600000000000001,6.97,6.97,1.6000000000000005,3,-1.3550000000000004,True
N#CC[C@H]1CC[C@H](n2c(CC(=O)N3CCC(O)CC3)nc3cnc4[nH]ccc4c32)CC1,CHEMBL5786460,8.85,8.85,False,JH2,10.0,10.0,-1.1500000000000004,8.04,8.04,0.8100000000000005,7.0,7.0,1.8499999999999996,3,-1.1500000000000004,True
N#CC[C@H]1CC[C@H](n2c(CC(=O)N3CCCC3)nc3cnc4[nH]ccc4c32)CC1,CHEMBL6003096,8.38,8.38,False,JH2,9.7,9.7,-1.3199999999999985,7.36,7.36,1.0200000000000005,6.6,6.6,1.7800000000000011,3,-1.3199999999999985,True
N#CC[C@H]1CC[C@H](n2c(CC(=O)N3CCCCC3)nc3cnc4[nH]ccc4c32)CC1,CHEMBL5807299,8.62,8.62,False,JH2,,,,8.09,8.09,0.5299999999999994,7.07,7.07,1.549999999999999,2,0.5299999999999994,True
N#CC[C@H]1CC[C@H](n2c(CC(=O)N3CCC[C@@H]3CO)nc3cnc4[nH]ccc4c32)CC1,CHEMBL5845507,7.86,7.86,False,JH2,8.96,8.96,-1.1000000000000005,7.26,7.26,0.6000000000000005,6.03,6.03,1.83,3,-1.1000000000000005,True
N#CC[C@H]1CC[C@H](n2c(CC(=O)N3CCC[C@H]3CO)nc3cnc4[nH]ccc4c32)CC1,CHEMBL5940223,7.96,7.96,False,JH2,8.48,8.48,-0.5200000000000005,7.47,7.47,0.4900000000000002,6.53,6.53,1.4299999999999997,3,-0.5200000000000005,True
N#CC[C@H]1CC[C@H](n2c(CC(=O)N3CCS(=O)(=O)CC3)nc3cnc4[nH]ccc4c32)CC1,CHEMBL5849053,8.42,8.42,False,JH2,9.52,9.52,-1.0999999999999996,7.91,7.91,0.5099999999999998,6.92,6.92,1.5,3,-1.0999999999999996,True
N#CC[C@H]1CC[C@H](n2c(CC(=O)N3CC[C@@H](O)C3)nc3cnc4[nH]ccc4c32)CC1,CHEMBL5784576,7.89,7.89,False,JH2,9.15,9.15,-1.2600000000000007,7.16,7.16,0.7299999999999995,6.1,6.1,1.79,3,-1.2600000000000007,True
N#CC[C@H]1CC[C@H](n2c(CC(=O)N3CC[C@H](O)C3)nc3cnc4[nH]ccc4c32)CC1,CHEMBL5985061,8.11,8.11,False,JH2,9.7,9.7,-1.5899999999999999,7.61,7.61,0.4999999999999991,6.36,6.36,1.7499999999999991,3,-1.5899999999999999,True
N#CC[C@H]1CC[C@H](n2c(CC(=O)NC34CC5CC(CC(C5)C3)C4)nc3cnc4[nH]ccc4c32)CC1,CHEMBL5974705,8.55,8.55,False,JH2,9.7,9.7,-1.1499999999999986,8.89,8.89,-0.33999999999999986,7.23,7.23,1.3200000000000003,3,-1.1499999999999986,True
N#CC[C@H]1CC[C@H](n2c(CC(=O)NC34CC5CC(CC(O)(C5)C3)C4)nc3cnc4[nH]ccc4c32)CC1,CHEMBL5803975,8.36,8.36,False,JH2,9.7,9.7,-1.3399999999999999,8.77,8.77,-0.41000000000000014,7.24,7.24,1.1199999999999992,3,-1.3399999999999999,True
N#CC[C@H]1CC[C@H](n2c(CC(=O)NC34CCC(C#N)(CC3)C4)nc3cnc4[nH]ccc4c32)CC1,CHEMBL5940612,8.46,8.46,False,JH2,10.0,10.0,-1.5399999999999991,8.85,8.85,-0.3899999999999988,7.42,7.42,1.040000000000001,3,-1.5399999999999991,True
N#CC[C@H]1CC[C@H](n2c(CC(=O)NC34CCC(C(N)=O)(CC3)C4)nc3cnc4[nH]ccc4c32)CC1,CHEMBL5871031,8.38,8.38,False,JH2,9.7,9.7,-1.3199999999999985,8.68,8.68,-0.29999999999999893,7.38,7.38,1.0000000000000009,3,-1.3199999999999985,True
N#CC[C@H]1CC[C@H](n2c(CC(=O)NC34CCC(C(N)=O)(CC3)CC4)nc3cnc4[nH]ccc4c32)CC1,CHEMBL4447497,8.48,8.48,False,JH2,9.395,9.395,-0.9149999999999991,8.55,8.55,-0.07000000000000028,7.375,7.375,1.1050000000000004,3,-0.9149999999999991,True
N#CC[C@H]1CC[C@H](n2c(CC(=O)NC34CCC(CO)(CC3)C4)nc3cnc4[nH]ccc4c32)CC1,CHEMBL5760961,7.98,7.98,False,JH2,9.1,9.1,-1.1199999999999992,8.25,8.25,-0.2699999999999996,7.0,7.0,0.9800000000000004,3,-1.1199999999999992,True
N#CC[C@H]1CC[C@H](n2c(CC(=O)NC3CC4CCC3C4)nc3cnc4[nH]ccc4c32)CC1,CHEMBL5854531,7.87,7.87,False,JH2,9.4,9.4,-1.5300000000000002,7.95,7.95,-0.08000000000000007,7.16,7.16,0.71,3,-1.5300000000000002,True
N#CC[C@H]1CC[C@H](n2c(CC(=O)NC3CCCCC3)nc3cnc4[nH]ccc4c32)CC1,CHEMBL5845245,8.46,8.46,False,JH2,10.0,10.0,-1.5399999999999991,8.62,8.62,-0.15999999999999837,7.49,7.49,0.9700000000000006,3,-1.5399999999999991,True
N#CC[C@H]1CC[C@H](n2c(CC(=O)NC3CCOCC3)nc3cnc4[nH]ccc4c32)CC1,CHEMBL5898479,8.39,8.39,False,Other,9.52,9.52,-1.129999999999999,8.68,8.68,-0.28999999999999915,7.64,7.64,0.7500000000000009,3,-1.129999999999999,False
N#CC[C@H]1CC[C@H](n2c(CC(=O)NC3CCSCC3)nc3cnc4[nH]ccc4c32)CC1,CHEMBL5799195,8.03,8.03,False,JH2,9.4,9.4,-1.370000000000001,8.39,8.39,-0.3600000000000012,7.52,7.52,0.5099999999999998,3,-1.370000000000001,True
N#CC[C@H]1CC[C@H](n2c(CC(=O)NCC(F)(F)F)nc3cnc4[nH]ccc4c32)CC1,CHEMBL4439418,8.47,8.47,False,JH2,9.65,9.65,-1.1799999999999997,7.83,7.83,0.6400000000000006,7.16,7.16,1.3100000000000005,3,-1.1799999999999997,True
N#CC[C@H]1CC[C@H](n2c(CC(=O)NCC(O)CO)nc3cnc4[nH]ccc4c32)CC1,CHEMBL6062052,7.95,7.95,False,JH2,9.22,9.22,-1.2700000000000005,7.84,7.84,0.11000000000000032,6.83,6.83,1.12,3,-1.2700000000000005,True
N#CC[C@H]1CC[C@H](n2c(CC(=O)NCC(O)c3ccccc3)nc3cnc4[nH]ccc4c32)CC1,CHEMBL5837412,8.13,8.13,False,JH2,9.3,9.3,-1.17,7.94,7.94,0.1900000000000004,6.7,6.7,1.4300000000000006,3,-1.17,True
N#CC[C@H]1CC[C@H](n2c(CC(=O)NCC3(O)CC3)nc3cnc4[nH]ccc4c32)CC1,CHEMBL5987516,8.165,8.165,False,JH2,9.225,9.225,-1.0600000000000005,8.120000000000001,8.120000000000001,0.04499999999999815,7.085,7.085,1.0799999999999992,3,-1.0600000000000005,True
N#CC[C@H]1CC[C@H](n2c(CC(=O)NCC3(O)CCC3)nc3cnc4[nH]ccc4c32)CC1,CHEMBL5760911,8.344999999999999,8.344999999999999,False,JH2,9.55,9.55,-1.2050000000000018,8.33,8.33,0.014999999999998792,7.245,7.245,1.0999999999999988,3,-1.2050000000000018,True
N#CC[C@H]1CC[C@H](n2c(CC(=O)NCC3(O)COC3)nc3cnc4[nH]ccc4c32)CC1,CHEMBL5819021,8.48,8.48,False,JH2,10.0,10.0,-1.5199999999999996,8.31,8.31,0.16999999999999993,7.24,7.24,1.2400000000000002,3,-1.5199999999999996,True
N#CC[C@H]1CC[C@H](n2c(CC(=O)NCC34CC5CC(CC(C5)C3)C4)nc3cnc4[nH]ccc4c32)CC1,CHEMBL5962835,8.1,8.1,False,JH2,,,,8.44,8.44,-0.33999999999999986,6.96,6.96,1.1399999999999997,2,-0.33999999999999986,True
N#CC[C@H]1CC[C@H](n2c(CC(=O)NCC34CC5CC(CC(O)(C5)C3)C4)nc3cnc4[nH]ccc4c32)CC1,CHEMBL5895312,8.46,8.46,False,JH2,10.0,10.0,-1.5399999999999991,8.89,8.89,-0.4299999999999997,7.26,7.26,1.200000000000001,3,-1.5399999999999991,True
N#CC[C@H]1CC[C@H](n2c(CC(=O)NCC3CC3)nc3cnc4[nH]ccc4c32)CC1,CHEMBL6000232,7.94,7.94,False,JH2,9.7,9.7,-1.759999999999999,8.21,8.21,-0.27000000000000046,7.08,7.08,0.8600000000000003,3,-1.759999999999999,True
N#CC[C@H]1CC[C@H](n2c(CC(=O)NCC3CCCCC3)nc3cnc4[nH]ccc4c32)CC1,CHEMBL5904354,7.81,7.81,False,JH2,9.52,9.52,-1.71,8.39,8.39,-0.580000000000001,6.96,6.96,0.8499999999999996,3,-1.71,True
N#CC[C@H]1CC[C@H](n2c(CC(=O)NCC3CCOCC3)nc3cnc4[nH]ccc4c32)CC1,CHEMBL5872861,8.96,8.96,False,JH2,10.0,10.0,-1.0399999999999991,8.85,8.85,0.11000000000000121,7.55,7.55,1.410000000000001,3,-1.0399999999999991,True
N#CC[C@H]1CC[C@H](n2c(CC(=O)NCCO)nc3cnc4[nH]ccc4c32)CC1,CHEMBL5776304,8.42,8.42,False,JH2,10.0,10.0,-1.58,8.14,8.14,0.27999999999999936,7.17,7.17,1.25,3,-1.58,True
N#CC[C@H]1CC[C@H](n2c(CC(=O)NCCOCCOCCN)nc3cnc4[nH]ccc4c32)CC1,CHEMBL5941851,8.28,8.28,False,JH2,9.7,9.7,-1.42,8.0,8.0,0.27999999999999936,7.16,7.16,1.1199999999999992,3,-1.42,True
N#CC[C@H]1CC[C@H](n2c(CC(=O)NCCOc3ccncc3)nc3cnc4[nH]ccc4c32)CC1,CHEMBL6015276,8.24,8.24,False,JH2,9.7,9.7,-1.459999999999999,8.29,8.29,-0.049999999999998934,7.06,7.06,1.1800000000000006,3,-1.459999999999999,True
N#CC[C@H]1CC[C@H](n2c(CC(=O)NCc3ccc(C#N)cc3)nc3cnc4[nH]ccc4c32)CC1,CHEMBL6060226,8.0,8.0,False,JH2,9.7,9.7,-1.6999999999999993,8.28,8.28,-0.27999999999999936,6.85,6.85,1.1500000000000004,3,-1.6999999999999993,True
N#CC[C@H]1CC[C@H](n2c(CC(=O)NCc3ccc(CO)cc3)nc3cnc4[nH]ccc4c32)CC1,CHEMBL5908685,7.88,7.88,False,JH2,9.52,9.52,-1.6399999999999997,8.09,8.09,-0.20999999999999996,6.75,6.75,1.13,3,-1.6399999999999997,True
N#CC[C@H]1CC[C@H](n2c(CC(=O)NCc3ccc(F)cc3)nc3cnc4[nH]ccc4c32)CC1,CHEMBL4588333,7.91,7.91,False,JH2,9.505,9.505,-1.5950000000000006,8.04,8.04,-0.129999999999999,6.75,6.75,1.1600000000000001,3,-1.5950000000000006,True
N#CC[C@H]1CC[C@H](n2c(CC(=O)NCc3ccc(OC(F)F)cc3)nc3cnc4[nH]ccc4c32)CC1,CHEMBL5903698,7.88,7.88,False,JH2,9.4,9.4,-1.5200000000000005,7.97,7.97,-0.08999999999999986,6.65,6.65,1.2299999999999995,3,-1.5200000000000005,True
N#CC[C@H]1CC[C@H](n2c(CC(=O)NCc3ccccc3)nc3cnc4[nH]ccc4c32)CC1,CHEMBL5822619,7.95,7.95,False,JH2,9.7,9.7,-1.7499999999999991,8.28,8.28,-0.3299999999999992,6.71,6.71,1.2400000000000002,3,-1.7499999999999991,True
N#CC[C@H]1CC[C@H](n2c(CC(=O)NCc3ccncn3)nc3cnc4[nH]ccc4c32)CC1,CHEMBL6016494,8.55,8.55,False,JH2,10.0,10.0,-1.4499999999999993,8.74,8.74,-0.1899999999999995,7.36,7.36,1.1900000000000004,3,-1.4499999999999993,True
N#CC[C@H]1CC[C@H](n2c(CC(=O)NCc3cnccn3)nc3cnc4[nH]ccc4c32)CC1,CHEMBL5852075,8.35,8.35,False,JH2,9.7,9.7,-1.3499999999999996,8.44,8.44,-0.08999999999999986,6.97,6.97,1.38,3,-1.3499999999999996,True
N#CC[C@H]1CC[C@H](n2c(CC(=O)NCc3ncc[nH]3)nc3cnc4[nH]ccc4c32)CC1,CHEMBL5843563,8.66,8.66,False,JH2,9.7,9.7,-1.0399999999999991,9.1,9.1,-0.4399999999999995,7.92,7.92,0.7400000000000002,3,-1.0399999999999991,True
N#CC[C@H]1CC[C@H](n2c(CC(=O)N[C@H]3CC[C@@H](O)CC3)nc3cnc4[nH]ccc4c32)CC1,CHEMBL6005242,8.29,8.29,False,JH2,9.7,9.7,-1.4100000000000001,8.64,8.64,-0.3500000000000014,7.41,7.41,0.879999999999999,3,-1.4100000000000001,True
N#CC[C@H]1CC[C@H](n2c(CC(=O)N[C@H]3CC[C@H](CO)CC3)nc3cnc4[nH]ccc4c32)CC1,CHEMBL5793238,8.14,8.14,False,JH2,10.0,10.0,-1.8599999999999994,8.54,8.54,-0.3999999999999986,7.43,7.43,0.7100000000000009,3,-1.8599999999999994,True
N#CC[C@H]1CC[C@H](n2c(CC(=O)N[C@H]3CC[C@H](O)CC3)nc3cnc4[nH]ccc4c32)CC1,CHEMBL4582390,8.42,8.42,False,JH2,9.31,9.31,-0.8900000000000006,8.14,8.14,0.27999999999999936,7.275,7.275,1.1449999999999996,3,-0.8900000000000006,True
N#CC[C@H]1CC[C@H](n2c(CC(=O)N[C@H]3C[C@H](O)C3)nc3cnc4[nH]ccc4c32)CC1,CHEMBL5832479,8.37,8.37,False,JH2,9.7,9.7,-1.33,8.34,8.34,0.02999999999999936,7.41,7.41,0.9599999999999991,3,-1.33,True
N#CC[C@H]1CC[C@H](n2c(CC(=O)Nc3cc[nH]n3)nc3cnc4[nH]ccc4c32)CC1,CHEMBL5874150,8.82,8.82,False,JH2,9.4,9.4,-0.5800000000000001,8.8,8.8,0.019999999999999574,7.52,7.52,1.3000000000000007,3,-0.5800000000000001,True
N#CC[C@H]1CC[C@H](n2c(CC(=O)Nc3ccc(C#N)cc3)nc3cnc4[nH]ccc4c32)CC1,CHEMBL5991656,7.9,7.9,False,JH2,,,,,,,7.86,7.86,0.040000000000000036,1,0.040000000000000036,True
N#CC[C@H]1CC[C@H](n2c(CC(=O)Nc3ccc(C(O)(C(F)(F)F)C(F)(F)F)cc3)nc3cnc4[nH]ccc4c32)CC1,CHEMBL5953703,7.9,7.9,False,JH2,9.3,9.3,-1.4000000000000004,7.76,7.76,0.14000000000000057,6.53,6.53,1.37,3,-1.4000000000000004,True
N#CC[C@H]1CC[C@H](n2c(CC(=O)Nc3ccc(CO)cc3)nc3cnc4[nH]ccc4c32)CC1,CHEMBL5744973,9.05,9.05,False,JH2,10.0,10.0,-0.9499999999999993,9.22,9.22,-0.16999999999999993,7.88,7.88,1.1700000000000008,3,-0.9499999999999993,True
N#CC[C@H]1CC[C@H](n2c(CC(=O)Nc3ccccc3)nc3cnc4[nH]ccc4c32)CC1,CHEMBL5776831,8.72,8.72,False,JH2,10.0,10.0,-1.2799999999999994,8.92,8.92,-0.1999999999999993,7.69,7.69,1.0300000000000002,3,-1.2799999999999994,True
N#CC[C@H]1CC[C@H](n2c(CC(=O)Nc3cccnc3)nc3cnc4[nH]ccc4c32)CC1,CHEMBL5867471,8.2,8.2,False,JH2,9.22,9.22,-1.0200000000000014,8.4,8.4,-0.20000000000000107,7.17,7.17,1.0299999999999994,3,-1.0200000000000014,True
N#CC[C@H]1CC[C@H](n2c(CC(=O)Nc3ccncc3)nc3cnc4[nH]ccc4c32)CC1,CHEMBL5794801,8.27,8.27,False,JH2,9.15,9.15,-0.8800000000000008,8.46,8.46,-0.19000000000000128,7.3,7.3,0.9699999999999998,3,-0.8800000000000008,True
N#CC[C@H]1CC[C@H](n2c(CC(=O)Nc3cn[nH]c3)nc3cnc4[nH]ccc4c32)CC1,CHEMBL5940037,8.24,8.24,False,JH2,9.52,9.52,-1.2799999999999994,8.25,8.25,-0.009999999999999787,7.29,7.29,0.9500000000000002,3,-1.2799999999999994,True
N#CC[C@H]1CC[C@H](n2c(CC(N)=O)nc3cnc4[nH]ccc4c32)CC1,CHEMBL5965495,8.96,8.96,False,JH2,,,,8.72,8.72,0.2400000000000002,7.32,7.32,1.6400000000000006,2,0.2400000000000002,True
N#CC[C@H]1CC[C@H](n2c(CN/C(=N/O)C3CCCCC3)nc3cnc4[nH]ccc4c32)CC1,CHEMBL5778998,7.97,7.97,False,JH2,8.17,8.17,-0.20000000000000018,7.88,7.88,0.08999999999999986,6.37,6.37,1.5999999999999996,3,-0.20000000000000018,True
N#CC[C@H]1CC[C@H](n2c(CN/C(=N\O)C3CC3)nc3cnc4[nH]ccc4c32)CC1,CHEMBL6024027,7.76,7.76,False,JH2,9.22,9.22,-1.4600000000000009,7.54,7.54,0.21999999999999975,6.38,6.38,1.38,3,-1.4600000000000009,True
N#CC[C@H]1CC[C@H](n2c(CN/C(=N\O)c3ccccc3)nc3cnc4[nH]ccc4c32)CC1,CHEMBL5817856,8.695,8.695,False,JH2,9.65,9.65,-0.9550000000000001,8.635,8.635,0.0600000000000005,7.085,7.085,1.6100000000000003,3,-0.9550000000000001,True
N#CC[C@H]1CC[C@H](n2c(CN/C(CC3CCCCC3)=N/O)nc3cnc4[nH]ccc4c32)CC1,CHEMBL5886061,8.85,8.85,False,JH2,9.3,9.3,-0.45000000000000107,9.22,9.22,-0.370000000000001,7.73,7.73,1.1199999999999992,3,-0.45000000000000107,True
N#CC[C@H]1CC[C@H](n2c(CN/C(Cc3ccccc3)=N\O)nc3cnc4[nH]ccc4c32)CC1,CHEMBL5771385,7.95,7.95,False,JH2,9.3,9.3,-1.3500000000000005,7.6,7.6,0.35000000000000053,6.34,6.34,1.6100000000000003,3,-1.3500000000000005,True
N#CC[C@H]1CC[C@H](n2c(CNC(=N)C34CC5CC(CC(C5)C3)C4)nc3cnc4[nH]ccc4c32)CC1,CHEMBL5818631,8.54,8.54,False,JH2,8.89,8.89,-0.3500000000000014,7.47,7.47,1.0699999999999994,5.88,5.88,2.6599999999999993,3,-0.3500000000000014,True
N#CC[C@H]1CC[C@H](n2c(CNC(=N)c3ccccc3)nc3cnc4[nH]ccc4c32)CC1,CHEMBL5914976,8.8,8.8,False,JH2,9.7,9.7,-0.8999999999999986,8.18,8.18,0.620000000000001,6.0,6.0,2.8000000000000007,3,-0.8999999999999986,True
N#CC[C@H]1CC[C@H](n2c(CNC(=O)C3CCCCC3)nc3cnc4[nH]ccc4c32)CC1,CHEMBL6056896,7.27,7.27,False,JH2,9.05,9.05,-1.7800000000000011,7.17,7.17,0.09999999999999964,6.13,6.13,1.1399999999999997,3,-1.7800000000000011,True
N#CC[C@H]1CC[C@H](n2c(CNC(=O)CC3CC3)nc3cnc4[nH]ccc4c32)CC1,CHEMBL4437638,7.92,7.92,False,JH2,9.17,9.17,-1.25,7.66,7.66,0.2599999999999998,6.62,6.62,1.2999999999999998,3,-1.25,True
N#CC[C@H]1CC[C@H](n2c(CNC(=O)NCC3CCCCC3)nc3cnc4[nH]ccc4c32)CC1,CHEMBL5862884,7.7,7.7,False,JH2,8.89,8.89,-1.1900000000000004,7.31,7.31,0.39000000000000057,6.43,6.43,1.2700000000000005,3,-1.1900000000000004,True
N#CC[C@H]1CC[C@H](n2c(CNC(=O)Nc3ccccc3)nc3cnc4[nH]ccc4c32)CC1,CHEMBL5893916,8.03,8.03,False,JH2,9.4,9.4,-1.370000000000001,8.0,8.0,0.02999999999999936,6.97,6.97,1.0599999999999996,3,-1.370000000000001,True
N#CC[C@H]1CC[C@H](n2c(CNC(=O)Oc3ccccc3)nc3cnc4[nH]ccc4c32)CC1,CHEMBL5760354,8.26,8.26,False,JH2,9.7,9.7,-1.4399999999999995,7.84,7.84,0.41999999999999993,6.67,6.67,1.5899999999999999,3,-1.4399999999999995,True
N#CC[C@H]1CC[C@H](n2c(CNC(=O)c3ccc(C#N)cc3)nc3cnc4[nH]ccc4c32)CC1,CHEMBL5753935,8.28,8.28,False,JH2,9.4,9.4,-1.120000000000001,7.87,7.87,0.40999999999999925,6.72,6.72,1.5599999999999996,3,-1.120000000000001,True
N#CC[C@H]1CC[C@H](n2c(CNC(=O)c3ccccc3)nc3cnc4[nH]ccc4c32)CC1,CHEMBL5826006,7.44,7.44,False,JH2,8.96,8.96,-1.5200000000000005,7.3,7.3,0.14000000000000057,6.12,6.12,1.3200000000000003,3,-1.5200000000000005,True
N#CC[C@H]1CC[C@H](n2c(CNC(=O)c3cn[nH]c3)nc3cnc4[nH]ccc4c32)CC1,CHEMBL6048416,7.79,7.79,False,JH2,9.0,9.0,-1.21,7.37,7.37,0.41999999999999993,6.42,6.42,1.37,3,-1.21,True
N#CC[C@H]1CC[C@H](n2c(CNC(N)=O)nc3cnc4[nH]ccc4c32)CC1,CHEMBL5834610,9.52,9.52,False,JH2,,,,9.0,9.0,0.5199999999999996,7.33,7.33,2.1899999999999995,2,0.5199999999999996,True
N#CC[C@H]1CC[C@H](n2c(CNS(=O)(=O)C3CCCCC3)nc3cnc4[nH]ccc4c32)CC1,CHEMBL5993299,7.18,7.18,False,JH2,9.05,9.05,-1.870000000000001,7.02,7.02,0.16000000000000014,5.39,5.39,1.79,3,-1.870000000000001,True
N#CC[C@H]1CC[C@H](n2c(CNS(=O)(=O)c3ccc(C#N)cc3)nc3cnc4[nH]ccc4c32)CC1,CHEMBL5981401,7.57,7.57,False,JH2,9.3,9.3,-1.7300000000000004,7.35,7.35,0.22000000000000064,5.41,5.41,2.16,3,-1.7300000000000004,True
N#CC[C@H]1CC[C@H](n2c(CNS(=O)(=O)c3ccccc3)nc3cnc4[nH]ccc4c32)CC1,CHEMBL5807021,7.65,7.65,False,JH2,9.4,9.4,-1.75,7.41,7.41,0.2400000000000002,5.72,5.72,1.9300000000000006,3,-1.75,True
N#CC[C@H]1CC[C@H](n2c(CO/N=C(\N)C34CC5CC(CC(C5)C3)C4)nc3cnc4[nH]ccc4c32)CC1,CHEMBL5849897,7.27,7.27,False,JH2,8.55,8.55,-1.2800000000000011,7.67,7.67,-0.40000000000000036,6.09,6.09,1.1799999999999997,3,-1.2800000000000011,True
N#CC[C@H]1CC[C@H](n2c(CO/N=C(\N)C3CC3)nc3cnc4[nH]ccc4c32)CC1,CHEMBL5913073,7.43,7.43,False,JH2,8.85,8.85,-1.42,7.97,7.97,-0.54,6.99,6.99,0.4399999999999995,3,-1.42,True
N#CC[C@H]1CC[C@H](n2c(CO/N=C(\N)CC3CC3)nc3cnc4[nH]ccc4c32)CC1,CHEMBL5838358,7.39,7.39,False,JH2,9.22,9.22,-1.830000000000001,8.44,8.44,-1.0499999999999998,6.79,6.79,0.5999999999999996,3,-1.830000000000001,True
N#CC[C@H]1CC[C@H](n2c(CO/N=C(\N)CN3CCCCC3)nc3cnc4[nH]ccc4c32)CC1,CHEMBL5805466,7.37,7.37,False,JH2,8.43,8.43,-1.0599999999999996,7.37,7.37,0.0,6.29,6.29,1.08,3,-1.0599999999999996,True
N#CC[C@H]1CC[C@H](n2c(CO/N=C(\N)c3ccccc3)nc3cnc4[nH]ccc4c32)CC1,CHEMBL6009457,7.74,7.74,False,JH2,9.15,9.15,-1.4100000000000001,8.36,8.36,-0.6199999999999992,6.85,6.85,0.8900000000000006,3,-1.4100000000000001,True
N#CC[C@H]1CC[C@H](n2c(COC(=O)NC34CC5CC(CC(C5)C3)C4)nc3cnc4[nH]ccc4c32)CC1,CHEMBL6015244,7.38,7.38,False,JH2,8.47,8.47,-1.0900000000000007,7.38,7.38,0.0,6.18,6.18,1.2000000000000002,3,-1.0900000000000007,True
N#CC[C@H]1CC[C@H](n2c(COC(=O)NCC3CCCCC3)nc3cnc4[nH]ccc4c32)CC1,CHEMBL5997908,7.95,7.95,False,JH2,8.96,8.96,-1.0100000000000007,7.75,7.75,0.20000000000000018,6.5,6.5,1.4500000000000002,3,-1.0100000000000007,True
N#CC[C@H]1CC[C@H](n2c(COC(=O)Nc3ccccc3)nc3cnc4[nH]ccc4c32)CC1,CHEMBL5789528,7.95,7.95,False,JH2,9.22,9.22,-1.2700000000000005,8.12,8.12,-0.16999999999999904,6.87,6.87,1.08,3,-1.2700000000000005,True
N#CC[C@H]1CC[C@H](n2c(Cc3ccn[nH]3)nc3cnc4[nH]ccc4c32)CC1,CHEMBL5800796,8.28,8.28,False,JH2,10.0,10.0,-1.7200000000000006,8.33,8.33,-0.05000000000000071,7.11,7.11,1.169999999999999,3,-1.7200000000000006,True
N#CC[C@H]1CC[C@H](n2c(Cc3cscn3)nc3cnc4[nH]ccc4c32)CC1,CHEMBL5897410,9.22,9.22,False,JH2,,,,9.4,9.4,-0.17999999999999972,7.7,7.7,1.5200000000000005,2,-0.17999999999999972,True
N#CC[C@H]1CC[C@H](n2c(Cn3c(-c4ccccc4)noc3=O)nc3cnc4[nH]ccc4c32)CC1,CHEMBL5984400,7.38,7.38,False,JH2,8.07,8.07,-0.6900000000000004,6.82,6.82,0.5599999999999996,5.33,5.33,2.05,3,-0.6900000000000004,True
N#CC[C@H]1CC[C@H](n2c(Cn3c(C4CC4)noc3=O)nc3cnc4[nH]ccc4c32)CC1,CHEMBL6005684,7.52,7.52,False,JH2,8.77,8.77,-1.25,6.91,6.91,0.6099999999999994,5.57,5.57,1.9499999999999993,3,-1.25,True
N#CC[C@]1(n2cc(-c3nc(-c4cc(C(N)=O)no4)cn4nccc34)cn2)C[C@H](C#N)C1,CHEMBL6002247,6.45,6.45,False,Other,5.41,5.41,1.04,5.52,5.52,0.9300000000000006,,,,2,0.9300000000000006,False
N#CC[C@]1(n2cc(-c3nc(-c4cc(CO)on4)cn4nccc34)cn2)C[C@@H](C#N)C1,CHEMBL5875368,7.715,7.715,False,Other,5.890000000000001,5.890000000000001,1.8249999999999993,6.85,6.85,0.8650000000000002,,,,2,0.8650000000000002,False
N#CC[C@]1(n2cc(-c3nc(-c4cc[nH]n4)cn4nccc34)cn2)C[C@@H](C#N)C1,CHEMBL4791733,8.05,8.05,False,Other,7.37,7.37,0.6800000000000006,7.51,7.51,0.5400000000000009,5.35,5.35,2.700000000000001,3,0.5400000000000009,False
N#CC[C@]1(n2cc(-c3nc(-c4cc[nH]n4)cn4nccc34)cn2)C[C@H](C#N)C1,CHEMBL4750448,7.58,7.58,False,Other,6.55,6.55,1.0300000000000002,6.76,6.76,0.8200000000000003,,,,2,0.8200000000000003,False
N#CC[C@]1(n2cc(-c3nc(-c4cn[nH]c4)cn4nccc34)cn2)C[C@@H](C#N)C1,CHEMBL4781984,8.1,8.1,False,Other,7.66,7.66,0.4399999999999995,7.66,7.66,0.4399999999999995,5.65,5.65,2.4499999999999993,3,0.4399999999999995,False
N#CC[C@]1(n2cc(-c3nc(-c4cn[nH]c4)cn4nccc34)cn2)C[C@H](C#N)C1,CHEMBL4740831,7.36,7.36,False,Other,6.4,6.4,0.96,6.55,6.55,0.8100000000000005,,,,2,0.8100000000000005,False
N#CCc1ccc(NC(=O)Cc2nc3cnc4[nH]ccc4c3n2[C@H]2CC[C@H](CC#N)CC2)cc1,CHEMBL5836949,9.15,9.15,False,JH2,10.0,10.0,-0.8499999999999996,9.3,9.3,-0.15000000000000036,7.89,7.89,1.2600000000000007,3,-0.8499999999999996,True
N#CCc1cncc2ccc(NC(=O)[C@@H]3CC3c3ccc(S(=O)(=O)Nc4ncccn4)cc3)cc12,CHEMBL5994968,7.71,7.71,False,Other,7.98,7.98,-0.27000000000000046,8.7,8.7,-0.9899999999999993,7.98,7.98,-0.27000000000000046,3,-0.9899999999999993,False
N#CNC1CCOc2ccc(-c3ncnc4[nH]ccc34)cc21,CHEMBL4288201,5.6,5.6,False,Other,6.49,6.49,-0.8900000000000006,6.11,6.11,-0.5100000000000007,7.035,7.035,-1.4350000000000005,3,-1.4350000000000005,False
N#CNC1CCc2ccc(-c3ncnc4[nH]ccc34)cc21,CHEMBL4292010,5.54,5.54,False,Other,6.495,6.495,-0.9550000000000001,5.81,5.81,-0.2699999999999996,7.1850000000000005,7.1850000000000005,-1.6450000000000005,3,-1.6450000000000005,False
N#CN[C@@H]1CCOc2ccc(-c3ncnc4[nH]ccc34)cc21,CHEMBL4282878,5.74,5.74,False,Other,6.635,6.635,-0.8949999999999996,6.33,6.33,-0.5899999999999999,6.395,6.395,-0.6549999999999994,3,-0.8949999999999996,False
N#CN[C@@H]1CCc2ccc(-c3ncnc4[nH]ccc34)cc21,CHEMBL4276860,5.5,5.5,False,Other,6.545,6.545,-1.045,5.95,5.95,-0.4500000000000002,7.18,7.18,-1.6799999999999997,3,-1.6799999999999997,False
N#CN[C@@H]1c2cc(-c3ncnc4[nH]ccc34)ccc2C[C@H]1O,CHEMBL4281693,5.37,5.37,False,Other,6.44,6.44,-1.0700000000000003,5.3,5.3,0.07000000000000028,7.625,7.625,-2.255,3,-2.255,False
N#CN[C@H]1CCOc2ccc(-c3ncnc4[nH]ccc34)cc21,CHEMBL4284952,5.53,5.53,False,Other,6.675,6.675,-1.1449999999999996,6.06,6.06,-0.5299999999999994,7.130000000000001,7.130000000000001,-1.6000000000000005,3,-1.6000000000000005,False
N#CN[C@H]1CCc2ccc(-c3ncnc4[nH]ccc34)cc21,CHEMBL4281393,5.74,5.74,False,Other,6.640000000000001,6.640000000000001,-0.9000000000000004,5.78,5.78,-0.040000000000000036,6.59,6.59,-0.8499999999999996,3,-0.9000000000000004,False
N#CN[C@H]1C[C@H](O)c2ccc(-c3ncnc4[nH]ccc34)cc21,CHEMBL4286963,5.47,5.47,False,Other,6.5,6.5,-1.0300000000000002,5.61,5.61,-0.14000000000000057,6.88,6.88,-1.4100000000000001,3,-1.4100000000000001,False
N#C[C@@H]1C[C@@H]1C(=O)Nc1cc(NC(=O)c2c(Cl)cccc2Cl)ccn1,CHEMBL2387134,8.04,8.04,False,Other,,,,,,,,,,0,,False
N#C[C@@H]1C[C@H](N2CCC2)CC[C@H]1n1cc(C(N)=O)c(Nc2ccc(C(F)(F)F)cc2)n1,CHEMBL5901873,6.92,6.92,False,Other,8.7,8.7,-1.7799999999999994,6.62,6.62,0.2999999999999998,5.0,5.0,1.92,3,-1.7799999999999994,False
N#C[C@@H]1C[C@H]1C(=O)N[C@@]12C[C@@H]1CN(c1nc(Nc3cnn(CCO)c3)ncc1F)C2,CHEMBL4644138,7.54,7.54,False,Other,7.75,7.75,-0.20999999999999996,6.47,6.47,1.0700000000000003,6.02,6.02,1.5200000000000005,3,-0.20999999999999996,False
N#C[C@H]1CCN(C(=O)[C@H]2CC[C@H](c3nnn4cnc5[nH]ccc5c34)CC2)C1,CHEMBL4107883,6.06,6.06,False,Other,7.17,7.17,-1.1100000000000003,6.48,6.48,-0.4200000000000008,,,,2,-1.1100000000000003,False
N#C[C@H]1CCN(C[C@H]2CC[C@H](c3nnn4cnc5[nH]ccc5c34)CC2)C1,CHEMBL4107757,6.44,6.44,False,Other,8.12,8.12,-1.6799999999999988,7.42,7.42,-0.9799999999999995,6.43,6.43,0.010000000000000675,3,-1.6799999999999988,False
N#C[C@H]1CCOC[C@@H]1n1cc(C(N)=O)c(Nc2cc(F)c3nccc(Cl)c3c2)n1,CHEMBL4076473,7.92,7.92,False,JH1,8.735,8.735,-0.8149999999999995,7.1850000000000005,7.1850000000000005,0.7349999999999994,6.0,6.0,1.92,3,-0.8149999999999995,False
N#C[C@H]1CCOC[C@@H]1n1cc(C(N)=O)c(Nc2ccc(-n3ccnn3)cc2)n1,CHEMBL4096821,9.3,9.3,False,JH1,8.93,8.93,0.370000000000001,7.87,7.87,1.4300000000000006,6.94,6.94,2.3600000000000003,3,0.370000000000001,False
N#C[C@H]1CCOC[C@@H]1n1cc(C(N)=O)c(Nc2ccc(C3CC3)cc2)n1,CHEMBL4077886,8.41,8.41,False,JH1,8.365,8.365,0.04499999999999993,7.710000000000001,7.710000000000001,0.6999999999999993,6.55,6.55,1.8600000000000003,3,0.04499999999999993,False
N#C[C@H]1CCOC[C@@H]1n1cc(C(N)=O)c(Nc2ccc(Cl)cc2)n1,CHEMBL4089234,8.7,8.7,False,JH1,9.735,9.735,-1.0350000000000001,8.620000000000001,8.620000000000001,0.0799999999999983,6.59,6.59,2.1099999999999994,3,-1.0350000000000001,False
N#C[C@H]1CCOC[C@@H]1n1cc(C(N)=O)c(Nc2ccc(F)cc2)n1,CHEMBL4104623,8.74,8.74,False,JH1,8.515,8.515,0.22499999999999964,7.59,7.59,1.1500000000000004,6.52,6.52,2.2200000000000006,3,0.22499999999999964,False
N#C[C@H]1CCOC[C@@H]1n1cc(C(N)=O)c(Nc2ccc(OC(F)F)cc2)n1,CHEMBL4102140,9.15,9.15,False,JH1,9.15,9.15,0.0,8.184999999999999,8.184999999999999,0.9650000000000016,6.71,6.71,2.4400000000000004,3,0.0,False
N#C[C@H]1CCOC[C@@H]1n1cc(C(N)=O)c(Nc2ccc([C@H](O)C(F)(F)F)cc2)n1,CHEMBL4089118,9.4,9.4,False,JH1,10.05,10.05,-0.6500000000000004,9.15,9.15,0.25,7.0,7.0,2.4000000000000004,3,-0.6500000000000004,False
N#C[C@H]1CCOC[C@@H]1n1cc(C(N)=O)c(Nc2ccccc2)n1,CHEMBL4100288,8.54,8.54,False,JH1,8.0,8.0,0.5399999999999991,7.17,7.17,1.3699999999999992,6.44,6.44,2.0999999999999988,3,0.5399999999999991,False
N#C[C@H]1CCOC[C@@H]1n1cc(C(N)=O)c(Nc2ccnc(F)c2)n1,CHEMBL4067915,8.52,8.52,False,JH1,9.62,9.62,-1.0999999999999996,8.55,8.55,-0.030000000000001137,6.29,6.29,2.2299999999999995,3,-1.0999999999999996,False
N#C[C@H]1CC[C@H](c2nnn3cnc4[nH]ccc4c23)CC1,CHEMBL3902333,6.39,6.39,False,Other,8.07,8.07,-1.6800000000000006,7.31,7.31,-0.9199999999999999,,,,2,-1.6800000000000006,False
N#C[C@H]1C[C@@H](N2C3CCC2CN(c2ccnn4cc(-c5cnn(C(F)F)c5)cc24)C3)C1,CHEMBL6120593,8.62,8.62,False,JH1,,,,,,,,,,0,,False
N#C[C@H]1C[C@@H](N2CCC2)CC[C@@H]1n1cc(C(N)=O)c(Nc2ccc(C(F)(F)F)cc2)n1,CHEMBL5873989,5.75,5.75,False,Other,7.4,7.4,-1.6500000000000004,5.57,5.57,0.17999999999999972,5.0,5.0,0.75,3,-1.6500000000000004,False
N#C[C@H]1C[C@@H]1C(=O)N[C@@]12C[C@@H]1CN(c1nc(Nc3cnn(CCO)c3)ncc1F)C2,CHEMBL4638906,7.17,7.17,False,Other,6.52,6.52,0.6500000000000004,5.66,5.66,1.5099999999999998,,,,2,0.6500000000000004,False
N#C[C@H]1C[C@H](O)CC[C@@H]1n1cc(C(N)=O)c(Nc2ccc(C(F)(F)F)cc2)n1,CHEMBL3702942,6.96,6.96,False,Other,9.0,9.0,-2.04,8.0,8.0,-1.04,5.0,5.0,1.96,3,-2.04,False
N#C[C@]1(C2CC2)C(=O)N2C[C@H]1COC/C=C/COCc1cccc(n1)Nc1cc2ccn1,CHEMBL4645110,7.140000000000001,7.140000000000001,False,Other,6.44,6.44,0.7000000000000002,6.85,6.85,0.2900000000000009,6.75,6.75,0.39000000000000057,3,0.2900000000000009,False
N#C[C@]1(C2CC2)C(=O)N2C[C@H]1COC/C=C\COCc1cccc(n1)Nc1cc2ccn1,CHEMBL4643899,7.43,7.43,False,Other,6.24,6.24,1.1899999999999995,6.89,6.89,0.54,6.57,6.57,0.8599999999999994,3,0.54,False
N#C[C@]1(C2CC2)C(=O)N2C[C@H]1COCC(=O)NCCCc1cccc(n1)Nc1cc2ccn1,CHEMBL4641006,7.505,7.505,False,Other,6.89,6.89,0.6150000000000002,7.0,7.0,0.5049999999999999,7.37,7.37,0.1349999999999998,3,0.1349999999999998,False
N#C[C@]1(C2CC2)C(=O)N2C[C@H]1COCC(=O)NCCc1cccc(n1)Nc1cc2ccn1,CHEMBL4645258,7.16,7.16,False,Other,6.04,6.04,1.12,6.75,6.75,0.41000000000000014,6.89,6.89,0.27000000000000046,3,0.27000000000000046,False
N#C[C@]1(C2CC2)C(=O)N2C[C@H]1COCC(=O)NCc1cccc(n1)Nc1cc2ccn1,CHEMBL4637587,6.39,6.39,False,Other,5.52,5.52,0.8700000000000001,6.0,6.0,0.3899999999999997,5.72,5.72,0.6699999999999999,3,0.3899999999999997,False
N#C[C@]1(C2CC2)C(=O)N2C[C@H]1COCCCCOCc1cccc(n1)Nc1cc2ccn1,CHEMBL4643392,7.495,7.495,False,Other,6.15,6.15,1.3449999999999998,6.89,6.89,0.6050000000000004,6.4,6.4,1.0949999999999998,3,0.6050000000000004,False
N#Cc1cc(Cl)c(-c2nc3c(F)cnc(NC(=O)C4CC4)c3s2)c(Cl)c1,CHEMBL3675696,8.82,8.82,False,Other,,,,,,,,,,0,,False
N#Cc1cc(Cl)c(-c2nc3ccnc(Nc4cc(N)ncn4)c3[nH]2)c(Cl)c1,CHEMBL4092116,9.22,9.22,False,Other,,,,7.64,7.64,1.580000000000001,,,,1,1.580000000000001,False
N#Cc1cc(Cl)c(C(=O)Nc2ccnc(NC(=O)C3CC3)c2)c(Cl)c1,CHEMBL2387124,8.74,8.74,False,Other,,,,,,,,,,0,,False
N#Cc1cc(Cl)c(C(=O)Nc2ccnc(NC(=O)[C@H]3C[C@H]3F)c2)c(Cl)c1,CHEMBL2387221,8.85,8.85,False,Other,,,,,,,,,,0,,False
N#Cc1cc(F)c(C(=O)Nc2ccnc(NC(=O)[C@H]3C[C@H]3F)c2)c(Cl)c1,CHEMBL2387223,8.8,8.8,False,Other,,,,7.21,7.21,1.5900000000000007,,,,1,1.5900000000000007,False
N#Cc1cc(F)c(CN2CCC(c3nnn4cnc5[nH]ccc5c34)CC2)c(F)c1,CHEMBL3972475,7.365,7.365,False,Other,8.81,8.81,-1.4450000000000003,8.07,8.07,-0.7050000000000001,7.475,7.475,-0.10999999999999943,3,-1.4450000000000003,False
N#Cc1cc(F)ccc1NC[C@H]1CC[C@H](c2nnn3cnc4[nH]ccc4c23)CC1,CHEMBL3919766,7.065,7.065,False,Other,8.7,8.7,-1.634999999999999,7.71,7.71,-0.6449999999999996,6.845000000000001,6.845000000000001,0.21999999999999975,3,-1.634999999999999,False
N#Cc1cc(Nc2cc(NC3CC3)c3ncc(C(N)=O)n3n2)cc(C(F)(F)F)c1,CHEMBL4289149,5.09,5.09,False,JH2,,,,,,,,,,0,,True
N#Cc1ccc(-c2nc3cc(C(N)=O)ccc3n2CCN)cc1,CHEMBL3622830,5.6,5.6,False,Other,5.54,5.54,0.05999999999999961,5.58,5.58,0.019999999999999574,5.72,5.72,-0.1200000000000001,3,-0.1200000000000001,False
N#Cc1ccc(CCNC[C@H]2CC[C@H](c3nnn4cnc5[nH]ccc5c34)CC2)cc1,CHEMBL3911362,7.1,7.1,False,Other,8.28,8.28,-1.1799999999999997,7.16,7.16,-0.0600000000000005,6.41,6.41,0.6899999999999995,3,-1.1799999999999997,False
N#Cc1ccc(CCN[C@H]2CC[C@H](c3nnn4cnc5[nH]ccc5c34)CC2)cc1,CHEMBL3958508,6.24,6.24,False,Other,7.75,7.75,-1.5099999999999998,6.41,6.41,-0.16999999999999993,,,,2,-1.5099999999999998,False
N#Cc1ccc(CN2CCC(c3ncn4cnc5[nH]ccc5c34)CC2)cc1,CHEMBL3960910,6.54,6.54,False,Other,8.33,8.33,-1.79,7.72,7.72,-1.1799999999999997,7.11,7.11,-0.5700000000000003,3,-1.79,False
N#Cc1ccc(CN2CCC(c3nnn4cnc5[nH]ccc5c34)CC2)c(F)c1,CHEMBL3899634,6.82,6.82,False,Other,7.859999999999999,7.859999999999999,-1.0399999999999991,7.244999999999999,7.244999999999999,-0.42499999999999893,7.005,7.005,-0.1849999999999996,3,-1.0399999999999991,False
N#Cc1ccc(CN2CCC(c3nnn4cnc5[nH]ccc5c34)CC2)cc1,CHEMBL3953550,6.654999999999999,6.654999999999999,False,Other,8.33,8.33,-1.6750000000000007,7.72,7.72,-1.0650000000000004,7.31,7.31,-0.6550000000000002,3,-1.6750000000000007,False
N#Cc1ccc(CN2CCC(c3nnn4cnc5[nH]ccc5c34)CC2)cc1C(F)(F)F,CHEMBL3965217,6.1,6.1,False,Other,8.27,8.27,-2.17,7.42,7.42,-1.3200000000000003,6.36,6.36,-0.2600000000000007,3,-2.17,False
N#Cc1ccc(CN2CCC(c3nnn4cnc5[nH]ccc5c34)CC2)cc1F,CHEMBL3961357,6.11,6.11,False,Other,8.46,8.46,-2.3500000000000005,7.48,7.48,-1.37,6.5,6.5,-0.3899999999999997,3,-2.3500000000000005,False
N#Cc1ccc(CN2CCC(c3nnn4cnc5[nH]ccc5c34)CC2)s1,CHEMBL3937067,7.21,7.21,False,Other,8.23,8.23,-1.0200000000000005,7.28,7.28,-0.07000000000000028,7.27,7.27,-0.05999999999999961,3,-1.0200000000000005,False
N#Cc1ccc(CN2CCCC(c3nnn4cnc5[nH]ccc5c34)C2)cc1,CHEMBL3902447,6.06,6.06,False,Other,6.845000000000001,6.845000000000001,-0.785000000000001,6.4,6.4,-0.34000000000000075,6.43,6.43,-0.3700000000000001,3,-0.785000000000001,False
N#Cc1ccc(CNC(=O)[C@H]2CC[C@H](c3nnn4cnc5[nH]ccc5c34)CC2)cc1,CHEMBL3945378,6.27,6.27,False,Other,8.1,8.1,-1.83,7.33,7.33,-1.0600000000000005,,,,2,-1.83,False
N#Cc1ccc(CNC[C@H]2CC[C@H](c3nnn4cnc5[nH]ccc5c34)CC2)cc1,CHEMBL3908040,8.23,8.23,False,Other,7.274999999999999,7.274999999999999,0.9550000000000018,7.21,7.21,1.0200000000000005,6.51,6.51,1.7200000000000006,3,0.9550000000000018,False
N#Cc1ccc(CN[C@H]2CC[C@@H](c3nnn4cnc5[nH]ccc5c34)CC2)cc1,CHEMBL3968423,6.51,6.51,False,Other,7.5,7.5,-0.9900000000000002,6.31,6.31,0.20000000000000018,,,,2,-0.9900000000000002,False
N#Cc1ccc(CN[C@H]2CC[C@H](c3nnn4cnc5[nH]ccc5c34)CC2)cc1,CHEMBL3903790,7.06,7.06,False,Other,8.39,8.39,-1.330000000000001,7.41,7.41,-0.35000000000000053,6.42,6.42,0.6399999999999997,3,-1.330000000000001,False
N#Cc1ccc(COc2ccc(-c3cccc4nc(NC(=O)C5CC5)nn34)cc2)cn1,CHEMBL5871332,6.96,6.96,False,Other,9.0,9.0,-2.04,7.52,7.52,-0.5599999999999996,6.42,6.42,0.54,3,-2.04,False
N#Cc1ccc(NC2CCC(c3nnn4cnc5[nH]ccc5c34)CC2)c(F)c1,CHEMBL3975250,6.595000000000001,6.595000000000001,False,Other,8.125,8.125,-1.5299999999999994,6.93,6.93,-0.3349999999999991,6.09,6.09,0.5050000000000008,3,-1.5299999999999994,False
N#Cc1ccc(NC2CCC(c3nnn4cnc5[nH]ccc5c34)CC2)cc1,CHEMBL3956611,6.85,6.85,False,Other,8.27,8.27,-1.42,7.029999999999999,7.029999999999999,-0.17999999999999972,6.34,6.34,0.5099999999999998,3,-1.42,False
N#Cc1ccc(NC[C@H]2CC[C@H](c3nnn4cnc5[nH]ccc5c34)CC2)cc1C#N,CHEMBL3969516,6.04,6.04,False,Other,8.33,8.33,-2.29,7.35,7.35,-1.3099999999999996,6.23,6.23,-0.1900000000000004,3,-2.29,False
N#Cc1ccc(NC[C@H]2CC[C@H](c3nnn4cnc5[nH]ccc5c34)CC2)cc1C(F)(F)F,CHEMBL3937827,6.43,6.43,False,Other,6.59,6.59,-0.16000000000000014,6.72,6.72,-0.29000000000000004,,,,2,-0.29000000000000004,False
N#Cc1ccc(N[C@H]2CC[C@@H](c3nnn4cnc5[nH]ccc5c34)CC2)cc1,CHEMBL3922392,6.43,6.43,False,Other,7.66,7.66,-1.2300000000000004,7.02,7.02,-0.5899999999999999,6.0,6.0,0.4299999999999997,3,-1.2300000000000004,False
N#Cc1ccc(N[C@H]2CC[C@H](c3nnn4cnc5[nH]ccc5c34)CC2)cc1,CHEMBL3906857,7.25,7.25,False,Other,8.66,8.66,-1.4100000000000001,7.62,7.62,-0.3700000000000001,6.18,6.18,1.0700000000000003,3,-1.4100000000000001,False
N#Cc1ccc(Nc2nn([C@H]3COCC[C@@H]3C#N)cc2C(N)=O)cc1,CHEMBL4061128,8.92,8.92,False,JH1,8.855,8.855,0.0649999999999995,8.92,8.92,0.0,6.64,6.64,2.2800000000000002,3,0.0,False
N#Cc1ccc(Nc2nn([C@H]3COCC[C@@H]3C#N)cc2C(N)=O)cc1C#N,CHEMBL4064171,7.96,7.96,False,JH1,8.08,8.08,-0.1200000000000001,7.11,7.11,0.8499999999999996,6.18,6.18,1.7800000000000002,3,-0.1200000000000001,False
N#Cc1ccc(Nc2nn([C@H]3COCC[C@@H]3C#N)cc2C(N)=O)cc1C1CC1,CHEMBL4098999,7.4,7.4,False,JH1,7.994999999999999,7.994999999999999,-0.5949999999999989,6.965,6.965,0.4350000000000005,,,,2,-0.5949999999999989,False
N#Cc1ccc(Nc2nn([C@H]3COCC[C@@H]3C#N)cc2C(N)=O)cc1Cl,CHEMBL4085737,8.4,8.4,False,JH1,8.49,8.49,-0.08999999999999986,7.575,7.575,0.8250000000000002,6.25,6.25,2.1500000000000004,3,-0.08999999999999986,False
N#Cc1cccc(CN2CCC(c3nnn4cnc5[nH]ccc5c34)CC2)c1,CHEMBL3892138,6.17,6.17,False,Other,8.030000000000001,8.030000000000001,-1.8600000000000012,7.41,7.41,-1.2400000000000002,6.77,6.77,-0.5999999999999996,3,-1.8600000000000012,False
N#Cc1cccc(F)c1-c1cc(-c2cc3n(n2)CC(O)CN3)c2c(n1)CNC2=O,CHEMBL5987651,8.3,,True,Other,,,,8.3,,,,,,0,,False
N#Cc1cccc(F)c1-c1cc(-c2ccn(C(=O)N3CCOCC3)n2)c2c(n1)CNC2=O,CHEMBL6065352,7.26,,True,Other,,,,6.26,,,,,,0,,False
N#Cc1cccc(F)c1-c1cc(-c2ccn(C3COC[C@@H]3O)n2)c2c(n1)CNC2=O,CHEMBL5993090,7.26,,True,Other,,,,6.26,,,,,,0,,False
N#Cc1cccc(F)c1-c1cc(-n2cc(F)c(N3CCC(O)C3)n2)c2c(n1)CNC2=O,CHEMBL5987383,8.3,,True,Other,,,,7.26,,,,,,0,,False
N#Cc1cccc(F)c1-c1cc(-n2cc(F)c(N3CC[C@@H](O)C3)n2)c2c(n1)CNC2=O,CHEMBL5792849,8.3,,True,Other,,,,7.26,,,,,,0,,False
N#Cc1cccc(F)c1-c1cc(-n2cc(F)c(N3CC[C@H](O)C3)n2)c2c(n1)CNC2=O,CHEMBL5889131,8.3,,True,Other,,,,7.26,,,,,,0,,False
N#Cc1cccc(F)c1-c1cc(-n2cc3c(n2)CC(C(N)=O)CN3)c2c(n1)CNC2=O,CHEMBL5802748,8.3,,True,Other,,,,7.26,,,,,,0,,False
N#Cc1cccc(F)c1-c1cc(-n2cc3c(n2)CCCN3)c2c(n1)CNC2=O,CHEMBL5978285,8.3,,True,Other,,,,7.26,,,,,,0,,False
N#Cc1cccc(F)c1-c1cc(-n2cc3c(n2)CNC3)c2c(n1)CNC2=O,CHEMBL5742929,7.26,,True,Other,,,,6.26,,,,,,0,,False
N#Cc1cccc(F)c1-c1cc(-n2cc3c(n2)NCCC3)c2c(n1)CNC2=O,CHEMBL5800805,8.3,,True,Other,,,,8.3,,,,,,0,,False
N#Cc1cccc(F)c1-c1cc(-n2ccc(C3CCCO3)n2)c2c(n1)CNC2=O,CHEMBL5887667,8.3,,True,Other,,,,7.26,,,,,,0,,False
N#Cc1cccc(F)c1-c1cc(-n2ccc(C3CCOCC3)n2)c2c(n1)CNC2=O,CHEMBL5984356,8.3,,True,Other,,,,6.26,,,,,,0,,False
N#Cc1cccc(F)c1-c1cc(-n2ccc(CC(=O)O)n2)c2c(n1)CNC2=O,CHEMBL5768268,7.26,,True,Other,,,,,,,,,,0,,False
N#Cc1cccc(F)c1-c1cc(-n2ccc(CCO)n2)c2c(n1)CNC2=O,CHEMBL5856891,7.26,,True,Other,,,,6.26,,,,,,0,,False
N#Cc1cccc(F)c1-c1cc(-n2ccc(N3CCC(C#N)C3)n2)c2c(n1)CNC2=O,CHEMBL5764815,8.3,,True,Other,,,,8.3,,,,,,0,,False
N#Cc1cccc(F)c1-c1cc(-n2ccc(N3CCC(F)C(O)C3)n2)c2c(n1)CNC2=O,CHEMBL5943374,10.3,,True,Other,,,,8.3,,,,,,0,,False
N#Cc1cccc(F)c1-c1cc(-n2ccc(N3CCC(N4CCCC4)CC3)n2)c2c(n1)CNC2=O,CHEMBL5851700,8.3,,True,Other,,,,7.26,,,,,,0,,False
N#Cc1cccc(F)c1-c1cc(-n2ccc(N3CCC(N4CCOCC4)CC3)n2)c2c(n1)CNC2=O,CHEMBL5761440,8.3,8.3,False,Other,,,,8.3,8.3,0.0,,,,1,0.0,False
N#Cc1cccc(F)c1-c1cc(-n2ccc(N3CCC(O)(C(=O)N4CCCC4)C3)n2)c2c(n1)CNC2=O,CHEMBL6006652,8.3,,True,Other,,,,8.3,,,,,,0,,False
N#Cc1cccc(F)c1-c1cc(-n2ccc(N3CCC(O)C3)n2)c2c(n1)CNC2=O,CHEMBL6028729,9.3,,True,Other,,,,8.3,,,,,,0,,False
N#Cc1cccc(F)c1-c1cc(-n2ccc(N3CCC(O)CC3)n2)c2c(n1)CNC2=O,CHEMBL5840358,8.3,,True,Other,,,,7.26,,,,,,0,,False
N#Cc1cccc(F)c1-c1cc(-n2ccc(N3CCC4(C3)OCC(O)CO4)n2)c2c(n1)CNC2=O,CHEMBL6064849,8.3,,True,Other,,,,8.3,,,,,,0,,False
N#Cc1cccc(F)c1-c1cc(-n2ccc(N3CCC4(C3)OCCO4)n2)c2c(n1)CNC2=O,CHEMBL5819557,10.3,,True,Other,,,,8.3,,,,,,0,,False
N#Cc1cccc(F)c1-c1cc(-n2ccc(N3CCC4(CCNC4=O)C3)n2)c2c(n1)CNC2=O,CHEMBL5951990,8.3,,True,Other,,,,7.26,,,,,,0,,False
N#Cc1cccc(F)c1-c1cc(-n2ccc(N3CCCC(C#N)C3)n2)c2c(n1)CNC2=O,CHEMBL5966741,8.3,,True,Other,,,,7.26,,,,,,0,,False
N#Cc1cccc(F)c1-c1cc(-n2ccc(N3CCCC(C(=O)N4CCCC4)C3)n2)c2c(n1)CNC2=O,CHEMBL5997858,8.3,,True,Other,,,,8.3,,,,,,0,,False
N#Cc1cccc(F)c1-c1cc(-n2ccc(N3CCCC(C(=O)O)C3)n2)c2c(n1)CNC2=O,CHEMBL6052785,8.3,,True,Other,,,,7.26,,,,,,0,,False
N#Cc1cccc(F)c1-c1cc(-n2ccc(N3CCCC(C(N)=O)C3)n2)c2c(n1)CNC2=O,CHEMBL5877740,8.3,,True,Other,,,,7.26,,,,,,0,,False
N#Cc1cccc(F)c1-c1cc(-n2ccc(N3CCCC(CO)C3)n2)c2c(n1)CNC2=O,CHEMBL6015414,8.3,,True,Other,,,,7.26,,,,,,0,,False
N#Cc1cccc(F)c1-c1cc(-n2ccc(N3CCCC(N)(C(F)(F)F)C3)n2)c2c(n1)CNC2=O,CHEMBL5994009,10.3,,True,Other,,,,8.3,,,,,,0,,False
N#Cc1cccc(F)c1-c1cc(-n2ccc(N3CCCC(N)C3)n2)c2c(n1)CNC2=O,CHEMBL6056101,8.3,,True,Other,,,,7.26,,,,,,0,,False
N#Cc1cccc(F)c1-c1cc(-n2ccc(N3CCCC(N4CCOCC4)C3)n2)c2c(n1)CNC2=O,CHEMBL5935458,10.3,,True,Other,,,,8.3,,,,,,0,,False
N#Cc1cccc(F)c1-c1cc(-n2ccc(N3CCCC(O)(C(F)(F)F)C3)n2)c2c(n1)CNC2=O,CHEMBL5819300,8.3,,True,Other,,,,7.26,,,,,,0,,False
N#Cc1cccc(F)c1-c1cc(-n2ccc(N3CCCC(O)C3)n2)c2c(n1)CNC2=O,CHEMBL5987106,8.3,,True,Other,,,,7.26,,,,,,0,,False
N#Cc1cccc(F)c1-c1cc(-n2ccc(N3CCCC3=O)n2)c2c(n1)CNC2=O,CHEMBL5946471,8.3,,True,Other,,,,7.26,,,,,,0,,False
N#Cc1cccc(F)c1-c1cc(-n2ccc(N3CCCNC(=O)C3)n2)c2c(n1)CNC2=O,CHEMBL5874510,8.3,,True,Other,,,,8.3,,,,,,0,,False
N#Cc1cccc(F)c1-c1cc(-n2ccc(N3CCCOCC3)n2)c2c(n1)CNC2=O,CHEMBL5749751,8.3,,True,Other,,,,7.26,,,,,,0,,False
N#Cc1cccc(F)c1-c1cc(-n2ccc(N3CCC[C@@H](C(=O)N4CCCC4)C3)n2)c2c(n1)CNC2=O,CHEMBL5989891,8.3,,True,Other,,,,8.3,,,,,,0,,False
N#Cc1cccc(F)c1-c1cc(-n2ccc(N3CCC[C@@H](C(N)=O)C3)n2)c2c(n1)CNC2=O,CHEMBL6055019,8.3,,True,Other,,,,7.26,,,,,,0,,False
N#Cc1cccc(F)c1-c1cc(-n2ccc(N3CCC[C@@H](CO)C3)n2)c2c(n1)CNC2=O,CHEMBL6026666,8.3,,True,Other,,,,7.26,,,,,,0,,False
N#Cc1cccc(F)c1-c1cc(-n2ccc(N3CCC[C@@H](N)C3)n2)c2c(n1)CNC2=O,CHEMBL5873995,8.3,,True,Other,,,,8.3,,,,,,0,,False
N#Cc1cccc(F)c1-c1cc(-n2ccc(N3CCC[C@@H](N4CCOCC4)C3)n2)c2c(n1)CNC2=O,CHEMBL5893694,8.3,,True,Other,,,,7.26,,,,,,0,,False
N#Cc1cccc(F)c1-c1cc(-n2ccc(N3CCC[C@@H](O)C3)n2)c2c(n1)CNC2=O,CHEMBL5755406,8.3,,True,Other,,,,7.26,,,,,,0,,False
N#Cc1cccc(F)c1-c1cc(-n2ccc(N3CCC[C@@H](O)[C@@H](O)C3)n2)c2c(n1)CNC2=O,CHEMBL6005860,8.3,,True,Other,,,,7.26,,,,,,0,,False
N#Cc1cccc(F)c1-c1cc(-n2ccc(N3CCC[C@@](N)(C(F)(F)F)C3)n2)c2c(n1)CNC2=O,CHEMBL5807669,10.3,,True,Other,,,,8.3,,,,,,0,,False
N#Cc1cccc(F)c1-c1cc(-n2ccc(N3CCC[C@@](O)(C(F)(F)F)C3)n2)c2c(n1)CNC2=O,CHEMBL5790300,8.3,,True,Other,,,,7.26,,,,,,0,,False
N#Cc1cccc(F)c1-c1cc(-n2ccc(N3CCC[C@H](C(=O)N4CCCC4)C3)n2)c2c(n1)CNC2=O,CHEMBL6050723,8.3,,True,Other,,,,8.3,,,,,,0,,False
N#Cc1cccc(F)c1-c1cc(-n2ccc(N3CCC[C@H](C(N)=O)C3)n2)c2c(n1)CNC2=O,CHEMBL5858652,8.3,,True,Other,,,,7.26,,,,,,0,,False
N#Cc1cccc(F)c1-c1cc(-n2ccc(N3CCC[C@H](CO)C3)n2)c2c(n1)CNC2=O,CHEMBL5955952,8.3,,True,Other,,,,7.26,,,,,,0,,False
N#Cc1cccc(F)c1-c1cc(-n2ccc(N3CCC[C@H](N)C3)n2)c2c(n1)CNC2=O,CHEMBL5828893,8.3,,True,Other,,,,7.26,,,,,,0,,False
N#Cc1cccc(F)c1-c1cc(-n2ccc(N3CCC[C@H](N4CCOCC4)C3)n2)c2c(n1)CNC2=O,CHEMBL5753275,8.3,,True,Other,,,,7.26,,,,,,0,,False
N#Cc1cccc(F)c1-c1cc(-n2ccc(N3CCC[C@H](O)C3)n2)c2c(n1)CNC2=O,CHEMBL5831803,8.3,,True,Other,,,,8.3,,,,,,0,,False
N#Cc1cccc(F)c1-c1cc(-n2ccc(N3CCC[C@H](O)[C@H](O)C3)n2)c2c(n1)CNC2=O,CHEMBL5759386,8.3,,True,Other,,,,7.26,,,,,,0,,False
N#Cc1cccc(F)c1-c1cc(-n2ccc(N3CCC[C@](N)(C(F)(F)F)C3)n2)c2c(n1)CNC2=O,CHEMBL5985265,10.3,,True,Other,,,,8.3,,,,,,0,,False
N#Cc1cccc(F)c1-c1cc(-n2ccc(N3CCC[C@](O)(C(F)(F)F)C3)n2)c2c(n1)CNC2=O,CHEMBL5981476,10.3,,True,Other,,,,7.26,,,,,,0,,False
N#Cc1cccc(F)c1-c1cc(-n2ccc(N3CCNC(=O)C3)n2)c2c(n1)CNC2=O,CHEMBL6007622,8.3,,True,Other,,,,6.26,,,,,,0,,False
N#Cc1cccc(F)c1-c1cc(-n2ccc(N3CCNC(=O)CC3)n2)c2c(n1)CNC2=O,CHEMBL5805686,10.3,,True,Other,,,,8.3,,,,,,0,,False
N#Cc1cccc(F)c1-c1cc(-n2ccc(N3CCOCC(O)C3)n2)c2c(n1)CNC2=O,CHEMBL5872258,8.3,,True,Other,,,,7.26,,,,,,0,,False
N#Cc1cccc(F)c1-c1cc(-n2ccc(N3CCOCC3)n2)c2c(n1)CNC2=O,CHEMBL5956463,8.3,,True,Other,,,,7.26,,,,,,0,,False
N#Cc1cccc(F)c1-c1cc(-n2ccc(N3CCOCC3=O)n2)c2c(n1)CNC2=O,CHEMBL5896499,8.3,,True,Other,,,,6.26,,,,,,0,,False
N#Cc1cccc(F)c1-c1cc(-n2ccc(N3CCOCC3CO)n2)c2c(n1)CNC2=O,CHEMBL5977587,8.3,8.3,False,Other,,,,6.26,6.26,2.040000000000001,,,,1,2.040000000000001,False
N#Cc1cccc(F)c1-c1cc(-n2ccc(N3CCOC[C@@H](O)C3)n2)c2c(n1)CNC2=O,CHEMBL5959651,8.3,,True,Other,,,,7.26,,,,,,0,,False
N#Cc1cccc(F)c1-c1cc(-n2ccc(N3CCOC[C@@H]3CO)n2)c2c(n1)CNC2=O,CHEMBL5869610,8.3,,True,Other,,,,8.3,,,,,,0,,False
N#Cc1cccc(F)c1-c1cc(-n2ccc(N3CCOC[C@H](O)C3)n2)c2c(n1)CNC2=O,CHEMBL5754596,8.3,,True,Other,,,,7.26,,,,,,0,,False
N#Cc1cccc(F)c1-c1cc(-n2ccc(N3CCOC[C@H]3CO)n2)c2c(n1)CNC2=O,CHEMBL6036932,8.3,,True,Other,,,,8.3,,,,,,0,,False
N#Cc1cccc(F)c1-c1cc(-n2ccc(N3CC[C@@H](C#N)C3)n2)c2c(n1)CNC2=O,CHEMBL5872623,8.3,,True,Other,,,,7.26,,,,,,0,,False
N#Cc1cccc(F)c1-c1cc(-n2ccc(N3CC[C@@H](C#N)[C@H](O)C3)n2)c2c(n1)CNC2=O,CHEMBL5992142,8.3,,True,Other,,,,8.3,,,,,,0,,False
N#Cc1cccc(F)c1-c1cc(-n2ccc(N3CC[C@@H](F)[C@@H](O)C3)n2)c2c(n1)CNC2=O,CHEMBL5879376,10.3,,True,Other,,,,8.3,,,,,,0,,False
N#Cc1cccc(F)c1-c1cc(-n2ccc(N3CC[C@@H](O)C3)n2)c2c(n1)CNC2=O,CHEMBL6065814,8.3,,True,Other,,,,7.26,,,,,,0,,False
N#Cc1cccc(F)c1-c1cc(-n2ccc(N3CC[C@@H](O)[C@@H](N4CCOCC4)C3)n2)c2c(n1)CNC2=O,CHEMBL5845707,8.3,,True,Other,,,,7.26,,,,,,0,,False
N#Cc1cccc(F)c1-c1cc(-n2ccc(N3CC[C@@H](O)[C@@H](O)C3)n2)c2c(n1)CNC2=O,CHEMBL5807435,8.3,,True,Other,,,,7.78,,,,,,0,,False
N#Cc1cccc(F)c1-c1cc(-n2ccc(N3CC[C@@](O)(C(=O)N4CCCC4)C3)n2)c2c(n1)CNC2=O,CHEMBL5750391,8.3,,True,Other,,,,7.26,,,,,,0,,False
N#Cc1cccc(F)c1-c1cc(-n2ccc(N3CC[C@@]4(CCNC4=O)C3)n2)c2c(n1)CNC2=O,CHEMBL5995806,10.3,,True,Other,,,,8.3,,,,,,0,,False
N#Cc1cccc(F)c1-c1cc(-n2ccc(N3CC[C@H](C#N)C3)n2)c2c(n1)CNC2=O,CHEMBL6015299,8.3,,True,Other,,,,7.26,,,,,,0,,False
N#Cc1cccc(F)c1-c1cc(-n2ccc(N3CC[C@H](C#N)[C@@H](O)C3)n2)c2c(n1)CNC2=O,CHEMBL5757308,8.3,,True,Other,,,,7.78,,,,,,0,,False
N#Cc1cccc(F)c1-c1cc(-n2ccc(N3CC[C@H](F)[C@H](O)C3)n2)c2c(n1)CNC2=O,CHEMBL5828820,8.3,,True,Other,,,,7.26,,,,,,0,,False
N#Cc1cccc(F)c1-c1cc(-n2ccc(N3CC[C@H](O)C3)n2)c2c(n1)CNC2=O,CHEMBL5785787,8.3,,True,Other,,,,7.26,,,,,,0,,False
N#Cc1cccc(F)c1-c1cc(-n2ccc(N3CC[C@H](O)C3=O)n2)c2c(n1)CNC2=O,CHEMBL5939546,7.26,,True,Other,,,,,,,,,,0,,False
N#Cc1cccc(F)c1-c1cc(-n2ccc(N3CC[C@H](O)[C@H](O)C3)n2)c2c(n1)CNC2=O,CHEMBL5840367,10.3,,True,Other,,,,8.3,,,,,,0,,False
N#Cc1cccc(F)c1-c1cc(-n2ccc(N3CC[C@](O)(C(=O)N4CCCC4)C3)n2)c2c(n1)CNC2=O,CHEMBL5953877,8.3,,True,Other,,,,7.26,,,,,,0,,False
N#Cc1cccc(F)c1-c1cc(-n2ccc(N3CC[C@]4(C3)OC[C@@H](O)CO4)n2)c2c(n1)CNC2=O,CHEMBL5761241,8.3,,True,Other,,,,7.26,,,,,,0,,False
N#Cc1cccc(F)c1-c1cc(-n2ccc(N3CC[C@]4(C3)OC[C@H](O)CO4)n2)c2c(n1)CNC2=O,CHEMBL5846390,8.3,,True,Other,,,,8.3,,,,,,0,,False
N#Cc1cccc(F)c1-c1cc(-n2ccc(N3CC[C@]4(CCNC4=O)C3)n2)c2c(n1)CNC2=O,CHEMBL5797339,8.3,,True,Other,,,,8.3,,,,,,0,,False
N#Cc1cccc(F)c1-c1cc(-n2ccc(N3C[C@@H](O)[C@@H](O)C3)n2)c2c(n1)CNC2=O,CHEMBL5771863,8.3,,True,Other,,,,8.3,,,,,,0,,False
N#Cc1cccc(F)c1-c1cc(-n2ccc(N3C[C@@H]4OCCO[C@@H]4C3)n2)c2c(n1)CNC2=O,CHEMBL5847147,8.3,,True,Other,,,,8.3,,,,,,0,,False
N#Cc1cccc(F)c1-c1cc(-n2ccc(N3C[C@H](O)C[C@H]3CO)n2)c2c(n1)CNC2=O,CHEMBL5978017,8.3,,True,Other,,,,7.26,,,,,,0,,False
N#Cc1cccc(F)c1-c1cc(-n2ccc(N3C[C@H]4CC[C@@H](C3)O4)n2)c2c(n1)CNC2=O,CHEMBL5817496,10.3,,True,Other,,,,8.3,,,,,,0,,False
N#Cc1cccc(F)c1-c1cc(-n2ccc(NCCN3CCOCC3)n2)c2c(n1)CNC2=O,CHEMBL5751347,8.3,,True,Other,,,,7.26,,,,,,0,,False
N#Cc1cccc(F)c1-c1cc(-n2ccc(NCCO)n2)c2c(n1)CNC2=O,CHEMBL5958952,8.3,,True,Other,,,,7.26,,,,,,0,,False
N#Cc1cccc(F)c1-c1cc(-n2ccc([C@@H]3CCCO3)n2)c2c(n1)CNC2=O,CHEMBL5982182,8.3,,True,Other,,,,6.26,,,,,,0,,False
N#Cc1cccc(F)c1-c1cc(-n2ccc([C@H]3CCCO3)n2)c2c(n1)CNC2=O,CHEMBL5999190,8.3,,True,Other,,,,7.26,,,,,,0,,False
N#Cc1cccc(F)c1-c1cc(Nc2ccc(C(=O)N3CCCC3)cc2)c2c(n1)CNC2=O,CHEMBL6050395,7.75,7.75,False,Other,,,,,,,,,,0,,False
N#Cc1cccc(F)c1-c1cc(Nc2ccc(C(=O)N3CCOCC3)cc2)c2c(n1)CNC2=O,CHEMBL6020465,7.62,7.62,False,Other,,,,,,,,,,0,,False
N#Cc1cccc(F)c1-c1cc(Nc2ccc(N3CCOCC3)cn2)c2c(n1)CNC2=O,CHEMBL5200655,10.29,10.29,False,JH1,,,,,,,,,,0,,False
N#Cc1ccccc1CN1CCC(Nc2c(-c3cc[nH]c3)cnc3[nH]ccc23)CC1,CHEMBL5556990,5.38,5.38,False,Other,7.94,7.94,-2.5600000000000005,7.65,7.65,-2.2700000000000005,,,,2,-2.5600000000000005,False
N#Cc1ccccc1CN1CCC(Nc2c(-c3cc[nH]n3)cnc3[nH]ccc23)CC1,CHEMBL5561392,8.89,8.89,False,Other,5.2,5.2,3.6900000000000004,,,,6.69,6.69,2.2,2,2.2,False
N#Cc1ccccc1CN1CCC(Nc2c(-c3cn[nH]c3)cnc3[nH]ccc23)CC1,CHEMBL5559823,8.39,8.39,False,Other,6.81,6.81,1.580000000000001,,,,,,,1,1.580000000000001,False
N#Cc1ccnc(Nc2nccc3nc(-c4c(Cl)cccc4Cl)[nH]c23)c1,CHEMBL4092191,9.15,9.15,False,Other,,,,7.03,7.03,2.12,,,,1,2.12,False
N#Cc1cnc(Nc2cc(N)ncn2)c2sc(-c3c(F)cccc3Cl)nc12,CHEMBL3675697,9.4,9.4,False,Other,,,,,,,,,,0,,False
N#Cc1cncc2ccc(NC(=O)[C@@H]3CC3c3ccc(S(=O)(=O)NC[C@@H]4CCCNC4)cc3)cc12,CHEMBL5938026,6.6,6.6,False,Other,7.23,7.23,-0.6300000000000008,7.82,7.82,-1.2200000000000006,6.42,6.42,0.17999999999999972,3,-1.2200000000000006,False
N#Cc1cncc2ccc(NC(=O)[C@@H]3CC3c3ccc(S(=O)(=O)Nc4ncc(F)cn4)cc3)cc12,CHEMBL5752673,8.05,8.05,False,Other,9.05,9.05,-1.0,9.0,9.0,-0.9499999999999993,8.32,8.32,-0.2699999999999996,3,-1.0,False
N=C(N)NS(=O)(=O)c1ccc(C2C[C@H]2C(=O)Nc2ccc3cnccc3c2)cc1,CHEMBL5739910,7.1,7.1,False,Other,7.72,7.72,-0.6200000000000001,8.35,8.35,-1.25,7.64,7.64,-0.54,3,-1.25,False
N=Cc1c(N)nc(-c2cc(F)c(O)cc2CC(F)(F)F)nc1NCCC1CC1,CHEMBL5764984,5.43,5.43,False,Other,7.38,7.38,-1.9500000000000002,6.64,6.64,-1.21,6.8,6.8,-1.37,3,-1.9500000000000002,False
NC(=O)C1CCN(C[C@H]2CC[C@H](c3nnn4cnc5[nH]ccc5c34)CC2)CC1,CHEMBL3950399,6.19,6.19,False,Other,7.64,7.64,-1.4499999999999993,7.04,7.04,-0.8499999999999996,,,,2,-1.4499999999999993,False
NC(=O)Cc1ccc(Nc2nc(-c3ccccc3Cl)nc3c2C(=O)NC3)cc1,CHEMBL5748198,7.26,,True,Other,,,,,,,,,,0,,False
NC(=O)[C@@H]1C[C@@H]1C(=O)Nc1cc(NC(=O)c2c(Cl)cccc2Cl)ccn1,CHEMBL2387217,7.96,7.96,False,Other,,,,,,,,,,0,,False
NC(=O)[C@H]1CC[C@H](c2nnn3cnc4[nH]ccc4c23)CC1,CHEMBL3983344,6.54,6.54,False,Other,8.0,8.0,-1.46,7.29,7.29,-0.75,6.12,6.12,0.41999999999999993,3,-1.46,False
NC(=O)c1cc(-c2ccc(Cl)c(Cl)c2)cc2c1[nH]c1ccc(C(=O)N3CCOCC3)cc12,CHEMBL3589164,7.51,7.51,False,Other,7.28,7.28,0.22999999999999954,7.66,7.66,-0.15000000000000036,6.86,6.86,0.6499999999999995,3,-0.15000000000000036,False
NC(=O)c1cc(-c2ccc(Cl)c(Cl)c2)cc2c3c([nH]c12)CCC(C(=O)N1CCOCC1)C3,CHEMBL3589173,6.22,6.22,False,Other,5.72,5.72,0.5,7.07,7.07,-0.8500000000000005,5.69,5.69,0.5299999999999994,3,-0.8500000000000005,False
NC(=O)c1cc(-c2ccc(Cl)cc2Cl)cc2c1[nH]c1ccc(C(=O)N3CCOCC3)cc12,CHEMBL3589167,7.4,7.4,False,Other,7.51,7.51,-0.10999999999999943,7.41,7.41,-0.009999999999999787,6.92,6.92,0.4800000000000004,3,-0.10999999999999943,False
NC(=O)c1cc(-c2ccccc2)cc2c1[nH]c1cc(C(=O)N3CCOCC3)ccc12,CHEMBL3589174,7.16,7.16,False,Other,7.51,7.51,-0.34999999999999964,7.45,7.45,-0.29000000000000004,6.61,6.61,0.5499999999999998,3,-0.34999999999999964,False
NC(=O)c1cc(-c2ccccc2)cc2c1[nH]c1cc(N3CCOCC3)ccc12,CHEMBL3589179,6.8,6.8,False,Other,6.66,6.66,0.13999999999999968,7.215,7.215,-0.41500000000000004,6.0,6.0,0.7999999999999998,3,-0.41500000000000004,False
NC(=O)c1cc(-c2ccccc2)cc2c1[nH]c1ccc(C(=O)N3CCOCC3)cc12,CHEMBL3589165,7.8,7.8,False,Other,7.75,7.75,0.04999999999999982,7.755,7.755,0.04499999999999993,7.32,7.32,0.47999999999999954,3,0.04499999999999993,False
NC(=O)c1cc(-c2ccnc(N)n2)[nH]c1-c1ccc(Cl)cc1Cl,CHEMBL1965660,6.1,6.1,False,Other,,,,7.7,7.7,-1.6000000000000005,6.0,6.0,0.09999999999999964,2,-1.6000000000000005,False
NC(=O)c1cc(-c2ncnc3[nH]ccc23)cn1-c1cc(C(F)(F)F)ccc1Cl,CHEMBL3403549,8.52,8.52,False,JH1,8.4,8.4,0.11999999999999922,9.0,9.0,-0.4800000000000004,,,,2,-0.4800000000000004,False
NC(=O)c1cc(Cc2ccccc2)cc2c1[nH]c1ccc(C(=O)N3CCOCC3)cc12,CHEMBL3589172,6.75,6.75,False,Other,6.77,6.77,-0.019999999999999574,7.225,7.225,-0.47499999999999964,6.91,6.91,-0.16000000000000014,3,-0.47499999999999964,False
NC(=O)c1cc(F)c(-c2cc(Nc3ccc(N4CCOCC4)cn3)c3c(n2)CNC3=O)c(F)c1,CHEMBL6050776,7.26,,True,Other,,,,,,,,,,0,,False
NC(=O)c1ccc(NC(=O)c2ccc[nH]c2=O)cc1,CHEMBL5196418,6.0,6.0,False,JH1,,,,,,,,,,0,,False
NC(=O)c1ccc2c(c1)nc([C@H]1CC[C@H](O)CC1)n2CCCO,CHEMBL3814951,4.38,4.38,False,Other,5.16,5.16,-0.7800000000000002,4.53,4.53,-0.15000000000000036,4.69,4.69,-0.3100000000000005,3,-0.7800000000000002,False
NC(=O)c1ccc2c(c1)nc([C@H]1CC[C@H](O)CC1)n2CCO,CHEMBL3814293,5.37,5.37,False,Other,7.1,7.1,-1.7299999999999995,5.5,5.5,-0.1299999999999999,5.75,5.75,-0.3799999999999999,3,-1.7299999999999995,False
NC(=O)c1ccccc1Nc1cc(Nc2ccc(F)cn2)ncc1C(=O)NC1CC1,CHEMBL4466720,7.48,7.48,False,JH2,,,,,,,,,,0,,True
NC(=O)c1ccccc1Nc1cc(Nc2ccc(F)cn2)ncc1C(N)=O,CHEMBL4561663,8.58,8.58,False,Other,7.58,7.58,1.0,7.62,7.62,0.96,,,,2,0.96,False
NC(=O)c1cn2ccc(Nc3ncc(F)c(N4C[C@H]5CC[C@@H](C4)N5C(=O)C4CC4)n3)cc2n1,CHEMBL6010842,6.89,6.89,False,Other,6.67,6.67,0.21999999999999975,5.71,5.71,1.1799999999999997,,,,2,0.21999999999999975,False
NC(=O)c1cnc(-c2c(F)cccc2F)nc1Nc1ccc(CC(=O)O)cc1,CHEMBL5170799,8.15,8.15,False,JH1,,,,,,,,,,0,,False
NC(=O)c1cnc(N)c2cc(-c3ccc(N4CCOCC4)cc3)sc12,CHEMBL1938642,7.18,7.18,False,Other,6.77,6.77,0.41000000000000014,6.92,6.92,0.2599999999999998,7.75,7.75,-0.5700000000000003,3,-0.5700000000000003,False
NC(=O)c1cnc(Nc2ccc(CC(=O)O)cn2)cc1Nc1ccccc1Cl,CHEMBL5431257,8.0,8.0,False,Other,8.05,8.05,-0.05000000000000071,7.72,7.72,0.28000000000000025,8.0,8.0,0.0,3,-0.05000000000000071,False
NC(=O)c1cnc(Nc2ccc(O)cn2)cc1Nc1ccccc1Cl,CHEMBL5268459,7.77,7.77,False,Other,7.85,7.85,-0.08000000000000007,7.7,7.7,0.0699999999999994,7.7,7.7,0.0699999999999994,3,-0.08000000000000007,False
NC(=O)c1cnc(Nc2cccc(O)n2)cc1Nc1ccccc1Cl,CHEMBL5271559,5.68,5.68,False,Other,5.49,5.49,0.1899999999999995,5.5,5.5,0.17999999999999972,5.34,5.34,0.33999999999999986,3,0.17999999999999972,False
NC(=O)c1cnc(Nc2ccccc2)cc1NCc1ccccc1,CHEMBL4072239,6.11,6.11,False,Other,6.66,6.66,-0.5499999999999998,6.69,6.69,-0.5800000000000001,8.3,8.3,-2.1900000000000004,3,-2.1900000000000004,False
NC(=O)c1cnc(Nc2ccccn2)cc1Nc1ccccc1Cl,CHEMBL5403330,7.96,7.96,False,Other,7.66,7.66,0.2999999999999998,7.57,7.57,0.3899999999999997,8.0,8.0,-0.040000000000000036,3,-0.040000000000000036,False
NC(=O)c1cnc(Nc2cnn(C3CCOCC3)c2)nc1NCc1c(F)cccc1F,CHEMBL5919697,8.82,8.82,False,Other,7.79,7.79,1.0300000000000002,9.57,9.57,-0.75,9.92,9.92,-1.0999999999999996,3,-1.0999999999999996,False
NC(=O)c1cnc(Nc2cnn(C3CCOCC3)c2)nc1Nc1c(F)cccc1Cl,CHEMBL5830264,9.12,9.12,False,Other,8.55,8.55,0.5699999999999985,9.38,9.38,-0.26000000000000156,8.98,8.98,0.1399999999999988,3,-0.26000000000000156,False
NC(=O)c1cnc2[nH]ccc2c1NC1C2CC3CC1CC(C2)C3O,CHEMBL4446102,8.3,8.3,False,JH1,8.4,8.4,-0.09999999999999964,8.3,8.3,0.0,,,,2,-0.09999999999999964,False
NC(=O)c1cnc2[nH]ccc2c1NC1C2CC3CC1CC(O)(C3)C2,CHEMBL4242999,8.32,8.32,False,JH1,8.41,8.41,-0.08999999999999986,8.3,8.3,0.019999999999999574,9.15,9.15,-0.8300000000000001,3,-0.8300000000000001,False
NC(=O)c1cnc2[nH]ccc2c1NC1CCN(Cc2ccccc2)CC1,CHEMBL3593765,6.96,6.96,False,Other,7.07,7.07,-0.11000000000000032,7.08,7.08,-0.1200000000000001,7.64,7.64,-0.6799999999999997,3,-0.6799999999999997,False
NC(=O)c1cnc2[nH]ccc2c1NC1[C@@H]2CC3C[C@H]1CC(O)(C3)C2,CHEMBL5424861,8.32,8.32,False,JH1,8.41,8.41,-0.08999999999999986,8.3,8.3,0.019999999999999574,9.15,9.15,-0.8300000000000001,3,-0.8300000000000001,False
NC(=O)c1cnc2[nH]ccc2c1N[C@@H]1[C@@H]2CC3C[C@H]1C[C@@](O)(C3)C2,CHEMBL3137308,7.59,7.59,False,Other,7.859999999999999,7.859999999999999,-0.2699999999999996,7.775,7.775,-0.1850000000000005,8.425,8.425,-0.8350000000000009,3,-0.8350000000000009,False
NC(=O)c1cnc2c(NC3CC3)cc(NC3CCCCC3)nn12,CHEMBL4283724,5.5,5.5,False,JH2,,,,,,,,,,0,,True
NC(=O)c1cnc2c(NC3CC3)cc(Nc3cccc(-c4ccc(C(F)(F)F)cc4F)c3)nn12,CHEMBL4281304,5.96,5.96,False,JH2,,,,,,,,,,0,,True
NC(=O)c1cnc2c(NC3CC3)cc(Nc3ccccc3)nn12,CHEMBL4293619,5.96,5.96,False,JH2,,,,,,,,,,0,,True
NC(=O)c1cnc2c(N[C@H]3C[C@H]3F)cc(Nc3cccc(-c4ccc(C(F)(F)F)cc4F)c3)nn12,CHEMBL4293510,6.5,6.5,False,JH2,,,,,,,,,,0,,True
NC(=O)c1cnn2c(N)cc(Nc3cc(Cl)cnc3OC3CCC3)nc12,CHEMBL5831240,8.26,,True,JH2,,,,,,,,,,0,,True
NC(=O)c1cnn2c(N)cc(Nc3cc(Cl)cnc3OC3CCOC3)nc12,CHEMBL6054051,8.26,,True,JH2,,,,,,,,,,0,,True
NC(=O)c1cnn2c(N)cc(Nc3cc(Cl)cnc3O[C@@H]3CCOC3)nc12,CHEMBL5996502,8.26,,True,JH2,,,,,,,,,,0,,True
NC(=O)c1cnn2c(N)cc(Nc3cc(N4CCCC4)nc(C(F)(F)F)c3)nc12,CHEMBL5929766,8.26,,True,JH2,,,,,,,,,,0,,True
NC(=O)c1cnn2c(N)cc(Nc3cccc(N4CCCC4)c3Cl)nc12,CHEMBL5951746,8.26,,True,JH2,,,,,,,,,,0,,True
NC(=O)c1cnn2c(N)cc(Nc3cccc(N4CCOC4=O)n3)nc12,CHEMBL5982363,9.22,,True,JH2,,,,,,,,,,0,,True
NC(=O)c1cnn2c(N)cc(Nc3cccc(N4CCOCC4)c3Cl)nc12,CHEMBL5756306,9.22,,True,JH2,,,,,,,,,,0,,True
NC(=O)c1cnn2c(N)cc(Nc3cccn(-c4ccc(F)cc4)c3=O)nc12,CHEMBL5774802,9.22,,True,JH2,,,,,,,,,,0,,True
NC(=O)c1cnn2c(N)cc(Nc3cccn(-c4ccc(F)cn4)c3=O)nc12,CHEMBL5912517,9.22,,True,JH2,,,,,,,,,,0,,True
NC(=O)c1cnn2c(N)cc(Nc3cccn(-c4ccon4)c3=O)nc12,CHEMBL5782381,9.22,,True,JH2,,,,,,,,,,0,,True
NC(=O)c1cnn2c(N)cc(Nc3cccn(C4CCN(CC(F)F)CC4)c3=O)nc12,CHEMBL5877360,8.26,,True,JH2,,,,,,,,,,0,,True
NC(=O)c1cnn2c(N)cc(Nc3cccn([C@H]4CC[C@@H](N5CCOCC5)CC4)c3=O)nc12,CHEMBL6039750,8.26,,True,JH2,,,,,,,,,,0,,True
NC(=O)c1cnn2c(N)cc(Nc3cccn([C@H]4CC[C@H](O)CC4)c3=O)nc12,CHEMBL5818149,9.22,,True,JH2,,,,,,,,,,0,,True
NC(=O)c1cnn2c(N)cc(Nc3cccnc3OC(F)(F)F)nc12,CHEMBL5969735,9.22,,True,JH2,,,,,,,,,,0,,True
NC(=O)c1cnn2c(N)cc(Nc3ccnn(-c4ccc(F)cc4)c3=O)nc12,CHEMBL5878455,8.26,,True,JH2,,,,,,,,,,0,,True
NC(=O)c1cnn2cc(-c3ccccc3)cc2c1NC1CCCC1,CHEMBL4472924,7.7,7.7,False,Other,7.89,7.89,-0.1899999999999995,7.3,7.3,0.40000000000000036,8.3,8.3,-0.6000000000000005,3,-0.6000000000000005,False
NC(=O)c1cnn2cc(-c3ccccc3)cc2c1NCc1ccccc1,CHEMBL4093318,6.93,6.93,False,Other,6.67,6.67,0.2599999999999998,6.36,6.36,0.5699999999999994,7.85,7.85,-0.9199999999999999,3,-0.9199999999999999,False
NC(=O)c1cnn2cccc2c1NC1CCCC1,CHEMBL3359911,6.82,6.82,False,Other,6.77,6.77,0.05000000000000071,6.6,6.6,0.22000000000000064,7.24,7.24,-0.41999999999999993,3,-0.41999999999999993,False
NC(=O)c1cnn2cccc2c1NCc1cccc(NC(=O)Cn2sc3ccccc3c2=O)c1,CHEMBL4062471,6.62,6.62,False,Other,6.71,6.71,-0.08999999999999986,6.13,6.13,0.4900000000000002,7.52,7.52,-0.8999999999999995,3,-0.8999999999999995,False
NC(=O)c1nc(-c2c(F)cccc2Cl)oc1Nc1ccc(C(=O)N2CCOCC2)cc1,CHEMBL4476770,9.22,9.22,False,Other,7.64,7.64,1.580000000000001,7.58,7.58,1.6400000000000006,7.39,7.39,1.830000000000001,3,1.580000000000001,False
NC(=O)c1nc(-c2c(F)cccc2F)oc1Nc1ccc(C(=O)N2CCC[C@@H]2CO)cc1,CHEMBL5792521,8.02,8.02,False,Other,7.17,7.17,0.8499999999999996,7.44,7.44,0.5799999999999992,6.9,6.9,1.1199999999999992,3,0.5799999999999992,False
NC(=O)c1nc(-c2c(F)cccc2F)oc1Nc1ccc(C(=O)N2CCOCC2)cc1,CHEMBL5899493,7.64,7.64,False,Other,7.12,7.12,0.5199999999999996,6.57,6.57,1.0699999999999994,6.37,6.37,1.2699999999999996,3,0.5199999999999996,False
NC(=O)c1nc(-c2c(F)cccc2F)oc1Nc1ccc(C(=O)NC2CCNC2)cc1,CHEMBL5948047,7.79,7.79,False,Other,6.84,6.84,0.9500000000000002,6.640000000000001,6.640000000000001,1.1499999999999995,6.465,6.465,1.3250000000000002,3,0.9500000000000002,False
NC(=O)c1nc(-c2c(F)cccc2F)oc1Nc1ccc(C(=O)NC2CCNCC2)cc1,CHEMBL5958215,7.86,7.86,False,Other,6.82,6.82,1.04,6.78,6.78,1.08,7.0,7.0,0.8600000000000003,3,0.8600000000000003,False
NC(=O)c1nc(-c2c(F)cccc2F)oc1Nc1ccc(C(=O)NCCCO)cc1,CHEMBL5908590,8.08,8.08,False,Other,7.24,7.24,0.8399999999999999,6.92,6.92,1.1600000000000001,6.7,6.7,1.38,3,0.8399999999999999,False
NC(=O)c1nc(-c2c(F)cccc2F)oc1Nc1ccc(C(=O)NCCO)cc1,CHEMBL5831892,8.12,8.12,False,Other,7.39,7.39,0.7299999999999995,7.0,7.0,1.1199999999999992,6.71,6.71,1.4099999999999993,3,0.7299999999999995,False
NC(=O)c1nc(-c2c(F)cccc2F)oc1Nc1ccc(C(=O)N[C@@H]2CCCNC2)cc1,CHEMBL5844413,8.01,8.01,False,Other,6.7,6.7,1.3099999999999996,6.58,6.58,1.4299999999999997,6.38,6.38,1.63,3,1.3099999999999996,False
NC(=O)c1nc(-c2c(F)cccc2F)oc1Nc1ccc(C(=O)N[C@@H]2CCNC2)cc1,CHEMBL5942134,7.63,7.63,False,Other,6.77,6.77,0.8600000000000003,6.54,6.54,1.0899999999999999,6.46,6.46,1.17,3,0.8600000000000003,False
NC(=O)c1nc(-c2c(F)cccc2F)oc1Nc1ccc(C(=O)N[C@H]2CCCNC2)cc1,CHEMBL5916484,7.89,7.89,False,Other,6.7,6.7,1.1899999999999995,6.57,6.57,1.3199999999999994,6.39,6.39,1.5,3,1.1899999999999995,False
NC(=O)c1nc(-c2c(F)cccc2F)oc1Nc1ccc(C(=O)N[C@H]2CCNC2)cc1,CHEMBL6049136,7.95,7.95,False,Other,6.91,6.91,1.04,6.74,6.74,1.21,6.47,6.47,1.4800000000000004,3,1.04,False
NC(=O)c1nc(-c2c(F)cccc2F)oc1Nc1ccc(S(N)(=O)=O)cc1,CHEMBL5906873,7.84,7.84,False,Other,7.11,7.11,0.7299999999999995,6.83,6.83,1.0099999999999998,6.38,6.38,1.46,3,0.7299999999999995,False
NC(=O)c1ncc(Nc2nccc(N3C[C@H]4CC[C@@H](C3)N4C(=O)[C@@H]3CC3(F)F)n2)cc1F,CHEMBL5959466,7.5,7.5,False,Other,6.94,6.94,0.5599999999999996,6.34,6.34,1.1600000000000001,,,,2,0.5599999999999996,False
NC(=O)c1nnc(-c2c(F)cccc2Cl)cc1Nc1ccc(N2CCOCC2)cc1,CHEMBL5440264,9.7,9.7,False,Other,7.43,7.43,2.2699999999999996,8.05,8.05,1.6499999999999986,7.96,7.96,1.7399999999999993,3,1.6499999999999986,False
NC(=O)c1nnc(-c2c(F)cccc2F)cc1Nc1ccc(N2CCOCC2=O)cn1,CHEMBL5413489,10.1,10.1,False,Other,7.09,7.09,3.01,8.3,8.3,1.799999999999999,8.15,8.15,1.9499999999999993,3,1.799999999999999,False
NC1CCC(Nc2nccc(-c3c[nH]c4ncccc34)n2)CC1,CHEMBL1966628,6.1,6.1,False,Other,,,,6.6,6.6,-0.5,6.4,6.4,-0.3000000000000007,2,-0.5,False
NCC(=O)Nc1cc(NC(=O)c2c(Cl)cccc2Cl)ccn1,CHEMBL2420840,5.92,5.92,False,Other,,,,5.62,5.62,0.2999999999999998,,,,1,0.2999999999999998,False
NCCCNC(=O)c1ccc(Nc2oc(-c3c(F)cccc3F)nc2C(N)=O)cc1,CHEMBL5812211,7.6,7.6,False,Other,6.72,6.72,0.8799999999999999,6.53,6.53,1.0699999999999994,6.33,6.33,1.2699999999999996,3,0.8799999999999999,False
NCCCc1nc2cc(C(N)=O)ccc2n1CCN,CHEMBL3622825,5.6,5.6,False,Other,5.66,5.66,-0.0600000000000005,5.8,5.8,-0.20000000000000018,5.96,5.96,-0.3600000000000003,3,-0.3600000000000003,False
NCCCn1c(-c2ccccc2)nc2cc(C(N)=O)ccc21,CHEMBL3622823,5.57,5.57,False,Other,4.95,4.95,0.6200000000000001,4.69,4.69,0.8799999999999999,5.75,5.75,-0.17999999999999972,3,-0.17999999999999972,False
NCCCn1c(C2CCNCC2)nc2cc(C(N)=O)ccc21,CHEMBL3814195,4.51,4.51,False,Other,5.27,5.27,-0.7599999999999998,4.56,4.56,-0.04999999999999982,4.84,4.84,-0.33000000000000007,3,-0.7599999999999998,False
NCCCn1c(CCN)nc2cc(C(N)=O)ccc21,CHEMBL3622822,5.19,5.19,False,Other,5.21,5.21,-0.019999999999999574,5.66,5.66,-0.46999999999999975,5.82,5.82,-0.6299999999999999,3,-0.6299999999999999,False
NCCCn1c2ccc(C(N)=O)cc2nc1[C@H]1CC[C@H](O)CC1,CHEMBL3814099,4.51,4.51,False,Other,5.28,5.28,-0.7700000000000005,4.73,4.73,-0.22000000000000064,4.91,4.91,-0.40000000000000036,3,-0.7700000000000005,False
NCCc1nc2cc(C(N)=O)ccc2n1CCN,CHEMBL3622824,5.51,5.51,False,Other,7.0,7.0,-1.4900000000000002,5.54,5.54,-0.03000000000000025,5.82,5.82,-0.3100000000000005,3,-1.4900000000000002,False
NCCn1c(-c2ccc(C(F)(F)F)cc2)nc2cc(C(N)=O)ccc21,CHEMBL3622833,5.5,5.5,False,Other,5.03,5.03,0.46999999999999975,5.32,5.32,0.17999999999999972,5.68,5.68,-0.17999999999999972,3,-0.17999999999999972,False
NCCn1c(-c2ccc(O)cc2)nc2cc(C(N)=O)ccc21,CHEMBL3622834,5.5,5.5,False,Other,7.0,7.0,-1.5,5.89,5.89,-0.3899999999999997,5.62,5.62,-0.1200000000000001,3,-1.5,False
NCCn1c(-c2ccc(O)cc2O)nc2cc(C(N)=O)ccc21,CHEMBL3622835,5.43,5.43,False,Other,5.51,5.51,-0.08000000000000007,5.6,5.6,-0.16999999999999993,5.54,5.54,-0.11000000000000032,3,-0.16999999999999993,False
NCCn1c(-c2ccccc2)nc2cc(C(N)=O)ccc21,CHEMBL3622828,5.38,5.38,False,Other,4.94,4.94,0.4399999999999995,5.55,5.55,-0.16999999999999993,4.85,4.85,0.5300000000000002,3,-0.16999999999999993,False
NCCn1c(-c2cccnc2N)nc2cc(C(N)=O)ccc21,CHEMBL3622837,5.37,5.37,False,Other,5.09,5.09,0.28000000000000025,5.33,5.33,0.040000000000000036,5.72,5.72,-0.34999999999999964,3,-0.34999999999999964,False
NCCn1c(-c2ccncc2)nc2cc(C(N)=O)ccc21,CHEMBL3622836,5.24,5.24,False,Other,4.49,4.49,0.75,4.87,4.87,0.3700000000000001,4.98,4.98,0.2599999999999998,3,0.2599999999999998,False
NCCn1c(-c2cncnc2)nc2cc(C(N)=O)ccc21,CHEMBL3622838,5.55,5.55,False,Other,5.47,5.47,0.08000000000000007,5.8,5.8,-0.25,5.6,5.6,-0.04999999999999982,3,-0.25,False
NCCn1c(C2CCCCC2)nc2cc(C(N)=O)ccc21,CHEMBL3622827,5.48,5.48,False,Other,5.37,5.37,0.11000000000000032,5.39,5.39,0.09000000000000075,5.6,5.6,-0.11999999999999922,3,-0.11999999999999922,False
NCCn1c(C2CCNCC2)nc2cc(C(N)=O)ccc21,CHEMBL3622826,5.43,5.43,False,Other,6.27,6.27,-0.8399999999999999,5.5,5.5,-0.07000000000000028,5.9,5.9,-0.47000000000000064,3,-0.8399999999999999,False
NCCn1c(Cc2ccccc2)nc2cc(C(N)=O)ccc21,CHEMBL3622829,5.12,5.12,False,Other,4.74,4.74,0.3799999999999999,5.57,5.57,-0.4500000000000002,5.68,5.68,-0.5599999999999996,3,-0.5599999999999996,False
NCCn1cc(-c2cc(-c3cc4ccccc4s3)c3[nH]ncc3c2)c2nc(N)ncc21,CHEMBL590109,5.35,5.35,False,Other,,,,,,,5.640000000000001,5.640000000000001,-0.2900000000000009,1,-0.2900000000000009,False
NC[C@H]1CC[C@H](c2nnn3cnc4[nH]ccc4c23)CC1,CHEMBL3923184,6.75,6.75,False,Other,8.48,8.48,-1.7300000000000004,7.46,7.46,-0.71,6.41,6.41,0.33999999999999986,3,-1.7300000000000004,False
NCc1cc(Cl)c(C(=O)Nc2ccnc(NC(=O)C3CC3)c2)c(Cl)c1,CHEMBL2387118,8.36,8.36,False,Other,,,,,,,,,,0,,False
NCc1ccnc(NS(=O)(=O)c2ccc(C3CC3C(=O)Nc3ccc4cncc(Cl)c4c3)cc2)c1,CHEMBL5773485,7.33,7.33,False,Other,7.96,7.96,-0.6299999999999999,,,,7.82,7.82,-0.4900000000000002,2,-0.6299999999999999,False
NNc1cc(N2CCOCC2)nc(OCCc2ccccn2)n1,CHEMBL1996208,5.8,5.8,False,Other,,,,,,,,,,0,,False
NS(=O)(=O)c1ccc(CNc2ccnc(Nc3cccc(CN4CCOCC4)c3)n2)cc1,CHEMBL5089987,6.56,6.56,False,Other,,,,,,,,,,0,,False
NS(=O)(=O)c1ccc(CNc2ccnc(Nc3cccc(NC(=O)N4CCCC4)c3)n2)cc1,CHEMBL5087006,7.48,7.48,False,Other,,,,,,,,,,0,,False
NS(=O)(=O)c1ccc(CNc2nc(Nc3cccc(CN4CCOCC4)c3)ncc2Br)cc1,CHEMBL5083125,7.17,7.17,False,Other,,,,,,,,,,0,,False
NS(=O)(=O)c1ccc(CNc2nc(Nc3cccc(NC(=O)N4CCCC4)c3)ncc2Br)cc1,CHEMBL5079149,7.32,7.32,False,Other,,,,,,,,,,0,,False
NS(=O)(=O)c1ccc(Nc2ncc(F)c(N3C[C@H]4CC[C@@H](C3)N4C(=O)C3CC3)n2)cn1,CHEMBL6028334,6.75,6.75,False,Other,6.18,6.18,0.5700000000000003,5.54,5.54,1.21,,,,2,0.5700000000000003,False
NS(=O)(=O)c1cccc(Nc2ncc3ccn(-c4ccccc4)c3n2)c1,CHEMBL1988163,7.8,7.8,False,Other,,,,7.9,7.9,-0.10000000000000053,7.7,7.7,0.09999999999999964,2,-0.10000000000000053,False
NS(=O)(=O)c1cccc(Nc2ncc3ccn(Cc4ccccc4)c3n2)c1,CHEMBL1993424,6.8,6.8,False,Other,,,,8.3,8.3,-1.5000000000000009,8.1,8.1,-1.2999999999999998,2,-1.5000000000000009,False
NS(=O)(=O)c1cncc(-c2nc(NCc3ccccn3)c3c(-c4ccccc4)cccc3n2)c1,CHEMBL4094440,4.3,4.3,False,Other,,,,4.3,4.3,0.0,4.3,4.3,0.0,2,0.0,False
N[C@H]1CC[C@@H](Nc2cc[nH]c(=O)c2-c2nc3ccccc3[nH]2)CC1,CHEMBL3780091,8.82,8.82,False,Other,9.26,9.26,-0.4399999999999995,7.86,7.86,0.96,8.6,8.6,0.22000000000000064,3,-0.4399999999999995,False
N[C@H]1CC[C@H](c2nnn3cnc4[nH]ccc4c23)CC1,CHEMBL3945787,5.9,5.9,False,Other,7.455,7.455,-1.5549999999999997,6.74,6.74,-0.8399999999999999,5.775,5.775,0.125,3,-1.5549999999999997,False
Nc1cc(Cl)c(C(=O)Nc2ccnc(NC(=O)C3CC3)c2)c(Cl)c1,CHEMBL2387225,9.0,9.0,False,Other,,,,,,,,,,0,,False
Nc1cc(NC(=O)c2c(Cl)cccc2Cl)ccn1,CHEMBL2420819,6.03,6.03,False,Other,,,,5.54,5.54,0.4900000000000002,,,,1,0.4900000000000002,False
Nc1cc(Nc2cccnc2OC(F)(F)F)nc2c(C(=O)NC3CC3)cnn12,CHEMBL5879726,8.26,,True,JH2,,,,,,,,,,0,,True
Nc1cc(Nc2nccc3nc(-c4c(Cl)cccc4Cl)[nH]c23)ncn1,CHEMBL4084436,9.52,9.52,False,Other,,,,7.85,7.85,1.67,,,,1,1.67,False
Nc1ccc(C(=O)Nc2ccncc2)c(Cl)c1,CHEMBL2420856,6.42,6.42,False,Other,,,,5.5,5.5,0.9199999999999999,,,,1,0.9199999999999999,False
Nc1ccc2cc1CCc1cncc(c1)Nc1ncc(Cl)c(n1)NC2,CHEMBL3694593,6.41,6.41,False,Other,6.99,6.99,-0.5800000000000001,6.35,6.35,0.0600000000000005,6.94,6.94,-0.5300000000000002,3,-0.5800000000000001,False
Nc1ccc2ccn(-c3cc(-c4c(F)cccc4F)nc4c3C(=O)NC4)c2n1,CHEMBL6055320,7.26,7.26,False,Other,,,,,,,,,,0,,False
Nc1ccn2ncc(C(=O)Nc3c[nH]nc3-c3cc(Cl)ccc3Cl)c2n1,CHEMBL3670393,8.39,8.39,False,Other,8.55,8.55,-0.16000000000000014,10.0,10.0,-1.6099999999999994,8.77,8.77,-0.379999999999999,3,-1.6099999999999994,False
Nc1ccn2ncc(C(=O)Nc3ccnn3-c3cc(Cl)ccc3Cl)c2n1,CHEMBL3670394,7.36,7.36,False,Other,7.75,7.75,-0.3899999999999997,9.05,9.05,-1.6900000000000004,7.59,7.59,-0.22999999999999954,3,-1.6900000000000004,False
Nc1ccn2ncc(C(=O)Nc3conc3-c3cccc(Cl)c3)c2n1,CHEMBL2178257,7.44,7.44,False,Other,7.55,7.55,-0.10999999999999943,8.7,8.7,-1.259999999999999,7.25,7.25,0.1900000000000004,3,-1.259999999999999,False
Nc1n[nH]c2c(-c3ccccn3)cn(-c3ccccc3Cl)c(=O)c12,CHEMBL3764463,8.17,8.17,False,JH1,7.19,7.19,0.9799999999999995,6.26,6.26,1.9100000000000001,7.57,7.57,0.5999999999999996,3,0.5999999999999996,False
Nc1n[nH]c2ccc(-c3ccccc3Cl)cc12,CHEMBL498859,6.55,6.55,False,JH1,6.31,6.31,0.2400000000000002,6.305,6.305,0.2450000000000001,6.43,6.43,0.1200000000000001,3,0.1200000000000001,False
Nc1n[nH]c2ccc(-c3nnn(Cc4ccccc4)c3I)cc12,CHEMBL1975128,7.0,7.0,False,Other,,,,7.9,7.9,-0.9000000000000004,6.5,6.5,0.5,2,-0.9000000000000004,False
Nc1n[nH]c2ccc(C(=O)N3CCC[C@H]3c3ccc(Cl)cc3)cc12,CHEMBL3911320,6.55,6.55,False,Other,7.05,7.05,-0.5,6.54,6.54,0.009999999999999787,6.66,6.66,-0.11000000000000032,3,-0.5,False
Nc1n[nH]c2cccc(-c3ccc(NC(=O)Nc4ccccc4)cc3)c12,CHEMBL219722,6.4,6.4,False,Other,,,,6.2,6.2,0.20000000000000018,5.9,5.9,0.5,2,0.20000000000000018,False
Nc1n[nH]c2ccn(-c3ccccc3Cl)c(=O)c12,CHEMBL3763289,6.43,6.43,False,JH1,6.43,6.43,0.0,5.85,5.85,0.5800000000000001,5.72,5.72,0.71,3,0.0,False
Nc1nc(N)c2nc(-c3cccc(O)c3)c(-c3cccc(O)c3)nc2n1,CHEMBL230011,6.11,6.11,False,JH2,6.16,6.16,-0.04999999999999982,,,,,,,1,-0.04999999999999982,True
Nc1nc(Nc2ccc(C(=O)O)cc2)nn1C(=O)c1c(F)cccc1F,CHEMBL1287941,7.38,7.38,False,Other,7.35,7.35,0.03000000000000025,5.68,5.68,1.7000000000000002,5.83,5.83,1.5499999999999998,3,0.03000000000000025,False
Nc1nc(Nc2ccc(S(N)(=O)=O)cc2)nn1C(=O)c1c(F)cccc1F,CHEMBL191003,7.5,7.5,False,JH1,7.68,7.68,-0.17999999999999972,6.324999999999999,6.324999999999999,1.1750000000000007,6.725,6.725,0.7750000000000004,3,-0.17999999999999972,False
Nc1nc(Nc2cccc(C(=O)O)c2)nn1C(=O)c1c(F)cccc1F,CHEMBL1287910,6.16,6.16,False,Other,6.21,6.21,-0.04999999999999982,,,,,,,1,-0.04999999999999982,False
Nc1nc(Nc2cccc(S(N)(=O)=O)c2)nn1C(=O)c1c(F)cccc1F,CHEMBL1287883,7.16,7.16,False,Other,7.72,7.72,-0.5599999999999996,5.6,5.6,1.5600000000000005,5.9,5.9,1.2599999999999998,3,-0.5599999999999996,False
Nc1nc(Nc2ccccc2)nn1C(=O)c1c(F)cccc1F,CHEMBL1287971,6.44,6.44,False,Other,6.64,6.64,-0.1999999999999993,,,,5.49,5.49,0.9500000000000002,2,-0.1999999999999993,False
Nc1nc(Nc2cccnc2)nn1C(=O)c1c(F)cccc1F,CHEMBL1288032,6.52,6.52,False,Other,6.8,6.8,-0.28000000000000025,,,,5.3,5.3,1.2199999999999998,2,-0.28000000000000025,False
Nc1nc2c(-c3cnc4ccccc4c3)nccc2[nH]1,CHEMBL2153266,6.54,6.54,False,Other,,,,,,,,,,0,,False
Nc1ncc(-c2cnn(CCO)c2)c2scc(-c3ccc(NC(=O)Nc4cccc(F)c4)cc3)c12,CHEMBL1980297,6.1,6.1,False,Other,,,,5.8,5.8,0.2999999999999998,,,,1,0.2999999999999998,False
Nc1ncc(C(=O)NCc2ccccc2)c2sc(-c3ccc(N4CCOCC4)cc3)cc12,CHEMBL1938646,5.58,5.58,False,Other,6.51,6.51,-0.9299999999999997,7.0,7.0,-1.42,,,,2,-1.42,False
Nc1ncc(C(=O)Nc2ccccc2)c2sc(-c3ccc(N4CCOCC4)cc3)cc12,CHEMBL1938645,5.7,5.7,False,Other,6.39,6.39,-0.6899999999999995,7.14,7.14,-1.4399999999999995,5.54,5.54,0.16000000000000014,3,-1.4399999999999995,False
Nc1ncnc2c1c(-c1cccc(O)c1)cn2[C@H]1C[C@@H](CN2CCC2)C1,CHEMBL3787112,5.82,5.82,False,Other,6.58,6.58,-0.7599999999999998,5.96,5.96,-0.13999999999999968,5.14,5.14,0.6800000000000006,3,-0.7599999999999998,False
O/N=C/[C@H]1CC[C@H](c2nnn3cnc4[nH]ccc4c23)CC1,CHEMBL3973343,6.28,6.28,False,Other,7.77,7.77,-1.4899999999999993,7.46,7.46,-1.1799999999999997,6.1,6.1,0.1800000000000006,3,-1.4899999999999993,False
O=C(C1CC1)N1C2CCC1CN(c1nc(Nc3cnn(CCO)c3)ncc1F)C2,CHEMBL4640314,7.26,7.26,False,Other,7.09,7.09,0.16999999999999993,6.58,6.58,0.6799999999999997,5.6,5.6,1.6600000000000001,3,0.16999999999999993,False
O=C(C1CC1)N1[C@@H]2CC[C@@H]1CN(c1nc(Nc3cnn(CCO)c3)ncc1F)C2,CHEMBL4535276,7.26,7.26,False,Other,7.09,7.09,0.16999999999999993,6.085,6.085,1.1749999999999998,5.6,5.6,1.6600000000000001,3,0.16999999999999993,False
O=C(C1CC1)N1[C@@H]2CC[C@H]1CN(c1ccnc(Nc3cn[nH]c3)n1)C2,CHEMBL5748219,7.31,7.31,False,Other,7.11,7.11,0.1999999999999993,6.21,6.21,1.0999999999999996,,,,2,0.1999999999999993,False
O=C(C1CC1)N1[C@@H]2CC[C@H]1CN(c1ccnc(Nc3cnn(CCO)c3)n1)C2,CHEMBL5935105,7.18,7.18,False,Other,6.82,6.82,0.35999999999999943,6.38,6.38,0.7999999999999998,,,,2,0.35999999999999943,False
O=C(C1CC1)N1[C@@H]2CC[C@H]1CN(c1ccnc(Nc3cnsc3)n1)C2,CHEMBL6051879,7.03,7.03,False,Other,6.76,6.76,0.27000000000000046,5.91,5.91,1.12,,,,2,0.27000000000000046,False
O=C(C1CC1)N1[C@@H]2CC[C@H]1CN(c1nc(Nc3ccnnc3)ncc1F)C2,CHEMBL5916689,5.96,5.96,False,Other,5.56,5.56,0.40000000000000036,,,,,,,1,0.40000000000000036,False
O=C(CC(F)(F)F)N(CC(F)(F)F)C[C@H]1CC[C@H](c2nnn3cnc4[nH]ccc4c23)CC1,CHEMBL3924572,6.44,6.44,False,Other,8.37,8.37,-1.9299999999999988,7.82,7.82,-1.38,6.77,6.77,-0.3299999999999992,3,-1.9299999999999988,False
O=C(CC(F)(F)F)N1CCC(c2nnn3cnc4[nH]ccc4c23)CC1,CHEMBL3931293,6.39,6.39,False,Other,7.425000000000001,7.425000000000001,-1.035000000000001,6.595,6.595,-0.20500000000000007,6.7,6.7,-0.3100000000000005,3,-1.035000000000001,False
O=C(CC(F)(F)F)N1CCCC(c2nnn3cnc4[nH]ccc4c23)C1,CHEMBL3971389,6.635,6.635,False,Other,7.555,7.555,-0.9199999999999999,7.41,7.41,-0.7750000000000004,5.92,5.92,0.7149999999999999,3,-0.9199999999999999,False
O=C(CC(F)(F)F)NC[C@H]1CC[C@H](c2nnn3cnc4[nH]ccc4c23)CC1,CHEMBL3920329,6.28,6.28,False,Other,8.82,8.82,-2.54,7.96,7.96,-1.6799999999999997,7.46,7.46,-1.1799999999999997,3,-2.54,False
O=C(CC1CC1)Nc1cc(NC(=O)c2c(Cl)cccc2Cl)ccn1,CHEMBL2420835,7.03,7.03,False,Other,,,,6.42,6.42,0.6100000000000003,,,,1,0.6100000000000003,False
O=C(CCCCCCC(=O)Nc1ccc(-c2ccnc(Nc3ccc(N4CCOCC4)cc3)n2)cc1)NO,CHEMBL4286867,7.1,7.1,False,Other,7.28,7.28,-0.1800000000000006,8.51,8.51,-1.4100000000000001,7.1,7.1,0.0,3,-1.4100000000000001,False
O=C(CCCCCCOc1ccc2cc1COC/C=C/COCc1cccc(c1)-c1ccnc(n1)N2)NO,CHEMBL3917405,8.0,8.0,False,Other,,,,8.85,8.85,-0.8499999999999996,8.0,8.0,0.0,2,-0.8499999999999996,False
O=C(CCCCCCn1cc(-c2ncnc3[nH]ccc23)cn1)NO,CHEMBL4060201,6.73,6.73,False,Other,7.77,7.77,-1.0399999999999991,6.21,6.21,0.5200000000000005,6.25,6.25,0.4800000000000004,3,-1.0399999999999991,False
O=C(CCCCCCn1cc(Nc2ncc(Cl)c(N3CCCCC3)n2)cn1)NO,CHEMBL4562491,7.22,7.22,False,Other,7.52,7.52,-0.2999999999999998,7.3,7.3,-0.08000000000000007,8.43,8.43,-1.21,3,-1.21,False
O=C(CCCCCCn1cc(Nc2ncc(Cl)c(NC3CC3)n2)cn1)NO,CHEMBL4466059,7.92,7.92,False,Other,7.85,7.85,0.07000000000000028,8.3,8.3,-0.3800000000000008,8.7,8.7,-0.7799999999999994,3,-0.7799999999999994,False
O=C(CCCCCCn1cc(Nc2ncc(Cl)c(Nc3ccc(Cl)cc3)n2)cn1)NO,CHEMBL4575813,7.03,7.03,False,Other,8.0,8.0,-0.9699999999999998,7.85,7.85,-0.8199999999999994,8.12,8.12,-1.089999999999999,3,-1.089999999999999,False
O=C(CCCCCCn1cc(Nc2ncc(Cl)c(Nc3cccc(Cl)c3)n2)cn1)NO,CHEMBL4471710,7.17,7.17,False,Other,7.82,7.82,-0.6500000000000004,8.0,8.0,-0.8300000000000001,8.48,8.48,-1.3100000000000005,3,-1.3100000000000005,False
O=C(CCCCCCn1cc(Nc2ncc3ccn(-c4ccccc4)c3n2)cn1)NO,CHEMBL5081471,7.63,7.63,False,Other,7.71,7.71,-0.08000000000000007,7.78,7.78,-0.15000000000000036,7.09,7.09,0.54,3,-0.15000000000000036,False
O=C(CCCCCCn1cc(Nc2ncc3ccn(Cc4cccc(F)c4)c3n2)cn1)NO,CHEMBL5087239,7.66,7.66,False,Other,7.7,7.7,-0.040000000000000036,7.8,7.8,-0.13999999999999968,7.79,7.79,-0.1299999999999999,3,-0.13999999999999968,False
O=C(CCCCCCn1cc(Nc2ncc3ccn(Cc4ccccc4F)c3n2)cn1)NO,CHEMBL5076728,7.39,7.39,False,Other,7.48,7.48,-0.09000000000000075,7.48,7.48,-0.09000000000000075,7.6,7.6,-0.20999999999999996,3,-0.20999999999999996,False
O=C(CCCCCn1cc(Nc2ncc(Cl)c(Nc3ccc(Cl)cc3)n2)cn1)NO,CHEMBL4526274,7.31,7.31,False,Other,8.32,8.32,-1.0100000000000007,8.4,8.4,-1.0900000000000007,8.13,8.13,-0.8200000000000012,3,-1.0900000000000007,False
O=C(CCCCCn1cc(Nc2ncc3ccn(Cc4cccc(F)c4)c3n2)cn1)NO,CHEMBL5092781,8.52,8.52,False,Other,8.06,8.06,0.4599999999999991,8.39,8.39,0.129999999999999,7.9,7.9,0.6199999999999992,3,0.129999999999999,False
O=C(CCCCCn1cc(Nc2ncc3ccn(Cc4ccccc4F)c3n2)cn1)NO,CHEMBL5083330,7.88,7.88,False,Other,7.49,7.49,0.3899999999999997,8.0,8.0,-0.1200000000000001,7.74,7.74,0.13999999999999968,3,-0.1200000000000001,False
O=C(CNC[C@H]1CC[C@H](c2nnn3cnc4[nH]ccc4c23)CC1)NCC(F)(F)F,CHEMBL3916687,6.5,6.5,False,Other,8.0,8.0,-1.5,7.23,7.23,-0.7300000000000004,6.51,6.51,-0.009999999999999787,3,-1.5,False
O=C(CO)Nc1cc(NC(=O)c2c(Cl)cccc2Cl)ccn1,CHEMBL2420839,6.6,6.6,False,Other,,,,5.85,5.85,0.75,,,,1,0.75,False
O=C(CO)Nc1nccc2nc(-c3c(Cl)cccc3Cl)sc12,CHEMBL3675687,7.64,7.64,False,Other,,,,,,,,,,0,,False
O=C(C[C@H]1CC[C@@H](c2nnn3cnc4[nH]ccc4c23)CC1)NCC(F)(F)F,CHEMBL3974289,6.1,6.1,False,Other,7.57,7.57,-1.4700000000000006,7.21,7.21,-1.1100000000000003,6.28,6.28,-0.1800000000000006,3,-1.4700000000000006,False
O=C(C[C@H]1CC[C@H](c2nnn3cnc4[nH]ccc4c23)CC1)NCC(F)(F)F,CHEMBL3950137,6.06,6.06,False,Other,8.49,8.49,-2.4300000000000006,7.85,7.85,-1.79,7.0,7.0,-0.9400000000000004,3,-2.4300000000000006,False
O=C(Cc1ccc(Nc2nc(-c3c(F)cccc3C(F)(F)F)nc3c2C(=O)NC3)cc1)NC1CCNCC1,CHEMBL5917727,7.26,,True,Other,,,,,,,,,,0,,False
O=C(Cc1ccc(Nc2nc(-c3c(F)cccc3F)nc3c2C(=O)NC3)cn1)NC1CCNCC1,CHEMBL5949730,6.26,,True,Other,,,,,,,,,,0,,False
O=C(Cc1ccccc1)Nc1cccc(-c2nc3sccn3c2-c2ccnc(Nc3cccc(N4CCOCC4)c3)n2)c1,CHEMBL1090360,6.0,6.0,False,Other,,,,,,,,,,0,,False
O=C(NC1CC1)[C@H]1CC[C@H](c2nnn3cnc4[nH]ccc4c23)CC1,CHEMBL3983856,6.25,6.25,False,Other,7.38,7.38,-1.13,6.66,6.66,-0.41000000000000014,,,,2,-1.13,False
O=C(NC1CC1)c1cnc2[nH]ccc2c1NC1CCN(Cc2ccccc2)CC1,CHEMBL4750665,5.87,5.87,False,Other,6.94,6.94,-1.0700000000000003,6.63,6.63,-0.7599999999999998,6.29,6.29,-0.41999999999999993,3,-1.0700000000000003,False
O=C(NC1CCC(O)CC1)c1cnn2ccc(NC3CCc4ccccc43)nc12,CHEMBL3960901,7.29,7.29,False,Other,7.54,7.54,-0.25,9.1,9.1,-1.8099999999999996,7.84,7.84,-0.5499999999999998,3,-1.8099999999999996,False
O=C(NC1CCOCC1)c1cnn2ccc(NC3Cc4ccccc4C3)nc12,CHEMBL3670395,6.82,6.82,False,Other,7.33,7.33,-0.5099999999999998,8.8,8.8,-1.9800000000000004,7.4,7.4,-0.5800000000000001,3,-1.9800000000000004,False
O=C(NC1N=C2C=CC=C(C3CCC(NC(=O)C4CC4(F)F)CC3)C2S1)C1CC1,CHEMBL5874286,6.345000000000001,6.345000000000001,False,Other,6.24,6.24,0.10500000000000043,6.59,6.59,-0.24499999999999922,5.93,5.93,0.4150000000000009,3,-0.24499999999999922,False
O=C(NCC(F)(F)F)C1CN(C[C@H]2CC[C@H](c3nnn4cnc5[nH]ccc5c34)CC2)C1,CHEMBL3985603,6.24,6.24,False,Other,7.96,7.96,-1.7199999999999998,7.21,7.21,-0.9699999999999998,6.06,6.06,0.1800000000000006,3,-1.7199999999999998,False
O=C(NCC(F)(F)F)[C@H]1CC[C@H](c2nnn3cnc4[nH]ccc4c23)CC1,CHEMBL3894516,6.8,6.8,False,Other,8.74,8.74,-1.9400000000000004,7.58,7.58,-0.7800000000000002,6.16,6.16,0.6399999999999997,3,-1.9400000000000004,False
O=C(NCC(F)(F)F)c1cc(-c2cnn3cc(-c4ccc(OCCN5CCCCC5)cc4)cnc23)cs1,CHEMBL4569508,7.12,7.12,False,JH1,5.64,5.64,1.4800000000000004,5.62,5.62,1.5,6.55,6.55,0.5700000000000003,3,0.5700000000000003,False
O=C(NCCCCCCNC(=O)NCc1cccnc1)NCc1cccnc1,CHEMBL2003420,6.5,6.5,False,Other,,,,,,,,,,0,,False
O=C(NCCCNc1ccnc(Nc2cccc(NC(=O)N3CCCC3)c2)n1)C1CCC1,CHEMBL5075360,6.14,6.14,False,Other,,,,,,,,,,0,,False
O=C(NCCO)[C@H]1CC[C@H](c2nnn3cnc4[nH]ccc4c23)CC1,CHEMBL3962300,6.48,6.48,False,Other,7.58,7.58,-1.0999999999999996,7.0,7.0,-0.5199999999999996,,,,2,-1.0999999999999996,False
O=C(NCCOc1ccccc1)c1ccc(-c2cccc3nc(NC(=O)C4CC4)nn23)cc1,CHEMBL5946464,6.12,6.12,False,JH1,,,,,,,,,,0,,False
O=C(NCCc1ccc(F)cc1)[C@H]1CC[C@H](c2nnn3cnc4[nH]ccc4c23)CC1,CHEMBL3972033,6.43,6.43,False,Other,8.55,8.55,-2.120000000000001,7.48,7.48,-1.0500000000000007,6.44,6.44,-0.010000000000000675,3,-2.120000000000001,False
O=C(NCS(=O)(=O)c1ccccc1)[C@H]1CC[C@H](c2nnn3cnc4[nH]ccc4c23)CC1,CHEMBL3928338,6.68,6.68,False,Other,8.24,8.24,-1.5600000000000005,7.96,7.96,-1.2800000000000002,6.41,6.41,0.2699999999999996,3,-1.5600000000000005,False
O=C(NC[C@@H](O)c1ccccc1)[C@H]1CC[C@H](c2nnn3cnc4[nH]ccc4c23)CC1,CHEMBL4115208,6.34,6.34,False,Other,8.54,8.54,-2.1999999999999993,7.51,7.51,-1.17,6.46,6.46,-0.1200000000000001,3,-2.1999999999999993,False
O=C(NCc1ncccn1)c1cccc([C@@H]2C[C@H]2C(=O)Nc2ccc3cncc(C(F)(F)F)c3c2)c1,CHEMBL5962418,6.64,6.64,False,Other,6.6,6.6,0.040000000000000036,8.13,8.13,-1.490000000000001,7.82,7.82,-1.1800000000000006,3,-1.490000000000001,False
O=C(NCc1ncccn1)c1csc(C2C[C@H]2C(=O)Nc2ccc3cncc(Cl)c3c2)c1,CHEMBL5746813,9.15,9.15,False,Other,7.92,7.92,1.2300000000000004,8.7,8.7,0.45000000000000107,8.72,8.72,0.4299999999999997,3,0.4299999999999997,False
O=C(NN=Cc1ccc(O)cc1O)Nc1cccc2nsnc12,CHEMBL1999811,5.9,5.9,False,Other,,,,,,,,,,0,,False
O=C(NO)c1ccc(-c2ccnc(Nc3ccc(N4CCOCC4)cc3)n2)cc1,CHEMBL4160840,6.38,6.38,False,Other,7.16,7.16,-0.7800000000000002,7.07,7.07,-0.6900000000000004,6.29,6.29,0.08999999999999986,3,-0.7800000000000002,False
O=C(N[C@@H]1CCC1(F)F)c1cnn2c3c(c(-c4cn([C@H]5C[C@H](O)C5)c5ncccc45)nc12)OCCN3,CHEMBL5810666,9.22,,True,JH2,,,,,,,,,,0,,True
O=C(N[C@@H]1CCN(C[C@H]2CC[C@H](c3nnn4cnc5[nH]ccc5c34)CC2)C1)C(F)(F)F,CHEMBL4112721,6.07,6.07,False,Other,8.12,8.12,-2.049999999999999,7.24,7.24,-1.17,,,,2,-2.049999999999999,False
O=C(N[C@@]12CC1CN(c1nc(Nc3cnn(CCO)c3)ncc1Cl)C2)C1CC1,CHEMBL6008367,7.68,7.68,False,Other,7.72,7.72,-0.040000000000000036,6.75,6.75,0.9299999999999997,5.72,5.72,1.96,3,-0.040000000000000036,False
O=C(N[C@@]12C[C@@H]1CN(c1nc(Nc3cnn(CCO)c3)ncc1F)C2)C1CC1,CHEMBL4640981,6.86,6.86,False,Other,6.11,6.11,0.75,5.25,5.25,1.6100000000000003,,,,2,0.75,False
O=C(N[C@H]1CC[C@H](c2nnn3cnc4[nH]ccc4c23)CC1)OCc1ccccc1,CHEMBL3927827,5.38,5.38,False,Other,7.375,7.375,-1.995,6.91,6.91,-1.5300000000000002,,,,2,-1.995,False
O=C(N[C@]12CC1CN(c1nc(Nc3cnn(CCO)c3)ncc1Cl)C2)C1CC1,CHEMBL6005193,6.17,6.17,False,Other,6.49,6.49,-0.3200000000000003,5.83,5.83,0.33999999999999986,5.4,5.4,0.7699999999999996,3,-0.3200000000000003,False
O=C(N[C@]12C[C@H]1CN(c1nc(Nc3cnn(CCO)c3)ncc1F)C2)C1CC1,CHEMBL4635334,5.28,5.28,False,Other,,,,,,,,,,0,,False
O=C(Nc1c(Cl)cccc1Cl)c1ccncc1,CHEMBL2420858,5.96,5.96,False,Other,,,,,,,,,,0,,False
O=C(Nc1c[nH]nc1-c1nc2ccc(CN3CCOCC3)cc2[nH]1)NC1CC1,CHEMBL495727,7.57,7.57,False,Other,7.205,7.205,0.3650000000000002,8.035,8.035,-0.46499999999999986,8.92,8.92,-1.3499999999999996,3,-1.3499999999999996,False
O=C(Nc1c[nH]nc1-n1cc(Cl)ccc1=O)c1cnn2cccnc12,CHEMBL3667520,6.01,6.01,False,JH1,6.11,6.11,-0.10000000000000053,6.96,6.96,-0.9500000000000002,5.39,5.39,0.6200000000000001,3,-0.9500000000000002,False
O=C(Nc1cc(NC(=O)c2c(Cl)cccc2Cl)ccn1)c1ccccc1,CHEMBL2420838,5.7,5.7,False,Other,,,,5.57,5.57,0.1299999999999999,,,,1,0.1299999999999999,False
O=C(Nc1cc2c(Cl)cncc2s1)[C@@H]1C[C@H]1c1ccc(S(=O)(=O)Nc2ccc(F)cn2)cc1,CHEMBL5908333,6.78,6.78,False,Other,7.77,7.77,-0.9899999999999993,7.92,7.92,-1.1399999999999997,6.69,6.69,0.08999999999999986,3,-1.1399999999999997,False
O=C(Nc1cc2cc(-c3c(Cl)cccc3Cl)ccc2cn1)C1CC1,CHEMBL4082575,7.38,7.38,False,Other,,,,7.8,7.8,-0.41999999999999993,,,,1,-0.41999999999999993,False
O=C(Nc1cc2nc(-c3c(Cl)cccc3Cl)[nH]c2cn1)C1CC1,CHEMBL4086518,5.46,5.46,False,Other,,,,5.5,5.5,-0.040000000000000036,,,,1,-0.040000000000000036,False
O=C(Nc1ccc(-c2ccnc(Nc3ccc(N4CCOCC4)cc3)n2)cc1)[C@H]1CCCN1,CHEMBL2208034,6.46,6.46,False,Other,6.87,6.87,-0.41000000000000014,6.41,6.41,0.04999999999999982,6.67,6.67,-0.20999999999999996,3,-0.41000000000000014,False
O=C(Nc1ccc2cncc(C(F)(F)F)c2c1)[C@@H]1CC1c1ccc(S(=O)(=O)NC[C@@H]2CCCNC2)cc1,CHEMBL5976776,6.78,6.78,False,Other,6.85,6.85,-0.0699999999999994,7.52,7.52,-0.7399999999999993,6.14,6.14,0.6400000000000006,3,-0.7399999999999993,False
O=C(Nc1ccc2cncc(C(F)(F)F)c2c1)[C@@H]1CC1c1ccc(S(=O)(=O)Nc2ccccn2)cc1,CHEMBL5783803,7.96,7.96,False,Other,7.9,7.9,0.05999999999999961,9.05,9.05,-1.0900000000000007,8.05,8.05,-0.09000000000000075,3,-1.0900000000000007,False
O=C(Nc1ccc2cncc(C(F)(F)F)c2c1)[C@@H]1CC1c1ccc(S(=O)(=O)Nc2ncccn2)cc1,CHEMBL5762387,9.05,9.05,False,Other,8.3,8.3,0.75,9.0,9.0,0.05000000000000071,8.09,8.09,0.9600000000000009,3,0.05000000000000071,False
O=C(Nc1ccc2cncc(C(F)(F)F)c2c1)[C@@H]1C[C@H]1c1ccc(S(=O)(=O)Nc2nccs2)cc1,CHEMBL5963304,7.8,7.8,False,Other,7.82,7.82,-0.020000000000000462,8.7,8.7,-0.8999999999999995,7.92,7.92,-0.1200000000000001,3,-0.8999999999999995,False
O=C(Nc1ccc2cncc(C3CC3)c2c1)[C@@H]1C[C@H]1c1ccc(S(=O)(=O)Nc2ccccn2)cc1,CHEMBL5997512,7.86,7.86,False,Other,7.994999999999999,7.994999999999999,-0.1349999999999989,8.86,8.86,-0.9999999999999991,8.754999999999999,8.754999999999999,-0.8949999999999987,3,-0.9999999999999991,False
O=C(Nc1ccc2cncc(CC(F)(F)F)c2c1)[C@@H]1CC1c1ccc(S(=O)(=O)Nc2ccccn2)cc1,CHEMBL6022330,6.64,6.64,False,Other,6.71,6.71,-0.07000000000000028,8.23,8.23,-1.5900000000000007,7.01,7.01,-0.3700000000000001,3,-1.5900000000000007,False
O=C(Nc1ccc2cncc(CC(F)(F)F)c2c1)[C@@H]1CC1c1ccc(S(=O)(=O)Nc2ncccn2)cc1,CHEMBL5819318,6.84,6.84,False,Other,6.94,6.94,-0.10000000000000053,,,,7.32,7.32,-0.4800000000000004,2,-0.4800000000000004,False
O=C(Nc1ccc2cncc(Cl)c2c1)[C@@H]1CC1c1ccc(S(=O)(=O)NCC2CCCCN2)cc1,CHEMBL5937831,5.97,5.97,False,Other,6.33,6.33,-0.3600000000000003,6.97,6.97,-1.0,6.11,6.11,-0.14000000000000057,3,-1.0,False
O=C(Nc1ccc2cncc(Cl)c2c1)[C@@H]1CC1c1ccc(S(=O)(=O)NC[C@@H]2CCCNC2)cc1,CHEMBL5764381,6.890000000000001,6.890000000000001,False,Other,7.75,7.75,-0.8599999999999994,8.094999999999999,8.094999999999999,-1.2049999999999983,7.015000000000001,7.015000000000001,-0.125,3,-1.2049999999999983,False
O=C(Nc1ccc2cncc(Cl)c2c1)[C@@H]1CC1c1ccc(S(=O)(=O)Nc2ccc(F)cn2)cc1,CHEMBL5989194,8.15,8.15,False,Other,9.1,9.1,-0.9499999999999993,8.7,8.7,-0.5499999999999989,8.32,8.32,-0.16999999999999993,3,-0.9499999999999993,False
O=C(Nc1ccc2cncc(Cl)c2c1)[C@@H]1CC1c1ccc(S(=O)(=O)Nc2ccccn2)cc1,CHEMBL5878871,8.68,8.68,False,Other,8.985,8.985,-0.3049999999999997,9.075,9.075,-0.3949999999999996,8.86,8.86,-0.17999999999999972,3,-0.3949999999999996,False
O=C(Nc1ccc2cncc(Cl)c2c1)[C@@H]1CC1c1ccc(S(=O)(=O)Nc2cccnc2)cc1,CHEMBL5856025,6.885,6.885,False,Other,7.435,7.435,-0.5499999999999998,8.835,8.835,-1.950000000000001,7.76,7.76,-0.875,3,-1.950000000000001,False
O=C(Nc1ccc2cncc(Cl)c2c1)[C@@H]1CC1c1ccc(S(=O)(=O)Nc2ncccn2)cc1,CHEMBL5997138,9.6,9.6,False,Other,8.7,8.7,0.9000000000000004,9.15,9.15,0.4499999999999993,8.82,8.82,0.7799999999999994,3,0.4499999999999993,False
O=C(Nc1ccc2cncc(Cl)c2c1)[C@@H]1C[C@H]1c1ccc(S(=O)(=O)NC2CCNCC2(F)F)cc1,CHEMBL5969847,6.96,6.96,False,Other,7.32,7.32,-0.3600000000000003,7.93,7.93,-0.9699999999999998,7.89,7.89,-0.9299999999999997,3,-0.9699999999999998,False
O=C(Nc1ccc2cncc(Cl)c2c1)[C@@H]1C[C@H]1c1ccc(S(=O)(=O)Nc2ncc(C3CCNCC3)cn2)cc1,CHEMBL5811883,7.4,7.4,False,Other,8.07,8.07,-0.6699999999999999,8.935,8.935,-1.5350000000000001,7.82,7.82,-0.41999999999999993,3,-1.5350000000000001,False
O=C(Nc1ccc2cncc(F)c2c1)[C@@H]1CC1c1ccc(S(=O)(=O)Nc2ccccn2)cc1,CHEMBL5892273,8.05,8.05,False,Other,7.985,7.985,0.06500000000000039,8.91,8.91,-0.8599999999999994,8.265,8.265,-0.21499999999999986,3,-0.8599999999999994,False
O=C(Nc1ccc2cncc(OC(F)(F)F)c2c1)[C@@H]1CC1c1ccc(S(=O)(=O)Nc2ccccn2)cc1,CHEMBL5887118,7.14,7.14,False,Other,7.28,7.28,-0.14000000000000057,,,,7.6,7.6,-0.45999999999999996,2,-0.45999999999999996,False
O=C(Nc1ccc2cnccc2c1)[C@@H]1CC1c1ccc(S(=O)(=O)Nc2ccccn2)c(F)c1,CHEMBL5935057,7.13,7.13,False,Other,7.64,7.64,-0.5099999999999998,8.6,8.6,-1.4699999999999998,7.71,7.71,-0.5800000000000001,3,-1.4699999999999998,False
O=C(Nc1ccc2cnccc2c1)[C@@H]1CC1c1ccc(S(=O)(=O)Nc2ccccn2)cc1,CHEMBL5987641,7.92,7.92,False,Other,7.6,7.6,0.3200000000000003,8.96,8.96,-1.040000000000001,8.165,8.165,-0.24499999999999922,3,-1.040000000000001,False
O=C(Nc1ccc2cnccc2c1)[C@@H]1CC1c1ccc(S(=O)(=O)Nc2cccnc2)cc1,CHEMBL5774445,5.95,5.95,False,Other,7.26,7.26,-1.3099999999999996,7.92,7.92,-1.9699999999999998,6.93,6.93,-0.9799999999999995,3,-1.9699999999999998,False
O=C(Nc1ccc2cnccc2c1)[C@@H]1CC1c1ccc(S(=O)(=O)Nc2cccnn2)cc1,CHEMBL5991927,6.95,6.95,False,Other,7.38,7.38,-0.4299999999999997,8.03,8.03,-1.0799999999999992,7.42,7.42,-0.46999999999999975,3,-1.0799999999999992,False
O=C(Nc1cccc(C(F)(F)F)c1)N1CCC(c2nnn3cnc4[nH]ccc4c23)CC1,CHEMBL3959789,6.07,6.07,False,Other,7.525,7.525,-1.455,6.6,6.6,-0.5299999999999994,,,,2,-1.455,False
O=C(Nc1ccnc(NC(=O)C2CC2)c1)c1c(Cl)cc(-c2cn[nH]c2)cc1Cl,CHEMBL2387126,8.47,8.47,False,Other,,,,,,,,,,0,,False
O=C(Nc1ccnc(NC(=O)C2CC2)c1)c1c(Cl)cc(-c2nnc[nH]2)cc1Cl,CHEMBL2385101,7.96,7.96,False,Other,,,,,,,,,,0,,False
O=C(Nc1ccnc(NC(=O)C2CC2)c1)c1c(Cl)cc(C#CCO)cc1Cl,CHEMBL2387117,7.99,7.99,False,Other,,,,,,,,,,0,,False
O=C(Nc1ccnc(NC(=O)C2CC2)c1)c1c(Cl)cc(CN2CCOCC2)cc1Cl,CHEMBL2387121,7.46,7.46,False,Other,,,,,,,,,,0,,False
O=C(Nc1ccnc(NC(=O)C2CC2)c1)c1c(Cl)cc(CO)cc1Cl,CHEMBL2387114,8.27,8.27,False,Other,,,,,,,,,,0,,False
O=C(Nc1ccnc(NC(=O)C2CC2)c1)c1c(Cl)cc(O)cc1Cl,CHEMBL2387112,8.51,8.51,False,Other,,,,,,,,,,0,,False
O=C(Nc1ccnc(NC(=O)C2CC2)c1)c1c(Cl)cccc1Cl,CHEMBL2387224,8.32,8.32,False,Other,7.08,7.08,1.2400000000000002,7.56,7.56,0.7600000000000007,6.6,6.6,1.7200000000000006,3,0.7600000000000007,False
O=C(Nc1ccnc(NC(=O)C2CCC2)c1)c1c(Cl)cccc1Cl,CHEMBL2420836,7.13,7.13,False,Other,5.82,5.82,1.3099999999999996,6.29,6.29,0.8399999999999999,,,,2,0.8399999999999999,False
O=C(Nc1ccnc(NC(=O)C2CCCC2)c1)c1c(Cl)cccc1Cl,CHEMBL2420837,6.62,6.62,False,Other,,,,5.62,5.62,1.0,,,,1,1.0,False
O=C(Nc1ccnc(NC(=O)C2CCCO2)c1)c1c(Cl)cccc1Cl,CHEMBL2420811,5.82,5.82,False,Other,,,,5.89,5.89,-0.0699999999999994,,,,1,-0.0699999999999994,False
O=C(Nc1ccnc(NC(=O)[C@@H]2C[C@@H]2C(=O)O)c1)c1c(Cl)cccc1Cl,CHEMBL2387218,8.49,8.49,False,Other,,,,,,,,,,0,,False
O=C(Nc1ccnc(NC(=O)[C@@H]2C[C@@H]2F)c1)c1c(Cl)cccc1Cl,CHEMBL2387128,8.15,8.15,False,Other,,,,,,,,,,0,,False
O=C(Nc1ccnc(NC(=O)[C@@H]2C[C@H]2F)c1)c1c(Cl)cccc1Cl,CHEMBL2387130,7.65,7.65,False,Other,,,,,,,,,,0,,False
O=C(Nc1ccnc(NC(=O)[C@H]2C[C@@H]2F)c1)c1c(Cl)cccc1Cl,CHEMBL2387129,7.94,7.94,False,Other,,,,,,,,,,0,,False
O=C(Nc1ccnc(NC(=O)[C@H]2C[C@H]2CO)c1)c1c(Cl)cccc1Cl,CHEMBL2387133,7.84,7.84,False,Other,,,,,,,,,,0,,False
O=C(Nc1ccnc(NC(=O)[C@H]2C[C@H]2Cl)c1)c1c(Cl)cccc1Cl,CHEMBL2387131,8.29,8.29,False,Other,,,,,,,,,,0,,False
O=C(Nc1ccnc(NC(=O)[C@H]2C[C@H]2F)c1)c1c(Cl)cccc1Cl,CHEMBL2387127,8.6,8.6,False,Other,,,,,,,,,,0,,False
O=C(Nc1ccnc(NC(=O)[C@H]2C[C@H]2F)c1)c1c(F)cccc1Cl,CHEMBL2387222,8.8,8.8,False,Other,,,,,,,,,,0,,False
O=C(Nc1ccnc(NC(=O)[C@H]2C[C@H]2c2nn[nH]n2)c1)c1c(Cl)cccc1Cl,CHEMBL2387219,8.89,8.89,False,Other,,,,,,,,,,0,,False
O=C(Nc1ccnc(NC(=O)[C@H]2C[C@H]2c2nnc[nH]2)c1)c1c(Cl)cccc1Cl,CHEMBL2387220,7.82,7.82,False,Other,,,,,,,,,,0,,False
O=C(Nc1ccnc(Nc2ccccc2)c1)c1c(Cl)cccc1Cl,CHEMBL2420823,6.85,6.85,False,Other,,,,6.07,6.07,0.7799999999999994,,,,1,0.7799999999999994,False
O=C(Nc1ccnc(Nc2ccccn2)c1)c1c(Cl)cccc1Cl,CHEMBL2420824,7.54,7.54,False,Other,6.0,6.0,1.54,6.89,6.89,0.6500000000000004,,,,2,0.6500000000000004,False
O=C(Nc1ccnc(Nc2cccnn2)c1)c1c(Cl)cccc1Cl,CHEMBL2420828,8.0,8.0,False,Other,6.0,6.0,2.0,7.2,7.2,0.7999999999999998,,,,2,0.7999999999999998,False
O=C(Nc1ccnc(Nc2ccncn2)c1)c1c(Cl)cccc1Cl,CHEMBL2420827,8.31,8.31,False,Other,6.7,6.7,1.6100000000000003,7.7,7.7,0.6100000000000003,,,,2,0.6100000000000003,False
O=C(Nc1ccnc(Nc2cnccn2)c1)c1c(Cl)cccc1Cl,CHEMBL2420826,7.85,7.85,False,Other,6.31,6.31,1.54,7.26,7.26,0.5899999999999999,,,,2,0.5899999999999999,False
O=C(Nc1ccnc(Nc2ncccn2)c1)c1c(Cl)cccc1Cl,CHEMBL2420825,5.92,5.92,False,Other,,,,5.6,5.6,0.3200000000000003,,,,1,0.3200000000000003,False
O=C(Nc1ccnc(O)c1)c1c(Cl)cccc1Cl,CHEMBL2420831,6.62,6.62,False,Other,7.0,7.0,-0.3799999999999999,7.22,7.22,-0.5999999999999996,,,,2,-0.5999999999999996,False
O=C(Nc1ccnc2[nH]ccc12)c1c(Cl)cccc1Cl,CHEMBL2420830,7.0,7.0,False,Other,5.96,5.96,1.04,6.64,6.64,0.3600000000000003,,,,2,0.3600000000000003,False
O=C(Nc1ccncc1)c1c(Cl)cccc1C(F)(F)F,CHEMBL2420847,5.72,5.72,False,Other,,,,,,,,,,0,,False
O=C(Nc1ccncc1)c1c(Cl)cccc1Cl,CHEMBL1327969,6.64,6.64,False,Other,5.66,5.66,0.9799999999999995,5.92,5.92,0.7199999999999998,,,,2,0.7199999999999998,False
O=C(Nc1ccncc1)c1c(F)cccc1Cl,CHEMBL2420844,6.64,6.64,False,Other,5.77,5.77,0.8700000000000001,5.7,5.7,0.9399999999999995,,,,2,0.8700000000000001,False
O=C(Nc1ccncc1)c1c(F)cccc1F,CHEMBL1370276,6.27,6.27,False,Other,5.51,5.51,0.7599999999999998,5.55,5.55,0.7199999999999998,,,,2,0.7199999999999998,False
O=C(Nc1ccncc1)c1cc(C(F)(F)F)ccc1Cl,CHEMBL2420852,6.05,6.05,False,Other,5.7,5.7,0.34999999999999964,5.75,5.75,0.2999999999999998,,,,2,0.2999999999999998,False
O=C(Nc1ccncc1)c1cc(Cl)ccc1Cl,CHEMBL2420851,6.1,6.1,False,Other,5.68,5.68,0.41999999999999993,5.77,5.77,0.33000000000000007,,,,2,0.33000000000000007,False
O=C(Nc1ccncc1)c1ccc(Cl)cc1Cl,CHEMBL2420854,5.92,5.92,False,Other,5.34,5.34,0.5800000000000001,5.52,5.52,0.40000000000000036,,,,2,0.40000000000000036,False
O=C(Nc1ccncc1)c1ccccc1,CHEMBL2420841,5.51,5.51,False,Other,,,,5.5,5.5,0.009999999999999787,,,,1,0.009999999999999787,False
O=C(Nc1ccncc1)c1ccccc1Cl,CHEMBL1702157,5.96,5.96,False,Other,,,,5.77,5.77,0.1900000000000004,,,,1,0.1900000000000004,False
O=C(Nc1ccncc1-c1cccc(F)c1)c1cnn2cccnc12,CHEMBL3667514,6.85,6.85,False,JH1,6.82,6.82,0.02999999999999936,7.64,7.64,-0.79,6.7,6.7,0.14999999999999947,3,-0.79,False
O=C(Nc1ccnn1-c1ccc(Cl)cc1)c1cnn2cccnc12,CHEMBL3667513,6.07,6.07,False,JH1,5.92,5.92,0.15000000000000036,6.8,6.8,-0.7299999999999995,,,,2,-0.7299999999999995,False
O=C(Nc1ccnn1-c1ccccc1Cl)c1cnn2cccnc12,CHEMBL3667512,7.01,7.01,False,JH1,7.08,7.08,-0.07000000000000028,7.82,7.82,-0.8100000000000005,6.82,6.82,0.1899999999999995,3,-0.8100000000000005,False
O=C(Nc1cn2c(-c3ccc(CN4CCS(=O)(=O)CC4)c(F)c3)cccc2n1)C1CC1,CHEMBL5798066,6.12,6.12,False,JH1,,,,6.12,6.12,0.0,,,,1,0.0,False
O=C(Nc1cn2c(-c3ccc(CN4CCS(=O)(=O)CC4)cc3)cccc2n1)C1CC1,CHEMBL5824710,5.52,5.52,False,JH1,6.12,6.12,-0.6000000000000005,5.52,5.52,0.0,,,,2,-0.6000000000000005,False
O=C(Nc1cn2c(-c3ccc(CN4CCS(=O)(=O)CC4)cc3F)cccc2n1)C1CC1,CHEMBL5907564,5.52,5.52,False,JH1,,,,5.52,5.52,0.0,,,,1,0.0,False
O=C(Nc1cnccc1-c1ccc(F)cc1)c1ccnc(Nc2ccc(F)cc2)n1,CHEMBL5402829,4.77,4.77,False,Other,,,,4.85,4.85,-0.08000000000000007,,,,1,-0.08000000000000007,False
O=C(Nc1n[nH]c2ccc(-c3cn(Cc4ccccc4)nn3)cc12)c1cccc(F)c1,CHEMBL2003638,5.9,5.9,False,Other,,,,6.7,6.7,-0.7999999999999998,,,,1,-0.7999999999999998,False
O=C(Nc1n[nH]c2ccc(-c3cn(Cc4ccccc4)nn3)cc12)c1ccccc1,CHEMBL1999931,6.3,6.3,False,Other,,,,6.8,6.8,-0.5,7.1,7.1,-0.7999999999999998,2,-0.7999999999999998,False
O=C(Nc1nc2cccc(-c3ccc(-c4cccnc4)cc3)n2n1)C1CC1,CHEMBL5871550,6.12,6.12,False,JH1,,,,6.52,,,,,,0,,False
O=C(Nc1nc2cccc(-c3ccc(C(=O)N4CCC(O)(Cc5ccccc5)CC4)cc3)n2n1)C1CC1,CHEMBL5761250,6.52,6.52,False,JH1,,,,,,,,,,0,,False
O=C(Nc1nc2cccc(-c3ccc(C(=O)N4CCCCC4)cc3)n2n1)C1CC1,CHEMBL5893693,6.12,6.12,False,JH1,,,,6.52,,,,,,0,,False
O=C(Nc1nc2cccc(-c3ccc(CC(=O)N4CC(F)(F)C4)cc3)n2n1)C1CC1,CHEMBL5978841,6.52,6.52,False,JH1,,,,,,,,,,0,,False
O=C(Nc1nc2cccc(-c3ccc(CC(=O)N4CCC(C(F)(F)F)CC4)cc3)n2n1)C1CC1,CHEMBL5816113,6.52,6.52,False,JH1,,,,6.52,,,,,,0,,False
O=C(Nc1nc2cccc(-c3ccc(CN4CCC(F)(F)CC4)cc3)n2n1)C1CC1,CHEMBL3360356,6.9,6.9,False,Other,7.57,7.57,-0.6699999999999999,7.81,7.81,-0.9099999999999993,6.71,6.71,0.1900000000000004,3,-0.9099999999999993,False
O=C(Nc1nc2cccc(-c3ccc(CN4CCOCC4)cc3)n2n1)C1CC1,CHEMBL3360353,5.68,5.68,False,Other,7.16,7.16,-1.4800000000000004,6.82,6.82,-1.1400000000000006,5.55,5.55,0.1299999999999999,3,-1.4800000000000004,False
O=C(Nc1nc2cccc(-c3ccc(CN4CCS(=O)(=O)CC4)cc3)n2n1)C1CC1,CHEMBL3301607,7.0,7.0,False,Other,7.275,7.275,-0.27500000000000036,6.73,6.73,0.2699999999999996,6.52,6.52,0.4800000000000004,3,-0.27500000000000036,False
O=C(Nc1nc2cccc(-c3ccc(NS(=O)(=O)C4CC4)cc3)n2n1)C1CC1,CHEMBL3360348,6.52,6.52,False,JH1,7.64,7.64,-1.12,,,,,,,1,-1.12,False
O=C(Nc1nc2cccc(-c3ccc(NS(=O)(=O)c4ccc(F)cc4)cc3)n2n1)C1CC1,CHEMBL5887539,6.52,6.52,False,JH1,,,,,,,,,,0,,False
O=C(Nc1nc2cccc(-c3ccc(NS(=O)(=O)c4ccccc4F)cc3)n2n1)C1CC1,CHEMBL5871439,6.52,6.52,False,JH1,,,,,,,,,,0,,False
O=C(Nc1nc2cccc(-c3ccc(OC4CCCC4)cc3)n2n1)C1CC1,CHEMBL5999031,6.12,6.12,False,JH1,,,,,,,6.26,6.26,-0.13999999999999968,1,-0.13999999999999968,False
O=C(Nc1nc2cccc(-c3ccc(OCc4ccccn4)cc3)n2n1)C1CC1,CHEMBL5741771,6.12,6.12,False,JH1,,,,,,,6.26,6.26,-0.13999999999999968,1,-0.13999999999999968,False
O=C(Nc1nc2cccc(-c3ccc(OCc4cccnc4)cc3)n2n1)C1CC1,CHEMBL5800488,6.52,6.52,False,JH1,,,,,,,,,,0,,False
O=C(Nc1nc2cccc(-c3ccc(S(=O)(=O)NC4CC4)cc3)n2n1)C1CC1,CHEMBL5873745,6.12,6.12,False,JH1,,,,,,,,,,0,,False
O=C(Nc1nc2cccc(C3=CCC(NC(=O)C4(F)CC4)CC3)n2n1)C1CC1,CHEMBL5920277,6.33,6.33,False,Other,6.88,6.88,-0.5499999999999998,6.17,6.17,0.16000000000000014,5.36,5.36,0.9699999999999998,3,-0.5499999999999998,False
O=C(Nc1nc2cccc(C3=CCC(NC(=O)C4CC4(F)F)CC3)n2n1)C1CC1,CHEMBL5184857,7.14,7.14,False,Other,7.7,7.7,-0.5600000000000005,6.62,6.62,0.5199999999999996,5.51,5.51,1.63,3,-0.5600000000000005,False
O=C(Nc1nc2cccc(C3=CCC(NC(=O)C4CC4)CC3)n2n1)C1CC1,CHEMBL5183381,6.525,6.525,False,Other,6.94,6.94,-0.41500000000000004,6.115,6.115,0.41000000000000014,,,,2,-0.41500000000000004,False
O=C(Nc1nc2cccc(C3=CCN(C(=O)C4(F)CC4)C3)n2n1)C1CC1,CHEMBL5191514,5.54,5.54,False,Other,6.28,6.28,-0.7400000000000002,5.95,5.95,-0.41000000000000014,,,,2,-0.7400000000000002,False
O=C(Nc1nc2cccc(C3=CCN(C(=O)C4(F)CC4F)C3)n2n1)C1CC1,CHEMBL5949273,6.11,6.11,False,Other,6.63,6.63,-0.5199999999999996,5.88,5.88,0.23000000000000043,,,,2,-0.5199999999999996,False
O=C(Nc1nc2cccc(C3=CCN(C(=O)C4CC4(F)F)C3)n2n1)C1CC1,CHEMBL5188094,6.61,6.61,False,Other,7.16,7.16,-0.5499999999999998,6.68,6.68,-0.0699999999999994,,,,2,-0.5499999999999998,False
O=C(Nc1nc2cccc(C3=CCN(C(=O)C4CC4)CC3)n2n1)C1CC1,CHEMBL5169563,6.75,6.75,False,Other,7.05,7.05,-0.2999999999999998,6.38,6.38,0.3700000000000001,,,,2,-0.2999999999999998,False
O=C(Nc1nc2cccc(C3=CC[C@@H](NC(=O)C4CC4F)CC3)n2n1)C1CC1,CHEMBL5818522,6.67,6.67,False,Other,7.4,7.4,-0.7300000000000004,6.35,6.35,0.3200000000000003,,,,2,-0.7300000000000004,False
O=C(Nc1nc2cccc(C3=CC[C@@H](NC(=O)[C@@H]4CC4(F)F)CC3)n2n1)C1CC1,CHEMBL5195684,6.485,6.485,False,Other,7.355,7.355,-0.8700000000000001,6.85,6.85,-0.3649999999999993,5.26,5.26,1.2250000000000005,3,-0.8700000000000001,False
O=C(Nc1nc2cccc(C3=CC[C@@H](NC(=O)[C@H]4CC4(F)F)CC3)n2n1)C1CC1,CHEMBL5195551,5.945,5.945,False,Other,6.78,6.78,-0.835,,,,,,,1,-0.835,False
O=C(Nc1nc2cccc(C3=CC[C@H](NC(=O)C4CC4F)CC3)n2n1)C1CC1,CHEMBL5811592,6.0,6.0,False,Other,6.73,6.73,-0.7300000000000004,5.77,5.77,0.23000000000000043,,,,2,-0.7300000000000004,False
O=C(Nc1nc2cccc(C3=CC[C@H](NC(=O)[C@@H]4CC4(F)F)CC3)n2n1)C1CC1,CHEMBL5181582,6.57,6.57,False,Other,7.35,7.35,-0.7799999999999994,6.85,6.85,-0.27999999999999936,5.26,5.26,1.3100000000000005,3,-0.7799999999999994,False
O=C(Nc1nc2cccc(C3=CC[C@H](NC(=O)[C@H]4CC4(F)F)CC3)n2n1)C1CC1,CHEMBL5174068,7.15,7.15,False,Other,7.77,7.77,-0.6199999999999992,6.9,6.9,0.25,5.59,5.59,1.5600000000000005,3,-0.6199999999999992,False
O=C(Nc1nc2cccc(C3CCC(NC(=O)C4(F)CC4)CC3)n2n1)C1CC1,CHEMBL5185192,6.415,6.415,False,Other,7.025,7.025,-0.6100000000000003,6.165,6.165,0.25,5.625,5.625,0.79,3,-0.6100000000000003,False
O=C(Nc1nc2cccc(C3CCC(NC(=O)C4CC4(F)F)CC3)n2n1)C1CC1,CHEMBL5200989,8.0,8.0,False,Other,8.52,8.52,-0.5199999999999996,7.64,7.64,0.3600000000000003,5.69,5.69,2.3099999999999996,3,-0.5199999999999996,False
O=C(Nc1nc2cccc(C3CCC(NC(=O)[C@@H]4CC4(F)F)CC3)n2n1)C1CC1,CHEMBL5881888,5.83,5.83,False,Other,6.635,6.635,-0.8049999999999997,5.655,5.655,0.17499999999999982,,,,2,-0.8049999999999997,False
O=C(Nc1nc2cccc(C3CCC(NC(=O)[C@H]4CC4(F)F)CC3)n2n1)C1CC1,CHEMBL5833415,6.615,6.615,False,Other,7.529999999999999,7.529999999999999,-0.9149999999999991,6.545,6.545,0.07000000000000028,6.02,6.02,0.5950000000000006,3,-0.9149999999999991,False
O=C(Nc1nc2cccc(C3CCC4(CC3)CCN(C(=O)CC(F)(F)F)C4)n2n1)C1CC1,CHEMBL5195823,5.82,5.82,False,Other,6.88,6.88,-1.0599999999999996,5.56,5.56,0.2600000000000007,,,,2,-1.0599999999999996,False
O=C(Nc1nc2cccc(C3CCC4(CC3)CCN(C(=O)CC(F)(F)F)CC4)n2n1)C1CC1,CHEMBL5195430,6.81,6.81,False,Other,7.27,7.27,-0.45999999999999996,6.53,6.53,0.27999999999999936,,,,2,-0.45999999999999996,False
O=C(Nc1nc2cccc(C3CCC4(CC3)CCN(C(=O)[C@@H]3CC3(F)F)C4)n2n1)C1CC1,CHEMBL5206101,7.17,7.17,False,Other,7.51,7.51,-0.33999999999999986,6.49,6.49,0.6799999999999997,5.24,5.24,1.9299999999999997,3,-0.33999999999999986,False
O=C(Nc1nc2cccc(C3CCC4(CC3)CCN(C(=O)[C@@H]3CC3(F)F)CC4)n2n1)C1CC1,CHEMBL5191228,7.58,7.58,False,Other,8.52,8.52,-0.9399999999999995,7.4,7.4,0.17999999999999972,6.0,6.0,1.58,3,-0.9399999999999995,False
O=C(Nc1nc2cccc(C3CCC4(CC3)CCN(C(=O)[C@H]3CC3(F)F)C4)n2n1)C1CC1,CHEMBL5187733,6.16,6.16,False,Other,7.12,7.12,-0.96,6.1,6.1,0.0600000000000005,5.13,5.13,1.0300000000000002,3,-0.96,False
O=C(Nc1nc2cccc(C3CCC4(CC3)CN(C(=O)C3(F)CC3)C4)n2n1)C1CC1,CHEMBL5203588,6.44,6.44,False,Other,7.47,7.47,-1.0299999999999994,6.5,6.5,-0.05999999999999961,,,,2,-1.0299999999999994,False
O=C(Nc1nc2cccc(C3CCC4(CC3)CN(C(=O)C3CC3(F)F)C4)n2n1)C1CC1,CHEMBL5200095,7.42,7.42,False,Other,8.22,8.22,-0.8000000000000007,7.22,7.22,0.20000000000000018,5.42,5.42,2.0,3,-0.8000000000000007,False
O=C(Nc1nc2cccc(C3CCC4(CC3)CN(C(=O)CC(F)(F)F)C4)n2n1)C1CC1,CHEMBL5180245,6.51,6.51,False,Other,7.5,7.5,-0.9900000000000002,6.37,6.37,0.13999999999999968,,,,2,-0.9900000000000002,False
O=C(Nc1nc2cccc(C3CCC4(CC3)CN(C(=O)CC(F)F)C4)n2n1)C1CC1,CHEMBL5201720,6.87,6.87,False,Other,7.92,7.92,-1.0499999999999998,6.84,6.84,0.03000000000000025,5.3,5.3,1.5700000000000003,3,-1.0499999999999998,False
O=C(Nc1nc2cccc(C3CCC4(CC3)CN(C(=O)[C@@H]3CC3(F)F)C4)n2n1)C1CC1,CHEMBL5172397,7.44,7.44,False,Other,8.52,8.52,-1.0799999999999992,6.38,6.38,1.0600000000000005,5.82,5.82,1.62,3,-1.0799999999999992,False
O=C(Nc1nc2cccc(C3CCC4(CC3)CN(C(=O)[C@H]3CC3(F)F)C4)n2n1)C1CC1,CHEMBL5181588,6.44,6.44,False,Other,7.35,7.35,-0.9099999999999993,6.28,6.28,0.16000000000000014,,,,2,-0.9099999999999993,False
O=C(Nc1nc2cccc([C@@H]3CCC4(C3)CN(C(=O)[C@@H]3CC3(F)F)C4)n2n1)C1CC1,CHEMBL5202814,6.39,6.39,False,Other,6.75,6.75,-0.3600000000000003,5.64,5.64,0.75,,,,2,-0.3600000000000003,False
O=C(Nc1nc2cccc([C@@H]3CCC4(CCN(C(=O)[C@@H]5CC5(F)F)CC4)C3)n2n1)C1CC1,CHEMBL5188445,6.24,6.24,False,Other,6.42,6.42,-0.17999999999999972,5.72,5.72,0.5200000000000005,,,,2,-0.17999999999999972,False
O=C(Nc1nc2cccc([C@H]3CCC4(C3)CN(C(=O)[C@@H]3CC3(F)F)C4)n2n1)C1CC1,CHEMBL5197776,6.08,6.08,False,Other,7.2,7.2,-1.12,5.79,5.79,0.29000000000000004,,,,2,-1.12,False
O=C(Nc1nc2cccc([C@H]3CCC4(CCN(C(=O)[C@@H]5CC5(F)F)CC4)C3)n2n1)C1CC1,CHEMBL5193147,6.08,6.08,False,Other,7.2,7.2,-1.12,6.0,6.0,0.08000000000000007,5.03,5.03,1.0499999999999998,3,-1.12,False
O=C(Nc1nc2cccc([C@H]3CC[C@@H](NC(=O)[C@@H]4CC4(F)F)CC3)n2n1)C1CC1,CHEMBL5197758,7.62,7.62,False,Other,8.7,8.7,-1.0799999999999992,7.66,7.66,-0.040000000000000036,6.02,6.02,1.6000000000000005,3,-1.0799999999999992,False
O=C(Nc1nc2cccc([C@H]3CC[C@@H](NC(=O)[C@H]4CC4(F)F)CC3)n2n1)C1CC1,CHEMBL5187505,6.34,6.34,False,Other,7.32,7.32,-0.9800000000000004,6.02,6.02,0.3200000000000003,,,,2,-0.9800000000000004,False
O=C(Nc1nc2cccc([C@H]3CC[C@H](NC(=O)[C@@H]4CC4(F)F)CC3)n2n1)C1CC1,CHEMBL5170765,5.76,5.76,False,Other,6.74,6.74,-0.9800000000000004,5.32,5.32,0.4399999999999995,,,,2,-0.9800000000000004,False
O=C(Nc1nc2cccc([C@H]3CC[C@H](NC(=O)[C@H]4CC4(F)F)CC3)n2n1)C1CC1,CHEMBL5172670,5.24,5.24,False,Other,6.47,6.47,-1.2299999999999995,5.09,5.09,0.15000000000000036,,,,2,-1.2299999999999995,False
O=C(Nc1nccc2cc(-c3c(Cl)cccc3Cl)ccc12)C1CC1,CHEMBL4101734,7.77,7.77,False,Other,,,,6.82,6.82,0.9499999999999993,,,,1,0.9499999999999993,False
O=C(Nc1nccc2cc(-c3c(Cl)cccc3Cl)oc12)C1CC1,CHEMBL4103341,7.51,7.51,False,Other,,,,6.43,6.43,1.08,,,,1,1.08,False
O=C(Nc1nccc2cc(-c3c(Cl)cccc3Cl)sc12)C1CC1,CHEMBL4093172,9.1,9.1,False,Other,,,,8.18,8.18,0.9199999999999999,,,,1,0.9199999999999999,False
O=C(Nc1nccc2nc(-c3c(Cl)cccc3Cl)[nH]c12)C1CC1,CHEMBL4064189,8.77,8.77,False,Other,,,,6.82,6.82,1.9499999999999993,,,,1,1.9499999999999993,False
O=C(Nc1nccc2nc(-c3c(Cl)cccc3Cl)oc12)C1CC1,CHEMBL4068427,8.06,8.06,False,Other,,,,6.05,6.05,2.0100000000000007,,,,1,2.0100000000000007,False
O=C(Nc1nccc2nc(-c3c(Cl)cccc3Cl)sc12)C1CC1,CHEMBL3675685,9.3,9.3,False,Other,,,,7.58,7.58,1.7200000000000006,,,,1,1.7200000000000006,False
O=C(Nc1nccc2nc(-c3c(F)cccc3Cl)sc12)NC1CC1,CHEMBL3675688,8.85,8.85,False,Other,,,,,,,,,,0,,False
O=C(Nc1nccc2nn(-c3c(Cl)cccc3Cl)cc12)C1CC1,CHEMBL4100889,8.89,8.89,False,Other,,,,6.72,6.72,2.170000000000001,,,,1,2.170000000000001,False
O=C(Nc1nccc2oc(-c3c(Cl)cccc3Cl)nc12)C1CC1,CHEMBL4085414,7.7,7.7,False,Other,,,,6.23,6.23,1.4699999999999998,,,,1,1.4699999999999998,False
O=C(Nc1ncnc2nc(-c3c(Cl)cccc3Cl)sc12)C1CC1,CHEMBL3675691,8.21,8.21,False,Other,,,,,,,,,,0,,False
O=C(Nc1nncs1)N1CCC(c2nnn3cnc4[nH]ccc4c23)CC1,CHEMBL3969865,6.7,6.7,False,Other,7.385,7.385,-0.6849999999999996,7.19,7.19,-0.4900000000000002,6.32,6.32,0.3799999999999999,3,-0.6849999999999996,False
O=C(Nc1nncs1)N1CCCC(c2nnn3cnc4[nH]ccc4c23)C1,CHEMBL3896215,6.25,6.25,False,Other,7.135,7.135,-0.8849999999999998,6.65,6.65,-0.40000000000000036,6.385,6.385,-0.1349999999999998,3,-0.8849999999999998,False
O=C(O)C1CN(C[C@H]2CC[C@H](c3nnn4cnc5[nH]ccc5c34)CC2)C1,CHEMBL3967880,6.4,6.4,False,Other,8.37,8.37,-1.9699999999999989,7.47,7.47,-1.0699999999999994,6.35,6.35,0.05000000000000071,3,-1.9699999999999989,False
O=C(O)Cc1ccc(Nc2nc(-c3c(F)cccc3C(F)(F)F)nc3c2C(=O)NC3)cc1,CHEMBL5816614,7.26,,True,Other,,,,,,,,,,0,,False
O=C(O)Cc1ccc(Nc2nc(-c3c(F)cccc3F)nc3c2C(=O)NC3)cn1,CHEMBL5917075,6.26,,True,Other,,,,,,,,,,0,,False
O=C(O)Cc1ccc(Nc2nc(-c3c(F)cncc3F)nc3c2C(=O)NC3)cc1,CHEMBL5806154,7.26,,True,Other,,,,,,,,,,0,,False
O=C(O)Cc1cnc(Nc2n[nH]c3ccc(-c4ncccc4Cl)cc23)s1,CHEMBL3763310,6.19,6.19,False,JH1,6.0,6.0,0.1900000000000004,5.15,5.15,1.04,5.47,5.47,0.7200000000000006,3,0.1900000000000004,False
O=C(O)Cn1cc(Nc2nc(-c3c(F)cccc3F)nc3c2C(=O)NC3)cn1,CHEMBL6053627,7.26,,True,Other,,,,,,,,,,0,,False
O=C(O)[C@H]1CC[C@H](c2nnn3cnc4[nH]ccc4c23)CC1,CHEMBL5819056,6.62,6.62,False,Other,8.8,8.8,-2.1800000000000006,7.7,7.7,-1.08,6.47,6.47,0.15000000000000036,3,-2.1800000000000006,False
O=C(O)c1ccc2c(c1)nc(Nc1cccc(Cl)c1)c1ccncc12,CHEMBL1230165,5.62,5.62,False,Other,,,,,,,,,,0,,False
O=C(O)c1ccccc1Nc1ccnc(Nc2ccc3[nH]ncc3c2)n1,CHEMBL396523,7.5,7.5,False,Other,,,,7.4,7.4,0.09999999999999964,7.7,7.7,-0.20000000000000018,2,-0.20000000000000018,False
O=C(O)c1ccccc1Nc1ccnc(Nc2ccc3cn[nH]c3c2)n1,CHEMBL244378,7.5,7.5,False,Other,,,,7.5,7.5,0.0,8.0,8.0,-0.5,2,-0.5,False
O=C(O)c1ccccc1Nc1ccnc(Nc2cccc(O)c2)n1,CHEMBL243088,7.3,7.3,False,Other,,,,7.5,7.5,-0.20000000000000018,7.6,7.6,-0.2999999999999998,2,-0.2999999999999998,False
O=C(OCc1ccccc1)N1CCC(c2[nH]c(=S)n3cnc4[nH]ccc4c23)CC1,CHEMBL3958601,6.3,6.3,False,Other,7.2,7.2,-0.9000000000000004,6.34,6.34,-0.040000000000000036,,,,2,-0.9000000000000004,False
O=C(OCc1ccccc1)N1CCC(c2ncn3cnc4[nH]ccc4c23)CC1,CHEMBL3973060,6.27,6.27,False,Other,7.75,7.75,-1.4800000000000004,7.05,7.05,-0.7800000000000002,6.21,6.21,0.05999999999999961,3,-1.4800000000000004,False
O=C(OCc1ccccc1)N1CCC(c2nnn3cnc4[nH]ccc4c23)CC1,CHEMBL3933612,6.39,6.39,False,Other,7.965,7.965,-1.5750000000000002,7.1850000000000005,7.1850000000000005,-0.7950000000000008,6.89,6.89,-0.5,3,-1.5750000000000002,False
O=C(OCc1ccccc1)N1CCCC(c2ncn3cnc4[nH]ccc4c23)C1,CHEMBL3924291,6.89,6.89,False,Other,7.505,7.505,-0.6150000000000002,6.855,6.855,0.034999999999999254,6.255,6.255,0.6349999999999998,3,-0.6150000000000002,False
O=C(OCc1ccccc1)N1CCCC(c2nnn3cnc4[nH]ccc4c23)C1,CHEMBL3906872,5.66,5.66,False,Other,7.68,7.68,-2.0199999999999996,6.96,6.96,-1.2999999999999998,6.0,6.0,-0.33999999999999986,3,-2.0199999999999996,False
O=C([C@@H]1CC1(F)F)N1[C@@H]2CC[C@H]1CN(c1ccnc(Nc3cn[nH]c3)n1)C2,CHEMBL5947055,7.96,7.96,False,Other,7.89,7.89,0.07000000000000028,7.01,7.01,0.9500000000000002,5.07,5.07,2.8899999999999997,3,0.07000000000000028,False
O=C([C@@H]1CC1(F)F)N1[C@@H]2CC[C@H]1CN(c1ccnc(Nc3cnc(CCO)c(Cl)c3)n1)C2,CHEMBL5746231,7.21,7.21,False,Other,6.45,6.45,0.7599999999999998,6.48,6.48,0.7299999999999995,,,,2,0.7299999999999995,False
O=C([C@@H]1CC1(F)F)N1[C@@H]2CC[C@H]1CN(c1ccnc(Nc3cnc(CCO)c(F)c3)n1)C2,CHEMBL5926719,7.28,7.28,False,Other,6.33,6.33,0.9500000000000002,6.4,6.4,0.8799999999999999,,,,2,0.8799999999999999,False
O=C([C@@H]1CC1(F)F)N1[C@@H]2CC[C@H]1CN(c1ccnc(Nc3cnc(CO)c(F)c3)n1)C2,CHEMBL5963791,7.47,7.47,False,Other,6.5,6.5,0.9699999999999998,6.33,6.33,1.1399999999999997,,,,2,0.9699999999999998,False
O=C([C@@H]1CC1(F)F)N1[C@@H]2CC[C@H]1CN(c1ccnc(Nc3cnc(N4CC(O)C4)c(F)c3)n1)C2,CHEMBL5925356,7.26,7.26,False,Other,6.31,6.31,0.9500000000000002,6.51,6.51,0.75,,,,2,0.75,False
O=C([C@@H]1CC1(F)F)N1[C@@H]2CC[C@H]1CN(c1ccnc(Nc3cnc(N4CC[C@@H](O)C4)c(F)c3)n1)C2,CHEMBL5930544,7.02,7.02,False,Other,6.21,6.21,0.8099999999999996,6.36,6.36,0.6599999999999993,,,,2,0.6599999999999993,False
O=C([C@@H]1CC1(F)F)N1[C@@H]2CC[C@H]1CN(c1ccnc(Nc3cnc(N4CC[C@H](O)C4)c(F)c3)n1)C2,CHEMBL5860404,7.24,7.24,False,Other,6.5,6.5,0.7400000000000002,6.46,6.46,0.7800000000000002,,,,2,0.7400000000000002,False
O=C([C@@H]1CC1(F)F)N1[C@@H]2CC[C@H]1CN(c1ccnc(Nc3cnc(OCCO)c(Cl)c3)n1)C2,CHEMBL5846986,7.24,7.24,False,Other,6.59,6.59,0.6500000000000004,6.3,6.3,0.9400000000000004,,,,2,0.6500000000000004,False
O=C([C@H]1CC1(F)F)N1[C@@H]2CC[C@H]1CN(c1ccnc(Nc3cn[nH]c3)n1)C2,CHEMBL5794909,6.36,6.36,False,Other,6.32,6.32,0.040000000000000036,5.47,5.47,0.8900000000000006,,,,2,0.040000000000000036,False
O=C(c1ccc(/C=C/c2n[nH]c3ccccc23)cc1)N1CCNCC1,CHEMBL1908397,6.54,6.54,False,Other,5.92,5.92,0.6200000000000001,7.12,7.12,-0.5800000000000001,7.41,7.41,-0.8700000000000001,3,-0.8700000000000001,False
O=C(c1ccno1)N1[C@@H]2CC[C@H]1CN(c1ccnc(Nc3cn[nH]c3)n1)C2,CHEMBL5958284,6.62,6.62,False,Other,6.17,6.17,0.4500000000000002,5.47,5.47,1.1500000000000004,,,,2,0.4500000000000002,False
O=C1C=CN(C2CCC(COCC(F)(F)F)CC2)C2c3cc[nH]c3N=CC12,CHEMBL5858498,8.0,8.0,False,Other,9.23,9.23,-1.2300000000000004,8.7,8.7,-0.6999999999999993,8.57,8.57,-0.5700000000000003,3,-1.2300000000000004,False
O=C1C=CN(C2CCC(COCCC(F)(F)F)CC2)C2c3cc[nH]c3N=CC12,CHEMBL5995720,7.72,7.72,False,Other,9.17,9.17,-1.4500000000000002,8.8,8.8,-1.080000000000001,8.6,8.6,-0.8799999999999999,3,-1.4500000000000002,False
O=C1CCC(c2nnn3cnc4[nH]ccc4c23)CC1,CHEMBL3911186,6.38,6.38,False,Other,8.035,8.035,-1.6550000000000002,7.1,7.1,-0.7199999999999998,6.5,6.5,-0.1200000000000001,3,-1.6550000000000002,False
O=C1CCCN1CCOc1ccc2cc1COCC=CCOCc1cccc(c1)-c1ccnc(n1)N2,CHEMBL2181332,6.75,6.75,False,Other,5.89,5.89,0.8600000000000003,7.66,7.66,-0.9100000000000001,6.3,6.3,0.4500000000000002,3,-0.9100000000000001,False
O=C1CCN(CCOc2ccc3cc2COCC=CCOCc2cccc(c2)-c2ccnc(n2)N3)C1,CHEMBL2181082,6.85,6.85,False,Other,6.03,6.03,0.8199999999999994,7.66,7.66,-0.8100000000000005,6.42,6.42,0.4299999999999997,3,-0.8100000000000005,False
O=C1CCN(c2ncc(C(F)(F)F)c(C3=C(c4c[nH]c5ccccc45)C(=O)NC3=O)n2)CC1,CHEMBL1235315,5.36,5.36,False,Other,6.6,6.6,-1.2399999999999993,6.48,6.48,-1.12,7.57,7.57,-2.21,3,-2.21,False
O=C1CCOc2cc(Nc3cc(-c4c(F)cccc4F)nc4c3C(=O)NC4)ccc21,CHEMBL5997716,7.26,7.26,False,Other,,,,,,,,,,0,,False
O=C1CN(C[C@H]2CC[C@H](c3nnn4cnc5[nH]ccc5c34)CC2)CCN1,CHEMBL3928091,6.01,6.01,False,Other,7.62,7.62,-1.6100000000000003,7.32,7.32,-1.3100000000000005,,,,2,-1.6100000000000003,False
O=C1COc2cc(NC[C@H]3CC[C@H](c4nnn5cnc6[nH]ccc6c45)CC3)ccc2N1,CHEMBL3909024,6.62,6.62,False,Other,8.34,8.34,-1.7199999999999998,7.68,7.68,-1.0599999999999996,6.24,6.24,0.3799999999999999,3,-1.7199999999999998,False
O=C1COc2ccc(NC[C@H]3CC[C@H](c4nnn5cnc6[nH]ccc6c45)CC3)cc2N1,CHEMBL3933397,6.7,6.7,False,Other,8.46,8.46,-1.7600000000000007,7.54,7.54,-0.8399999999999999,,,,2,-1.7600000000000007,False
O=C1NC(=O)C(c2c[nH]c3ccccc23)=C1Nc1ccc(OCCNc2ccnc(F)c2)cc1,CHEMBL3114772,5.01,5.01,False,Other,5.69,5.69,-0.6800000000000006,5.01,5.01,0.0,6.7,6.7,-1.6900000000000004,3,-1.6900000000000004,False
O=C1NC(=O)C(c2c[nH]c3ccccc23)=C1Nc1ccc(OCCn2ccnc2)cc1,CHEMBL3114768,5.13,5.13,False,Other,,,,,,,6.56,6.56,-1.4299999999999997,1,-1.4299999999999997,False
O=C1NC(=O)C(c2c[nH]c3ccccc23)=C1Nc1cccc(OC2CCN(c3ccnc(F)c3)C2)c1,CHEMBL3114786,4.92,4.92,False,Other,6.25,6.25,-1.33,5.91,5.91,-0.9900000000000002,7.92,7.92,-3.0,3,-3.0,False
O=C1NC(=O)C(c2c[nH]c3ccccc23)=C1Nc1cccc(O[C@H]2CCN(c3ccnc(F)c3)C2)c1,CHEMBL3114761,5.24,5.24,False,Other,6.2,6.2,-0.96,5.83,5.83,-0.5899999999999999,7.89,7.89,-2.6499999999999995,3,-2.6499999999999995,False
O=C1NC(=O)C(c2cn(CCCn3ccnc3)c3ccccc23)=C1Nc1ccccc1,CHEMBL366266,5.64,5.64,False,Other,6.11,6.11,-0.47000000000000064,5.42,5.42,0.21999999999999975,7.77,7.77,-2.13,3,-2.13,False
O=C1NC(=O)[C@@H](C2CCC(COCCC(F)(F)F)CC2)C2c3cc[nH]c3N=CC12,CHEMBL5853056,7.58,7.58,False,Other,9.46,9.46,-1.8800000000000008,8.82,8.82,-1.2400000000000002,8.54,8.54,-0.9599999999999991,3,-1.8800000000000008,False
O=C1NCCN1CCNC[C@H]1CC[C@H](c2nnn3cnc4[nH]ccc4c23)CC1,CHEMBL3975439,6.75,6.75,False,Other,8.0,8.0,-1.25,7.08,7.08,-0.33000000000000007,6.04,6.04,0.71,3,-1.25,False
O=C1NCN(C2CCCCC2)c2c1cnc1[nH]ccc21,CHEMBL3906070,7.58,7.58,False,Other,8.0,8.0,-0.41999999999999993,7.85,7.85,-0.2699999999999996,7.75,7.75,-0.16999999999999993,3,-0.41999999999999993,False
O=C1NCN([C@H]2CC[C@H](CN3CC[C@@H](F)C3)CC2)c2c1cnc1[nH]ccc21,CHEMBL3893600,6.48,6.48,False,Other,7.72,7.72,-1.2399999999999993,7.17,7.17,-0.6899999999999995,6.39,6.39,0.09000000000000075,3,-1.2399999999999993,False
O=C1NCN([C@H]2CC[C@H](CNC3(C(F)(F)F)CC3)CC2)c2c1cnc1[nH]ccc21,CHEMBL3938113,7.72,7.72,False,Other,8.85,8.85,-1.13,8.19,8.19,-0.46999999999999975,7.72,7.72,0.0,3,-1.13,False
O=C1NCN([C@H]2CC[C@H](CNCC(F)(F)Br)CC2)c2c1cnc1[nH]ccc21,CHEMBL3934061,7.43,7.43,False,Other,9.06,9.06,-1.6300000000000008,8.68,8.68,-1.25,8.2,8.2,-0.7699999999999996,3,-1.6300000000000008,False
O=C1NCN([C@H]2CC[C@H](CNCC(F)(F)F)CC2)c2c1cnc1[nH]ccc21,CHEMBL3986613,7.66,7.66,False,Other,8.62,8.62,-0.9599999999999991,8.34,8.34,-0.6799999999999997,7.62,7.62,0.040000000000000036,3,-0.9599999999999991,False
O=C1NCc2c1c(Nc1ccc(C(=O)N3CCOCC3)cc1)cc(-c1c(F)cccc1F)[n+]2[O-],CHEMBL5760991,7.26,7.26,False,Other,,,,,,,,,,0,,False
O=C1NCc2nc(-c3c(F)cccc3Cl)cc(-n3ccc(N4CCC(N5CCOCC5)CC4)n3)c21,CHEMBL5823553,8.3,,True,Other,,,,8.3,,,,,,0,,False
O=C1NCc2nc(-c3c(F)cccc3Cl)nc(Nc3ccc([C@@H]4CCNC4=O)cc3)c21,CHEMBL5920592,7.26,,True,Other,,,,,,,,,,0,,False
O=C1NCc2nc(-c3c(F)cccc3F)cc(-n3ccc(N4CCC5(CCOCC5)CC4)n3)c21,CHEMBL5836318,8.3,,True,Other,,,,6.26,,,,,,0,,False
O=C1NCc2nc(-c3c(F)cccc3F)cc(-n3ccc(N4CCOCC4)n3)c21,CHEMBL5945291,8.3,,True,Other,,,,6.26,,,,,,0,,False
O=C1NCc2nc(-c3c(F)cccc3F)cc(-n3ccc(N4CCOCC4CO)n3)c21,CHEMBL5981692,8.3,,True,Other,,,,6.26,,,,,,0,,False
O=C1NCc2nc(-c3c(F)cccc3F)cc(-n3cccn3)c21,CHEMBL5800559,7.26,,True,Other,,,,6.26,,,,,,0,,False
O=C1NCc2nc(-c3c(F)cccc3F)cc(Nc3ccc(C(=O)N4CCC4)cc3)c21,CHEMBL5930780,7.13,7.13,False,Other,,,,,,,,,,0,,False
O=C1NCc2nc(-c3c(F)cccc3F)cc(Nc3ccc(C(=O)N4CCCC4)cc3)c21,CHEMBL5180050,7.11,7.11,False,Other,7.34,7.34,-0.22999999999999954,6.535,6.535,0.5750000000000002,8.18,8.18,-1.0699999999999994,3,-1.0699999999999994,False
O=C1NCc2nc(-c3c(F)cccc3F)cc(Nc3ccc(C(=O)N4CCCC4)cn3)c21,CHEMBL5197513,9.72,9.72,False,JH1,,,,,,,,,,0,,False
O=C1NCc2nc(-c3c(F)cccc3F)cc(Nc3ccc(C(=O)N4CCCCC4)cc3)c21,CHEMBL6059508,7.05,7.05,False,Other,,,,,,,,,,0,,False
O=C1NCc2nc(-c3c(F)cccc3F)cc(Nc3ccc(C(=O)N4CCOCC4)cc3)c21,CHEMBL5182688,7.05,7.05,False,Other,,,,5.55,5.55,1.5,,,,1,1.5,False
O=C1NCc2nc(-c3c(F)cccc3F)cc(Nc3ccc(C(=O)N4CCOCC4)cn3)c21,CHEMBL5170973,9.08,9.08,False,JH1,,,,,,,,,,0,,False
O=C1NCc2nc(-c3c(F)cccc3F)cc(Nc3ccc(C(=O)N4CCOCC4)nc3)c21,CHEMBL5931353,7.26,,True,Other,,,,,,,,,,0,,False
O=C1NCc2nc(-c3c(F)cccc3F)cc(Nc3ccc(C(=O)N4CC[C@H](O)C4)cc3)c21,CHEMBL5182922,9.43,9.43,False,JH1,,,,,,,,,,0,,False
O=C1NCc2nc(-c3c(F)cccc3F)cc(Nc3ccc(C(=O)N4C[C@H]5COC[C@H]5C4)cc3)c21,CHEMBL5757343,7.05,7.05,False,Other,,,,7.26,,,,,,0,,False
O=C1NCc2nc(-c3c(F)cccc3F)cc(Nc3ccc(N4CCC(F)(F)CC4)cn3)c21,CHEMBL5192374,8.585,8.585,False,Other,,,,,,,,,,0,,False
O=C1NCc2nc(-c3c(F)cccc3F)cc(Nc3ccc(N4CCC(O)CC4)cn3)c21,CHEMBL5186817,8.385,8.385,False,Other,,,,,,,,,,0,,False
O=C1NCc2nc(-c3c(F)cccc3F)cc(Nc3ccc(N4CCCC4)cn3)c21,CHEMBL6065785,6.41,6.41,False,Other,,,,,,,,,,0,,False
O=C1NCc2nc(-c3c(F)cccc3F)cc(Nc3ccc(N4CCOCC4)cn3)c21,CHEMBL5188608,7.48,7.48,False,Other,,,,,,,,,,0,,False
O=C1NCc2nc(-c3c(F)cccc3F)cc(Nc3ccc(N4CCOCC4=O)cn3)c21,CHEMBL5181976,8.26,8.26,False,Other,,,,,,,,,,0,,False
O=C1NCc2nc(-c3c(F)cccc3F)cc(Nc3ccc(N4C[C@H]5COC[C@H]5C4)nc3)c21,CHEMBL5967648,7.26,7.26,False,Other,,,,,,,,,,0,,False
O=C1NCc2nc(-c3c(F)cccc3F)cc(Nc3ccc4c(c3)COB4O)c21,CHEMBL5980966,7.26,7.26,False,Other,,,,,,,,,,0,,False
O=C1NCc2nc(-c3c(F)cccc3F)cc(Nc3ccc4c(c3)OC(F)(F)O4)c21,CHEMBL5765803,7.26,7.26,False,Other,,,,,,,,,,0,,False
O=C1NCc2nc(-c3c(F)cccc3F)cc(Nc3ccc4c(c3)OCO4)c21,CHEMBL5908058,7.26,7.26,False,Other,,,,6.26,,,,,,0,,False
O=C1NCc2nc(-c3c(F)cccc3F)nc(Nc3ccc(C(=O)N4CC5(COC5)C4)cc3)c21,CHEMBL6059209,7.26,,True,Other,,,,,,,,,,0,,False
O=C1NCc2nc(-c3c(F)cccc3F)nc(Nc3ccc(C(=O)N4CCC4)cc3)c21,CHEMBL6017273,7.26,,True,Other,,,,,,,,,,0,,False
O=C1NCc2nc(-c3c(F)cccc3F)nc(Nc3ccc(C4CCCCC4)cc3)c21,CHEMBL5934011,6.26,,True,Other,,,,,,,,,,0,,False
O=C1NCc2nc(-c3c(F)cccc3F)nc(Nc3ccc(C4CCCNC4=O)cc3)c21,CHEMBL5181361,8.605,8.605,False,JH1,,,,,,,,,,0,,False
O=C1NCc2nc(-c3c(F)cccc3F)nc(Nc3ccc(C4CCNC4=O)cc3)c21,CHEMBL5182121,9.015,9.015,False,JH1,,,,,,,,,,0,,False
O=C1NCc2nc(-c3c(F)cccc3F)nc(Nc3ccc(CC(=O)N4CCN(CC(F)F)CC4)cc3)c21,CHEMBL5170148,9.01,9.01,False,JH1,,,,,,,,,,0,,False
O=C1NCc2nc(-c3c(F)cccc3F)nc(Nc3ccc(CC(=O)N4CCOCC4)cc3)c21,CHEMBL5188061,8.29,8.29,False,JH1,,,,,,,,,,0,,False
O=C1NCc2nc(-c3c(F)cccc3F)nc(Nc3ccc(CC(=O)N4CCOC[C@@H]4C(=O)O)cc3)c21,CHEMBL5756728,7.26,,True,Other,,,,,,,,,,0,,False
O=C1NCc2nc(-c3c(F)cccc3F)nc(Nc3ccc(Cl)cc3)c21,CHEMBL6016239,7.26,,True,Other,,,,,,,,,,0,,False
O=C1NCc2nc(-c3c(F)cccc3F)nc(Nc3ccc(OC(F)(F)F)cc3)c21,CHEMBL5917384,7.26,,True,Other,,,,,,,,,,0,,False
O=C1NCc2nc(-c3c(F)cccc3F)nc(Nc3ccc(S(=O)(=O)C(F)(F)F)cc3)c21,CHEMBL5898481,7.26,,True,Other,,,,,,,,,,0,,False
O=C1NCc2nc(-c3c(F)cccc3F)nc(Nc3ccccc3)c21,CHEMBL5746792,7.26,,True,Other,,,,,,,,,,0,,False
O=C1NCc2nc(-c3c(F)cccc3F)nc(Nc3cnn(CC(=O)N4CCC[C@H]4CO)c3)c21,CHEMBL5915165,7.26,,True,Other,,,,,,,,,,0,,False
O=C1NCc2nc(-n3c(F)cccc3=O)cc(Nc3ccc(N4CCOCC4)cn3)c21,CHEMBL5946516,7.26,7.26,False,Other,,,,6.26,,,,,,0,,False
O=C1NN=Cc2c[nH]c3cc(NC(=O)C4CC4c4ccccc4)cc1c23,CHEMBL1969502,6.5,6.5,False,Other,,,,7.8,7.8,-1.2999999999999998,6.7,6.7,-0.20000000000000018,2,-1.2999999999999998,False
O=C1NOC[C@H]1NC[C@H]1CC[C@H](c2nnn3cnc4[nH]ccc4c23)CC1,CHEMBL4106456,6.43,6.43,False,Other,7.34,7.34,-0.9100000000000001,6.82,6.82,-0.39000000000000057,6.82,6.82,-0.39000000000000057,3,-0.9100000000000001,False
O=C1Nc2cc(Br)ccc2/C1=C1/Nc2ccccc2/C1=N\O,CHEMBL409450,7.52,7.52,False,Other,,,,5.1,5.1,2.42,,,,1,2.42,False
O=C1Nc2cc(Br)ccc2/C1=C1/Nc2ccccc2/C1=N\OCCN1CCNCC1,CHEMBL3216659,7.3,7.3,False,JH1,6.22,6.22,1.08,7.1,7.1,0.20000000000000018,,,,2,0.20000000000000018,False
O=C1Nc2ccc3ncsc3c2C1=CNc1ccc(S(=O)(=O)Nc2ccccn2)cc1,CHEMBL1973540,6.6,6.6,False,Other,,,,6.8,6.8,-0.20000000000000018,7.6,7.6,-1.0,2,-1.0,False
O=C1OCCC1NC[C@H]1CC[C@H](c2nnn3cnc4[nH]ccc4c23)CC1,CHEMBL3960109,6.7,6.7,False,Other,8.13,8.13,-1.4300000000000006,7.36,7.36,-0.6600000000000001,6.28,6.28,0.41999999999999993,3,-1.4300000000000006,False
O=C1SCCC1NC[C@H]1CC[C@H](c2nnn3cnc4[nH]ccc4c23)CC1,CHEMBL3920091,7.36,7.36,False,Other,8.96,8.96,-1.6000000000000005,8.18,8.18,-0.8199999999999994,6.85,6.85,0.5100000000000007,3,-1.6000000000000005,False
O=C1c2ccccc2-c2n[nH]c3cccc1c23,CHEMBL7064,6.06,6.06,False,Other,5.33,5.33,0.7299999999999995,,,,6.39,6.39,-0.33000000000000007,2,-0.33000000000000007,False
O=C1c2cnc3[nH]ccc3c2N([C@H]2CC[C@H](CF)CC2)CN1C1CC1,CHEMBL3960523,6.96,6.96,False,Other,8.2,8.2,-1.2399999999999993,7.48,7.48,-0.5200000000000005,7.39,7.39,-0.4299999999999997,3,-1.2399999999999993,False
O=C1c2cnc3[nH]ccc3c2N([C@H]2CC[C@H](CN3CCCS3(=O)=O)CC2)CN1C1CC1,CHEMBL3911589,6.7,6.7,False,Other,8.85,8.85,-2.1499999999999995,8.12,8.12,-1.419999999999999,7.75,7.75,-1.0499999999999998,3,-2.1499999999999995,False
O=C1c2cnc3[nH]ccc3c2N([C@H]2CC[C@H](CN3CCCS3(=O)=O)CC2)CN1CC(F)(F)F,CHEMBL3957838,6.46,6.46,False,Other,8.59,8.59,-2.13,7.55,7.55,-1.0899999999999999,7.48,7.48,-1.0200000000000005,3,-2.13,False
O=C1c2cnc3[nH]ccc3c2N([C@H]2CC[C@H](CNCC(F)(F)F)CC2)CN1C1CC1,CHEMBL3956439,6.72,6.72,False,Other,8.62,8.62,-1.8999999999999995,7.96,7.96,-1.2400000000000002,7.52,7.52,-0.7999999999999998,3,-1.8999999999999995,False
O=C1c2cnc3[nH]ccc3c2N([C@H]2CC[C@H](CNCC(F)(F)F)CC2)CN1CC(F)(F)F,CHEMBL3891913,6.64,6.64,False,Other,8.49,8.49,-1.8500000000000005,7.46,7.46,-0.8200000000000003,7.17,7.17,-0.5300000000000002,3,-1.8500000000000005,False
O=C1c2cnc3[nH]ccc3c2N([C@H]2CC[C@H](CNCC(F)(F)F)CC2)CN1CC1CC1,CHEMBL3944237,6.54,6.54,False,Other,8.28,8.28,-1.7399999999999993,7.57,7.57,-1.0300000000000002,7.37,7.37,-0.8300000000000001,3,-1.7399999999999993,False
O=C1c2cnc3[nH]ccc3c2N([C@H]2CC[C@H](CNCC(F)(F)F)CC2)CN1CC1CCCO1,CHEMBL3916308,7.0,7.0,False,Other,7.92,7.92,-0.9199999999999999,8.24,8.24,-1.2400000000000002,7.89,7.89,-0.8899999999999997,3,-1.2400000000000002,False
O=C1c2cnc3[nH]ccc3c2N([C@H]2CC[C@H](CNCC(F)F)CC2)CN1C1CC1,CHEMBL3933776,6.54,6.54,False,Other,8.15,8.15,-1.6100000000000003,7.72,7.72,-1.1799999999999997,7.3,7.3,-0.7599999999999998,3,-1.6100000000000003,False
O=C1c2cnc3[nH]ccc3c2N([C@H]2CC[C@H](CNS(=O)(=O)C3CC3)CC2)CN1CC(F)(F)F,CHEMBL3981673,6.38,6.38,False,Other,8.85,8.85,-2.4699999999999998,7.5,7.5,-1.12,7.14,7.14,-0.7599999999999998,3,-2.4699999999999998,False
O=CN1CCN(c2ccc(C(F)(F)F)c(C3=C(c4c[nH]c5ccccc45)C(=O)NC3=O)c2)CC1,CHEMBL1650955,5.3,5.3,False,Other,6.12,6.12,-0.8200000000000003,5.84,5.84,-0.54,7.44,7.44,-2.1400000000000006,3,-2.1400000000000006,False
O=COCc1ccc(Nc2nc(-c3ccccc3Cl)nc3c2C(=O)NC3)cc1,CHEMBL6052728,7.26,,True,Other,,,,,,,,,,0,,False
O=C[C@H]1CC[C@@H](c2nnn3cnc4[nH]ccc4c23)CC1,CHEMBL3934891,7.0,7.0,False,Other,7.96,7.96,-0.96,7.52,7.52,-0.5199999999999996,6.89,6.89,0.11000000000000032,3,-0.96,False
O=C[C@H]1CC[C@H](c2nnn3cnc4[nH]ccc4c23)CC1,CHEMBL3967735,7.26,7.26,False,Other,8.445,8.445,-1.1850000000000005,7.5,7.5,-0.2400000000000002,6.77,6.77,0.4900000000000002,3,-1.1850000000000005,False
O=S(=O)(C[C@H]1CC[C@H](c2nnn3cnc4[nH]ccc4c23)CC1)C(F)(F)F,CHEMBL3968041,7.52,7.52,False,Other,8.89,8.89,-1.370000000000001,8.21,8.21,-0.6900000000000013,6.43,6.43,1.0899999999999999,3,-1.370000000000001,False
O=S(=O)(C[C@H]1CC[C@H](c2nnn3cnc4[nH]ccc4c23)CC1)C1CC1,CHEMBL3907774,6.58,6.58,False,Other,7.96,7.96,-1.38,7.55,7.55,-0.9699999999999998,6.55,6.55,0.03000000000000025,3,-1.38,False
O=S(=O)(C[C@H]1CC[C@H](c2nnn3cnc4[nH]ccc4c23)CC1)NC1CC1,CHEMBL3985119,6.38,6.38,False,Other,8.11,8.11,-1.7299999999999995,7.58,7.58,-1.2000000000000002,6.42,6.42,-0.040000000000000036,3,-1.7299999999999995,False
O=S(=O)(C[C@H]1CC[C@H](c2nnn3cnc4[nH]ccc4c23)CC1)NCC(F)(F)F,CHEMBL3979623,6.52,6.52,False,Other,8.24,8.24,-1.7200000000000006,7.82,7.82,-1.3000000000000007,6.39,6.39,0.1299999999999999,3,-1.7200000000000006,False
O=S(=O)(C[C@H]1CC[C@H](c2nnn3cnc4[nH]ccc4c23)CC1)c1ccc(F)cc1,CHEMBL3975088,6.47,6.47,False,Other,8.27,8.27,-1.7999999999999998,7.8,7.8,-1.33,6.13,6.13,0.33999999999999986,3,-1.7999999999999998,False
O=S(=O)(C[C@H]1CC[C@H](c2nnn3cnc4[nH]ccc4c23)CC1)c1ccccc1,CHEMBL5960356,6.68,6.68,False,Other,8.24,8.24,-1.5600000000000005,7.96,7.96,-1.2800000000000002,6.41,6.41,0.2699999999999996,3,-1.5600000000000005,False
O=S(=O)(O)C[C@H]1CC[C@H](c2nnn3cnc4[nH]ccc4c23)CC1,CHEMBL3947782,6.17,6.17,False,Other,7.54,7.54,-1.37,7.33,7.33,-1.1600000000000001,,,,2,-1.37,False
O=S(=O)(c1ccc(NC[C@H]2CC[C@H](c3nnn4cnc5[nH]ccc5c34)CC2)cc1)C(F)(F)F,CHEMBL3940421,6.34,6.34,False,Other,7.47,7.47,-1.13,6.58,6.58,-0.2400000000000002,,,,2,-1.13,False
O=S1(=O)CCN(C[C@H]2CC[C@H](c3nnn4cnc5[nH]ccc5c34)CC2)CC1,CHEMBL3896777,6.82,6.82,False,Other,7.675,7.675,-0.8549999999999995,7.58,7.58,-0.7599999999999998,6.68,6.68,0.14000000000000057,3,-0.8549999999999995,False
O=S1(=O)Nc2cccc(c2)CNc2nc(ncc2Cl)Nc2cccc1c2,CHEMBL3694579,6.08,6.08,False,Other,6.52,6.52,-0.4399999999999995,6.23,6.23,-0.15000000000000036,6.49,6.49,-0.41000000000000014,3,-0.4399999999999995,False
O=c1[nH]c(C2CCCCC2)c2c3cc[nH]c3ncn12,CHEMBL3955496,6.965,6.965,False,Other,7.96,7.96,-0.9950000000000001,7.685,7.685,-0.7199999999999998,7.1850000000000005,7.1850000000000005,-0.22000000000000064,3,-0.9950000000000001,False
O=c1[nH]c2cnc(-n3cnc4ccc(F)cc43)nc2n1C1CCOc2c(F)cccc21,CHEMBL2000393,7.2,7.2,False,Other,,,,8.3,8.3,-1.1000000000000005,8.3,8.3,-1.1000000000000005,2,-1.1000000000000005,False
O=c1[nH]ccc(NC2CCOCC2)c1-c1nc2ccccc2[nH]1,CHEMBL3781427,8.05,8.05,False,Other,8.7,8.7,-0.6499999999999986,8.3,8.3,-0.25,7.77,7.77,0.28000000000000114,3,-0.6499999999999986,False
O=c1[nH]ccc2c3[nH]c(-c4ccccc4Cl)nc3c3ccc(F)cc3c12,CHEMBL261386,8.15,8.15,False,Other,8.7,8.7,-0.5499999999999989,8.52,8.52,-0.3699999999999992,7.11,7.11,1.04,3,-0.5499999999999989,False
O=c1cc(-c2ccccc2)nc2c(-c3cccc([N+](=O)[O-])c3)c(C(F)(F)F)[nH]n12,CHEMBL5429461,4.654999999999999,4.654999999999999,False,Other,,,,4.85,4.85,-0.19500000000000028,,,,1,-0.19500000000000028,False
O=c1cc(-c2ccccc2)nc2c(-c3ccccc3)c(C(F)(F)F)[nH]n12,CHEMBL5438956,4.5,4.5,False,JH2,,,,4.465,4.465,0.03500000000000014,,,,1,0.03500000000000014,True
O=c1cc(C2CCCCC2)c2c(C3CC3)[nH]nc2[nH]1,CHEMBL4648246,5.8,5.8,False,JH1,6.025,6.025,-0.22500000000000053,5.89,5.89,-0.08999999999999986,6.01,6.01,-0.20999999999999996,3,-0.22500000000000053,False
O=c1cc(C2CCCCC2)c2c[nH]nc2[nH]1,CHEMBL4645113,4.62,4.62,False,JH1,4.82,4.82,-0.20000000000000018,4.46,4.46,0.16000000000000014,4.92,4.92,-0.2999999999999998,3,-0.2999999999999998,False
OC(CN1CCC(c2nnn3cnc4[nH]ccc4c23)CC1)c1ccc(C(F)(F)F)cc1,CHEMBL3947711,6.35,6.35,False,Other,8.27,8.27,-1.92,7.33,7.33,-0.9800000000000004,6.21,6.21,0.13999999999999968,3,-1.92,False
OC(CNC[C@H]1CC[C@H](c2nnn3cnc4[nH]ccc4c23)CC1)(c1ccccc1)C(F)(F)F,CHEMBL3917860,6.2,6.2,False,Other,7.89,7.89,-1.6899999999999995,7.03,7.03,-0.8300000000000001,,,,2,-1.6899999999999995,False
OC(CNC[C@H]1CC[C@H](c2nnn3cnc4[nH]ccc4c23)CC1)C(F)(F)F,CHEMBL3949242,6.36,6.36,False,Other,8.0,8.0,-1.6399999999999997,7.2,7.2,-0.8399999999999999,6.48,6.48,-0.1200000000000001,3,-1.6399999999999997,False
OC(CNC[C@H]1CC[C@H](c2nnn3cnc4[nH]ccc4c23)CC1)c1ccccc1,CHEMBL3896784,7.36,7.36,False,Other,8.57,8.57,-1.21,7.57,7.57,-0.20999999999999996,7.0,7.0,0.3600000000000003,3,-1.21,False
OC(CN[C@H]1CC[C@H](c2nnn3cnc4[nH]ccc4c23)CC1)(c1ccc(Cl)cc1)C(F)(F)F,CHEMBL3978620,6.36,6.36,False,Other,8.46,8.46,-2.1000000000000005,7.46,7.46,-1.0999999999999996,6.75,6.75,-0.3899999999999997,3,-2.1000000000000005,False
OC(CN[C@H]1CC[C@H](c2nnn3cnc4[nH]ccc4c23)CC1)(c1ccc(F)cc1)C(F)(F)F,CHEMBL3946125,6.62,6.62,False,Other,8.6,8.6,-1.9799999999999995,7.5,7.5,-0.8799999999999999,7.12,7.12,-0.5,3,-1.9799999999999995,False
OC(CN[C@H]1CC[C@H](c2nnn3cnc4[nH]ccc4c23)CC1)(c1ccccc1)C(F)(F)F,CHEMBL3963428,6.57,6.57,False,Other,8.49,8.49,-1.92,7.44,7.44,-0.8700000000000001,6.54,6.54,0.03000000000000025,3,-1.92,False
OC(CN[C@H]1CC[C@H](c2nnn3cnc4[nH]ccc4c23)CC1)(c1cccnc1)C(F)(F)F,CHEMBL3926894,6.68,6.68,False,Other,8.72,8.72,-2.040000000000001,7.51,7.51,-0.8300000000000001,6.75,6.75,-0.07000000000000028,3,-2.040000000000001,False
OC(CN[C@H]1CC[C@H](c2nnn3cnc4[nH]ccc4c23)CC1)c1ccccc1,CHEMBL3954819,6.58,6.58,False,Other,8.47,8.47,-1.8900000000000006,7.07,7.07,-0.4900000000000002,6.17,6.17,0.41000000000000014,3,-1.8900000000000006,False
OC1(C(F)(F)F)CN(C[C@H]2CC[C@H](c3nnn4cnc5[nH]ccc5c34)CC2)C1,CHEMBL3956945,6.43,6.43,False,Other,8.6,8.6,-2.17,7.66,7.66,-1.2300000000000004,7.09,7.09,-0.6600000000000001,3,-2.17,False
OC1(CNC[C@H]2CC[C@H](c3nnn4cnc5[nH]ccc5c34)CC2)CCCCC1,CHEMBL3914847,6.29,6.29,False,Other,8.08,8.08,-1.79,7.29,7.29,-1.0,,,,2,-1.79,False
OC1(c2ccc(Cl)c(C(F)(F)F)c2)CCN(C[C@H]2CC[C@H](c3nnn4cnc5[nH]ccc5c34)CC2)CC1,CHEMBL3956966,6.51,6.51,False,Other,8.12,8.12,-1.6099999999999994,7.01,7.01,-0.5,,,,2,-1.6099999999999994,False
OC12CC3CC(C1)CC(c1nnn4cnc5[nH]ccc5c14)(C3)C2,CHEMBL3902431,7.28,7.28,False,Other,7.51,7.51,-0.22999999999999954,6.89,6.89,0.39000000000000057,6.66,6.66,0.6200000000000001,3,-0.22999999999999954,False
OC1CCC(Nc2nc(Cl)cc(-c3c[nH]c4ncccc34)n2)CC1,CHEMBL1986943,6.0,6.0,False,Other,,,,6.7,6.7,-0.7000000000000002,7.3,7.3,-1.2999999999999998,2,-1.2999999999999998,False
OC1CCN(C[C@H]2CC[C@H](c3nnn4cnc5[nH]ccc5c34)CC2)CC1,CHEMBL3896461,6.37,6.37,False,Other,7.7,7.7,-1.33,7.2,7.2,-0.8300000000000001,,,,2,-1.33,False
OC1CCN(c2cc(Nc3nccc4nc(-c5c(Cl)cccc5Cl)[nH]c34)ncn2)CC1,CHEMBL4070262,9.0,9.0,False,Other,,,,8.27,8.27,0.7300000000000004,,,,1,0.7300000000000004,False
OC1CN(C[C@H]2CC[C@@H](c3nnn4cnc5[nH]ccc5c34)CC2)C1,CHEMBL3890993,6.09,6.09,False,Other,7.4,7.4,-1.3100000000000005,6.52,6.52,-0.4299999999999997,6.36,6.36,-0.27000000000000046,3,-1.3100000000000005,False
OC1CN(C[C@H]2CC[C@H](c3nnn4cnc5[nH]ccc5c34)CC2)C1,CHEMBL3966840,7.31,7.31,False,Other,8.77,8.77,-1.46,7.8,7.8,-0.4900000000000002,6.31,6.31,1.0,3,-1.46,False
OC1CN(c2cc(Nc3ncnc4nc(-c5c(Cl)cccc5Cl)sc34)ncn2)C1,CHEMBL3675692,7.06,7.06,False,Other,,,,,,,,,,0,,False
OCC1(NC[C@H]2CC[C@H](c3nnn4cnc5[nH]ccc5c34)CC2)CC1,CHEMBL3939232,6.26,6.26,False,Other,8.15,8.15,-1.8900000000000006,7.27,7.27,-1.0099999999999998,6.1,6.1,0.16000000000000014,3,-1.8900000000000006,False
OCCN(CCO)C[C@H]1CC[C@H](c2nnn3cnc4[nH]ccc4c23)CC1,CHEMBL3971717,6.23,6.23,False,Other,7.72,7.72,-1.4899999999999993,6.96,6.96,-0.7299999999999995,,,,2,-1.4899999999999993,False
OCCN(C[C@H]1CC[C@H](c2nnn3cnc4[nH]ccc4c23)CC1)C1CCCCC1,CHEMBL3934192,6.21,6.21,False,Other,7.82,7.82,-1.6100000000000003,7.27,7.27,-1.0599999999999996,,,,2,-1.6100000000000003,False
OCCN(Cc1ccccc1)C[C@H]1CC[C@H](c2nnn3cnc4[nH]ccc4c23)CC1,CHEMBL3965307,6.92,6.92,False,Other,8.36,8.36,-1.4399999999999995,7.44,7.44,-0.5200000000000005,6.14,6.14,0.7800000000000002,3,-1.4399999999999995,False
OCCN1CCN(C[C@H]2CC[C@H](c3nnn4cnc5[nH]ccc5c34)CC2)CC1,CHEMBL3902428,6.28,6.28,False,Other,8.0,8.0,-1.7199999999999998,6.7,6.7,-0.41999999999999993,,,,2,-1.7199999999999998,False
OCCN1CCN(c2cc(Nc3nccc4nc(-c5c(Cl)cccc5Cl)[nH]c34)ncn2)CC1,CHEMBL4080904,8.92,8.92,False,Other,,,,8.0,8.0,0.9199999999999999,,,,1,0.9199999999999999,False
OCCN1CCN(c2ccc3cc2COC/C=C/COCc2cccc(c2)-c2ccnc(n2)N3)CC1,CHEMBL5434272,6.8,6.8,False,Other,5.51,5.51,1.29,7.08,7.08,-0.28000000000000025,5.6,5.6,1.2000000000000002,3,-0.28000000000000025,False
OCCN1CCN(c2ccc3cc2COCC=CCOCc2cccc(c2)-c2ccnc(n2)N3)CC1,CHEMBL2181324,6.8,6.8,False,Other,5.51,5.51,1.29,7.08,7.08,-0.28000000000000025,5.6,5.6,1.2000000000000002,3,-0.28000000000000025,False
OCCNC[C@H]1CC[C@H](c2nnn3cnc4[nH]ccc4c23)CC1,CHEMBL3904312,7.03,7.03,False,Other,8.46,8.46,-1.4300000000000006,7.28,7.28,-0.25,6.37,6.37,0.6600000000000001,3,-1.4300000000000006,False
OCCNc1cc2cc(-c3ccccc3)ccc2cn1,CHEMBL1989957,6.1,6.1,False,Other,,,,,,,,,,0,,False
OCCNc1cc2cc(-c3ccncc3)ccc2cn1,CHEMBL1998435,6.0,6.0,False,Other,,,,5.9,5.9,0.09999999999999964,,,,1,0.09999999999999964,False
OC[C@@H]1CCCN1C[C@H]1CC[C@H](c2nnn3cnc4[nH]ccc4c23)CC1,CHEMBL3907076,6.46,6.46,False,Other,7.6,7.6,-1.1399999999999997,6.96,6.96,-0.5,,,,2,-1.1399999999999997,False
OC[C@H](O)Cn1cc(-c2cn3nccc3c(-c3cnn(C(C4CC4)C4CC4)c3)n2)cn1,CHEMBL6011826,6.26,,True,JH1,5.26,,,6.26,,,5.26,,,0,,False
OC[C@H]1CC[C@@H](c2nnn3cnc4[nH]ccc4c23)CC1,CHEMBL3902570,6.82,6.82,False,Other,7.92,7.92,-1.0999999999999996,7.44,7.44,-0.6200000000000001,6.44,6.44,0.3799999999999999,3,-1.0999999999999996,False
OC[C@H]1CC[C@H](c2nnn3cnc4[nH]ccc4c23)CC1,CHEMBL3906967,6.82,6.82,False,Other,8.3,8.3,-1.4800000000000004,7.564999999999999,7.564999999999999,-0.7449999999999983,6.67,6.67,0.15000000000000036,3,-1.4800000000000004,False
OCc1ccc(-c2nnn3cnc4[nH]ccc4c23)cc1,CHEMBL3945740,6.665,6.665,False,Other,7.65,7.65,-0.9850000000000003,7.005,7.005,-0.33999999999999986,6.205,6.205,0.45999999999999996,3,-0.9850000000000003,False
OCc1ccnc(Nc2nccc3nc(-c4c(Cl)cccc4Cl)sc23)c1,CHEMBL3675689,9.52,9.52,False,Other,,,,,,,,,,0,,False
O[C@@H](CNC[C@H]1CC[C@H](c2nnn3cnc4[nH]ccc4c23)CC1)c1ccccc1,CHEMBL3896725,7.5,7.5,False,Other,8.54,8.54,-1.0399999999999991,7.31,7.31,0.1900000000000004,7.2,7.2,0.2999999999999998,3,-1.0399999999999991,False
O[C@@H](CN[C@H]1CC[C@H](c2nnn3cnc4[nH]ccc4c23)CC1)c1ccccc1,CHEMBL3898196,6.46,6.46,False,Other,8.14,8.14,-1.6800000000000006,6.72,6.72,-0.2599999999999998,,,,2,-1.6800000000000006,False
O[C@@H]1CCN(C[C@H]2CC[C@@H](c3nnn4cnc5[nH]ccc5c34)CC2)C1,CHEMBL4114359,6.11,6.11,False,Other,7.6,7.6,-1.4899999999999993,6.6,6.6,-0.4899999999999993,,,,2,-1.4899999999999993,False
O[C@@H]1CCN(C[C@H]2CC[C@H](c3nnn4cnc5[nH]ccc5c34)CC2)C1,CHEMBL4113620,7.72,7.72,False,Other,9.0,9.0,-1.2800000000000002,7.5,7.5,0.21999999999999975,6.1,6.1,1.62,3,-1.2800000000000002,False
O[C@@H]1Cc2ccccc2[C@@H]1NC1CCC(c2nnn3cnc4[nH]ccc4c23)CC1,CHEMBL4111878,6.54,6.54,False,Other,7.89,7.89,-1.3499999999999996,6.96,6.96,-0.41999999999999993,6.18,6.18,0.3600000000000003,3,-1.3499999999999996,False
O[C@H](CNC[C@H]1CC[C@H](c2nnn3cnc4[nH]ccc4c23)CC1)c1ccccc1,CHEMBL4112919,7.3,7.3,False,Other,8.82,8.82,-1.5200000000000005,7.48,7.48,-0.1800000000000006,6.57,6.57,0.7299999999999995,3,-1.5200000000000005,False
O[C@H](CN[C@H]1CC[C@H](c2nnn3cnc4[nH]ccc4c23)CC1)c1ccccc1,CHEMBL4109603,6.48,6.48,False,Other,8.39,8.39,-1.9100000000000001,6.8,6.8,-0.3199999999999994,6.0,6.0,0.4800000000000004,3,-1.9100000000000001,False
O[C@H]1CCCC[C@H]1CNC[C@H]1CC[C@H](c2nnn3cnc4[nH]ccc4c23)CC1,CHEMBL3906776,6.43,6.43,False,Other,7.92,7.92,-1.4900000000000002,7.35,7.35,-0.9199999999999999,,,,2,-1.4900000000000002,False
O[C@H]1CCN(C[C@H]2CC[C@H](c3nnn4cnc5[nH]ccc5c34)CC2)C1,CHEMBL3980241,7.0,7.0,False,Other,7.905,7.905,-0.9050000000000002,7.41,7.41,-0.41000000000000014,6.23,6.23,0.7699999999999996,3,-0.9050000000000002,False
O[C@H]1CC[C@@H](c2nnn3cnc4[nH]ccc4c23)CC1,CHEMBL3943557,6.555,6.555,False,Other,8.16,8.16,-1.6050000000000004,7.345000000000001,7.345000000000001,-0.7900000000000009,6.38,6.38,0.17499999999999982,3,-1.6050000000000004,False
O[C@H]1CC[C@H](c2nnn3cnc4[nH]ccc4c23)CC1,CHEMBL3984424,7.145,7.145,False,Other,9.0,9.0,-1.8550000000000004,8.040000000000001,8.040000000000001,-0.8950000000000014,6.85,6.85,0.29499999999999993,3,-1.8550000000000004,False
O[C@H]1Cc2ccccc2[C@H]1NC1CCC(c2nnn3cnc4[nH]ccc4c23)CC1,CHEMBL3889789,6.7,6.7,False,Other,8.4,8.4,-1.7000000000000002,7.15,7.15,-0.4500000000000002,6.39,6.39,0.3100000000000005,3,-1.7000000000000002,False
O[C@]12C[C@@H]3C[C@H](C1)[C@H](Nc1c(-c4cn[nH]c4)cnc4[nH]ccc14)[C@@H](C3)C2,CHEMBL5422793,5.95,5.95,False,Other,7.6,7.6,-1.6499999999999995,9.37,9.37,-3.419999999999999,6.39,6.39,-0.4399999999999995,3,-3.419999999999999,False
Oc1c2ccccc2c2c3c(cccc13)N=N2,CHEMBL1725279,5.9,5.9,False,Other,,,,,,,6.02,6.02,-0.11999999999999922,1,-0.11999999999999922,False
Oc1cc(CC(F)(F)F)c(-c2nc(NCC3CC3)c3cn[nH]c3n2)cc1F,CHEMBL6012644,5.53,5.53,False,Other,7.47,7.47,-1.9399999999999995,6.77,6.77,-1.2399999999999993,6.9,6.9,-1.37,3,-1.9399999999999995,False
Oc1cc(CC(F)(F)F)c(-c2nc(NCCC3CC3)c3cn[nH]c3n2)cc1F,CHEMBL5821443,5.43,5.43,False,Other,7.38,7.38,-1.9500000000000002,6.64,6.64,-1.21,6.8,6.8,-1.37,3,-1.9500000000000002,False
Oc1ccc2cc1COCC=CCOCc1cccc(c1)-c1ccnc(n1)N2,CHEMBL2181320,6.77,6.77,False,Other,6.4,6.4,0.3699999999999992,7.28,7.28,-0.5100000000000007,5.96,5.96,0.8099999999999996,3,-0.5100000000000007,False
Oc1cccc(-c2ccc3c(-c4nc5ccccc5[nH]4)n[nH]c3c2)c1,CHEMBL3929865,6.54,6.54,False,Other,7.16,7.16,-0.6200000000000001,7.0,7.0,-0.45999999999999996,6.31,6.31,0.23000000000000043,3,-0.6200000000000001,False
Oc1cccc(-c2nc(N3CCOCC3)c3oc4ncccc4c3n2)c1,CHEMBL573339,5.23,5.23,False,JH2,5.7,5.7,-0.46999999999999975,,,,,,,1,-0.46999999999999975,True
S=c1[nH]c(C2CCCCC2)c2c3cc[nH]c3ncn12,CHEMBL3935714,6.630000000000001,6.630000000000001,False,Other,7.640000000000001,7.640000000000001,-1.0099999999999998,7.32,7.32,-0.6899999999999995,6.88,6.88,-0.2499999999999991,3,-1.0099999999999998,False
SC[C@H]1CC[C@H](c2nnn3cnc4[nH]ccc4c23)CC1,CHEMBL3927252,8.01,8.01,False,Other,8.515,8.515,-0.5050000000000008,7.505,7.505,0.5049999999999999,7.52,7.52,0.4900000000000002,3,-0.5050000000000008,False
[2H]C([2H])([2H])CC(=O)c1cnc(NC(=O)C2CC2)cc1Nc1cccc2c1N(C)Cc1nc(C)nn1-2,CHEMBL5396026,7.52,7.52,False,Other,,,,,,,,,,0,,False
[2H]C([2H])([2H])CC(=O)c1cnc(NC(=O)C2CC2)cc1Nc1cccc2c1N(C)Cc1nn(C([2H])([2H])[2H])nc1-2,CHEMBL5402702,7.52,7.52,False,Other,,,,,,,,,,0,,False
[2H]C([2H])([2H])CC(=O)c1cnc(NC(=O)C2CC2)cc1Nc1nccc2c1N(C)Cc1nn(CC)nc1-2,CHEMBL5424385,7.52,7.52,False,Other,,,,,,,,,,0,,False
[2H]C([2H])([2H])NC(=O)c1cnc(NC(=O)C2CC2)cc1Nc1cc(F)cc(-c2ncccn2)c1OC,CHEMBL4793760,7.77,7.77,False,Other,,,,,,,,,,0,,False
[2H]C([2H])([2H])NC(=O)c1cnc(NC(=O)C2CC2)cc1Nc1cccc(-c2cnc(C)cn2)c1OC,CHEMBL4780233,7.54,7.54,False,Other,,,,,,,,,,0,,False
[2H]C([2H])([2H])NC(=O)c1cnc(NC(=O)C2CC2)cc1Nc1cccc(-c2cnc(OC)cn2)c1OC,CHEMBL4780315,7.52,7.52,False,Other,,,,,,,,,,0,,False
[2H]C([2H])([2H])NC(=O)c1cnc(NC(=O)C2CC2)cc1Nc1cccc(-c2ncc(F)cn2)c1OC,CHEMBL4789639,8.0,8.0,False,Other,8.11,8.11,-0.10999999999999943,,,,,,,1,-0.10999999999999943,False
[2H]C([2H])([2H])NC(=O)c1cnc(NC(=O)C2CC2)cc1Nc1cccc(-c2ncccn2)c1OC,CHEMBL4789015,7.789999999999999,7.789999999999999,False,Other,,,,,,,,,,0,,False
[2H]C([2H])([2H])NC(=O)c1cnc(NC(=O)C2CC2)cc1Nc1cccc(-c2ncn(C)n2)c1OC,CHEMBL4571117,8.705,8.705,False,Other,,,,,,,,,,0,,False
[2H]C([2H])([2H])NC(=O)c1cnc(Nc2ccc(F)cn2)cc1Nc1ccccc1S(C)(=O)=O,CHEMBL4444169,8.055,8.055,False,JH2,,,,,,,,,,0,,True
[2H]C([2H])([2H])NC(=O)c1nnc(NC(=O)C2CC2)cc1Nc1cc(F)cc(-c2ncc(C(=O)N(C)C)cn2)c1OC,CHEMBL4792780,8.0,8.0,False,Other,,,,,,,,,,0,,False
[2H]C([2H])([2H])NC(=O)c1nnc(NC(=O)C2CC2)cc1Nc1cc(F)cc(-c2ncc(C(C)(C)O)cn2)c1OC,CHEMBL4784838,7.75,7.75,False,Other,,,,,,,,,,0,,False
[2H]C([2H])([2H])NC(=O)c1nnc(NC(=O)C2CC2)cc1Nc1cc(F)cc(C(=O)Nc2ccc(NC[C@H]3COCCO3)cc2)c1OC,CHEMBL5203256,8.85,8.85,False,Other,,,,,,,,,,0,,False
[2H]C([2H])([2H])NC(=O)c1nnc(NC(=O)C2CC2)cc1Nc1cccc(-c2ccc(C(=O)N(C)C)cn2)c1OC,CHEMBL4785512,7.615,7.615,False,Other,,,,,,,,,,0,,False
[2H]C([2H])([2H])NC(=O)c1nnc(NC(=O)C2CC2)cc1Nc1cccc(-c2ccc(C(=O)N(C)C)nn2)c1OC,CHEMBL4792694,7.66,7.66,False,Other,,,,,,,,,,0,,False
[2H]C([2H])([2H])NC(=O)c1nnc(NC(=O)C2CC2)cc1Nc1cccc(-c2ccc(C(C)(C)O)cn2)c1OC,CHEMBL4796821,7.92,7.92,False,Other,,,,,,,,,,0,,False
[2H]C([2H])([2H])NC(=O)c1nnc(NC(=O)C2CC2)cc1Nc1cccc(-c2ccc(C(C)(C)O)nn2)c1OC,CHEMBL4797596,7.8,7.8,False,Other,,,,,,,,,,0,,False
[2H]C([2H])([2H])NC(=O)c1nnc(NC(=O)C2CC2)cc1Nc1cccc(-c2ccccn2)c1OC,CHEMBL4799830,7.39,7.39,False,Other,,,,,,,,,,0,,False
[2H]C([2H])([2H])NC(=O)c1nnc(NC(=O)C2CC2)cc1Nc1cccc(-c2cccnn2)c1OC,CHEMBL4788122,7.16,7.16,False,Other,,,,,,,,,,0,,False
[2H]C([2H])([2H])NC(=O)c1nnc(NC(=O)C2CC2)cc1Nc1cccc(-c2ccncn2)c1OC,CHEMBL4777648,7.7,7.7,False,Other,,,,,,,,,,0,,False
[2H]C([2H])([2H])NC(=O)c1nnc(NC(=O)C2CC2)cc1Nc1cccc(-c2cnc(C(=O)N(C)C)cn2)c1OC,CHEMBL4777528,7.915000000000001,7.915000000000001,False,Other,,,,,,,,,,0,,False
[2H]C([2H])([2H])NC(=O)c1nnc(NC(=O)C2CC2)cc1Nc1cccc(-c2cnc(C(C)(C)O)cn2)c1OC,CHEMBL4799559,7.85,7.85,False,Other,,,,,,,,,,0,,False
[2H]C([2H])([2H])NC(=O)c1nnc(NC(=O)C2CC2)cc1Nc1cccc(-c2cnccn2)c1OC,CHEMBL4782449,7.54,7.54,False,Other,,,,,,,,,,0,,False
[2H]C([2H])([2H])NC(=O)c1nnc(NC(=O)C2CC2)cc1Nc1cccc(-c2ncc(C(=O)N(C)C)cn2)c1OC,CHEMBL4795231,7.694999999999999,7.694999999999999,False,Other,,,,,,,,,,0,,False
[2H]C([2H])([2H])NC(=O)c1nnc(NC(=O)C2CC2)cc1Nc1cccc(-c2ncc(C(=O)N(CC)CC)cn2)c1OC,CHEMBL4800399,7.725,7.725,False,Other,,,,,,,,,,0,,False
[2H]C([2H])([2H])NC(=O)c1nnc(NC(=O)C2CC2)cc1Nc1cccc(-c2ncc(C(C)(C)O)cn2)c1OC,CHEMBL4792231,7.720000000000001,7.720000000000001,False,Other,,,,,,,,,,0,,False
[2H]C([2H])([2H])NC(=O)c1nnc(NC(=O)C2CC2)cc1Nc1cccc(-c2ncc(C(C)(O)C(F)(F)F)cn2)c1OC,CHEMBL4777175,8.07,8.07,False,Other,,,,,,,,,,0,,False
[2H]C([2H])([2H])NC(=O)c1nnc(NC(=O)C2CC2)cc1Nc1cccc(-c2ncc(C)cn2)c1OC,CHEMBL4785957,7.89,7.89,False,Other,,,,,,,,,,0,,False
[2H]C([2H])([2H])NC(=O)c1nnc(NC(=O)C2CC2)cc1Nc1cccc(-c2ncc(F)cn2)c1OC,CHEMBL4784391,8.11,8.11,False,Other,,,,,,,,,,0,,False
[2H]C([2H])([2H])NC(=O)c1nnc(NC(=O)C2CC2)cc1Nc1cccc(-c2ncc(OC)cn2)c1OC,CHEMBL4799019,7.89,7.89,False,Other,,,,,,,,,,0,,False
[2H]C([2H])([2H])NC(=O)c1nnc(NC(=O)C2CC2)cc1Nc1cccc(-c2nccc(C)n2)c1OC,CHEMBL4780057,7.17,7.17,False,Other,,,,,,,,,,0,,False
[2H]C([2H])([2H])NC(=O)c1nnc(NC(=O)C2CC2)cc1Nc1cccc(-c2nccc(OC)n2)c1OC,CHEMBL4776752,7.3,7.3,False,Other,,,,,,,,,,0,,False
[2H]C([2H])([2H])NC(=O)c1nnc(NC(=O)C2CC2)cc1Nc1cccc(-c2ncccn2)c1OC,CHEMBL4799031,7.77,7.77,False,Other,,,,,,,,,,0,,False
[2H]C([2H])([2H])NC(=O)c1nnc(NC(=O)C2CC2)cc1Nc1cccc(-c2ncn(C)n2)c1OC,CHEMBL4435170,8.52,8.52,False,Other,6.21,6.21,2.3099999999999996,6.21,6.21,2.3099999999999996,6.23,6.23,2.289999999999999,3,2.289999999999999,False
[2H]C([2H])([2H])NC(=O)c1nnc(NC(=O)C2CC2)cc1Nc1cccc(C(=O)NC2CCC(C(=O)N3CCCC3)CC2)c1OC,CHEMBL5175777,7.54,7.54,False,Other,,,,,,,,,,0,,False
[2H]C([2H])([2H])NC(=O)c1nnc(NC(=O)C2CC2)cc1Nc1cccc(C(=O)Nc2ccc(-c3ccc(F)c(=O)[nH]3)cc2)c1OC,CHEMBL5266772,7.89,7.89,False,Other,,,,,,,,,,0,,False
[2H]C([2H])([2H])NC(=O)c1nnc(NC(=O)C2CC2)cc1Nc1cccc(C(=O)Nc2ccc(-c3cccc(=O)[nH]3)cc2)c1OC,CHEMBL5289104,7.26,7.26,False,Other,,,,,,,,,,0,,False
[2H]C([2H])([2H])NC(=O)c1nnc(NC(=O)C2CC2)cc1Nc1cccc(C(=O)Nc2ccc(-c3cccnc3)cc2)c1OC,CHEMBL5291007,7.62,7.62,False,Other,,,,,,,,,,0,,False
[2H]C([2H])([2H])NC(=O)c1nnc(NC(=O)C2CC2)cc1Nc1cccc(C(=O)Nc2ccc(-c3ncn(C)n3)cc2)c1OC,CHEMBL5269164,7.85,7.85,False,Other,,,,,,,,,,0,,False
[2H]C([2H])([2H])NC(=O)c1nnc(NC(=O)C2CC2)cc1Nc1cccc(C(=O)Nc2ccc(-c3ncn(C4CC4)n3)cc2)c1OC,CHEMBL5279644,8.32,8.32,False,Other,,,,5.57,5.57,2.75,,,,1,2.75,False
[2H]C([2H])([2H])NC(=O)c1nnc(NC(=O)C2CC2)cc1Nc1cccc(C(=O)Nc2ccc(-c3ncn(CC)n3)cc2)c1OC,CHEMBL5282377,7.37,7.37,False,Other,,,,,,,,,,0,,False
[2H]C([2H])([2H])NC(=O)c1nnc(NC(=O)C2CC2)cc1Nc1cccc(C(=O)Nc2ccc(-n3ccccc3=O)cc2)c1OC,CHEMBL5284638,8.49,8.49,False,Other,,,,,,,,,,0,,False
[2H]C([2H])([2H])NC(=O)c1nnc(NC(=O)C2CC2)cc1Nc1cccc(C(=O)Nc2ccc(-n3cccn3)cc2)c1OC,CHEMBL5278999,8.19,8.19,False,Other,,,,,,,,,,0,,False
[2H]C([2H])([2H])NC(=O)c1nnc(NC(=O)C2CC2)cc1Nc1cccc(C(=O)Nc2ccc(-n3ccnc3)cc2)c1OC,CHEMBL5284232,7.29,7.29,False,Other,,,,,,,,,,0,,False
[2H]C([2H])([2H])NC(=O)c1nnc(NC(=O)C2CC2)cc1Nc1cccc(C(=O)Nc2ccc(C(=O)N(CC)CC)cc2)c1OC,CHEMBL5180664,9.01,9.01,False,Other,,,,,,,,,,0,,False
[2H]C([2H])([2H])NC(=O)c1nnc(NC(=O)C2CC2)cc1Nc1cccc(C(=O)Nc2ccc(C(=O)N3C([2H])([2H])CCC3([2H])[2H])cc2)c1OC,CHEMBL5207953,8.8,8.8,False,Other,,,,,,,,,,0,,False
[2H]C([2H])([2H])NC(=O)c1nnc(NC(=O)C2CC2)cc1Nc1cccc(C(=O)Nc2ccc(C(=O)N3C4CCC3CC4)cc2)c1OC,CHEMBL5184093,8.96,8.96,False,Other,,,,,,,,,,0,,False
[2H]C([2H])([2H])NC(=O)c1nnc(NC(=O)C2CC2)cc1Nc1cccc(C(=O)Nc2ccc(C(=O)N3CCCC3)c(F)c2)c1OC,CHEMBL5190418,9.07,9.07,False,Other,,,,,,,,,,0,,False
[2H]C([2H])([2H])NC(=O)c1nnc(NC(=O)C2CC2)cc1Nc1cccc(C(=O)Nc2ccc(C(=O)N3CCCC3)cc2)c1OC,CHEMBL5196735,8.96,8.96,False,Other,,,,,,,,,,0,,False
[2H]C([2H])([2H])NC(=O)c1nnc(NC(=O)C2CC2)cc1Nc1cccc(C(=O)Nc2ccc(C(=O)N3CCCC3)nc2)c1OC,CHEMBL5198448,8.54,8.54,False,Other,,,,,,,,,,0,,False
[2H]C([2H])([2H])NC(=O)c1nnc(NC(=O)C2CC2)cc1Nc1cccc(C(=O)Nc2ccc(C(=O)N3CCSC3)cc2)c1OC,CHEMBL5194842,8.64,8.64,False,Other,,,,,,,,,,0,,False
[2H]C([2H])([2H])NC(=O)c1nnc(NC(=O)C2CC2)cc1Nc1cccc(C(=O)Nc2ccc(C(=O)N3[C@H](C#N)C[C@@H]4C[C@@H]43)cc2)c1OC,CHEMBL5203217,8.89,8.89,False,Other,,,,,,,,,,0,,False
[2H]C([2H])([2H])NC(=O)c1nnc(NC(=O)C2CC2)cc1Nc1cccc(C(=O)Nc2ccc(C(=O)NC)cc2)c1OC,CHEMBL5189913,7.75,7.75,False,Other,,,,,,,,,,0,,False
[2H]C([2H])([2H])NC(=O)c1nnc(NC(=O)C2CC2)cc1Nc1cccc(C(=O)Nc2ccc(C(=O)NC3CCCC3)cc2)c1OC,CHEMBL5188967,7.82,7.82,False,Other,,,,,,,,,,0,,False
[2H]C([2H])([2H])NC(=O)c1nnc(NC(=O)C2CC2)cc1Nc1cccc(C(=O)Nc2ccc(C(=O)NCC)cc2)c1OC,CHEMBL5189220,8.02,8.02,False,Other,,,,,,,,,,0,,False
[2H]C([2H])([2H])NC(=O)c1nnc(NC(=O)C2CC2)cc1Nc1cccc(C(=O)Nc2ccc(C(N)=O)cc2)c1OC,CHEMBL5182426,7.5,7.5,False,Other,,,,,,,,,,0,,False
[2H]C([2H])([2H])NC(=O)c1nnc(NC(=O)C2CC2)cc1Nc1cccc(C(=O)Nc2ccc(C(N)=O)cn2)c1OC,CHEMBL5181780,6.89,6.89,False,Other,,,,,,,,,,0,,False
[2H]C([2H])([2H])NC(=O)c1nnc(NC(=O)C2CC2)cc1Nc1cccc(C(=O)Nc2ccc(C3CCCNC3=O)cc2)c1OC,CHEMBL5286565,8.74,8.74,False,Other,,,,,,,,,,0,,False
[2H]C([2H])([2H])NC(=O)c1nnc(NC(=O)C2CC2)cc1Nc1cccc(C(=O)Nc2ccc(N3CCCC3=O)cc2)c1OC,CHEMBL5280466,8.08,8.08,False,Other,,,,,,,,,,0,,False
[2H]C([2H])([2H])NC(=O)c1nnc(NC(=O)C2CC2)cc1Nc1cccc(C(=O)Nc2ccc(N3CCCCC3)cc2)c1OC,CHEMBL5273136,7.92,7.92,False,Other,,,,,,,,,,0,,False
[2H]C([2H])([2H])NC(=O)c1nnc(NC(=O)C2CC2)cc1Nc1cccc(C(=O)Nc2ccc(N3CCCCC3=O)c(Cl)c2)c1OC,CHEMBL5270922,8.51,8.51,False,Other,,,,,,,,,,0,,False
[2H]C([2H])([2H])NC(=O)c1nnc(NC(=O)C2CC2)cc1Nc1cccc(C(=O)Nc2ccc(N3CCCCC3=O)cc2)c1OC,CHEMBL5268371,8.85,8.85,False,Other,,,,,,,,,,0,,False
[2H]C([2H])([2H])NC(=O)c1nnc(NC(=O)C2CC2)cc1Nc1cccc(C(=O)Nc2ccc(N3CCCCC3=O)cc2F)c1OC,CHEMBL5270823,8.24,8.24,False,Other,,,,,,,,,,0,,False
[2H]C([2H])([2H])NC(=O)c1nnc(NC(=O)C2CC2)cc1Nc1cccc(C(=O)Nc2ccc(N3CCCCCC3=O)cc2)c1OC,CHEMBL5281991,8.6,8.6,False,Other,,,,,,,,,,0,,False
[2H]C([2H])([2H])NC(=O)c1nnc(NC(=O)C2CC2)cc1Nc1cccc(C(=O)Nc2ccc(N3CCCCS3(=O)=O)cc2)c1OC,CHEMBL5267449,8.72,8.72,False,Other,,,,,,,,,,0,,False
[2H]C([2H])([2H])NC(=O)c1nnc(NC(=O)C2CC2)cc1Nc1cccc(C(=O)Nc2ccc(NC(=O)C3CCCC3)cc2)c1OC,CHEMBL5285091,8.0,8.0,False,Other,,,,,,,,,,0,,False
[2H]C([2H])([2H])NC(=O)c1nnc(NC(=O)C2CC2)cc1Nc1cccc(C(=O)Nc2ccc(NCC3CCOCC3)cc2)c1OC,CHEMBL5177410,8.23,8.23,False,Other,,,,,,,,,,0,,False
[2H]C([2H])([2H])NC(=O)c1nnc(NC(=O)C2CC2)cc1Nc1cccc(C(=O)Nc2ccc(NC[C@@H]3COCCO3)cc2)c1OC,CHEMBL5200056,8.3,8.3,False,Other,,,,,,,,,,0,,False
[2H]C([2H])([2H])NC(=O)c1nnc(NC(=O)C2CC2)cc1Nc1cccc(C(=O)Nc2ccc(NC[C@H]3COCCO3)cc2)c1OC,CHEMBL5191508,8.72,8.72,False,Other,,,,5.46,5.46,3.2600000000000007,,,,1,3.2600000000000007,False
[2H]C([2H])([2H])NC(=O)c1nnc(NC(=O)C2CC2)cc1Nc1cccc(C(=O)Nc2ccc(S(=O)(=O)N3CCCC3)cc2)c1OC,CHEMBL5204955,8.51,8.51,False,Other,,,,,,,,,,0,,False
[2H]C([2H])([2H])NC(=O)c1nnc(NC(=O)C2CC2)cc1Nc1cccc(C(=O)Nc2ccc3c(c2)C(=O)NC3)c1OC,CHEMBL5205855,7.41,7.41,False,Other,,,,,,,,,,0,,False
[2H]C([2H])([2H])NC(=O)c1nnc(NC(=O)C2CC2)cc1Nc1cccc(C(=O)Nc2ccc3c(c2)CC(=O)N3)c1OC,CHEMBL5173760,7.85,7.85,False,Other,,,,,,,,,,0,,False
[2H]C([2H])([2H])NC(=O)c1nnc(NC(=O)C2CC2)cc1Nc1cccc(C(=O)Nc2ccc3c(c2)CN(C2CC2)C3=O)c1OC,CHEMBL5171417,7.8,7.8,False,Other,,,,,,,,,,0,,False
[2H]C([2H])([2H])NC(=O)c1nnc(NC(=O)C2CC2)cc1Nc1cccc(C(=O)Nc2ccc3c(c2)CNC3=O)c1OC,CHEMBL5204171,7.75,7.75,False,Other,,,,,,,,,,0,,False
[2H]C([2H])([2H])NC(=O)c1nnc(NC(=O)C2CC2)cc1Nc1cccc(C(=O)Nc2cccc(-n3ccccc3=O)c2)c1OC,CHEMBL5278635,7.96,7.96,False,Other,,,,,,,,,,0,,False
[2H]C([2H])([2H])NC(=O)c1nnc(NC(=O)C2CC2)cc1Nc1cccc(C(=O)Nc2cccc3c2C(=O)NC3)c1OC,CHEMBL5184123,7.17,7.17,False,Other,,,,,,,,,,0,,False
[2H]C([2H])([2H])NC(=O)c1nnc(NC(=O)C2CC2)cc1Nc1cccc(C(=O)Nc2csc(C(N)=O)c2)c1OC,CHEMBL5179489,7.24,7.24,False,Other,,,,,,,,,,0,,False
[2H]C([2H])([2H])NC(=O)c1nnc(NC(=O)C2CC2)cc1Nc1ccccc1S(C)(=O)=O,CHEMBL4444178,7.765000000000001,7.765000000000001,False,Other,,,,,,,,,,0,,False
[2H]C([2H])([2H])NC(=O)c1nnc(NC(=O)C2CC2)cc1Nc1nccc(-c2ccccn2)c1OC,CHEMBL5411146,8.254999999999999,8.254999999999999,False,JH2,,,,,,,,,,0,,True
[2H]C([2H])([2H])NC(=O)c1nnc(NC(=O)C2CC2)cc1Nc1nccc(-c2ncc(F)cn2)c1OC,CHEMBL5403477,8.41,8.41,False,JH2,,,,,,,,,,0,,True
[2H]C([2H])([2H])NC(=O)c1nnc(NC(=O)C2CC2)cc1Nc1nccc(-c2ncn(C)n2)c1OC,CHEMBL5413544,9.03,9.03,False,JH2,,,,,,,,,,0,,True
[2H]C([2H])([2H])NC(=O)c1nnc(NC(=O)C2CC2)cc1Nc1nccc(-c2noc(C)n2)c1OC,CHEMBL5408060,8.469999999999999,8.469999999999999,False,JH2,,,,,,,,,,0,,True
[2H]C([2H])([2H])NC(=O)c1nnc(NC(=O)C2CC2)cc1Nc1nccc(-c2noc(CNC)n2)c1OC,CHEMBL5433636,7.800000000000001,7.800000000000001,False,JH2,,,,,,,,,,0,,True
[2H]C([2H])([2H])NC(=O)c1nnc(NC(=O)C2CCC2)cc1Nc1nccc(-c2ncn(C)n2)c1OC,CHEMBL5415132,8.09,8.09,False,JH2,,,,,,,,,,0,,True
[2H]C([2H])([2H])NC(=O)c1nnc(NC(=O)CC)cc1Nc1cccc(-c2ncn(C)n2)c1OC,CHEMBL5430970,8.004999999999999,8.004999999999999,False,JH2,,,,,,,,,,0,,True
[2H]C([2H])([2H])NC(=O)c1nnc(NC(=O)CC)cc1Nc1nccc(-c2ncn(C)n2)c1OC,CHEMBL5409590,8.34,8.34,False,JH2,,,,,,,,,,0,,True
[2H]C([2H])([2H])NC(=O)c1nnc(NC(=O)CC2CC2)cc1Nc1nccc(-c2ncn(C)n2)c1OC,CHEMBL5427107,9.195,9.195,False,JH2,,,,,,,,,,0,,True
[2H]C([2H])([2H])NC(=O)c1nnc(NC(=O)CCC)cc1Nc1nccc(-c2ncn(C)n2)c1OC,CHEMBL5438688,8.245,8.245,False,JH2,,,,,,,,,,0,,True
[2H]C([2H])([2H])NC(=O)c1nnc(NC(=O)OC)cc1Nc1nccc(-c2ncn(C)n2)c1OC,CHEMBL5399546,8.030000000000001,8.030000000000001,False,JH2,,,,,,,,,,0,,True
[2H]C([2H])([2H])NC(=O)c1nnc(NC(C)=O)cc1Nc1nccc(-c2ncn(C)n2)c1OC,CHEMBL5405178,8.29,8.29,False,JH2,,,,,,,,,,0,,True
[2H]C([2H])([2H])NC(=O)c1nnc(Nc2cc(C)c(C)cn2)cc1Nc1nccc(-c2ncn(C)n2)c1OC,CHEMBL5440225,8.655000000000001,8.655000000000001,False,JH2,,,,,,,,,,0,,True
[2H]C([2H])([2H])NC(=O)c1nnc(Nc2cc(C)ccn2)cc1Nc1nccc(-c2ncn(C)n2)c1OC,CHEMBL5437122,9.05,9.05,False,JH2,,,,,,,,,,0,,True
[2H]C([2H])([2H])NC(=O)c1nnc(Nc2cc(F)ccn2)cc1Nc1nccc(-c2ncc(F)cn2)c1OC,CHEMBL5416323,7.79,7.79,False,JH2,,,,,,,,,,0,,True
[2H]C([2H])([2H])NC(=O)c1nnc(Nc2cc(OC)ccn2)cc1Nc1nccc(-c2ncn(C)n2)c1OC,CHEMBL5418485,8.515,8.515,False,JH2,,,,,,,,,,0,,True
[2H]C([2H])([2H])NC(=O)c1nnc(Nc2ccc(C(C)(C)N)cn2)cc1Nc1nccc(-c2ncc(F)cn2)c1OC,CHEMBL5411149,8.83,8.83,False,JH2,,,,,,,,,,0,,True
[2H]C([2H])([2H])NC(=O)c1nnc(Nc2ccc(C(C)(C)O)cn2)cc1Nc1nccc(-c2ncc(F)cn2)c1OC,CHEMBL5437552,8.695,8.695,False,JH2,,,,,,,,,,0,,True
[2H]C([2H])([2H])NC(=O)c1nnc(Nc2ccc(F)cc2)cc1Nc1nccc(-c2ncn(C)n2)c1OC,CHEMBL5406364,7.745000000000001,7.745000000000001,False,JH2,,,,,,,,,,0,,True
[2H]C([2H])([2H])NC(=O)c1nnc(Nc2ccc(F)cn2)cc1Nc1cccc(C(=O)Nc2ccc(C(=O)N3CCCC3)cc2)c1OC,CHEMBL5193226,8.96,8.96,False,Other,,,,,,,,,,0,,False
[2H]C([2H])([2H])NC(=O)c1nnc(Nc2ccc(F)cn2)cc1Nc1cccc(C(=O)Nc2ccc(N3CCCCC3=O)cc2)c1OC,CHEMBL5282623,9.0,9.0,False,Other,,,,,,,,,,0,,False
[2H]C([2H])([2H])NC(=O)c1nnc(Nc2ccc(F)cn2)cc1Nc1ccccc1S(C)(=O)=O,CHEMBL4583185,7.970000000000001,7.970000000000001,False,JH2,,,,,,,,,,0,,True
[2H]C([2H])([2H])NC(=O)c1nnc(Nc2ccc(F)cn2)cc1Nc1nccc(-c2ncn(C)n2)c1OC,CHEMBL5412034,8.885,8.885,False,JH2,,,,,,,,,,0,,True
[2H]C([2H])([2H])NC(=O)c1nnc(Nc2ccc(N3CC(O)C3)cn2)cc1Nc1cccc(-c2ncn(C)n2)c1OC,CHEMBL5439447,7.08,7.08,False,JH2,,,,,,,,,,0,,True
[2H]C([2H])([2H])NC(=O)c1nnc(Nc2ccc(N3CCOCC3)cn2)cc1Nc1nccc(-c2ncc(F)cn2)c1OC,CHEMBL5420187,8.25,8.25,False,JH2,,,,,,,,,,0,,True
[2H]C([2H])([2H])NC(=O)c1nnc(Nc2ccc(OC)nn2)cc1Nc1nccc(-c2ncc(F)cn2)c1OC,CHEMBL5409445,7.654999999999999,7.654999999999999,False,JH2,,,,,,,,,,0,,True
[2H]C([2H])([2H])NC(=O)c1nnc(Nc2ccc(OCC)nn2)cc1Nc1nccc(-c2ncc(F)cn2)c1OC,CHEMBL5401385,7.880000000000001,7.880000000000001,False,JH2,,,,,,,,,,0,,True
[2H]C([2H])([2H])NC(=O)c1nnc(Nc2cccc(C)n2)cc1Nc1nccc(-c2ncn(C)n2)c1OC,CHEMBL5439728,8.935,8.935,False,JH2,,,,,,,,,,0,,True
[2H]C([2H])([2H])NC(=O)c1nnc(Nc2cccc(OC)n2)cc1Nc1nccc(-c2ncn(C)n2)c1OC,CHEMBL5403115,8.59,8.59,False,JH2,,,,,,,,,,0,,True
[2H]C([2H])([2H])NC(=O)c1nnc(Nc2ccccn2)cc1Nc1cccc(C(=O)Nc2ccc(C(=O)N3CCCC3)cc2)c1OC,CHEMBL5209315,9.0,9.0,False,Other,,,,,,,,,,0,,False
[2H]C([2H])([2H])NC(=O)c1nnc(Nc2ccccn2)cc1Nc1cccc(C(=O)Nc2ccc(N3CCCCC3=O)cc2)c1OC,CHEMBL5273814,9.09,9.09,False,Other,,,,,,,,,,0,,False
[2H]C([2H])([2H])NC(=O)c1nnc(Nc2ccccn2)cc1Nc1cccc(C(=O)Nc2ccc(NC[C@H]3COCCO3)cc2)c1OC,CHEMBL5179468,8.42,8.42,False,Other,,,,,,,,,,0,,False
[2H]C([2H])([2H])NC(=O)c1nnc(Nc2ccccn2)cc1Nc1ccccc1S(C)(=O)=O,CHEMBL4440718,9.28,9.28,False,JH2,,,,5.57,5.57,3.709999999999999,,,,1,3.709999999999999,True
[2H]C([2H])([2H])NC(=O)c1nnc(Nc2ccccn2)cc1Nc1nccc(-c2ncc(F)cn2)c1OC,CHEMBL5403572,8.084999999999999,8.084999999999999,False,JH2,,,,,,,,,,0,,True
[2H]C([2H])([2H])NC(=O)c1nnc(Nc2cnc(C)cn2)cc1Nc1nccc(-c2ncc(F)cn2)c1OC,CHEMBL5396654,8.515,8.515,False,JH2,,,,,,,,,,0,,True
[2H]C([2H])([2H])O[C@@H]1CC[C@H]1NC(=O)c1cnn2c(NC)cc(Nc3cccn(-c4ncccc4F)c3=O)nc12,CHEMBL5396334,7.89,7.89,False,Other,,,,,,,,,,0,,False
[2H]C([2H])([2H])n1cc(Nc2ncc(C)c(N3CCC4(CCNC4=O)CC3)n2)cn1,CHEMBL5090010,8.0,8.0,False,Other,7.92,7.92,0.08000000000000007,6.8,6.8,1.2000000000000002,6.58,6.58,1.42,3,0.08000000000000007,False
[2H]C([2H])([2H])n1nnc2c3cc(cc21)CO[C@@H]1CCC[C@H]1NC(=O)c1cnc2c(NC)cc(nn12)N3,CHEMBL5403297,8.77,8.77,False,Other,,,,,,,,,,0,,False
[C-]#[N+]C1(CN2[C@@H]3CC[C@H]2CN(c2ccnc(Nc4cn[nH]c4)n2)C3)CC1,CHEMBL5890326,6.82,6.82,False,Other,,,,,,,,,,0,,False
[C-]#[N+]CC1(N2[C@@H]3CC[C@H]2CN(c2ccnc(Nc4cnn(C)c4)n2)C3)CN(S(C)(=O)=O)C1,CHEMBL6028899,7.96,7.96,False,Other,,,,,,,,,,0,,False
[C-]#[N+]CC1(N2[C@@H]3CC[C@H]2CN(c2ccnc(Nc4cnn(C)c4)n2)C3)COC1,CHEMBL6002813,7.21,7.21,False,Other,,,,,,,,,,0,,False
[C-]#[N+][C@@H]1C[C@@H]1C(=O)N1[C@@H]2CC[C@H]1CN(c1ccnc(Nc3cnn(C)c3)n1)C2,CHEMBL5962218,6.37,6.37,False,Other,,,,,,,,,,0,,False
[C-]#[N+][C@@H]1C[C@H](N2CCC2)CC[C@H]1n1cc(C(N)=O)c(Nc2ccc(C(F)(F)F)cc2)n1,CHEMBL5937735,6.92,6.92,False,Other,8.7,8.7,-1.7799999999999994,6.62,6.62,0.2999999999999998,5.0,5.0,1.92,3,-1.7799999999999994,False
[C-]#[N+][C@@H]1C[C@H]1C(=O)N[C@]12CN(c3nc(Nc4cnn(C)c4)ncc3F)C[C@@]1(CO)C2,CHEMBL5802836,7.24,7.24,False,Other,,,,,,,,,,0,,False
[C-]#[N+][C@@H]1C[C@H]1C(=O)N[C@]12CN(c3nc(Nc4cnn(C)c4)ncc3F)C[C@H]1[C@H]2C,CHEMBL5944436,7.46,7.46,False,Other,,,,,,,,,,0,,False
[C-]#[N+][C@H]1C[C@@H](N2CCC2)CC[C@@H]1n1cc(C(N)=O)c(Nc2ccc(C(F)(F)F)cc2)n1,CHEMBL3702982,5.75,5.75,False,Other,8.4,8.4,-2.6500000000000004,6.605,6.605,-0.8550000000000004,5.0,5.0,0.75,3,-2.6500000000000004,False
[C-]#[N+][C@H]1C[C@@H]1C(=O)N[C@]12CN(c3nc(Nc4ccc(OCCO)nc4)ncc3C)C[C@H]1[C@H]2C,CHEMBL5785542,7.72,7.72,False,Other,,,,,,,,,,0,,False
[C-]#[N+][C@H]1C[C@H](O)CC[C@@H]1n1cc(C(N)=O)c(Nc2ccc(C(F)(F)F)cc2)n1,CHEMBL5950030,6.96,6.96,False,Other,8.4,8.4,-1.4400000000000004,6.82,6.82,0.13999999999999968,5.0,5.0,1.96,3,-1.4400000000000004,False
[C-]#[N+][C@H]1C[C@H]1C(=O)N1[C@@H]2CC[C@H]1CN(c1ccnc(Nc3cnn(C)c3)n1)C2,CHEMBL5827477,6.6,6.6,False,Other,,,,,,,,,,0,,False
[C-]#[N+]c1cc(C#N)cc([N+]#[C-])c1-c1nc2ccnc(Nc3cc(C)nc(C)n3)c2s1,CHEMBL3675699,9.1,9.1,False,Other,,,,,,,,,,0,,False
[C-]#[N+]c1cc(Nc2cc(Nc3cccc(-c4nnn(C)n4)c3OC)c3c(=O)n(C)[nH]c3n2)ncn1,CHEMBL5796981,9.52,,True,JH2,,,,,,,,,,0,,True
[C-]#[N+]c1ccc(Nc2cc(Nc3cccc(-c4ncn(C)n4)c3OC)c3c(=O)n(C)[nH]c3n2)nc1,CHEMBL5957328,9.52,,True,JH2,,,,,,,,,,0,,True
[C-]#[N+]c1cccc(Cl)c1-c1nc2ccnc(Nc3cc(CO)nc(C)n3)c2s1,CHEMBL3675700,9.3,9.3,False,Other,,,,,,,,,,0,,False
[C-]#[N+]c1cccc(F)c1-c1nc2c(C#N)cnc(Nc3cc(N)ncn3)c2s1,CHEMBL3675698,9.52,9.52,False,Other,,,,,,,,,,0,,False
[C-]#[N+]c1cccc(Nc2cc(Nc3cccc(-c4nnn(C)n4)c3OC)c3c(=O)n(C)[nH]c3n2)n1,CHEMBL5895697,8.26,,True,JH2,,,,,,,,,,0,,True
[C-]#[N+]c1ccnc(N2[C@@H]3CC[C@H]2CN(c2ccnc(Nc4cnn(C)c4)n2)C3)c1,CHEMBL5918823,7.21,7.21,False,Other,,,,,,,,,,0,,False
[C-]#[N+]c1cnc(N2[C@@H]3CC[C@H]2CN(c2ccnc(Nc4cnn(C)c4)n2)C3)o1,CHEMBL6036509,7.2,7.2,False,Other,,,,,,,,,,0,,False
[N-]=[N+]=NC[C@H]1CC[C@H](c2nnn3cnc4[nH]ccc4c23)CC1,CHEMBL4111044,8.04,8.04,False,Other,9.48,9.48,-1.4400000000000013,8.77,8.77,-0.7300000000000004,7.32,7.32,0.7199999999999989,3,-1.4400000000000013,False
c1cc(CCNC2CCC(c3nnn4cnc5[nH]ccc5c34)CC2)ccn1,CHEMBL3978777,6.47,6.47,False,Other,8.065,8.065,-1.5949999999999998,6.32,6.32,0.14999999999999947,,,,2,-1.5949999999999998,False
c1cc(CN2CCC(c3nnn4cnc5[nH]ccc5c34)CC2)ccn1,CHEMBL3905498,6.19,6.19,False,Other,8.09,8.09,-1.8999999999999995,7.46,7.46,-1.2699999999999996,6.21,6.21,-0.019999999999999574,3,-1.8999999999999995,False
c1cc2c(ncc3[nH]nc(C4CCCCC4)c32)[nH]1,CHEMBL2322135,7.3,7.3,False,Other,8.52,8.52,-1.2199999999999998,8.0,8.0,-0.7000000000000002,,,,2,-1.2199999999999998,False
c1cc2c(ncc3ccc(C4CCCCC4)n32)[nH]1,CHEMBL2322143,5.32,5.32,False,Other,7.7,7.7,-2.38,,,,,,,1,-2.38,False
c1cc2c(ncc3nnc(C4CCCCC4)n32)[nH]1,CHEMBL2322141,5.92,5.92,False,Other,7.52,7.52,-1.5999999999999996,7.05,7.05,-1.13,,,,2,-1.5999999999999996,False
c1cc2c(ncc3onc(C4CCCCC4)c32)[nH]1,CHEMBL2322137,7.22,7.22,False,Other,7.7,7.7,-0.4800000000000004,7.52,7.52,-0.2999999999999998,,,,2,-0.4800000000000004,False
c1cc2c(ncn3cnc(C4CCCCC4)c23)[nH]1,CHEMBL3948605,6.37,6.37,False,Other,7.165,7.165,-0.7949999999999999,6.744999999999999,6.744999999999999,-0.3749999999999991,6.565,6.565,-0.19500000000000028,3,-0.7949999999999999,False
c1cc2c(ncn3nnc(C4CC5CCC4C5)c23)[nH]1,CHEMBL3926766,6.57,6.57,False,Other,7.615,7.615,-1.045,7.425,7.425,-0.8549999999999995,5.92,5.92,0.6500000000000004,3,-1.045,False
c1cc2c(ncn3nnc(C4CCC(N5CCOCC5)CC4)c23)[nH]1,CHEMBL3926748,6.26,6.26,False,Other,7.57,7.57,-1.3100000000000005,6.425,6.425,-0.16500000000000004,,,,2,-1.3100000000000005,False
c1cc2c(ncn3nnc(C4CCC4)c23)[nH]1,CHEMBL3891204,6.39,6.39,False,Other,7.28,7.28,-0.8900000000000006,6.7,6.7,-0.3100000000000005,6.19,6.19,0.1999999999999993,3,-0.8900000000000006,False
c1cc2c(ncn3nnc(C4CCCCC4)c23)[nH]1,CHEMBL3969473,7.34,7.34,False,Other,8.42,8.42,-1.08,7.92,7.92,-0.5800000000000001,6.82,6.82,0.5199999999999996,3,-1.08,False
c1cc2c(ncn3nnc(C4CCCCCC4)c23)[nH]1,CHEMBL3917774,6.785,6.785,False,Other,7.79,7.79,-1.005,7.369999999999999,7.369999999999999,-0.5849999999999991,7.07,7.07,-0.28500000000000014,3,-1.005,False
c1cc2c(ncn3nnc(C4CCCN(Cc5cncs5)C4)c23)[nH]1,CHEMBL3986686,5.91,5.91,False,Other,6.84,6.84,-0.9299999999999997,6.23,6.23,-0.3200000000000003,5.83,5.83,0.08000000000000007,3,-0.9299999999999997,False
c1cc2c(ncn3nnc(C4CCN(Cc5cncs5)CC4)c23)[nH]1,CHEMBL3983078,6.5,6.5,False,Other,8.08,8.08,-1.58,7.355,7.355,-0.8550000000000004,7.31,7.31,-0.8099999999999996,3,-1.58,False
c1cc2c(ncn3nnc(C4CCN(Cc5cocn5)CC4)c23)[nH]1,CHEMBL3962451,6.01,6.01,False,Other,7.41,7.41,-1.4000000000000004,7.09,7.09,-1.08,6.21,6.21,-0.20000000000000018,3,-1.4000000000000004,False
c1cc2c(ncn3nnc(C4CCN(Cc5csnn5)CC4)c23)[nH]1,CHEMBL3894161,6.96,6.96,False,Other,7.955,7.955,-0.9950000000000001,7.555,7.555,-0.5949999999999998,6.91,6.91,0.04999999999999982,3,-0.9950000000000001,False
c1cc2c(ncn3nnc(C4CCNCC4)c23)[nH]1,CHEMBL3974904,6.37,6.37,False,Other,7.25,7.25,-0.8799999999999999,7.4,7.4,-1.0300000000000002,7.38,7.38,-1.0099999999999998,3,-1.0300000000000002,False
c1cc2c(ncn3nnc([C@H]4CC[C@@H](CNC5CC5)CC4)c23)[nH]1,CHEMBL3927961,6.03,6.03,False,Other,7.08,7.08,-1.0499999999999998,6.25,6.25,-0.21999999999999975,,,,2,-1.0499999999999998,False
c1cc2c(ncn3nnc([C@H]4CC[C@H](CN5CCC5)CC4)c23)[nH]1,CHEMBL3930431,6.64,6.64,False,Other,8.23,8.23,-1.5900000000000007,7.46,7.46,-0.8200000000000003,6.24,6.24,0.39999999999999947,3,-1.5900000000000007,False
c1cc2c(ncn3nnc([C@H]4CC[C@H](CN5CCCC5)CC4)c23)[nH]1,CHEMBL3900631,6.48,6.48,False,Other,8.19,8.19,-1.709999999999999,7.11,7.11,-0.6299999999999999,,,,2,-1.709999999999999,False
c1cc2c(ncn3nnc([C@H]4CC[C@H](CN5CCOCC5)CC4)c23)[nH]1,CHEMBL3917030,6.5,6.5,False,Other,7.415,7.415,-0.915,7.03,7.03,-0.5300000000000002,6.19,6.19,0.3099999999999996,3,-0.915,False
c1cc2c(ncn3nnc([C@H]4CC[C@H](CN5CCSC5)CC4)c23)[nH]1,CHEMBL3947889,6.8,6.8,False,Other,8.15,8.15,-1.3500000000000005,7.62,7.62,-0.8200000000000003,6.28,6.28,0.5199999999999996,3,-1.3500000000000005,False
c1cc2c(ncn3nnc([C@H]4CC[C@H](CNC56CC(C5)C6)CC4)c23)[nH]1,CHEMBL3976587,6.23,6.23,False,Other,7.89,7.89,-1.6599999999999993,7.0,7.0,-0.7699999999999996,,,,2,-1.6599999999999993,False
c1cc2c(ncn3nnc([C@H]4CC[C@H](CNC5CC5)CC4)c23)[nH]1,CHEMBL3963443,7.0,7.0,False,Other,8.72,8.72,-1.7200000000000006,7.21,7.21,-0.20999999999999996,6.17,6.17,0.8300000000000001,3,-1.7200000000000006,False
c1cc2c(ncn3nnc([C@H]4CC[C@H](CNC5CCC5)CC4)c23)[nH]1,CHEMBL3949461,6.64,6.64,False,Other,7.85,7.85,-1.21,6.96,6.96,-0.3200000000000003,6.05,6.05,0.5899999999999999,3,-1.21,False
c1cc2c(ncn3nnc([C@H]4CC[C@H](CNC5CCCC5)CC4)c23)[nH]1,CHEMBL3923802,6.5,6.5,False,Other,7.77,7.77,-1.2699999999999996,6.82,6.82,-0.3200000000000003,,,,2,-1.2699999999999996,False
c1cc2c(ncn3nnc([C@H]4CC[C@H](CNC5COC5)CC4)c23)[nH]1,CHEMBL3907648,6.47,6.47,False,Other,7.66,7.66,-1.1900000000000004,6.92,6.92,-0.4500000000000002,6.32,6.32,0.14999999999999947,3,-1.1900000000000004,False
c1cc2c(ncn3nnc([C@H]4CC[C@H](CNC5CSC5)CC4)c23)[nH]1,CHEMBL3963387,6.41,6.41,False,Other,7.92,7.92,-1.5099999999999998,7.17,7.17,-0.7599999999999998,6.28,6.28,0.1299999999999999,3,-1.5099999999999998,False
c1cc2c(ncn3nnc([C@H]4CC[C@H](CNCC5CC5)CC4)c23)[nH]1,CHEMBL3957921,7.17,7.17,False,Other,8.04,8.04,-0.8699999999999992,6.92,6.92,0.25,6.21,6.21,0.96,3,-0.8699999999999992,False
c1cc2c(ncn3nnc([C@H]4CC[C@H](CNC[C@@H]5CCCO5)CC4)c23)[nH]1,CHEMBL3934627,6.92,6.92,False,Other,7.695,7.695,-0.7750000000000004,6.42,6.42,0.5,,,,2,-0.7750000000000004,False
c1cc2c(ncn3nnc([C@H]4CC[C@H](CNC[C@H]5CCCO5)CC4)c23)[nH]1,CHEMBL4110648,6.8,6.8,False,Other,7.68,7.68,-0.8799999999999999,6.82,6.82,-0.020000000000000462,6.07,6.07,0.7299999999999995,3,-0.8799999999999999,False
c1cc2c(ncn3nnc([C@H]4CC[C@H](CNc5ccc(N6CCOCC6)cc5)CC4)c23)[nH]1,CHEMBL3943501,6.89,6.89,False,Other,7.695,7.695,-0.8050000000000006,6.965,6.965,-0.07500000000000018,,,,2,-0.8050000000000006,False
c1cc2c(ncn3nnc([C@H]4CC[C@H](NC5CC5)CC4)c23)[nH]1,CHEMBL3941598,6.48,6.48,False,Other,7.85,7.85,-1.3699999999999992,7.1,7.1,-0.6199999999999992,6.21,6.21,0.27000000000000046,3,-1.3699999999999992,False
c1cc2c(ncn3nnc([C@H]4CC[C@H](NCC5CC5)CC4)c23)[nH]1,CHEMBL3904453,6.15,6.15,False,Other,7.66,7.66,-1.5099999999999998,6.72,6.72,-0.5699999999999994,,,,2,-1.5099999999999998,False
c1cc2c(ncn3nnc([C@H]4CC[C@H](NN5CCOCC5)CC4)c23)[nH]1,CHEMBL3984482,6.3,6.3,False,Other,7.68,7.68,-1.38,7.12,7.12,-0.8200000000000003,,,,2,-1.38,False
c1cc2c3c(cnc2[nH]1)CCCN3C1CCCCC1,CHEMBL2322140,6.28,6.28,False,Other,,,,,,,,,,0,,False
c1cc[n+]2cc(CN3CCC(c4nnn5cnc6[nH]ccc6c45)CC3)sc2c1,CHEMBL4115251,6.13,6.13,False,Other,8.28,8.28,-2.1499999999999995,7.48,7.48,-1.3500000000000005,,,,2,-2.1499999999999995,False
c1ccc(-c2cccc3nc(-c4cncnc4)nc(NCc4ccccn4)c23)cc1,CHEMBL5748704,4.3,4.3,False,Other,,,,4.62,4.62,-0.3200000000000003,4.3,4.3,0.0,2,-0.3200000000000003,False
c1ccc(CCCN2CCC(c3nnn4cnc5[nH]ccc5c34)CC2)cc1,CHEMBL3913228,6.36,6.36,False,Other,7.55,7.55,-1.1899999999999995,6.71,6.71,-0.34999999999999964,7.4,7.4,-1.04,3,-1.1899999999999995,False
c1ccc(CCCN[C@H]2CC[C@H](c3nnn4cnc5[nH]ccc5c34)CC2)cc1,CHEMBL3897300,6.35,6.35,False,Other,7.8,7.8,-1.4500000000000002,6.54,6.54,-0.1900000000000004,,,,2,-1.4500000000000002,False
c1ccc(CCNC2CCC(c3nnn4cnc5[nH]ccc5c34)CC2)cc1,CHEMBL3967682,6.64,6.64,False,Other,7.515000000000001,7.515000000000001,-0.8750000000000009,6.72,6.72,-0.08000000000000007,6.06,6.06,0.5800000000000001,3,-0.8750000000000009,False
c1ccc(CCNC[C@H]2CC[C@H](c3nnn4cnc5[nH]ccc5c34)CC2)cc1,CHEMBL3912419,7.0,7.0,False,Other,8.24,8.24,-1.2400000000000002,7.14,7.14,-0.13999999999999968,6.21,6.21,0.79,3,-1.2400000000000002,False
c1ccc(CCN[C@H]2CC[C@H](c3nnn4cnc5[nH]ccc5c34)CC2)cc1,CHEMBL3906263,6.75,6.75,False,Other,8.2,8.2,-1.4499999999999993,7.03,7.03,-0.28000000000000025,,,,2,-1.4499999999999993,False
c1ccc(CN2CC(n3cnc4cnc5[nH]ccc5c43)C2)cc1,CHEMBL2152304,6.27,6.27,False,Other,7.21,7.21,-0.9400000000000004,7.23,7.23,-0.9600000000000009,6.7,6.7,-0.4300000000000006,3,-0.9600000000000009,False
c1ccc(CN2CCC(c3nnn4cnc5[nH]ccc5c34)CC2)cc1,CHEMBL3944831,6.0,6.0,False,Other,7.55,7.55,-1.5499999999999998,6.775,6.775,-0.7750000000000004,6.34,6.34,-0.33999999999999986,3,-1.5499999999999998,False
c1ccc(CN2CCC(n3cnc4cnc5[nH]ccc5c43)CC2)cc1,CHEMBL2152305,7.07,7.07,False,Other,8.62,8.62,-1.549999999999999,8.36,8.36,-1.2899999999999991,7.48,7.48,-0.41000000000000014,3,-1.549999999999999,False
c1ccc(CN2CCCC(c3nnn4cnc5[nH]ccc5c34)C2)cc1,CHEMBL3896712,5.91,5.91,False,Other,6.984999999999999,6.984999999999999,-1.0749999999999993,6.65,6.65,-0.7400000000000002,6.12,6.12,-0.20999999999999996,3,-1.0749999999999993,False
c1ccc(CN2CCC[C@@H](n3cnc4cnc5[nH]ccc5c43)C2)cc1,CHEMBL2152301,6.6,6.6,False,Other,7.62,7.62,-1.0200000000000005,7.25,7.25,-0.6500000000000004,6.89,6.89,-0.29000000000000004,3,-1.0200000000000005,False
c1ccc(CN2CCC[C@H](n3cnc4cnc5[nH]ccc5c43)C2)cc1,CHEMBL2152302,7.15,7.15,False,Other,7.06,7.06,0.09000000000000075,7.33,7.33,-0.17999999999999972,6.66,6.66,0.4900000000000002,3,-0.17999999999999972,False
c1ccc(CN2CC[C@@H](n3cnc4cnc5[nH]ccc5c43)C2)cc1,CHEMBL2152303,7.05,7.05,False,Other,7.82,7.82,-0.7700000000000005,7.6,7.6,-0.5499999999999998,6.89,6.89,0.16000000000000014,3,-0.7700000000000005,False
c1ccc(CNC[C@H]2CC[C@H](c3nnn4cnc5[nH]ccc5c34)CC2)cc1,CHEMBL3967397,8.26,8.26,False,Other,8.28,8.28,-0.019999999999999574,7.39,7.39,0.8700000000000001,6.55,6.55,1.71,3,-0.019999999999999574,False
c1ccc(CN[C@H]2CC[C@@H](c3nnn4cnc5[nH]ccc5c34)CC2)cc1,CHEMBL3941241,6.48,6.48,False,Other,7.5,7.5,-1.0199999999999996,6.13,6.13,0.35000000000000053,,,,2,-1.0199999999999996,False
c1ccc(CN[C@H]2CC[C@H](c3nnn4cnc5[nH]ccc5c34)CC2)cc1,CHEMBL3985363,6.96,6.96,False,Other,8.08,8.08,-1.12,7.34,7.34,-0.3799999999999999,6.3,6.3,0.6600000000000001,3,-1.12,False
c1ccc(CNc2cc(-c3c[nH]c4ncccc34)ncn2)cc1,CHEMBL2002346,7.0,7.0,False,Other,,,,7.2,7.2,-0.20000000000000018,7.5,7.5,-0.5,2,-0.5,False
c1ccc2sc(CN3CCC(c4nnn5cnc6[nH]ccc6c45)CC3)nc2c1,CHEMBL6063057,6.13,6.13,False,Other,8.28,8.28,-2.1499999999999995,7.48,7.48,-1.3500000000000005,,,,2,-2.1499999999999995,False
c1cnc2[nH]cc(-c3ccnc(NC4CCCCC4)n3)c2c1,CHEMBL385478,6.5,6.5,False,Other,,,,6.9,6.9,-0.40000000000000036,6.8,6.8,-0.2999999999999998,2,-0.40000000000000036,False
c1cncc(CN2CCC(c3nnn4cnc5[nH]ccc5c34)CC2)c1,CHEMBL3958797,5.46,5.46,False,Other,7.115,7.115,-1.6550000000000002,6.550000000000001,6.550000000000001,-1.0900000000000007,6.15,6.15,-0.6900000000000004,3,-1.6550000000000002,False
c1cncc(CN2CCCC(c3nnn4cnc5[nH]ccc5c34)C2)c1,CHEMBL3909793,6.6,6.6,False,Other,7.015,7.015,-0.41500000000000004,6.565,6.565,0.034999999999999254,5.92,5.92,0.6799999999999997,3,-0.41500000000000004,False
c1coc(CN2CCC(c3nnn4cnc5[nH]ccc5c34)CC2)c1,CHEMBL3891030,6.77,6.77,False,Other,7.359999999999999,7.359999999999999,-0.5899999999999999,7.7,7.7,-0.9300000000000006,6.51,6.51,0.2599999999999998,3,-0.9300000000000006,False
c1csc(CN2CCC(c3nnn4cnc5[nH]ccc5c34)CC2)c1,CHEMBL3951230,6.68,6.68,False,Other,7.365,7.365,-0.6850000000000005,8.0,8.0,-1.3200000000000003,6.7,6.7,-0.020000000000000462,3,-1.3200000000000003,False
c1csc(CN2CCC(c3nnn4cnc5[nH]ccc5c34)CC2)n1,CHEMBL3981443,6.34,6.34,False,Other,7.66,7.66,-1.3200000000000003,7.27,7.27,-0.9299999999999997,6.36,6.36,-0.020000000000000462,3,-1.3200000000000003,False
c1nc(-c2cn(CC3CO3)nn2)c2cc[nH]c2n1,CHEMBL3622376,5.25,5.25,False,Other,5.56,5.56,-0.3099999999999996,5.61,5.61,-0.3600000000000003,7.46,7.46,-2.21,3,-2.21,False
c1nc(CCNC[C@H]2CC[C@H](c3nnn4cnc5[nH]ccc5c34)CC2)c[nH]1,CHEMBL3956418,7.0,7.0,False,Other,8.41,8.41,-1.4100000000000001,7.42,7.42,-0.41999999999999993,6.5,6.5,0.5,3,-1.4100000000000001,False
c1nc2c(NC3CCCCC3)nc(Nc3ccc(N4CCOCC4)cc3)nc2[nH]1,CHEMBL188343,7.07,7.07,False,Other,6.46,6.46,0.6100000000000003,5.89,5.89,1.1800000000000006,5.925,5.925,1.1450000000000005,3,0.6100000000000003,False
